21:41:18 INFO  : Registering command handlers for SDK TCF services
21:41:18 INFO  : Launching XSCT server: xsct.bat -interactive D:\Documents\Vivado_data\hw2\hw2.sdk\temp_xsdb_launch_script.tcl
21:41:22 INFO  : XSCT server has started successfully.
21:41:24 INFO  : Successfully done setting XSCT server connection channel  
21:41:24 INFO  : Successfully done setting SDK workspace  
21:41:24 INFO  : Processing command line option -hwspec D:/Documents/Vivado_data/hw2/hw2.sdk/hw2_wrapper.hdf.
15:40:50 INFO  : Registering command handlers for SDK TCF services
15:40:51 INFO  : Launching XSCT server: xsct.bat -interactive D:\Documents\Vivado_data\hw2\hw2.sdk\temp_xsdb_launch_script.tcl
15:40:53 INFO  : XSCT server has started successfully.
15:40:53 INFO  : Successfully done setting XSCT server connection channel  
15:40:57 INFO  : Successfully done setting SDK workspace  
15:40:57 INFO  : Processing command line option -hwspec D:/Documents/Vivado_data/hw2/hw2.sdk/hw2_wrapper.hdf.
15:40:57 INFO  : Checking for hwspec changes in the project hw2_wrapper_hw_platform_0.
21:01:22 INFO  : Registering command handlers for SDK TCF services
21:01:25 INFO  : Launching XSCT server: xsct.bat -interactive D:\Documents\Vivado_data\hw2\hw2.sdk\temp_xsdb_launch_script.tcl
21:01:31 INFO  : XSCT server has started successfully.
21:01:31 INFO  : Successfully done setting XSCT server connection channel  
21:01:41 INFO  : Successfully done setting SDK workspace  
21:01:41 INFO  : Processing command line option -hwspec D:/Documents/Vivado_data/hw2/hw2.sdk/hw2_wrapper.hdf.
21:01:41 INFO  : Checking for hwspec changes in the project hw2_wrapper_hw_platform_0.
21:03:31 INFO  : 'targets -set -filter {jtag_cable_name =~ "Xilinx TUL 1234-tulA" && level==0} -index 1' command is executed.
21:03:31 INFO  : 'fpga -state' command is executed.
21:05:16 INFO  : Memory regions updated for context APU
21:08:17 INFO  : 'targets -set -filter {jtag_cable_name =~ "Xilinx TUL 1234-tulA" && level==0} -index 1' command is executed.
21:08:17 INFO  : 'fpga -state' command is executed.
21:11:10 INFO  : Memory regions updated for context APU
21:11:54 INFO  : 'targets -set -filter {jtag_cable_name =~ "Xilinx TUL 1234-tulA" && level==0} -index 1' command is executed.
21:11:54 INFO  : 'fpga -state' command is executed.
21:11:54 INFO  : Connected to target on host '127.0.0.1' and port '3121'.
21:11:54 INFO  : Jtag cable 'Xilinx TUL 1234-tulA' is selected.
21:11:54 INFO  : 'jtag frequency' command is executed.
21:11:54 INFO  : Sourcing of 'D:/Documents/Vivado_data/hw2/hw2.sdk/hw2_wrapper_hw_platform_0/ps7_init.tcl' is done.
21:11:54 INFO  : Context for 'APU' is selected.
21:11:54 INFO  : Hardware design information is loaded from 'D:/Documents/Vivado_data/hw2/hw2.sdk/hw2_wrapper_hw_platform_0/system.hdf'.
21:11:54 INFO  : 'configparams force-mem-access 1' command is executed.
21:11:54 INFO  : Context for 'APU' is selected.
21:11:55 INFO  : 'stop' command is executed.
21:11:55 INFO  : 'ps7_init' command is executed.
21:11:55 INFO  : 'ps7_post_config' command is executed.
21:11:55 INFO  : Context for processor 'ps7_cortexa9_0' is selected.
21:11:55 INFO  : Processor reset is completed for 'ps7_cortexa9_0'.
21:11:55 INFO  : Context for processor 'ps7_cortexa9_0' is selected.
21:11:55 INFO  : The application 'D:/Documents/Vivado_data/hw2/hw2.sdk/hw2_sw/Debug/hw2_sw.elf' is downloaded to processor 'ps7_cortexa9_0'.
21:11:55 INFO  : 'configparams force-mem-access 0' command is executed.
21:11:55 INFO  : ----------------XSDB Script----------------
connect -url tcp:127.0.0.1:3121
source D:/Documents/Vivado_data/hw2/hw2.sdk/hw2_wrapper_hw_platform_0/ps7_init.tcl
targets -set -nocase -filter {name =~"APU*" && jtag_cable_name =~ "Xilinx TUL 1234-tulA"} -index 0
loadhw -hw D:/Documents/Vivado_data/hw2/hw2.sdk/hw2_wrapper_hw_platform_0/system.hdf -mem-ranges [list {0x40000000 0xbfffffff}]
configparams force-mem-access 1
targets -set -nocase -filter {name =~"APU*" && jtag_cable_name =~ "Xilinx TUL 1234-tulA"} -index 0
stop
ps7_init
ps7_post_config
targets -set -nocase -filter {name =~ "ARM*#0" && jtag_cable_name =~ "Xilinx TUL 1234-tulA"} -index 0
rst -processor
targets -set -nocase -filter {name =~ "ARM*#0" && jtag_cable_name =~ "Xilinx TUL 1234-tulA"} -index 0
dow D:/Documents/Vivado_data/hw2/hw2.sdk/hw2_sw/Debug/hw2_sw.elf
configparams force-mem-access 0
----------------End of Script----------------

21:11:55 INFO  : Memory regions updated for context APU
21:11:55 INFO  : Context for processor 'ps7_cortexa9_0' is selected.
21:11:55 INFO  : 'con' command is executed.
21:11:55 INFO  : ----------------XSDB Script (After Launch)----------------
targets -set -nocase -filter {name =~ "ARM*#0" && jtag_cable_name =~ "Xilinx TUL 1234-tulA"} -index 0
con
----------------End of Script----------------

21:11:55 INFO  : Launch script is exported to file 'D:\Documents\Vivado_data\hw2\hw2.sdk\.sdk\launch_scripts\xilinx_c-c++_application_(system_debugger)\system_debugger_using_debug_hw2_sw.elf_on_local.tcl'
21:12:27 INFO  : Disconnected from the channel tcfchan#1.
21:12:28 INFO  : 'targets -set -filter {jtag_cable_name =~ "Xilinx TUL 1234-tulA" && level==0} -index 1' command is executed.
21:12:28 INFO  : 'fpga -state' command is executed.
21:12:28 INFO  : Connected to target on host '127.0.0.1' and port '3121'.
21:12:28 INFO  : Jtag cable 'Xilinx TUL 1234-tulA' is selected.
21:12:28 INFO  : 'jtag frequency' command is executed.
21:12:28 INFO  : Sourcing of 'D:/Documents/Vivado_data/hw2/hw2.sdk/hw2_wrapper_hw_platform_0/ps7_init.tcl' is done.
21:12:28 INFO  : Context for 'APU' is selected.
21:12:29 INFO  : Hardware design information is loaded from 'D:/Documents/Vivado_data/hw2/hw2.sdk/hw2_wrapper_hw_platform_0/system.hdf'.
21:12:29 INFO  : 'configparams force-mem-access 1' command is executed.
21:12:29 INFO  : Context for 'APU' is selected.
21:12:29 INFO  : 'stop' command is executed.
21:12:30 INFO  : 'ps7_init' command is executed.
21:12:30 INFO  : 'ps7_post_config' command is executed.
21:12:30 INFO  : Context for processor 'ps7_cortexa9_0' is selected.
21:12:30 INFO  : Processor reset is completed for 'ps7_cortexa9_0'.
21:12:30 INFO  : Context for processor 'ps7_cortexa9_0' is selected.
21:12:30 INFO  : The application 'D:/Documents/Vivado_data/hw2/hw2.sdk/hw2_sw/Debug/hw2_sw.elf' is downloaded to processor 'ps7_cortexa9_0'.
21:12:30 INFO  : 'configparams force-mem-access 0' command is executed.
21:12:30 INFO  : ----------------XSDB Script----------------
connect -url tcp:127.0.0.1:3121
source D:/Documents/Vivado_data/hw2/hw2.sdk/hw2_wrapper_hw_platform_0/ps7_init.tcl
targets -set -nocase -filter {name =~"APU*" && jtag_cable_name =~ "Xilinx TUL 1234-tulA"} -index 0
loadhw -hw D:/Documents/Vivado_data/hw2/hw2.sdk/hw2_wrapper_hw_platform_0/system.hdf -mem-ranges [list {0x40000000 0xbfffffff}]
configparams force-mem-access 1
targets -set -nocase -filter {name =~"APU*" && jtag_cable_name =~ "Xilinx TUL 1234-tulA"} -index 0
stop
ps7_init
ps7_post_config
targets -set -nocase -filter {name =~ "ARM*#0" && jtag_cable_name =~ "Xilinx TUL 1234-tulA"} -index 0
rst -processor
targets -set -nocase -filter {name =~ "ARM*#0" && jtag_cable_name =~ "Xilinx TUL 1234-tulA"} -index 0
dow D:/Documents/Vivado_data/hw2/hw2.sdk/hw2_sw/Debug/hw2_sw.elf
configparams force-mem-access 0
----------------End of Script----------------

21:12:30 INFO  : Memory regions updated for context APU
21:12:30 INFO  : Context for processor 'ps7_cortexa9_0' is selected.
21:12:30 INFO  : 'con' command is executed.
21:12:30 INFO  : ----------------XSDB Script (After Launch)----------------
targets -set -nocase -filter {name =~ "ARM*#0" && jtag_cable_name =~ "Xilinx TUL 1234-tulA"} -index 0
con
----------------End of Script----------------

21:12:30 INFO  : Launch script is exported to file 'D:\Documents\Vivado_data\hw2\hw2.sdk\.sdk\launch_scripts\xilinx_c-c++_application_(system_debugger)\system_debugger_using_debug_hw2_sw.elf_on_local.tcl'
21:24:28 INFO  : Disconnected from the channel tcfchan#2.
21:24:29 INFO  : 'targets -set -filter {jtag_cable_name =~ "Xilinx TUL 1234-tulA" && level==0} -index 1' command is executed.
21:24:29 INFO  : 'fpga -state' command is executed.
21:24:29 INFO  : Connected to target on host '127.0.0.1' and port '3121'.
21:24:29 INFO  : Jtag cable 'Xilinx TUL 1234-tulA' is selected.
21:24:29 INFO  : 'jtag frequency' command is executed.
21:24:29 INFO  : Sourcing of 'D:/Documents/Vivado_data/hw2/hw2.sdk/hw2_wrapper_hw_platform_0/ps7_init.tcl' is done.
21:24:29 INFO  : Context for 'APU' is selected.
21:24:30 INFO  : Hardware design information is loaded from 'D:/Documents/Vivado_data/hw2/hw2.sdk/hw2_wrapper_hw_platform_0/system.hdf'.
21:24:30 INFO  : 'configparams force-mem-access 1' command is executed.
21:24:30 INFO  : Context for 'APU' is selected.
21:24:30 INFO  : 'stop' command is executed.
21:24:30 INFO  : 'ps7_init' command is executed.
21:24:30 INFO  : 'ps7_post_config' command is executed.
21:24:31 INFO  : Context for processor 'ps7_cortexa9_0' is selected.
21:24:31 INFO  : Processor reset is completed for 'ps7_cortexa9_0'.
21:24:31 INFO  : Context for processor 'ps7_cortexa9_0' is selected.
21:24:31 INFO  : The application 'D:/Documents/Vivado_data/hw2/hw2.sdk/hw2_sw/Debug/hw2_sw.elf' is downloaded to processor 'ps7_cortexa9_0'.
21:24:31 INFO  : 'configparams force-mem-access 0' command is executed.
21:24:31 INFO  : ----------------XSDB Script----------------
connect -url tcp:127.0.0.1:3121
source D:/Documents/Vivado_data/hw2/hw2.sdk/hw2_wrapper_hw_platform_0/ps7_init.tcl
targets -set -nocase -filter {name =~"APU*" && jtag_cable_name =~ "Xilinx TUL 1234-tulA"} -index 0
loadhw -hw D:/Documents/Vivado_data/hw2/hw2.sdk/hw2_wrapper_hw_platform_0/system.hdf -mem-ranges [list {0x40000000 0xbfffffff}]
configparams force-mem-access 1
targets -set -nocase -filter {name =~"APU*" && jtag_cable_name =~ "Xilinx TUL 1234-tulA"} -index 0
stop
ps7_init
ps7_post_config
targets -set -nocase -filter {name =~ "ARM*#0" && jtag_cable_name =~ "Xilinx TUL 1234-tulA"} -index 0
rst -processor
targets -set -nocase -filter {name =~ "ARM*#0" && jtag_cable_name =~ "Xilinx TUL 1234-tulA"} -index 0
dow D:/Documents/Vivado_data/hw2/hw2.sdk/hw2_sw/Debug/hw2_sw.elf
configparams force-mem-access 0
----------------End of Script----------------

21:24:31 INFO  : Memory regions updated for context APU
21:24:31 INFO  : Context for processor 'ps7_cortexa9_0' is selected.
21:24:31 INFO  : 'con' command is executed.
21:24:31 INFO  : ----------------XSDB Script (After Launch)----------------
targets -set -nocase -filter {name =~ "ARM*#0" && jtag_cable_name =~ "Xilinx TUL 1234-tulA"} -index 0
con
----------------End of Script----------------

21:24:31 INFO  : Launch script is exported to file 'D:\Documents\Vivado_data\hw2\hw2.sdk\.sdk\launch_scripts\xilinx_c-c++_application_(system_debugger)\system_debugger_using_debug_hw2_sw.elf_on_local.tcl'
21:26:35 INFO  : Disconnected from the channel tcfchan#3.
21:26:36 INFO  : 'targets -set -filter {jtag_cable_name =~ "Xilinx TUL 1234-tulA" && level==0} -index 1' command is executed.
21:26:36 INFO  : 'fpga -state' command is executed.
21:26:36 INFO  : Connected to target on host '127.0.0.1' and port '3121'.
21:26:36 INFO  : Jtag cable 'Xilinx TUL 1234-tulA' is selected.
21:26:36 INFO  : 'jtag frequency' command is executed.
21:26:36 INFO  : Sourcing of 'D:/Documents/Vivado_data/hw2/hw2.sdk/hw2_wrapper_hw_platform_0/ps7_init.tcl' is done.
21:26:37 INFO  : Context for 'APU' is selected.
21:26:37 INFO  : Hardware design information is loaded from 'D:/Documents/Vivado_data/hw2/hw2.sdk/hw2_wrapper_hw_platform_0/system.hdf'.
21:26:37 INFO  : 'configparams force-mem-access 1' command is executed.
21:26:37 INFO  : Context for 'APU' is selected.
21:26:37 INFO  : 'stop' command is executed.
21:26:38 INFO  : 'ps7_init' command is executed.
21:26:38 INFO  : 'ps7_post_config' command is executed.
21:26:38 INFO  : Context for processor 'ps7_cortexa9_0' is selected.
21:26:38 INFO  : Processor reset is completed for 'ps7_cortexa9_0'.
21:26:38 INFO  : Context for processor 'ps7_cortexa9_0' is selected.
21:26:38 INFO  : The application 'D:/Documents/Vivado_data/hw2/hw2.sdk/hw2_sw/Debug/hw2_sw.elf' is downloaded to processor 'ps7_cortexa9_0'.
21:26:38 INFO  : 'configparams force-mem-access 0' command is executed.
21:26:38 INFO  : ----------------XSDB Script----------------
connect -url tcp:127.0.0.1:3121
source D:/Documents/Vivado_data/hw2/hw2.sdk/hw2_wrapper_hw_platform_0/ps7_init.tcl
targets -set -nocase -filter {name =~"APU*" && jtag_cable_name =~ "Xilinx TUL 1234-tulA"} -index 0
loadhw -hw D:/Documents/Vivado_data/hw2/hw2.sdk/hw2_wrapper_hw_platform_0/system.hdf -mem-ranges [list {0x40000000 0xbfffffff}]
configparams force-mem-access 1
targets -set -nocase -filter {name =~"APU*" && jtag_cable_name =~ "Xilinx TUL 1234-tulA"} -index 0
stop
ps7_init
ps7_post_config
targets -set -nocase -filter {name =~ "ARM*#0" && jtag_cable_name =~ "Xilinx TUL 1234-tulA"} -index 0
rst -processor
targets -set -nocase -filter {name =~ "ARM*#0" && jtag_cable_name =~ "Xilinx TUL 1234-tulA"} -index 0
dow D:/Documents/Vivado_data/hw2/hw2.sdk/hw2_sw/Debug/hw2_sw.elf
configparams force-mem-access 0
----------------End of Script----------------

21:26:38 INFO  : Memory regions updated for context APU
21:26:38 INFO  : Context for processor 'ps7_cortexa9_0' is selected.
21:26:38 INFO  : 'con' command is executed.
21:26:38 INFO  : ----------------XSDB Script (After Launch)----------------
targets -set -nocase -filter {name =~ "ARM*#0" && jtag_cable_name =~ "Xilinx TUL 1234-tulA"} -index 0
con
----------------End of Script----------------

21:26:38 INFO  : Launch script is exported to file 'D:\Documents\Vivado_data\hw2\hw2.sdk\.sdk\launch_scripts\xilinx_c-c++_application_(system_debugger)\system_debugger_using_debug_hw2_sw.elf_on_local.tcl'
21:27:01 INFO  : Disconnected from the channel tcfchan#4.
21:27:02 INFO  : 'targets -set -filter {jtag_cable_name =~ "Xilinx TUL 1234-tulA" && level==0} -index 1' command is executed.
21:27:02 INFO  : 'fpga -state' command is executed.
21:27:02 INFO  : Connected to target on host '127.0.0.1' and port '3121'.
21:27:02 INFO  : Jtag cable 'Xilinx TUL 1234-tulA' is selected.
21:27:02 INFO  : 'jtag frequency' command is executed.
21:27:02 INFO  : Sourcing of 'D:/Documents/Vivado_data/hw2/hw2.sdk/hw2_wrapper_hw_platform_0/ps7_init.tcl' is done.
21:27:02 INFO  : Context for 'APU' is selected.
21:27:03 INFO  : Hardware design information is loaded from 'D:/Documents/Vivado_data/hw2/hw2.sdk/hw2_wrapper_hw_platform_0/system.hdf'.
21:27:03 INFO  : 'configparams force-mem-access 1' command is executed.
21:27:03 INFO  : Context for 'APU' is selected.
21:27:03 INFO  : 'stop' command is executed.
21:27:03 INFO  : 'ps7_init' command is executed.
21:27:03 INFO  : 'ps7_post_config' command is executed.
21:27:03 INFO  : Context for processor 'ps7_cortexa9_0' is selected.
21:27:03 INFO  : Processor reset is completed for 'ps7_cortexa9_0'.
21:27:03 INFO  : Context for processor 'ps7_cortexa9_0' is selected.
21:27:03 INFO  : The application 'D:/Documents/Vivado_data/hw2/hw2.sdk/hw2_sw/Debug/hw2_sw.elf' is downloaded to processor 'ps7_cortexa9_0'.
21:27:03 INFO  : 'configparams force-mem-access 0' command is executed.
21:27:03 INFO  : ----------------XSDB Script----------------
connect -url tcp:127.0.0.1:3121
source D:/Documents/Vivado_data/hw2/hw2.sdk/hw2_wrapper_hw_platform_0/ps7_init.tcl
targets -set -nocase -filter {name =~"APU*" && jtag_cable_name =~ "Xilinx TUL 1234-tulA"} -index 0
loadhw -hw D:/Documents/Vivado_data/hw2/hw2.sdk/hw2_wrapper_hw_platform_0/system.hdf -mem-ranges [list {0x40000000 0xbfffffff}]
configparams force-mem-access 1
targets -set -nocase -filter {name =~"APU*" && jtag_cable_name =~ "Xilinx TUL 1234-tulA"} -index 0
stop
ps7_init
ps7_post_config
targets -set -nocase -filter {name =~ "ARM*#0" && jtag_cable_name =~ "Xilinx TUL 1234-tulA"} -index 0
rst -processor
targets -set -nocase -filter {name =~ "ARM*#0" && jtag_cable_name =~ "Xilinx TUL 1234-tulA"} -index 0
dow D:/Documents/Vivado_data/hw2/hw2.sdk/hw2_sw/Debug/hw2_sw.elf
configparams force-mem-access 0
----------------End of Script----------------

21:27:03 INFO  : Memory regions updated for context APU
21:27:03 INFO  : Context for processor 'ps7_cortexa9_0' is selected.
21:27:03 INFO  : 'con' command is executed.
21:27:03 INFO  : ----------------XSDB Script (After Launch)----------------
targets -set -nocase -filter {name =~ "ARM*#0" && jtag_cable_name =~ "Xilinx TUL 1234-tulA"} -index 0
con
----------------End of Script----------------

21:27:03 INFO  : Launch script is exported to file 'D:\Documents\Vivado_data\hw2\hw2.sdk\.sdk\launch_scripts\xilinx_c-c++_application_(system_debugger)\system_debugger_using_debug_hw2_sw.elf_on_local.tcl'
21:27:30 INFO  : Disconnected from the channel tcfchan#5.
21:27:32 INFO  : 'targets -set -filter {jtag_cable_name =~ "Xilinx TUL 1234-tulA" && level==0} -index 1' command is executed.
21:27:32 INFO  : 'fpga -state' command is executed.
21:27:32 INFO  : Connected to target on host '127.0.0.1' and port '3121'.
21:27:32 INFO  : Jtag cable 'Xilinx TUL 1234-tulA' is selected.
21:27:32 INFO  : 'jtag frequency' command is executed.
21:27:32 INFO  : Sourcing of 'D:/Documents/Vivado_data/hw2/hw2.sdk/hw2_wrapper_hw_platform_0/ps7_init.tcl' is done.
21:27:32 INFO  : Context for 'APU' is selected.
21:27:33 INFO  : Hardware design information is loaded from 'D:/Documents/Vivado_data/hw2/hw2.sdk/hw2_wrapper_hw_platform_0/system.hdf'.
21:27:33 INFO  : 'configparams force-mem-access 1' command is executed.
21:27:33 INFO  : Context for 'APU' is selected.
21:27:33 INFO  : 'stop' command is executed.
21:27:33 INFO  : 'ps7_init' command is executed.
21:27:33 INFO  : 'ps7_post_config' command is executed.
21:27:33 INFO  : Context for processor 'ps7_cortexa9_0' is selected.
21:27:33 INFO  : Processor reset is completed for 'ps7_cortexa9_0'.
21:27:33 INFO  : Context for processor 'ps7_cortexa9_0' is selected.
21:27:33 INFO  : The application 'D:/Documents/Vivado_data/hw2/hw2.sdk/hw2_sw/Debug/hw2_sw.elf' is downloaded to processor 'ps7_cortexa9_0'.
21:27:33 INFO  : 'configparams force-mem-access 0' command is executed.
21:27:33 INFO  : ----------------XSDB Script----------------
connect -url tcp:127.0.0.1:3121
source D:/Documents/Vivado_data/hw2/hw2.sdk/hw2_wrapper_hw_platform_0/ps7_init.tcl
targets -set -nocase -filter {name =~"APU*" && jtag_cable_name =~ "Xilinx TUL 1234-tulA"} -index 0
loadhw -hw D:/Documents/Vivado_data/hw2/hw2.sdk/hw2_wrapper_hw_platform_0/system.hdf -mem-ranges [list {0x40000000 0xbfffffff}]
configparams force-mem-access 1
targets -set -nocase -filter {name =~"APU*" && jtag_cable_name =~ "Xilinx TUL 1234-tulA"} -index 0
stop
ps7_init
ps7_post_config
targets -set -nocase -filter {name =~ "ARM*#0" && jtag_cable_name =~ "Xilinx TUL 1234-tulA"} -index 0
rst -processor
targets -set -nocase -filter {name =~ "ARM*#0" && jtag_cable_name =~ "Xilinx TUL 1234-tulA"} -index 0
dow D:/Documents/Vivado_data/hw2/hw2.sdk/hw2_sw/Debug/hw2_sw.elf
configparams force-mem-access 0
----------------End of Script----------------

21:27:33 INFO  : Memory regions updated for context APU
21:27:33 INFO  : Context for processor 'ps7_cortexa9_0' is selected.
21:27:33 INFO  : 'con' command is executed.
21:27:33 INFO  : ----------------XSDB Script (After Launch)----------------
targets -set -nocase -filter {name =~ "ARM*#0" && jtag_cable_name =~ "Xilinx TUL 1234-tulA"} -index 0
con
----------------End of Script----------------

21:27:33 INFO  : Launch script is exported to file 'D:\Documents\Vivado_data\hw2\hw2.sdk\.sdk\launch_scripts\xilinx_c-c++_application_(system_debugger)\system_debugger_using_debug_hw2_sw.elf_on_local.tcl'
21:46:43 INFO  : Disconnected from the channel tcfchan#6.
21:46:44 INFO  : 'targets -set -filter {jtag_cable_name =~ "Xilinx TUL 1234-tulA" && level==0} -index 1' command is executed.
21:46:44 INFO  : 'fpga -state' command is executed.
21:46:44 INFO  : Connected to target on host '127.0.0.1' and port '3121'.
21:46:44 INFO  : Jtag cable 'Xilinx TUL 1234-tulA' is selected.
21:46:44 INFO  : 'jtag frequency' command is executed.
21:46:44 INFO  : Sourcing of 'D:/Documents/Vivado_data/hw2/hw2.sdk/hw2_wrapper_hw_platform_0/ps7_init.tcl' is done.
21:46:44 INFO  : Context for 'APU' is selected.
21:46:45 INFO  : Hardware design information is loaded from 'D:/Documents/Vivado_data/hw2/hw2.sdk/hw2_wrapper_hw_platform_0/system.hdf'.
21:46:45 INFO  : 'configparams force-mem-access 1' command is executed.
21:46:45 INFO  : Context for 'APU' is selected.
21:46:45 INFO  : 'stop' command is executed.
21:46:45 INFO  : 'ps7_init' command is executed.
21:46:45 INFO  : 'ps7_post_config' command is executed.
21:46:45 INFO  : Context for processor 'ps7_cortexa9_0' is selected.
21:46:45 INFO  : Processor reset is completed for 'ps7_cortexa9_0'.
21:46:45 INFO  : Context for processor 'ps7_cortexa9_0' is selected.
21:46:45 INFO  : The application 'D:/Documents/Vivado_data/hw2/hw2.sdk/hw2_sw/Debug/hw2_sw.elf' is downloaded to processor 'ps7_cortexa9_0'.
21:46:45 INFO  : 'configparams force-mem-access 0' command is executed.
21:46:45 INFO  : ----------------XSDB Script----------------
connect -url tcp:127.0.0.1:3121
source D:/Documents/Vivado_data/hw2/hw2.sdk/hw2_wrapper_hw_platform_0/ps7_init.tcl
targets -set -nocase -filter {name =~"APU*" && jtag_cable_name =~ "Xilinx TUL 1234-tulA"} -index 0
loadhw -hw D:/Documents/Vivado_data/hw2/hw2.sdk/hw2_wrapper_hw_platform_0/system.hdf -mem-ranges [list {0x40000000 0xbfffffff}]
configparams force-mem-access 1
targets -set -nocase -filter {name =~"APU*" && jtag_cable_name =~ "Xilinx TUL 1234-tulA"} -index 0
stop
ps7_init
ps7_post_config
targets -set -nocase -filter {name =~ "ARM*#0" && jtag_cable_name =~ "Xilinx TUL 1234-tulA"} -index 0
rst -processor
targets -set -nocase -filter {name =~ "ARM*#0" && jtag_cable_name =~ "Xilinx TUL 1234-tulA"} -index 0
dow D:/Documents/Vivado_data/hw2/hw2.sdk/hw2_sw/Debug/hw2_sw.elf
configparams force-mem-access 0
----------------End of Script----------------

21:46:45 INFO  : Memory regions updated for context APU
21:46:45 INFO  : Context for processor 'ps7_cortexa9_0' is selected.
21:46:45 INFO  : 'con' command is executed.
21:46:45 INFO  : ----------------XSDB Script (After Launch)----------------
targets -set -nocase -filter {name =~ "ARM*#0" && jtag_cable_name =~ "Xilinx TUL 1234-tulA"} -index 0
con
----------------End of Script----------------

21:46:45 INFO  : Launch script is exported to file 'D:\Documents\Vivado_data\hw2\hw2.sdk\.sdk\launch_scripts\xilinx_c-c++_application_(system_debugger)\system_debugger_using_debug_hw2_sw.elf_on_local.tcl'
21:48:26 INFO  : Disconnected from the channel tcfchan#7.
21:48:27 INFO  : 'targets -set -filter {jtag_cable_name =~ "Xilinx TUL 1234-tulA" && level==0} -index 1' command is executed.
21:48:27 INFO  : 'fpga -state' command is executed.
21:48:27 INFO  : Connected to target on host '127.0.0.1' and port '3121'.
21:48:27 INFO  : Jtag cable 'Xilinx TUL 1234-tulA' is selected.
21:48:27 INFO  : 'jtag frequency' command is executed.
21:48:27 INFO  : Sourcing of 'D:/Documents/Vivado_data/hw2/hw2.sdk/hw2_wrapper_hw_platform_0/ps7_init.tcl' is done.
21:48:27 INFO  : Context for 'APU' is selected.
21:48:28 INFO  : Hardware design information is loaded from 'D:/Documents/Vivado_data/hw2/hw2.sdk/hw2_wrapper_hw_platform_0/system.hdf'.
21:48:28 INFO  : 'configparams force-mem-access 1' command is executed.
21:48:28 INFO  : Context for 'APU' is selected.
21:48:28 INFO  : 'stop' command is executed.
21:48:28 INFO  : 'ps7_init' command is executed.
21:48:28 INFO  : 'ps7_post_config' command is executed.
21:48:28 INFO  : Context for processor 'ps7_cortexa9_0' is selected.
21:48:28 INFO  : Processor reset is completed for 'ps7_cortexa9_0'.
21:48:28 INFO  : Context for processor 'ps7_cortexa9_0' is selected.
21:48:29 INFO  : The application 'D:/Documents/Vivado_data/hw2/hw2.sdk/hw2_sw/Debug/hw2_sw.elf' is downloaded to processor 'ps7_cortexa9_0'.
21:48:29 INFO  : 'configparams force-mem-access 0' command is executed.
21:48:29 INFO  : ----------------XSDB Script----------------
connect -url tcp:127.0.0.1:3121
source D:/Documents/Vivado_data/hw2/hw2.sdk/hw2_wrapper_hw_platform_0/ps7_init.tcl
targets -set -nocase -filter {name =~"APU*" && jtag_cable_name =~ "Xilinx TUL 1234-tulA"} -index 0
loadhw -hw D:/Documents/Vivado_data/hw2/hw2.sdk/hw2_wrapper_hw_platform_0/system.hdf -mem-ranges [list {0x40000000 0xbfffffff}]
configparams force-mem-access 1
targets -set -nocase -filter {name =~"APU*" && jtag_cable_name =~ "Xilinx TUL 1234-tulA"} -index 0
stop
ps7_init
ps7_post_config
targets -set -nocase -filter {name =~ "ARM*#0" && jtag_cable_name =~ "Xilinx TUL 1234-tulA"} -index 0
rst -processor
targets -set -nocase -filter {name =~ "ARM*#0" && jtag_cable_name =~ "Xilinx TUL 1234-tulA"} -index 0
dow D:/Documents/Vivado_data/hw2/hw2.sdk/hw2_sw/Debug/hw2_sw.elf
configparams force-mem-access 0
----------------End of Script----------------

21:48:29 INFO  : Memory regions updated for context APU
21:48:29 INFO  : Context for processor 'ps7_cortexa9_0' is selected.
21:48:29 INFO  : 'con' command is executed.
21:48:29 INFO  : ----------------XSDB Script (After Launch)----------------
targets -set -nocase -filter {name =~ "ARM*#0" && jtag_cable_name =~ "Xilinx TUL 1234-tulA"} -index 0
con
----------------End of Script----------------

21:48:29 INFO  : Launch script is exported to file 'D:\Documents\Vivado_data\hw2\hw2.sdk\.sdk\launch_scripts\xilinx_c-c++_application_(system_debugger)\system_debugger_using_debug_hw2_sw.elf_on_local.tcl'
21:48:55 INFO  : Disconnected from the channel tcfchan#8.
21:48:56 INFO  : 'targets -set -filter {jtag_cable_name =~ "Xilinx TUL 1234-tulA" && level==0} -index 1' command is executed.
21:48:56 INFO  : 'fpga -state' command is executed.
21:48:56 INFO  : Connected to target on host '127.0.0.1' and port '3121'.
21:48:56 INFO  : Jtag cable 'Xilinx TUL 1234-tulA' is selected.
21:48:56 INFO  : 'jtag frequency' command is executed.
21:48:56 INFO  : Sourcing of 'D:/Documents/Vivado_data/hw2/hw2.sdk/hw2_wrapper_hw_platform_0/ps7_init.tcl' is done.
21:48:56 INFO  : Context for 'APU' is selected.
21:48:57 INFO  : Hardware design information is loaded from 'D:/Documents/Vivado_data/hw2/hw2.sdk/hw2_wrapper_hw_platform_0/system.hdf'.
21:48:57 INFO  : 'configparams force-mem-access 1' command is executed.
21:48:57 INFO  : Context for 'APU' is selected.
21:48:57 INFO  : 'stop' command is executed.
21:48:57 INFO  : 'ps7_init' command is executed.
21:48:57 INFO  : 'ps7_post_config' command is executed.
21:48:57 INFO  : Context for processor 'ps7_cortexa9_0' is selected.
21:48:57 INFO  : Processor reset is completed for 'ps7_cortexa9_0'.
21:48:57 INFO  : Context for processor 'ps7_cortexa9_0' is selected.
21:48:58 INFO  : The application 'D:/Documents/Vivado_data/hw2/hw2.sdk/hw2_sw/Debug/hw2_sw.elf' is downloaded to processor 'ps7_cortexa9_0'.
21:48:58 INFO  : 'configparams force-mem-access 0' command is executed.
21:48:58 INFO  : ----------------XSDB Script----------------
connect -url tcp:127.0.0.1:3121
source D:/Documents/Vivado_data/hw2/hw2.sdk/hw2_wrapper_hw_platform_0/ps7_init.tcl
targets -set -nocase -filter {name =~"APU*" && jtag_cable_name =~ "Xilinx TUL 1234-tulA"} -index 0
loadhw -hw D:/Documents/Vivado_data/hw2/hw2.sdk/hw2_wrapper_hw_platform_0/system.hdf -mem-ranges [list {0x40000000 0xbfffffff}]
configparams force-mem-access 1
targets -set -nocase -filter {name =~"APU*" && jtag_cable_name =~ "Xilinx TUL 1234-tulA"} -index 0
stop
ps7_init
ps7_post_config
targets -set -nocase -filter {name =~ "ARM*#0" && jtag_cable_name =~ "Xilinx TUL 1234-tulA"} -index 0
rst -processor
targets -set -nocase -filter {name =~ "ARM*#0" && jtag_cable_name =~ "Xilinx TUL 1234-tulA"} -index 0
dow D:/Documents/Vivado_data/hw2/hw2.sdk/hw2_sw/Debug/hw2_sw.elf
configparams force-mem-access 0
----------------End of Script----------------

21:48:58 INFO  : Memory regions updated for context APU
21:48:58 INFO  : Context for processor 'ps7_cortexa9_0' is selected.
21:48:58 INFO  : 'con' command is executed.
21:48:58 INFO  : ----------------XSDB Script (After Launch)----------------
targets -set -nocase -filter {name =~ "ARM*#0" && jtag_cable_name =~ "Xilinx TUL 1234-tulA"} -index 0
con
----------------End of Script----------------

21:48:58 INFO  : Launch script is exported to file 'D:\Documents\Vivado_data\hw2\hw2.sdk\.sdk\launch_scripts\xilinx_c-c++_application_(system_debugger)\system_debugger_using_debug_hw2_sw.elf_on_local.tcl'
21:49:19 INFO  : Disconnected from the channel tcfchan#9.
21:49:20 INFO  : 'targets -set -filter {jtag_cable_name =~ "Xilinx TUL 1234-tulA" && level==0} -index 1' command is executed.
21:49:20 INFO  : 'fpga -state' command is executed.
21:49:20 INFO  : Connected to target on host '127.0.0.1' and port '3121'.
21:49:20 INFO  : Jtag cable 'Xilinx TUL 1234-tulA' is selected.
21:49:20 INFO  : 'jtag frequency' command is executed.
21:49:20 INFO  : Sourcing of 'D:/Documents/Vivado_data/hw2/hw2.sdk/hw2_wrapper_hw_platform_0/ps7_init.tcl' is done.
21:49:20 INFO  : Context for 'APU' is selected.
21:49:21 INFO  : Hardware design information is loaded from 'D:/Documents/Vivado_data/hw2/hw2.sdk/hw2_wrapper_hw_platform_0/system.hdf'.
21:49:21 INFO  : 'configparams force-mem-access 1' command is executed.
21:49:21 INFO  : Context for 'APU' is selected.
21:49:21 INFO  : 'stop' command is executed.
21:49:21 INFO  : 'ps7_init' command is executed.
21:49:21 INFO  : 'ps7_post_config' command is executed.
21:49:21 INFO  : Context for processor 'ps7_cortexa9_0' is selected.
21:49:21 INFO  : Processor reset is completed for 'ps7_cortexa9_0'.
21:49:21 INFO  : Context for processor 'ps7_cortexa9_0' is selected.
21:49:21 INFO  : The application 'D:/Documents/Vivado_data/hw2/hw2.sdk/hw2_sw/Debug/hw2_sw.elf' is downloaded to processor 'ps7_cortexa9_0'.
21:49:21 INFO  : 'configparams force-mem-access 0' command is executed.
21:49:21 INFO  : ----------------XSDB Script----------------
connect -url tcp:127.0.0.1:3121
source D:/Documents/Vivado_data/hw2/hw2.sdk/hw2_wrapper_hw_platform_0/ps7_init.tcl
targets -set -nocase -filter {name =~"APU*" && jtag_cable_name =~ "Xilinx TUL 1234-tulA"} -index 0
loadhw -hw D:/Documents/Vivado_data/hw2/hw2.sdk/hw2_wrapper_hw_platform_0/system.hdf -mem-ranges [list {0x40000000 0xbfffffff}]
configparams force-mem-access 1
targets -set -nocase -filter {name =~"APU*" && jtag_cable_name =~ "Xilinx TUL 1234-tulA"} -index 0
stop
ps7_init
ps7_post_config
targets -set -nocase -filter {name =~ "ARM*#0" && jtag_cable_name =~ "Xilinx TUL 1234-tulA"} -index 0
rst -processor
targets -set -nocase -filter {name =~ "ARM*#0" && jtag_cable_name =~ "Xilinx TUL 1234-tulA"} -index 0
dow D:/Documents/Vivado_data/hw2/hw2.sdk/hw2_sw/Debug/hw2_sw.elf
configparams force-mem-access 0
----------------End of Script----------------

21:49:21 INFO  : Memory regions updated for context APU
21:49:21 INFO  : Context for processor 'ps7_cortexa9_0' is selected.
21:49:22 INFO  : 'con' command is executed.
21:49:22 INFO  : ----------------XSDB Script (After Launch)----------------
targets -set -nocase -filter {name =~ "ARM*#0" && jtag_cable_name =~ "Xilinx TUL 1234-tulA"} -index 0
con
----------------End of Script----------------

21:49:22 INFO  : Launch script is exported to file 'D:\Documents\Vivado_data\hw2\hw2.sdk\.sdk\launch_scripts\xilinx_c-c++_application_(system_debugger)\system_debugger_using_debug_hw2_sw.elf_on_local.tcl'
21:50:04 INFO  : Disconnected from the channel tcfchan#10.
21:50:05 INFO  : 'targets -set -filter {jtag_cable_name =~ "Xilinx TUL 1234-tulA" && level==0} -index 1' command is executed.
21:50:05 INFO  : 'fpga -state' command is executed.
21:50:05 INFO  : Connected to target on host '127.0.0.1' and port '3121'.
21:50:05 INFO  : Jtag cable 'Xilinx TUL 1234-tulA' is selected.
21:50:05 INFO  : 'jtag frequency' command is executed.
21:50:05 INFO  : Sourcing of 'D:/Documents/Vivado_data/hw2/hw2.sdk/hw2_wrapper_hw_platform_0/ps7_init.tcl' is done.
21:50:05 INFO  : Context for 'APU' is selected.
21:50:06 INFO  : Hardware design information is loaded from 'D:/Documents/Vivado_data/hw2/hw2.sdk/hw2_wrapper_hw_platform_0/system.hdf'.
21:50:06 INFO  : 'configparams force-mem-access 1' command is executed.
21:50:06 INFO  : Context for 'APU' is selected.
21:50:06 INFO  : 'stop' command is executed.
21:50:07 INFO  : 'ps7_init' command is executed.
21:50:07 INFO  : 'ps7_post_config' command is executed.
21:50:07 INFO  : Context for processor 'ps7_cortexa9_0' is selected.
21:50:07 INFO  : Processor reset is completed for 'ps7_cortexa9_0'.
21:50:07 INFO  : Context for processor 'ps7_cortexa9_0' is selected.
21:50:07 INFO  : The application 'D:/Documents/Vivado_data/hw2/hw2.sdk/hw2_sw/Debug/hw2_sw.elf' is downloaded to processor 'ps7_cortexa9_0'.
21:50:07 INFO  : 'configparams force-mem-access 0' command is executed.
21:50:07 INFO  : ----------------XSDB Script----------------
connect -url tcp:127.0.0.1:3121
source D:/Documents/Vivado_data/hw2/hw2.sdk/hw2_wrapper_hw_platform_0/ps7_init.tcl
targets -set -nocase -filter {name =~"APU*" && jtag_cable_name =~ "Xilinx TUL 1234-tulA"} -index 0
loadhw -hw D:/Documents/Vivado_data/hw2/hw2.sdk/hw2_wrapper_hw_platform_0/system.hdf -mem-ranges [list {0x40000000 0xbfffffff}]
configparams force-mem-access 1
targets -set -nocase -filter {name =~"APU*" && jtag_cable_name =~ "Xilinx TUL 1234-tulA"} -index 0
stop
ps7_init
ps7_post_config
targets -set -nocase -filter {name =~ "ARM*#0" && jtag_cable_name =~ "Xilinx TUL 1234-tulA"} -index 0
rst -processor
targets -set -nocase -filter {name =~ "ARM*#0" && jtag_cable_name =~ "Xilinx TUL 1234-tulA"} -index 0
dow D:/Documents/Vivado_data/hw2/hw2.sdk/hw2_sw/Debug/hw2_sw.elf
configparams force-mem-access 0
----------------End of Script----------------

21:50:07 INFO  : Memory regions updated for context APU
21:50:07 INFO  : Context for processor 'ps7_cortexa9_0' is selected.
21:50:07 INFO  : 'con' command is executed.
21:50:07 INFO  : ----------------XSDB Script (After Launch)----------------
targets -set -nocase -filter {name =~ "ARM*#0" && jtag_cable_name =~ "Xilinx TUL 1234-tulA"} -index 0
con
----------------End of Script----------------

21:50:07 INFO  : Launch script is exported to file 'D:\Documents\Vivado_data\hw2\hw2.sdk\.sdk\launch_scripts\xilinx_c-c++_application_(system_debugger)\system_debugger_using_debug_hw2_sw.elf_on_local.tcl'
22:37:38 INFO  : Disconnected from the channel tcfchan#11.
22:46:26 INFO  : Registering command handlers for SDK TCF services
22:46:26 INFO  : Launching XSCT server: xsct.bat -interactive D:\Documents\Vivado_data\hw2\hw2.sdk\temp_xsdb_launch_script.tcl
22:46:28 INFO  : XSCT server has started successfully.
22:46:28 INFO  : Processing command line option -hwspec D:/Documents/Vivado_data/hw2/hw2.sdk/hw2_wrapper.hdf.
22:46:28 INFO  : Checking for hwspec changes in the project hw2_wrapper_hw_platform_0.
22:46:31 INFO  : Successfully done setting XSCT server connection channel  
22:46:31 INFO  : Successfully done setting SDK workspace  
22:46:38 INFO  : 'targets -set -filter {jtag_cable_name =~ "Xilinx TUL 1234-tulA" && level==0} -index 1' command is executed.
22:46:38 INFO  : 'fpga -state' command is executed.
22:46:38 INFO  : Connected to target on host '127.0.0.1' and port '3121'.
22:46:38 INFO  : Jtag cable 'Xilinx TUL 1234-tulA' is selected.
22:46:38 INFO  : 'jtag frequency' command is executed.
22:46:38 INFO  : Sourcing of 'D:/Documents/Vivado_data/hw2/hw2.sdk/hw2_wrapper_hw_platform_0/ps7_init.tcl' is done.
22:46:38 INFO  : Context for 'APU' is selected.
22:46:38 INFO  : Hardware design information is loaded from 'D:/Documents/Vivado_data/hw2/hw2.sdk/hw2_wrapper_hw_platform_0/system.hdf'.
22:46:38 INFO  : 'configparams force-mem-access 1' command is executed.
22:46:38 INFO  : Context for 'APU' is selected.
22:46:39 INFO  : 'stop' command is executed.
22:46:39 INFO  : 'ps7_init' command is executed.
22:46:39 INFO  : 'ps7_post_config' command is executed.
22:46:39 INFO  : Context for processor 'ps7_cortexa9_0' is selected.
22:46:39 INFO  : Processor reset is completed for 'ps7_cortexa9_0'.
22:46:39 INFO  : Context for processor 'ps7_cortexa9_0' is selected.
22:46:39 INFO  : The application 'D:/Documents/Vivado_data/hw2/hw2.sdk/hw2_sw/Debug/hw2_sw.elf' is downloaded to processor 'ps7_cortexa9_0'.
22:46:39 INFO  : 'configparams force-mem-access 0' command is executed.
22:46:39 INFO  : ----------------XSDB Script----------------
connect -url tcp:127.0.0.1:3121
source D:/Documents/Vivado_data/hw2/hw2.sdk/hw2_wrapper_hw_platform_0/ps7_init.tcl
targets -set -nocase -filter {name =~"APU*" && jtag_cable_name =~ "Xilinx TUL 1234-tulA"} -index 0
loadhw -hw D:/Documents/Vivado_data/hw2/hw2.sdk/hw2_wrapper_hw_platform_0/system.hdf -mem-ranges [list {0x40000000 0xbfffffff}]
configparams force-mem-access 1
targets -set -nocase -filter {name =~"APU*" && jtag_cable_name =~ "Xilinx TUL 1234-tulA"} -index 0
stop
ps7_init
ps7_post_config
targets -set -nocase -filter {name =~ "ARM*#0" && jtag_cable_name =~ "Xilinx TUL 1234-tulA"} -index 0
rst -processor
targets -set -nocase -filter {name =~ "ARM*#0" && jtag_cable_name =~ "Xilinx TUL 1234-tulA"} -index 0
dow D:/Documents/Vivado_data/hw2/hw2.sdk/hw2_sw/Debug/hw2_sw.elf
configparams force-mem-access 0
----------------End of Script----------------

22:46:39 INFO  : 'targets -set -filter {jtag_cable_name =~ "Xilinx TUL 1234-tulA" && level==0} -index 1' command is executed.
22:46:39 INFO  : Memory regions updated for context APU
22:46:39 INFO  : 'fpga -state' command is executed.
22:46:39 INFO  : Context for processor 'ps7_cortexa9_0' is selected.
22:46:39 INFO  : Connected to target on host '127.0.0.1' and port '3121'.
22:46:39 INFO  : 'con' command is executed.
22:46:39 INFO  : ----------------XSDB Script (After Launch)----------------
targets -set -nocase -filter {name =~ "ARM*#0" && jtag_cable_name =~ "Xilinx TUL 1234-tulA"} -index 0
con
----------------End of Script----------------

22:46:39 INFO  : Launch script is exported to file 'D:\Documents\Vivado_data\hw2\hw2.sdk\.sdk\launch_scripts\xilinx_c-c++_application_(system_debugger)\system_debugger_using_debug_hw2_sw.elf_on_local.tcl'
22:46:39 INFO  : Jtag cable 'Xilinx TUL 1234-tulA' is selected.
22:46:39 INFO  : 'jtag frequency' command is executed.
22:46:39 INFO  : Sourcing of 'D:/Documents/Vivado_data/hw2/hw2.sdk/hw2_wrapper_hw_platform_0/ps7_init.tcl' is done.
22:46:39 INFO  : Context for 'APU' is selected.
22:46:39 INFO  : Hardware design information is loaded from 'D:/Documents/Vivado_data/hw2/hw2.sdk/hw2_wrapper_hw_platform_0/system.hdf'.
22:46:39 INFO  : 'configparams force-mem-access 1' command is executed.
22:46:39 INFO  : Context for 'APU' is selected.
22:46:39 INFO  : 'stop' command is executed.
22:46:40 INFO  : 'ps7_init' command is executed.
22:46:40 INFO  : 'ps7_post_config' command is executed.
22:46:40 INFO  : Context for processor 'ps7_cortexa9_0' is selected.
22:46:40 INFO  : Processor reset is completed for 'ps7_cortexa9_0'.
22:46:40 INFO  : Context for processor 'ps7_cortexa9_0' is selected.
22:46:40 INFO  : The application 'D:/Documents/Vivado_data/hw2/hw2.sdk/hw2_sw/Debug/hw2_sw.elf' is downloaded to processor 'ps7_cortexa9_0'.
22:46:40 INFO  : 'configparams force-mem-access 0' command is executed.
22:46:40 INFO  : ----------------XSDB Script----------------
connect -url tcp:127.0.0.1:3121
source D:/Documents/Vivado_data/hw2/hw2.sdk/hw2_wrapper_hw_platform_0/ps7_init.tcl
targets -set -nocase -filter {name =~"APU*" && jtag_cable_name =~ "Xilinx TUL 1234-tulA"} -index 0
loadhw -hw D:/Documents/Vivado_data/hw2/hw2.sdk/hw2_wrapper_hw_platform_0/system.hdf -mem-ranges [list {0x40000000 0xbfffffff}]
configparams force-mem-access 1
targets -set -nocase -filter {name =~"APU*" && jtag_cable_name =~ "Xilinx TUL 1234-tulA"} -index 0
stop
ps7_init
ps7_post_config
targets -set -nocase -filter {name =~ "ARM*#0" && jtag_cable_name =~ "Xilinx TUL 1234-tulA"} -index 0
rst -processor
targets -set -nocase -filter {name =~ "ARM*#0" && jtag_cable_name =~ "Xilinx TUL 1234-tulA"} -index 0
dow D:/Documents/Vivado_data/hw2/hw2.sdk/hw2_sw/Debug/hw2_sw.elf
configparams force-mem-access 0
----------------End of Script----------------

22:46:40 INFO  : Memory regions updated for context APU
22:46:40 INFO  : Context for processor 'ps7_cortexa9_0' is selected.
22:46:40 INFO  : 'con' command is executed.
22:46:40 INFO  : ----------------XSDB Script (After Launch)----------------
targets -set -nocase -filter {name =~ "ARM*#0" && jtag_cable_name =~ "Xilinx TUL 1234-tulA"} -index 0
con
----------------End of Script----------------

22:46:40 INFO  : Launch script is exported to file 'D:\Documents\Vivado_data\hw2\hw2.sdk\.sdk\launch_scripts\xilinx_c-c++_application_(system_debugger)\system_debugger_using_debug_hw2_sw.elf_on_local.tcl'
22:46:47 INFO  : 'targets -set -filter {jtag_cable_name =~ "Xilinx TUL 1234-tulA" && level==0} -index 1' command is executed.
22:46:47 INFO  : 'fpga -state' command is executed.
22:46:47 INFO  : Connected to target on host '127.0.0.1' and port '3121'.
22:46:47 INFO  : Jtag cable 'Xilinx TUL 1234-tulA' is selected.
22:46:47 INFO  : 'jtag frequency' command is executed.
22:46:47 INFO  : Sourcing of 'D:/Documents/Vivado_data/hw2/hw2.sdk/hw2_wrapper_hw_platform_0/ps7_init.tcl' is done.
22:46:47 INFO  : Context for 'APU' is selected.
22:46:47 INFO  : Hardware design information is loaded from 'D:/Documents/Vivado_data/hw2/hw2.sdk/hw2_wrapper_hw_platform_0/system.hdf'.
22:46:47 INFO  : 'configparams force-mem-access 1' command is executed.
22:46:47 INFO  : Context for 'APU' is selected.
22:46:47 INFO  : 'stop' command is executed.
22:46:48 INFO  : 'ps7_init' command is executed.
22:46:48 INFO  : 'ps7_post_config' command is executed.
22:46:48 INFO  : Context for processor 'ps7_cortexa9_0' is selected.
22:46:48 INFO  : Processor reset is completed for 'ps7_cortexa9_0'.
22:46:48 INFO  : Context for processor 'ps7_cortexa9_0' is selected.
22:46:48 INFO  : The application 'D:/Documents/Vivado_data/hw2/hw2.sdk/hw2_sw/Debug/hw2_sw.elf' is downloaded to processor 'ps7_cortexa9_0'.
22:46:48 INFO  : 'configparams force-mem-access 0' command is executed.
22:46:48 INFO  : ----------------XSDB Script----------------
connect -url tcp:127.0.0.1:3121
source D:/Documents/Vivado_data/hw2/hw2.sdk/hw2_wrapper_hw_platform_0/ps7_init.tcl
targets -set -nocase -filter {name =~"APU*" && jtag_cable_name =~ "Xilinx TUL 1234-tulA"} -index 0
loadhw -hw D:/Documents/Vivado_data/hw2/hw2.sdk/hw2_wrapper_hw_platform_0/system.hdf -mem-ranges [list {0x40000000 0xbfffffff}]
configparams force-mem-access 1
targets -set -nocase -filter {name =~"APU*" && jtag_cable_name =~ "Xilinx TUL 1234-tulA"} -index 0
stop
ps7_init
ps7_post_config
targets -set -nocase -filter {name =~ "ARM*#0" && jtag_cable_name =~ "Xilinx TUL 1234-tulA"} -index 0
rst -processor
targets -set -nocase -filter {name =~ "ARM*#0" && jtag_cable_name =~ "Xilinx TUL 1234-tulA"} -index 0
dow D:/Documents/Vivado_data/hw2/hw2.sdk/hw2_sw/Debug/hw2_sw.elf
configparams force-mem-access 0
----------------End of Script----------------

22:46:48 INFO  : Memory regions updated for context APU
22:46:48 INFO  : Context for processor 'ps7_cortexa9_0' is selected.
22:46:48 INFO  : 'con' command is executed.
22:46:48 INFO  : ----------------XSDB Script (After Launch)----------------
targets -set -nocase -filter {name =~ "ARM*#0" && jtag_cable_name =~ "Xilinx TUL 1234-tulA"} -index 0
con
----------------End of Script----------------

22:46:48 INFO  : Launch script is exported to file 'D:\Documents\Vivado_data\hw2\hw2.sdk\.sdk\launch_scripts\xilinx_c-c++_application_(system_debugger)\system_debugger_using_debug_hw2_sw.elf_on_local.tcl'
22:52:55 INFO  : Disconnected from the channel tcfchan#1.
22:53:06 INFO  : Registering command handlers for SDK TCF services
22:53:06 INFO  : Launching XSCT server: xsct.bat -interactive D:\Documents\Vivado_data\hw2\hw2.sdk\temp_xsdb_launch_script.tcl
22:53:08 INFO  : XSCT server has started successfully.
22:53:08 INFO  : Successfully done setting XSCT server connection channel  
22:53:08 INFO  : Successfully done setting SDK workspace  
22:53:08 INFO  : Processing command line option -hwspec D:/Documents/Vivado_data/hw2/hw2.sdk/hw2_wrapper.hdf.
22:53:08 INFO  : Checking for hwspec changes in the project hw2_wrapper_hw_platform_0.
22:53:25 INFO  : 'targets -set -filter {jtag_cable_name =~ "Xilinx TUL 1234-tulA" && level==0} -index 1' command is executed.
22:53:25 INFO  : 'fpga -state' command is executed.
22:53:27 INFO  : Memory regions updated for context APU
22:53:47 INFO  : 'targets -set -filter {jtag_cable_name =~ "Xilinx TUL 1234-tulA" && level==0} -index 1' command is executed.
22:53:47 INFO  : 'fpga -state' command is executed.
22:53:47 INFO  : Connected to target on host '127.0.0.1' and port '3121'.
22:53:47 INFO  : Jtag cable 'Xilinx TUL 1234-tulA' is selected.
22:53:47 INFO  : 'jtag frequency' command is executed.
22:53:47 INFO  : Sourcing of 'D:/Documents/Vivado_data/hw2/hw2.sdk/hw2_wrapper_hw_platform_0/ps7_init.tcl' is done.
22:53:47 INFO  : Context for 'APU' is selected.
22:53:47 INFO  : Hardware design information is loaded from 'D:/Documents/Vivado_data/hw2/hw2.sdk/hw2_wrapper_hw_platform_0/system.hdf'.
22:53:47 INFO  : 'configparams force-mem-access 1' command is executed.
22:53:47 INFO  : Context for 'APU' is selected.
22:53:47 INFO  : 'stop' command is executed.
22:53:48 INFO  : 'ps7_init' command is executed.
22:53:48 INFO  : 'ps7_post_config' command is executed.
22:53:48 INFO  : Context for processor 'ps7_cortexa9_0' is selected.
22:53:48 INFO  : Processor reset is completed for 'ps7_cortexa9_0'.
22:53:48 INFO  : Context for processor 'ps7_cortexa9_0' is selected.
22:53:48 INFO  : The application 'D:/Documents/Vivado_data/hw2/hw2.sdk/hw2_sw/Debug/hw2_sw.elf' is downloaded to processor 'ps7_cortexa9_0'.
22:53:48 INFO  : 'configparams force-mem-access 0' command is executed.
22:53:48 INFO  : ----------------XSDB Script----------------
connect -url tcp:127.0.0.1:3121
source D:/Documents/Vivado_data/hw2/hw2.sdk/hw2_wrapper_hw_platform_0/ps7_init.tcl
targets -set -nocase -filter {name =~"APU*" && jtag_cable_name =~ "Xilinx TUL 1234-tulA"} -index 0
loadhw -hw D:/Documents/Vivado_data/hw2/hw2.sdk/hw2_wrapper_hw_platform_0/system.hdf -mem-ranges [list {0x40000000 0xbfffffff}]
configparams force-mem-access 1
targets -set -nocase -filter {name =~"APU*" && jtag_cable_name =~ "Xilinx TUL 1234-tulA"} -index 0
stop
ps7_init
ps7_post_config
targets -set -nocase -filter {name =~ "ARM*#0" && jtag_cable_name =~ "Xilinx TUL 1234-tulA"} -index 0
rst -processor
targets -set -nocase -filter {name =~ "ARM*#0" && jtag_cable_name =~ "Xilinx TUL 1234-tulA"} -index 0
dow D:/Documents/Vivado_data/hw2/hw2.sdk/hw2_sw/Debug/hw2_sw.elf
configparams force-mem-access 0
----------------End of Script----------------

22:53:48 INFO  : Memory regions updated for context APU
22:53:48 INFO  : Context for processor 'ps7_cortexa9_0' is selected.
22:53:48 INFO  : 'con' command is executed.
22:53:48 INFO  : ----------------XSDB Script (After Launch)----------------
targets -set -nocase -filter {name =~ "ARM*#0" && jtag_cable_name =~ "Xilinx TUL 1234-tulA"} -index 0
con
----------------End of Script----------------

22:53:48 INFO  : Launch script is exported to file 'D:\Documents\Vivado_data\hw2\hw2.sdk\.sdk\launch_scripts\xilinx_c-c++_application_(system_debugger)\system_debugger_using_debug_hw2_sw.elf_on_local.tcl'
22:59:45 INFO  : Disconnected from the channel tcfchan#1.
22:59:46 INFO  : 'targets -set -filter {jtag_cable_name =~ "Xilinx TUL 1234-tulA" && level==0} -index 1' command is executed.
22:59:46 INFO  : 'fpga -state' command is executed.
22:59:46 INFO  : Connected to target on host '127.0.0.1' and port '3121'.
22:59:46 INFO  : Jtag cable 'Xilinx TUL 1234-tulA' is selected.
22:59:46 INFO  : 'jtag frequency' command is executed.
22:59:46 INFO  : Sourcing of 'D:/Documents/Vivado_data/hw2/hw2.sdk/hw2_wrapper_hw_platform_0/ps7_init.tcl' is done.
22:59:46 INFO  : Context for 'APU' is selected.
22:59:47 INFO  : Hardware design information is loaded from 'D:/Documents/Vivado_data/hw2/hw2.sdk/hw2_wrapper_hw_platform_0/system.hdf'.
22:59:47 INFO  : 'configparams force-mem-access 1' command is executed.
22:59:47 INFO  : Context for 'APU' is selected.
22:59:47 INFO  : 'stop' command is executed.
22:59:48 INFO  : 'ps7_init' command is executed.
22:59:48 INFO  : 'ps7_post_config' command is executed.
22:59:48 INFO  : Context for processor 'ps7_cortexa9_0' is selected.
22:59:48 INFO  : Processor reset is completed for 'ps7_cortexa9_0'.
22:59:48 INFO  : Context for processor 'ps7_cortexa9_0' is selected.
22:59:48 INFO  : The application 'D:/Documents/Vivado_data/hw2/hw2.sdk/hw2_sw/Debug/hw2_sw.elf' is downloaded to processor 'ps7_cortexa9_0'.
22:59:48 INFO  : 'configparams force-mem-access 0' command is executed.
22:59:48 INFO  : ----------------XSDB Script----------------
connect -url tcp:127.0.0.1:3121
source D:/Documents/Vivado_data/hw2/hw2.sdk/hw2_wrapper_hw_platform_0/ps7_init.tcl
targets -set -nocase -filter {name =~"APU*" && jtag_cable_name =~ "Xilinx TUL 1234-tulA"} -index 0
loadhw -hw D:/Documents/Vivado_data/hw2/hw2.sdk/hw2_wrapper_hw_platform_0/system.hdf -mem-ranges [list {0x40000000 0xbfffffff}]
configparams force-mem-access 1
targets -set -nocase -filter {name =~"APU*" && jtag_cable_name =~ "Xilinx TUL 1234-tulA"} -index 0
stop
ps7_init
ps7_post_config
targets -set -nocase -filter {name =~ "ARM*#0" && jtag_cable_name =~ "Xilinx TUL 1234-tulA"} -index 0
rst -processor
targets -set -nocase -filter {name =~ "ARM*#0" && jtag_cable_name =~ "Xilinx TUL 1234-tulA"} -index 0
dow D:/Documents/Vivado_data/hw2/hw2.sdk/hw2_sw/Debug/hw2_sw.elf
configparams force-mem-access 0
----------------End of Script----------------

22:59:48 INFO  : Memory regions updated for context APU
22:59:48 INFO  : Context for processor 'ps7_cortexa9_0' is selected.
22:59:48 INFO  : 'con' command is executed.
22:59:48 INFO  : ----------------XSDB Script (After Launch)----------------
targets -set -nocase -filter {name =~ "ARM*#0" && jtag_cable_name =~ "Xilinx TUL 1234-tulA"} -index 0
con
----------------End of Script----------------

22:59:48 INFO  : Launch script is exported to file 'D:\Documents\Vivado_data\hw2\hw2.sdk\.sdk\launch_scripts\xilinx_c-c++_application_(system_debugger)\system_debugger_using_debug_hw2_sw.elf_on_local.tcl'
23:00:01 INFO  : Disconnected from the channel tcfchan#2.
23:02:26 INFO  : Registering command handlers for SDK TCF services
23:02:27 INFO  : Launching XSCT server: xsct.bat -interactive D:\Documents\Vivado_data\hw2\hw2.sdk\temp_xsdb_launch_script.tcl
23:02:29 INFO  : XSCT server has started successfully.
23:02:29 INFO  : Successfully done setting XSCT server connection channel  
23:02:32 INFO  : Successfully done setting SDK workspace  
23:02:32 INFO  : Processing command line option -hwspec D:/Documents/Vivado_data/hw2/hw2.sdk/hw2_wrapper.hdf.
23:02:32 INFO  : Checking for hwspec changes in the project hw2_wrapper_hw_platform_0.
23:02:54 INFO  : 'targets -set -filter {jtag_cable_name =~ "Xilinx TUL 1234-tulA" && level==0} -index 1' command is executed.
23:02:54 INFO  : 'fpga -state' command is executed.
23:02:54 INFO  : Connected to target on host '127.0.0.1' and port '3121'.
23:02:54 INFO  : Jtag cable 'Xilinx TUL 1234-tulA' is selected.
23:02:54 INFO  : 'jtag frequency' command is executed.
23:02:54 INFO  : Sourcing of 'D:/Documents/Vivado_data/hw2/hw2.sdk/hw2_wrapper_hw_platform_0/ps7_init.tcl' is done.
23:02:54 INFO  : Context for 'APU' is selected.
23:02:54 INFO  : Hardware design information is loaded from 'D:/Documents/Vivado_data/hw2/hw2.sdk/hw2_wrapper_hw_platform_0/system.hdf'.
23:02:54 INFO  : 'configparams force-mem-access 1' command is executed.
23:02:54 INFO  : Context for 'APU' is selected.
23:02:54 INFO  : 'stop' command is executed.
23:02:54 INFO  : 'ps7_init' command is executed.
23:02:54 INFO  : 'ps7_post_config' command is executed.
23:02:54 INFO  : Context for processor 'ps7_cortexa9_0' is selected.
23:02:54 INFO  : Processor reset is completed for 'ps7_cortexa9_0'.
23:02:54 INFO  : Context for processor 'ps7_cortexa9_0' is selected.
23:02:54 INFO  : The application 'D:/Documents/Vivado_data/hw2/hw2.sdk/hw2_sw/Debug/hw2_sw.elf' is downloaded to processor 'ps7_cortexa9_0'.
23:02:54 INFO  : 'configparams force-mem-access 0' command is executed.
23:02:54 INFO  : ----------------XSDB Script----------------
connect -url tcp:127.0.0.1:3121
source D:/Documents/Vivado_data/hw2/hw2.sdk/hw2_wrapper_hw_platform_0/ps7_init.tcl
targets -set -nocase -filter {name =~"APU*" && jtag_cable_name =~ "Xilinx TUL 1234-tulA"} -index 0
loadhw -hw D:/Documents/Vivado_data/hw2/hw2.sdk/hw2_wrapper_hw_platform_0/system.hdf -mem-ranges [list {0x40000000 0xbfffffff}]
configparams force-mem-access 1
targets -set -nocase -filter {name =~"APU*" && jtag_cable_name =~ "Xilinx TUL 1234-tulA"} -index 0
stop
ps7_init
ps7_post_config
targets -set -nocase -filter {name =~ "ARM*#0" && jtag_cable_name =~ "Xilinx TUL 1234-tulA"} -index 0
rst -processor
targets -set -nocase -filter {name =~ "ARM*#0" && jtag_cable_name =~ "Xilinx TUL 1234-tulA"} -index 0
dow D:/Documents/Vivado_data/hw2/hw2.sdk/hw2_sw/Debug/hw2_sw.elf
configparams force-mem-access 0
----------------End of Script----------------

23:02:54 INFO  : Memory regions updated for context APU
23:02:54 INFO  : Context for processor 'ps7_cortexa9_0' is selected.
23:02:54 INFO  : 'con' command is executed.
23:02:54 INFO  : ----------------XSDB Script (After Launch)----------------
targets -set -nocase -filter {name =~ "ARM*#0" && jtag_cable_name =~ "Xilinx TUL 1234-tulA"} -index 0
con
----------------End of Script----------------

23:02:54 INFO  : Launch script is exported to file 'D:\Documents\Vivado_data\hw2\hw2.sdk\.sdk\launch_scripts\xilinx_c-c++_application_(system_debugger)\system_debugger_using_debug_hw2_sw.elf_on_local.tcl'
23:03:16 INFO  : Disconnected from the channel tcfchan#1.
23:03:17 INFO  : 'targets -set -filter {jtag_cable_name =~ "Xilinx TUL 1234-tulA" && level==0} -index 1' command is executed.
23:03:17 INFO  : 'fpga -state' command is executed.
23:03:17 INFO  : Connected to target on host '127.0.0.1' and port '3121'.
23:03:18 INFO  : Jtag cable 'Xilinx TUL 1234-tulA' is selected.
23:03:18 INFO  : 'jtag frequency' command is executed.
23:03:18 INFO  : Sourcing of 'D:/Documents/Vivado_data/hw2/hw2.sdk/hw2_wrapper_hw_platform_0/ps7_init.tcl' is done.
23:03:18 INFO  : Context for 'APU' is selected.
23:03:18 INFO  : Hardware design information is loaded from 'D:/Documents/Vivado_data/hw2/hw2.sdk/hw2_wrapper_hw_platform_0/system.hdf'.
23:03:18 INFO  : 'configparams force-mem-access 1' command is executed.
23:03:18 INFO  : Context for 'APU' is selected.
23:03:19 INFO  : 'stop' command is executed.
23:03:19 INFO  : 'ps7_init' command is executed.
23:03:19 INFO  : 'ps7_post_config' command is executed.
23:03:19 INFO  : Context for processor 'ps7_cortexa9_0' is selected.
23:03:19 INFO  : Processor reset is completed for 'ps7_cortexa9_0'.
23:03:19 INFO  : Context for processor 'ps7_cortexa9_0' is selected.
23:03:19 INFO  : The application 'D:/Documents/Vivado_data/hw2/hw2.sdk/hw2_sw/Debug/hw2_sw.elf' is downloaded to processor 'ps7_cortexa9_0'.
23:03:19 INFO  : 'configparams force-mem-access 0' command is executed.
23:03:19 INFO  : ----------------XSDB Script----------------
connect -url tcp:127.0.0.1:3121
source D:/Documents/Vivado_data/hw2/hw2.sdk/hw2_wrapper_hw_platform_0/ps7_init.tcl
targets -set -nocase -filter {name =~"APU*" && jtag_cable_name =~ "Xilinx TUL 1234-tulA"} -index 0
loadhw -hw D:/Documents/Vivado_data/hw2/hw2.sdk/hw2_wrapper_hw_platform_0/system.hdf -mem-ranges [list {0x40000000 0xbfffffff}]
configparams force-mem-access 1
targets -set -nocase -filter {name =~"APU*" && jtag_cable_name =~ "Xilinx TUL 1234-tulA"} -index 0
stop
ps7_init
ps7_post_config
targets -set -nocase -filter {name =~ "ARM*#0" && jtag_cable_name =~ "Xilinx TUL 1234-tulA"} -index 0
rst -processor
targets -set -nocase -filter {name =~ "ARM*#0" && jtag_cable_name =~ "Xilinx TUL 1234-tulA"} -index 0
dow D:/Documents/Vivado_data/hw2/hw2.sdk/hw2_sw/Debug/hw2_sw.elf
configparams force-mem-access 0
----------------End of Script----------------

23:03:19 INFO  : Memory regions updated for context APU
23:03:19 INFO  : Context for processor 'ps7_cortexa9_0' is selected.
23:03:19 INFO  : 'con' command is executed.
23:03:19 INFO  : ----------------XSDB Script (After Launch)----------------
targets -set -nocase -filter {name =~ "ARM*#0" && jtag_cable_name =~ "Xilinx TUL 1234-tulA"} -index 0
con
----------------End of Script----------------

23:03:19 INFO  : Launch script is exported to file 'D:\Documents\Vivado_data\hw2\hw2.sdk\.sdk\launch_scripts\xilinx_c-c++_application_(system_debugger)\system_debugger_using_debug_hw2_sw.elf_on_local.tcl'
23:04:07 INFO  : Disconnected from the channel tcfchan#2.
23:04:08 INFO  : 'targets -set -filter {jtag_cable_name =~ "Xilinx TUL 1234-tulA" && level==0} -index 1' command is executed.
23:04:08 INFO  : 'fpga -state' command is executed.
23:04:08 INFO  : Connected to target on host '127.0.0.1' and port '3121'.
23:04:08 INFO  : Jtag cable 'Xilinx TUL 1234-tulA' is selected.
23:04:08 INFO  : 'jtag frequency' command is executed.
23:04:08 INFO  : Sourcing of 'D:/Documents/Vivado_data/hw2/hw2.sdk/hw2_wrapper_hw_platform_0/ps7_init.tcl' is done.
23:04:08 INFO  : Context for 'APU' is selected.
23:04:09 INFO  : Hardware design information is loaded from 'D:/Documents/Vivado_data/hw2/hw2.sdk/hw2_wrapper_hw_platform_0/system.hdf'.
23:04:09 INFO  : 'configparams force-mem-access 1' command is executed.
23:04:09 INFO  : Context for 'APU' is selected.
23:04:09 INFO  : 'stop' command is executed.
23:04:10 INFO  : 'ps7_init' command is executed.
23:04:10 INFO  : 'ps7_post_config' command is executed.
23:04:10 INFO  : Context for processor 'ps7_cortexa9_0' is selected.
23:04:10 INFO  : Processor reset is completed for 'ps7_cortexa9_0'.
23:04:10 INFO  : Context for processor 'ps7_cortexa9_0' is selected.
23:04:10 INFO  : The application 'D:/Documents/Vivado_data/hw2/hw2.sdk/hw2_sw/Debug/hw2_sw.elf' is downloaded to processor 'ps7_cortexa9_0'.
23:04:10 INFO  : 'configparams force-mem-access 0' command is executed.
23:04:10 INFO  : ----------------XSDB Script----------------
connect -url tcp:127.0.0.1:3121
source D:/Documents/Vivado_data/hw2/hw2.sdk/hw2_wrapper_hw_platform_0/ps7_init.tcl
targets -set -nocase -filter {name =~"APU*" && jtag_cable_name =~ "Xilinx TUL 1234-tulA"} -index 0
loadhw -hw D:/Documents/Vivado_data/hw2/hw2.sdk/hw2_wrapper_hw_platform_0/system.hdf -mem-ranges [list {0x40000000 0xbfffffff}]
configparams force-mem-access 1
targets -set -nocase -filter {name =~"APU*" && jtag_cable_name =~ "Xilinx TUL 1234-tulA"} -index 0
stop
ps7_init
ps7_post_config
targets -set -nocase -filter {name =~ "ARM*#0" && jtag_cable_name =~ "Xilinx TUL 1234-tulA"} -index 0
rst -processor
targets -set -nocase -filter {name =~ "ARM*#0" && jtag_cable_name =~ "Xilinx TUL 1234-tulA"} -index 0
dow D:/Documents/Vivado_data/hw2/hw2.sdk/hw2_sw/Debug/hw2_sw.elf
configparams force-mem-access 0
----------------End of Script----------------

23:04:10 INFO  : Memory regions updated for context APU
23:04:10 INFO  : Context for processor 'ps7_cortexa9_0' is selected.
23:04:10 INFO  : 'con' command is executed.
23:04:10 INFO  : ----------------XSDB Script (After Launch)----------------
targets -set -nocase -filter {name =~ "ARM*#0" && jtag_cable_name =~ "Xilinx TUL 1234-tulA"} -index 0
con
----------------End of Script----------------

23:04:10 INFO  : Launch script is exported to file 'D:\Documents\Vivado_data\hw2\hw2.sdk\.sdk\launch_scripts\xilinx_c-c++_application_(system_debugger)\system_debugger_using_debug_hw2_sw.elf_on_local.tcl'
23:06:23 INFO  : Disconnected from the channel tcfchan#3.
23:14:42 INFO  : Registering command handlers for SDK TCF services
23:14:42 INFO  : Launching XSCT server: xsct.bat -interactive D:\Documents\Vivado_data\hw2\hw2.sdk\temp_xsdb_launch_script.tcl
23:14:45 INFO  : XSCT server has started successfully.
23:14:47 INFO  : Successfully done setting XSCT server connection channel  
23:14:47 INFO  : Successfully done setting SDK workspace  
23:14:47 INFO  : Processing command line option -hwspec D:/Documents/Vivado_data/hw2/hw2.sdk/hw2_wrapper.hdf.
23:14:47 INFO  : Checking for hwspec changes in the project hw2_wrapper_hw_platform_0.
23:14:54 INFO  : 'targets -set -filter {jtag_cable_name =~ "Xilinx TUL 1234-tulA" && level==0} -index 1' command is executed.
23:14:54 INFO  : 'fpga -state' command is executed.
23:14:54 INFO  : Connected to target on host '127.0.0.1' and port '3121'.
23:14:54 INFO  : Jtag cable 'Xilinx TUL 1234-tulA' is selected.
23:14:54 INFO  : 'jtag frequency' command is executed.
23:14:54 INFO  : Sourcing of 'D:/Documents/Vivado_data/hw2/hw2.sdk/hw2_wrapper_hw_platform_0/ps7_init.tcl' is done.
23:14:54 INFO  : Context for 'APU' is selected.
23:14:54 INFO  : Hardware design information is loaded from 'D:/Documents/Vivado_data/hw2/hw2.sdk/hw2_wrapper_hw_platform_0/system.hdf'.
23:14:54 INFO  : 'configparams force-mem-access 1' command is executed.
23:14:54 INFO  : Context for 'APU' is selected.
23:14:55 INFO  : 'stop' command is executed.
23:14:55 INFO  : 'ps7_init' command is executed.
23:14:55 INFO  : 'ps7_post_config' command is executed.
23:14:55 INFO  : Context for processor 'ps7_cortexa9_0' is selected.
23:14:55 INFO  : Processor reset is completed for 'ps7_cortexa9_0'.
23:14:55 INFO  : Context for processor 'ps7_cortexa9_0' is selected.
23:14:55 INFO  : The application 'D:/Documents/Vivado_data/hw2/hw2.sdk/hw2_sw/Debug/hw2_sw.elf' is downloaded to processor 'ps7_cortexa9_0'.
23:14:55 INFO  : 'configparams force-mem-access 0' command is executed.
23:14:55 INFO  : ----------------XSDB Script----------------
connect -url tcp:127.0.0.1:3121
source D:/Documents/Vivado_data/hw2/hw2.sdk/hw2_wrapper_hw_platform_0/ps7_init.tcl
targets -set -nocase -filter {name =~"APU*" && jtag_cable_name =~ "Xilinx TUL 1234-tulA"} -index 0
loadhw -hw D:/Documents/Vivado_data/hw2/hw2.sdk/hw2_wrapper_hw_platform_0/system.hdf -mem-ranges [list {0x40000000 0xbfffffff}]
configparams force-mem-access 1
targets -set -nocase -filter {name =~"APU*" && jtag_cable_name =~ "Xilinx TUL 1234-tulA"} -index 0
stop
ps7_init
ps7_post_config
targets -set -nocase -filter {name =~ "ARM*#0" && jtag_cable_name =~ "Xilinx TUL 1234-tulA"} -index 0
rst -processor
targets -set -nocase -filter {name =~ "ARM*#0" && jtag_cable_name =~ "Xilinx TUL 1234-tulA"} -index 0
dow D:/Documents/Vivado_data/hw2/hw2.sdk/hw2_sw/Debug/hw2_sw.elf
configparams force-mem-access 0
----------------End of Script----------------

23:14:55 INFO  : Memory regions updated for context APU
23:14:55 INFO  : Context for processor 'ps7_cortexa9_0' is selected.
23:14:55 INFO  : 'con' command is executed.
23:14:55 INFO  : ----------------XSDB Script (After Launch)----------------
targets -set -nocase -filter {name =~ "ARM*#0" && jtag_cable_name =~ "Xilinx TUL 1234-tulA"} -index 0
con
----------------End of Script----------------

23:14:55 INFO  : Launch script is exported to file 'D:\Documents\Vivado_data\hw2\hw2.sdk\.sdk\launch_scripts\xilinx_c-c++_application_(system_debugger)\system_debugger_using_debug_hw2_sw.elf_on_local.tcl'
23:15:14 INFO  : Disconnected from the channel tcfchan#1.
23:15:15 INFO  : 'targets -set -filter {jtag_cable_name =~ "Xilinx TUL 1234-tulA" && level==0} -index 1' command is executed.
23:15:15 INFO  : 'fpga -state' command is executed.
23:15:15 INFO  : Connected to target on host '127.0.0.1' and port '3121'.
23:15:15 INFO  : Jtag cable 'Xilinx TUL 1234-tulA' is selected.
23:15:15 INFO  : 'jtag frequency' command is executed.
23:15:15 INFO  : Sourcing of 'D:/Documents/Vivado_data/hw2/hw2.sdk/hw2_wrapper_hw_platform_0/ps7_init.tcl' is done.
23:15:15 INFO  : Context for 'APU' is selected.
23:15:16 INFO  : Hardware design information is loaded from 'D:/Documents/Vivado_data/hw2/hw2.sdk/hw2_wrapper_hw_platform_0/system.hdf'.
23:15:16 INFO  : 'configparams force-mem-access 1' command is executed.
23:15:16 INFO  : Context for 'APU' is selected.
23:15:16 INFO  : 'stop' command is executed.
23:15:17 INFO  : 'ps7_init' command is executed.
23:15:17 INFO  : 'ps7_post_config' command is executed.
23:15:17 INFO  : Context for processor 'ps7_cortexa9_0' is selected.
23:15:17 INFO  : Processor reset is completed for 'ps7_cortexa9_0'.
23:15:17 INFO  : Context for processor 'ps7_cortexa9_0' is selected.
23:15:17 INFO  : The application 'D:/Documents/Vivado_data/hw2/hw2.sdk/hw2_sw/Debug/hw2_sw.elf' is downloaded to processor 'ps7_cortexa9_0'.
23:15:17 INFO  : 'configparams force-mem-access 0' command is executed.
23:15:17 INFO  : ----------------XSDB Script----------------
connect -url tcp:127.0.0.1:3121
source D:/Documents/Vivado_data/hw2/hw2.sdk/hw2_wrapper_hw_platform_0/ps7_init.tcl
targets -set -nocase -filter {name =~"APU*" && jtag_cable_name =~ "Xilinx TUL 1234-tulA"} -index 0
loadhw -hw D:/Documents/Vivado_data/hw2/hw2.sdk/hw2_wrapper_hw_platform_0/system.hdf -mem-ranges [list {0x40000000 0xbfffffff}]
configparams force-mem-access 1
targets -set -nocase -filter {name =~"APU*" && jtag_cable_name =~ "Xilinx TUL 1234-tulA"} -index 0
stop
ps7_init
ps7_post_config
targets -set -nocase -filter {name =~ "ARM*#0" && jtag_cable_name =~ "Xilinx TUL 1234-tulA"} -index 0
rst -processor
targets -set -nocase -filter {name =~ "ARM*#0" && jtag_cable_name =~ "Xilinx TUL 1234-tulA"} -index 0
dow D:/Documents/Vivado_data/hw2/hw2.sdk/hw2_sw/Debug/hw2_sw.elf
configparams force-mem-access 0
----------------End of Script----------------

23:15:17 INFO  : Memory regions updated for context APU
23:15:17 INFO  : Context for processor 'ps7_cortexa9_0' is selected.
23:15:17 INFO  : 'con' command is executed.
23:15:17 INFO  : ----------------XSDB Script (After Launch)----------------
targets -set -nocase -filter {name =~ "ARM*#0" && jtag_cable_name =~ "Xilinx TUL 1234-tulA"} -index 0
con
----------------End of Script----------------

23:15:17 INFO  : Launch script is exported to file 'D:\Documents\Vivado_data\hw2\hw2.sdk\.sdk\launch_scripts\xilinx_c-c++_application_(system_debugger)\system_debugger_using_debug_hw2_sw.elf_on_local.tcl'
23:15:31 INFO  : Disconnected from the channel tcfchan#2.
23:15:32 INFO  : 'targets -set -filter {jtag_cable_name =~ "Xilinx TUL 1234-tulA" && level==0} -index 1' command is executed.
23:15:32 INFO  : 'fpga -state' command is executed.
23:15:32 INFO  : Connected to target on host '127.0.0.1' and port '3121'.
23:15:32 INFO  : Jtag cable 'Xilinx TUL 1234-tulA' is selected.
23:15:32 INFO  : 'jtag frequency' command is executed.
23:15:32 INFO  : Sourcing of 'D:/Documents/Vivado_data/hw2/hw2.sdk/hw2_wrapper_hw_platform_0/ps7_init.tcl' is done.
23:15:32 INFO  : Context for 'APU' is selected.
23:15:33 INFO  : Hardware design information is loaded from 'D:/Documents/Vivado_data/hw2/hw2.sdk/hw2_wrapper_hw_platform_0/system.hdf'.
23:15:33 INFO  : 'configparams force-mem-access 1' command is executed.
23:15:33 INFO  : Context for 'APU' is selected.
23:15:33 INFO  : 'stop' command is executed.
23:15:33 INFO  : 'ps7_init' command is executed.
23:15:33 INFO  : 'ps7_post_config' command is executed.
23:15:33 INFO  : Context for processor 'ps7_cortexa9_0' is selected.
23:15:33 INFO  : Processor reset is completed for 'ps7_cortexa9_0'.
23:15:34 INFO  : Context for processor 'ps7_cortexa9_0' is selected.
23:15:34 INFO  : The application 'D:/Documents/Vivado_data/hw2/hw2.sdk/hw2_sw/Debug/hw2_sw.elf' is downloaded to processor 'ps7_cortexa9_0'.
23:15:34 INFO  : 'configparams force-mem-access 0' command is executed.
23:15:34 INFO  : ----------------XSDB Script----------------
connect -url tcp:127.0.0.1:3121
source D:/Documents/Vivado_data/hw2/hw2.sdk/hw2_wrapper_hw_platform_0/ps7_init.tcl
targets -set -nocase -filter {name =~"APU*" && jtag_cable_name =~ "Xilinx TUL 1234-tulA"} -index 0
loadhw -hw D:/Documents/Vivado_data/hw2/hw2.sdk/hw2_wrapper_hw_platform_0/system.hdf -mem-ranges [list {0x40000000 0xbfffffff}]
configparams force-mem-access 1
targets -set -nocase -filter {name =~"APU*" && jtag_cable_name =~ "Xilinx TUL 1234-tulA"} -index 0
stop
ps7_init
ps7_post_config
targets -set -nocase -filter {name =~ "ARM*#0" && jtag_cable_name =~ "Xilinx TUL 1234-tulA"} -index 0
rst -processor
targets -set -nocase -filter {name =~ "ARM*#0" && jtag_cable_name =~ "Xilinx TUL 1234-tulA"} -index 0
dow D:/Documents/Vivado_data/hw2/hw2.sdk/hw2_sw/Debug/hw2_sw.elf
configparams force-mem-access 0
----------------End of Script----------------

23:15:34 INFO  : Memory regions updated for context APU
23:15:34 INFO  : Context for processor 'ps7_cortexa9_0' is selected.
23:15:34 INFO  : 'con' command is executed.
23:15:34 INFO  : ----------------XSDB Script (After Launch)----------------
targets -set -nocase -filter {name =~ "ARM*#0" && jtag_cable_name =~ "Xilinx TUL 1234-tulA"} -index 0
con
----------------End of Script----------------

23:15:34 INFO  : Launch script is exported to file 'D:\Documents\Vivado_data\hw2\hw2.sdk\.sdk\launch_scripts\xilinx_c-c++_application_(system_debugger)\system_debugger_using_debug_hw2_sw.elf_on_local.tcl'
23:24:40 INFO  : Disconnected from the channel tcfchan#3.
23:32:53 INFO  : Registering command handlers for SDK TCF services
23:32:53 INFO  : Launching XSCT server: xsct.bat -interactive D:\Documents\Vivado_data\hw2\hw2.sdk\temp_xsdb_launch_script.tcl
23:32:54 INFO  : XSCT server has started successfully.
23:32:54 INFO  : Successfully done setting XSCT server connection channel  
23:32:54 INFO  : Successfully done setting SDK workspace  
23:32:54 INFO  : Processing command line option -hwspec D:/Documents/Vivado_data/hw2/hw2.sdk/hw2_wrapper.hdf.
23:32:54 INFO  : Checking for hwspec changes in the project hw2_wrapper_hw_platform_0.
23:33:07 INFO  : 'targets -set -filter {jtag_cable_name =~ "Xilinx TUL 1234-tulA" && level==0} -index 1' command is executed.
23:33:07 INFO  : 'fpga -state' command is executed.
23:33:07 INFO  : Connected to target on host '127.0.0.1' and port '3121'.
23:33:07 INFO  : Jtag cable 'Xilinx TUL 1234-tulA' is selected.
23:33:07 INFO  : 'jtag frequency' command is executed.
23:33:07 INFO  : Sourcing of 'D:/Documents/Vivado_data/hw2/hw2.sdk/hw2_wrapper_hw_platform_0/ps7_init.tcl' is done.
23:33:07 INFO  : Context for 'APU' is selected.
23:33:07 INFO  : Hardware design information is loaded from 'D:/Documents/Vivado_data/hw2/hw2.sdk/hw2_wrapper_hw_platform_0/system.hdf'.
23:33:07 INFO  : 'configparams force-mem-access 1' command is executed.
23:33:07 INFO  : Context for 'APU' is selected.
23:33:07 INFO  : 'stop' command is executed.
23:33:08 INFO  : 'ps7_init' command is executed.
23:33:08 INFO  : 'ps7_post_config' command is executed.
23:33:08 INFO  : Context for processor 'ps7_cortexa9_0' is selected.
23:33:08 INFO  : Processor reset is completed for 'ps7_cortexa9_0'.
23:33:08 INFO  : Context for processor 'ps7_cortexa9_0' is selected.
23:33:08 INFO  : The application 'D:/Documents/Vivado_data/hw2/hw2.sdk/hw2_sw/Debug/hw2_sw.elf' is downloaded to processor 'ps7_cortexa9_0'.
23:33:08 INFO  : 'configparams force-mem-access 0' command is executed.
23:33:08 INFO  : ----------------XSDB Script----------------
connect -url tcp:127.0.0.1:3121
source D:/Documents/Vivado_data/hw2/hw2.sdk/hw2_wrapper_hw_platform_0/ps7_init.tcl
targets -set -nocase -filter {name =~"APU*" && jtag_cable_name =~ "Xilinx TUL 1234-tulA"} -index 0
loadhw -hw D:/Documents/Vivado_data/hw2/hw2.sdk/hw2_wrapper_hw_platform_0/system.hdf -mem-ranges [list {0x40000000 0xbfffffff}]
configparams force-mem-access 1
targets -set -nocase -filter {name =~"APU*" && jtag_cable_name =~ "Xilinx TUL 1234-tulA"} -index 0
stop
ps7_init
ps7_post_config
targets -set -nocase -filter {name =~ "ARM*#0" && jtag_cable_name =~ "Xilinx TUL 1234-tulA"} -index 0
rst -processor
targets -set -nocase -filter {name =~ "ARM*#0" && jtag_cable_name =~ "Xilinx TUL 1234-tulA"} -index 0
dow D:/Documents/Vivado_data/hw2/hw2.sdk/hw2_sw/Debug/hw2_sw.elf
configparams force-mem-access 0
----------------End of Script----------------

23:33:08 INFO  : Memory regions updated for context APU
23:33:08 INFO  : Context for processor 'ps7_cortexa9_0' is selected.
23:33:08 INFO  : 'con' command is executed.
23:33:08 INFO  : ----------------XSDB Script (After Launch)----------------
targets -set -nocase -filter {name =~ "ARM*#0" && jtag_cable_name =~ "Xilinx TUL 1234-tulA"} -index 0
con
----------------End of Script----------------

23:33:08 INFO  : Launch script is exported to file 'D:\Documents\Vivado_data\hw2\hw2.sdk\.sdk\launch_scripts\xilinx_c-c++_application_(system_debugger)\system_debugger_using_debug_hw2_sw.elf_on_local.tcl'
23:38:42 INFO  : Disconnected from the channel tcfchan#1.
23:38:43 INFO  : 'targets -set -filter {jtag_cable_name =~ "Xilinx TUL 1234-tulA" && level==0} -index 1' command is executed.
23:38:43 INFO  : 'fpga -state' command is executed.
23:38:43 INFO  : Connected to target on host '127.0.0.1' and port '3121'.
23:38:43 INFO  : Jtag cable 'Xilinx TUL 1234-tulA' is selected.
23:38:43 INFO  : 'jtag frequency' command is executed.
23:38:43 INFO  : Sourcing of 'D:/Documents/Vivado_data/hw2/hw2.sdk/hw2_wrapper_hw_platform_0/ps7_init.tcl' is done.
23:38:43 INFO  : Context for 'APU' is selected.
23:38:44 INFO  : Hardware design information is loaded from 'D:/Documents/Vivado_data/hw2/hw2.sdk/hw2_wrapper_hw_platform_0/system.hdf'.
23:38:44 INFO  : 'configparams force-mem-access 1' command is executed.
23:38:44 INFO  : Context for 'APU' is selected.
23:38:44 INFO  : 'stop' command is executed.
23:38:44 INFO  : 'ps7_init' command is executed.
23:38:44 INFO  : 'ps7_post_config' command is executed.
23:38:45 INFO  : Context for processor 'ps7_cortexa9_0' is selected.
23:38:45 INFO  : Processor reset is completed for 'ps7_cortexa9_0'.
23:38:45 INFO  : Context for processor 'ps7_cortexa9_0' is selected.
23:38:45 INFO  : The application 'D:/Documents/Vivado_data/hw2/hw2.sdk/hw2_sw/Debug/hw2_sw.elf' is downloaded to processor 'ps7_cortexa9_0'.
23:38:45 INFO  : 'configparams force-mem-access 0' command is executed.
23:38:45 INFO  : ----------------XSDB Script----------------
connect -url tcp:127.0.0.1:3121
source D:/Documents/Vivado_data/hw2/hw2.sdk/hw2_wrapper_hw_platform_0/ps7_init.tcl
targets -set -nocase -filter {name =~"APU*" && jtag_cable_name =~ "Xilinx TUL 1234-tulA"} -index 0
loadhw -hw D:/Documents/Vivado_data/hw2/hw2.sdk/hw2_wrapper_hw_platform_0/system.hdf -mem-ranges [list {0x40000000 0xbfffffff}]
configparams force-mem-access 1
targets -set -nocase -filter {name =~"APU*" && jtag_cable_name =~ "Xilinx TUL 1234-tulA"} -index 0
stop
ps7_init
ps7_post_config
targets -set -nocase -filter {name =~ "ARM*#0" && jtag_cable_name =~ "Xilinx TUL 1234-tulA"} -index 0
rst -processor
targets -set -nocase -filter {name =~ "ARM*#0" && jtag_cable_name =~ "Xilinx TUL 1234-tulA"} -index 0
dow D:/Documents/Vivado_data/hw2/hw2.sdk/hw2_sw/Debug/hw2_sw.elf
configparams force-mem-access 0
----------------End of Script----------------

23:38:45 INFO  : Memory regions updated for context APU
23:38:45 INFO  : Context for processor 'ps7_cortexa9_0' is selected.
23:38:45 INFO  : 'con' command is executed.
23:38:45 INFO  : ----------------XSDB Script (After Launch)----------------
targets -set -nocase -filter {name =~ "ARM*#0" && jtag_cable_name =~ "Xilinx TUL 1234-tulA"} -index 0
con
----------------End of Script----------------

23:38:45 INFO  : Launch script is exported to file 'D:\Documents\Vivado_data\hw2\hw2.sdk\.sdk\launch_scripts\xilinx_c-c++_application_(system_debugger)\system_debugger_using_debug_hw2_sw.elf_on_local.tcl'
23:41:55 INFO  : Disconnected from the channel tcfchan#2.
23:41:56 INFO  : 'targets -set -filter {jtag_cable_name =~ "Xilinx TUL 1234-tulA" && level==0} -index 1' command is executed.
23:41:56 INFO  : 'fpga -state' command is executed.
23:41:56 INFO  : Connected to target on host '127.0.0.1' and port '3121'.
23:41:56 INFO  : Jtag cable 'Xilinx TUL 1234-tulA' is selected.
23:41:56 INFO  : 'jtag frequency' command is executed.
23:41:56 INFO  : Sourcing of 'D:/Documents/Vivado_data/hw2/hw2.sdk/hw2_wrapper_hw_platform_0/ps7_init.tcl' is done.
23:41:56 INFO  : Context for 'APU' is selected.
23:41:57 INFO  : Hardware design information is loaded from 'D:/Documents/Vivado_data/hw2/hw2.sdk/hw2_wrapper_hw_platform_0/system.hdf'.
23:41:57 INFO  : 'configparams force-mem-access 1' command is executed.
23:41:57 INFO  : Context for 'APU' is selected.
23:41:57 INFO  : 'stop' command is executed.
23:41:57 INFO  : 'ps7_init' command is executed.
23:41:57 INFO  : 'ps7_post_config' command is executed.
23:41:57 INFO  : Context for processor 'ps7_cortexa9_0' is selected.
23:41:57 INFO  : Processor reset is completed for 'ps7_cortexa9_0'.
23:41:57 INFO  : Context for processor 'ps7_cortexa9_0' is selected.
23:41:57 INFO  : The application 'D:/Documents/Vivado_data/hw2/hw2.sdk/hw2_sw/Debug/hw2_sw.elf' is downloaded to processor 'ps7_cortexa9_0'.
23:41:57 INFO  : 'configparams force-mem-access 0' command is executed.
23:41:57 INFO  : ----------------XSDB Script----------------
connect -url tcp:127.0.0.1:3121
source D:/Documents/Vivado_data/hw2/hw2.sdk/hw2_wrapper_hw_platform_0/ps7_init.tcl
targets -set -nocase -filter {name =~"APU*" && jtag_cable_name =~ "Xilinx TUL 1234-tulA"} -index 0
loadhw -hw D:/Documents/Vivado_data/hw2/hw2.sdk/hw2_wrapper_hw_platform_0/system.hdf -mem-ranges [list {0x40000000 0xbfffffff}]
configparams force-mem-access 1
targets -set -nocase -filter {name =~"APU*" && jtag_cable_name =~ "Xilinx TUL 1234-tulA"} -index 0
stop
ps7_init
ps7_post_config
targets -set -nocase -filter {name =~ "ARM*#0" && jtag_cable_name =~ "Xilinx TUL 1234-tulA"} -index 0
rst -processor
targets -set -nocase -filter {name =~ "ARM*#0" && jtag_cable_name =~ "Xilinx TUL 1234-tulA"} -index 0
dow D:/Documents/Vivado_data/hw2/hw2.sdk/hw2_sw/Debug/hw2_sw.elf
configparams force-mem-access 0
----------------End of Script----------------

23:41:57 INFO  : Memory regions updated for context APU
23:41:57 INFO  : Context for processor 'ps7_cortexa9_0' is selected.
23:41:57 INFO  : 'con' command is executed.
23:41:57 INFO  : ----------------XSDB Script (After Launch)----------------
targets -set -nocase -filter {name =~ "ARM*#0" && jtag_cable_name =~ "Xilinx TUL 1234-tulA"} -index 0
con
----------------End of Script----------------

23:41:57 INFO  : Launch script is exported to file 'D:\Documents\Vivado_data\hw2\hw2.sdk\.sdk\launch_scripts\xilinx_c-c++_application_(system_debugger)\system_debugger_using_debug_hw2_sw.elf_on_local.tcl'
23:42:30 INFO  : Disconnected from the channel tcfchan#3.
23:42:31 INFO  : 'targets -set -filter {jtag_cable_name =~ "Xilinx TUL 1234-tulA" && level==0} -index 1' command is executed.
23:42:31 INFO  : 'fpga -state' command is executed.
23:42:31 INFO  : Connected to target on host '127.0.0.1' and port '3121'.
23:42:31 INFO  : Jtag cable 'Xilinx TUL 1234-tulA' is selected.
23:42:31 INFO  : 'jtag frequency' command is executed.
23:42:31 INFO  : Sourcing of 'D:/Documents/Vivado_data/hw2/hw2.sdk/hw2_wrapper_hw_platform_0/ps7_init.tcl' is done.
23:42:31 INFO  : Context for 'APU' is selected.
23:42:32 INFO  : Hardware design information is loaded from 'D:/Documents/Vivado_data/hw2/hw2.sdk/hw2_wrapper_hw_platform_0/system.hdf'.
23:42:32 INFO  : 'configparams force-mem-access 1' command is executed.
23:42:32 INFO  : Context for 'APU' is selected.
23:42:32 INFO  : 'stop' command is executed.
23:42:32 INFO  : 'ps7_init' command is executed.
23:42:32 INFO  : 'ps7_post_config' command is executed.
23:42:32 INFO  : Context for processor 'ps7_cortexa9_0' is selected.
23:42:33 INFO  : Processor reset is completed for 'ps7_cortexa9_0'.
23:42:33 INFO  : Context for processor 'ps7_cortexa9_0' is selected.
23:42:33 INFO  : The application 'D:/Documents/Vivado_data/hw2/hw2.sdk/hw2_sw/Debug/hw2_sw.elf' is downloaded to processor 'ps7_cortexa9_0'.
23:42:33 INFO  : 'configparams force-mem-access 0' command is executed.
23:42:33 INFO  : ----------------XSDB Script----------------
connect -url tcp:127.0.0.1:3121
source D:/Documents/Vivado_data/hw2/hw2.sdk/hw2_wrapper_hw_platform_0/ps7_init.tcl
targets -set -nocase -filter {name =~"APU*" && jtag_cable_name =~ "Xilinx TUL 1234-tulA"} -index 0
loadhw -hw D:/Documents/Vivado_data/hw2/hw2.sdk/hw2_wrapper_hw_platform_0/system.hdf -mem-ranges [list {0x40000000 0xbfffffff}]
configparams force-mem-access 1
targets -set -nocase -filter {name =~"APU*" && jtag_cable_name =~ "Xilinx TUL 1234-tulA"} -index 0
stop
ps7_init
ps7_post_config
targets -set -nocase -filter {name =~ "ARM*#0" && jtag_cable_name =~ "Xilinx TUL 1234-tulA"} -index 0
rst -processor
targets -set -nocase -filter {name =~ "ARM*#0" && jtag_cable_name =~ "Xilinx TUL 1234-tulA"} -index 0
dow D:/Documents/Vivado_data/hw2/hw2.sdk/hw2_sw/Debug/hw2_sw.elf
configparams force-mem-access 0
----------------End of Script----------------

23:42:33 INFO  : Memory regions updated for context APU
23:42:33 INFO  : Context for processor 'ps7_cortexa9_0' is selected.
23:42:33 INFO  : 'con' command is executed.
23:42:33 INFO  : ----------------XSDB Script (After Launch)----------------
targets -set -nocase -filter {name =~ "ARM*#0" && jtag_cable_name =~ "Xilinx TUL 1234-tulA"} -index 0
con
----------------End of Script----------------

23:42:33 INFO  : Launch script is exported to file 'D:\Documents\Vivado_data\hw2\hw2.sdk\.sdk\launch_scripts\xilinx_c-c++_application_(system_debugger)\system_debugger_using_debug_hw2_sw.elf_on_local.tcl'
23:43:48 INFO  : Disconnected from the channel tcfchan#4.
23:43:49 INFO  : 'targets -set -filter {jtag_cable_name =~ "Xilinx TUL 1234-tulA" && level==0} -index 1' command is executed.
23:43:49 INFO  : 'fpga -state' command is executed.
23:43:49 INFO  : Connected to target on host '127.0.0.1' and port '3121'.
23:43:49 INFO  : Jtag cable 'Xilinx TUL 1234-tulA' is selected.
23:43:49 INFO  : 'jtag frequency' command is executed.
23:43:49 INFO  : Sourcing of 'D:/Documents/Vivado_data/hw2/hw2.sdk/hw2_wrapper_hw_platform_0/ps7_init.tcl' is done.
23:43:49 INFO  : Context for 'APU' is selected.
23:43:50 INFO  : Hardware design information is loaded from 'D:/Documents/Vivado_data/hw2/hw2.sdk/hw2_wrapper_hw_platform_0/system.hdf'.
23:43:50 INFO  : 'configparams force-mem-access 1' command is executed.
23:43:50 INFO  : Context for 'APU' is selected.
23:43:50 INFO  : 'stop' command is executed.
23:43:50 INFO  : 'ps7_init' command is executed.
23:43:50 INFO  : 'ps7_post_config' command is executed.
23:43:50 INFO  : Context for processor 'ps7_cortexa9_0' is selected.
23:43:50 INFO  : Processor reset is completed for 'ps7_cortexa9_0'.
23:43:50 INFO  : Context for processor 'ps7_cortexa9_0' is selected.
23:43:50 INFO  : The application 'D:/Documents/Vivado_data/hw2/hw2.sdk/hw2_sw/Debug/hw2_sw.elf' is downloaded to processor 'ps7_cortexa9_0'.
23:43:50 INFO  : 'configparams force-mem-access 0' command is executed.
23:43:50 INFO  : ----------------XSDB Script----------------
connect -url tcp:127.0.0.1:3121
source D:/Documents/Vivado_data/hw2/hw2.sdk/hw2_wrapper_hw_platform_0/ps7_init.tcl
targets -set -nocase -filter {name =~"APU*" && jtag_cable_name =~ "Xilinx TUL 1234-tulA"} -index 0
loadhw -hw D:/Documents/Vivado_data/hw2/hw2.sdk/hw2_wrapper_hw_platform_0/system.hdf -mem-ranges [list {0x40000000 0xbfffffff}]
configparams force-mem-access 1
targets -set -nocase -filter {name =~"APU*" && jtag_cable_name =~ "Xilinx TUL 1234-tulA"} -index 0
stop
ps7_init
ps7_post_config
targets -set -nocase -filter {name =~ "ARM*#0" && jtag_cable_name =~ "Xilinx TUL 1234-tulA"} -index 0
rst -processor
targets -set -nocase -filter {name =~ "ARM*#0" && jtag_cable_name =~ "Xilinx TUL 1234-tulA"} -index 0
dow D:/Documents/Vivado_data/hw2/hw2.sdk/hw2_sw/Debug/hw2_sw.elf
configparams force-mem-access 0
----------------End of Script----------------

23:43:50 INFO  : Memory regions updated for context APU
23:43:50 INFO  : Context for processor 'ps7_cortexa9_0' is selected.
23:43:50 INFO  : 'con' command is executed.
23:43:50 INFO  : ----------------XSDB Script (After Launch)----------------
targets -set -nocase -filter {name =~ "ARM*#0" && jtag_cable_name =~ "Xilinx TUL 1234-tulA"} -index 0
con
----------------End of Script----------------

23:43:50 INFO  : Launch script is exported to file 'D:\Documents\Vivado_data\hw2\hw2.sdk\.sdk\launch_scripts\xilinx_c-c++_application_(system_debugger)\system_debugger_using_debug_hw2_sw.elf_on_local.tcl'
23:44:24 INFO  : Disconnected from the channel tcfchan#5.
23:44:25 INFO  : 'targets -set -filter {jtag_cable_name =~ "Xilinx TUL 1234-tulA" && level==0} -index 1' command is executed.
23:44:25 INFO  : 'fpga -state' command is executed.
23:44:25 INFO  : Connected to target on host '127.0.0.1' and port '3121'.
23:44:25 INFO  : Jtag cable 'Xilinx TUL 1234-tulA' is selected.
23:44:25 INFO  : 'jtag frequency' command is executed.
23:44:25 INFO  : Sourcing of 'D:/Documents/Vivado_data/hw2/hw2.sdk/hw2_wrapper_hw_platform_0/ps7_init.tcl' is done.
23:44:25 INFO  : Context for 'APU' is selected.
23:44:26 INFO  : Hardware design information is loaded from 'D:/Documents/Vivado_data/hw2/hw2.sdk/hw2_wrapper_hw_platform_0/system.hdf'.
23:44:26 INFO  : 'configparams force-mem-access 1' command is executed.
23:44:26 INFO  : Context for 'APU' is selected.
23:44:26 INFO  : 'stop' command is executed.
23:44:26 INFO  : 'ps7_init' command is executed.
23:44:26 INFO  : 'ps7_post_config' command is executed.
23:44:26 INFO  : Context for processor 'ps7_cortexa9_0' is selected.
23:44:26 INFO  : Processor reset is completed for 'ps7_cortexa9_0'.
23:44:26 INFO  : Context for processor 'ps7_cortexa9_0' is selected.
23:44:26 INFO  : The application 'D:/Documents/Vivado_data/hw2/hw2.sdk/hw2_sw/Debug/hw2_sw.elf' is downloaded to processor 'ps7_cortexa9_0'.
23:44:26 INFO  : 'configparams force-mem-access 0' command is executed.
23:44:26 INFO  : ----------------XSDB Script----------------
connect -url tcp:127.0.0.1:3121
source D:/Documents/Vivado_data/hw2/hw2.sdk/hw2_wrapper_hw_platform_0/ps7_init.tcl
targets -set -nocase -filter {name =~"APU*" && jtag_cable_name =~ "Xilinx TUL 1234-tulA"} -index 0
loadhw -hw D:/Documents/Vivado_data/hw2/hw2.sdk/hw2_wrapper_hw_platform_0/system.hdf -mem-ranges [list {0x40000000 0xbfffffff}]
configparams force-mem-access 1
targets -set -nocase -filter {name =~"APU*" && jtag_cable_name =~ "Xilinx TUL 1234-tulA"} -index 0
stop
ps7_init
ps7_post_config
targets -set -nocase -filter {name =~ "ARM*#0" && jtag_cable_name =~ "Xilinx TUL 1234-tulA"} -index 0
rst -processor
targets -set -nocase -filter {name =~ "ARM*#0" && jtag_cable_name =~ "Xilinx TUL 1234-tulA"} -index 0
dow D:/Documents/Vivado_data/hw2/hw2.sdk/hw2_sw/Debug/hw2_sw.elf
configparams force-mem-access 0
----------------End of Script----------------

23:44:26 INFO  : Memory regions updated for context APU
23:44:26 INFO  : Context for processor 'ps7_cortexa9_0' is selected.
23:44:26 INFO  : 'con' command is executed.
23:44:26 INFO  : ----------------XSDB Script (After Launch)----------------
targets -set -nocase -filter {name =~ "ARM*#0" && jtag_cable_name =~ "Xilinx TUL 1234-tulA"} -index 0
con
----------------End of Script----------------

23:44:26 INFO  : Launch script is exported to file 'D:\Documents\Vivado_data\hw2\hw2.sdk\.sdk\launch_scripts\xilinx_c-c++_application_(system_debugger)\system_debugger_using_debug_hw2_sw.elf_on_local.tcl'
23:45:34 INFO  : Disconnected from the channel tcfchan#6.
23:45:35 INFO  : 'targets -set -filter {jtag_cable_name =~ "Xilinx TUL 1234-tulA" && level==0} -index 1' command is executed.
23:45:35 INFO  : 'fpga -state' command is executed.
23:45:35 INFO  : Connected to target on host '127.0.0.1' and port '3121'.
23:45:35 INFO  : Jtag cable 'Xilinx TUL 1234-tulA' is selected.
23:45:35 INFO  : 'jtag frequency' command is executed.
23:45:35 INFO  : Sourcing of 'D:/Documents/Vivado_data/hw2/hw2.sdk/hw2_wrapper_hw_platform_0/ps7_init.tcl' is done.
23:45:35 INFO  : Context for 'APU' is selected.
23:45:36 INFO  : Hardware design information is loaded from 'D:/Documents/Vivado_data/hw2/hw2.sdk/hw2_wrapper_hw_platform_0/system.hdf'.
23:45:36 INFO  : 'configparams force-mem-access 1' command is executed.
23:45:36 INFO  : Context for 'APU' is selected.
23:45:36 INFO  : 'stop' command is executed.
23:45:36 INFO  : 'ps7_init' command is executed.
23:45:36 INFO  : 'ps7_post_config' command is executed.
23:45:36 INFO  : Context for processor 'ps7_cortexa9_0' is selected.
23:45:36 INFO  : Processor reset is completed for 'ps7_cortexa9_0'.
23:45:36 INFO  : Context for processor 'ps7_cortexa9_0' is selected.
23:45:37 INFO  : The application 'D:/Documents/Vivado_data/hw2/hw2.sdk/hw2_sw/Debug/hw2_sw.elf' is downloaded to processor 'ps7_cortexa9_0'.
23:45:37 INFO  : 'configparams force-mem-access 0' command is executed.
23:45:37 INFO  : ----------------XSDB Script----------------
connect -url tcp:127.0.0.1:3121
source D:/Documents/Vivado_data/hw2/hw2.sdk/hw2_wrapper_hw_platform_0/ps7_init.tcl
targets -set -nocase -filter {name =~"APU*" && jtag_cable_name =~ "Xilinx TUL 1234-tulA"} -index 0
loadhw -hw D:/Documents/Vivado_data/hw2/hw2.sdk/hw2_wrapper_hw_platform_0/system.hdf -mem-ranges [list {0x40000000 0xbfffffff}]
configparams force-mem-access 1
targets -set -nocase -filter {name =~"APU*" && jtag_cable_name =~ "Xilinx TUL 1234-tulA"} -index 0
stop
ps7_init
ps7_post_config
targets -set -nocase -filter {name =~ "ARM*#0" && jtag_cable_name =~ "Xilinx TUL 1234-tulA"} -index 0
rst -processor
targets -set -nocase -filter {name =~ "ARM*#0" && jtag_cable_name =~ "Xilinx TUL 1234-tulA"} -index 0
dow D:/Documents/Vivado_data/hw2/hw2.sdk/hw2_sw/Debug/hw2_sw.elf
configparams force-mem-access 0
----------------End of Script----------------

23:45:37 INFO  : Memory regions updated for context APU
23:45:37 INFO  : Context for processor 'ps7_cortexa9_0' is selected.
23:45:37 INFO  : 'con' command is executed.
23:45:37 INFO  : ----------------XSDB Script (After Launch)----------------
targets -set -nocase -filter {name =~ "ARM*#0" && jtag_cable_name =~ "Xilinx TUL 1234-tulA"} -index 0
con
----------------End of Script----------------

23:45:37 INFO  : Launch script is exported to file 'D:\Documents\Vivado_data\hw2\hw2.sdk\.sdk\launch_scripts\xilinx_c-c++_application_(system_debugger)\system_debugger_using_debug_hw2_sw.elf_on_local.tcl'
23:45:55 INFO  : Disconnected from the channel tcfchan#7.
23:45:56 INFO  : 'targets -set -filter {jtag_cable_name =~ "Xilinx TUL 1234-tulA" && level==0} -index 1' command is executed.
23:45:56 INFO  : 'fpga -state' command is executed.
23:45:56 INFO  : Connected to target on host '127.0.0.1' and port '3121'.
23:45:57 INFO  : Jtag cable 'Xilinx TUL 1234-tulA' is selected.
23:45:57 INFO  : 'jtag frequency' command is executed.
23:45:57 INFO  : Sourcing of 'D:/Documents/Vivado_data/hw2/hw2.sdk/hw2_wrapper_hw_platform_0/ps7_init.tcl' is done.
23:45:57 INFO  : Context for 'APU' is selected.
23:45:57 INFO  : Hardware design information is loaded from 'D:/Documents/Vivado_data/hw2/hw2.sdk/hw2_wrapper_hw_platform_0/system.hdf'.
23:45:57 INFO  : 'configparams force-mem-access 1' command is executed.
23:45:57 INFO  : Context for 'APU' is selected.
23:45:57 INFO  : 'stop' command is executed.
23:45:58 INFO  : 'ps7_init' command is executed.
23:45:58 INFO  : 'ps7_post_config' command is executed.
23:45:58 INFO  : Context for processor 'ps7_cortexa9_0' is selected.
23:45:58 INFO  : Processor reset is completed for 'ps7_cortexa9_0'.
23:45:58 INFO  : Context for processor 'ps7_cortexa9_0' is selected.
23:45:58 INFO  : The application 'D:/Documents/Vivado_data/hw2/hw2.sdk/hw2_sw/Debug/hw2_sw.elf' is downloaded to processor 'ps7_cortexa9_0'.
23:45:58 INFO  : 'configparams force-mem-access 0' command is executed.
23:45:58 INFO  : ----------------XSDB Script----------------
connect -url tcp:127.0.0.1:3121
source D:/Documents/Vivado_data/hw2/hw2.sdk/hw2_wrapper_hw_platform_0/ps7_init.tcl
targets -set -nocase -filter {name =~"APU*" && jtag_cable_name =~ "Xilinx TUL 1234-tulA"} -index 0
loadhw -hw D:/Documents/Vivado_data/hw2/hw2.sdk/hw2_wrapper_hw_platform_0/system.hdf -mem-ranges [list {0x40000000 0xbfffffff}]
configparams force-mem-access 1
targets -set -nocase -filter {name =~"APU*" && jtag_cable_name =~ "Xilinx TUL 1234-tulA"} -index 0
stop
ps7_init
ps7_post_config
targets -set -nocase -filter {name =~ "ARM*#0" && jtag_cable_name =~ "Xilinx TUL 1234-tulA"} -index 0
rst -processor
targets -set -nocase -filter {name =~ "ARM*#0" && jtag_cable_name =~ "Xilinx TUL 1234-tulA"} -index 0
dow D:/Documents/Vivado_data/hw2/hw2.sdk/hw2_sw/Debug/hw2_sw.elf
configparams force-mem-access 0
----------------End of Script----------------

23:45:58 INFO  : Memory regions updated for context APU
23:45:58 INFO  : Context for processor 'ps7_cortexa9_0' is selected.
23:45:58 INFO  : 'con' command is executed.
23:45:58 INFO  : ----------------XSDB Script (After Launch)----------------
targets -set -nocase -filter {name =~ "ARM*#0" && jtag_cable_name =~ "Xilinx TUL 1234-tulA"} -index 0
con
----------------End of Script----------------

23:45:58 INFO  : Launch script is exported to file 'D:\Documents\Vivado_data\hw2\hw2.sdk\.sdk\launch_scripts\xilinx_c-c++_application_(system_debugger)\system_debugger_using_debug_hw2_sw.elf_on_local.tcl'
23:53:58 INFO  : Disconnected from the channel tcfchan#8.
23:58:11 INFO  : 'targets -set -filter {jtag_cable_name =~ "Xilinx TUL 1234-tulA" && level==0} -index 1' command is executed.
23:58:11 INFO  : 'fpga -state' command is executed.
23:58:11 INFO  : Connected to target on host '127.0.0.1' and port '3121'.
23:58:11 INFO  : Jtag cable 'Xilinx TUL 1234-tulA' is selected.
23:58:11 INFO  : 'jtag frequency' command is executed.
23:58:11 INFO  : Sourcing of 'D:/Documents/Vivado_data/hw2/hw2.sdk/hw2_wrapper_hw_platform_0/ps7_init.tcl' is done.
23:58:11 INFO  : Context for 'APU' is selected.
23:58:12 INFO  : Hardware design information is loaded from 'D:/Documents/Vivado_data/hw2/hw2.sdk/hw2_wrapper_hw_platform_0/system.hdf'.
23:58:12 INFO  : 'configparams force-mem-access 1' command is executed.
23:58:12 INFO  : Context for 'APU' is selected.
23:58:12 INFO  : 'stop' command is executed.
23:58:12 INFO  : 'ps7_init' command is executed.
23:58:12 INFO  : 'ps7_post_config' command is executed.
23:58:12 INFO  : Context for processor 'ps7_cortexa9_0' is selected.
23:58:12 INFO  : Processor reset is completed for 'ps7_cortexa9_0'.
23:58:12 INFO  : Context for processor 'ps7_cortexa9_0' is selected.
23:58:12 INFO  : The application 'D:/Documents/Vivado_data/hw2/hw2.sdk/hw2_sw/Debug/hw2_sw.elf' is downloaded to processor 'ps7_cortexa9_0'.
23:58:12 INFO  : 'configparams force-mem-access 0' command is executed.
23:58:12 INFO  : ----------------XSDB Script----------------
connect -url tcp:127.0.0.1:3121
source D:/Documents/Vivado_data/hw2/hw2.sdk/hw2_wrapper_hw_platform_0/ps7_init.tcl
targets -set -nocase -filter {name =~"APU*" && jtag_cable_name =~ "Xilinx TUL 1234-tulA"} -index 0
loadhw -hw D:/Documents/Vivado_data/hw2/hw2.sdk/hw2_wrapper_hw_platform_0/system.hdf -mem-ranges [list {0x40000000 0xbfffffff}]
configparams force-mem-access 1
targets -set -nocase -filter {name =~"APU*" && jtag_cable_name =~ "Xilinx TUL 1234-tulA"} -index 0
stop
ps7_init
ps7_post_config
targets -set -nocase -filter {name =~ "ARM*#0" && jtag_cable_name =~ "Xilinx TUL 1234-tulA"} -index 0
rst -processor
targets -set -nocase -filter {name =~ "ARM*#0" && jtag_cable_name =~ "Xilinx TUL 1234-tulA"} -index 0
dow D:/Documents/Vivado_data/hw2/hw2.sdk/hw2_sw/Debug/hw2_sw.elf
configparams force-mem-access 0
----------------End of Script----------------

23:58:13 INFO  : Memory regions updated for context APU
23:58:13 INFO  : Context for processor 'ps7_cortexa9_0' is selected.
23:58:13 INFO  : 'con' command is executed.
23:58:13 INFO  : ----------------XSDB Script (After Launch)----------------
targets -set -nocase -filter {name =~ "ARM*#0" && jtag_cable_name =~ "Xilinx TUL 1234-tulA"} -index 0
con
----------------End of Script----------------

23:58:13 INFO  : Launch script is exported to file 'D:\Documents\Vivado_data\hw2\hw2.sdk\.sdk\launch_scripts\xilinx_c-c++_application_(system_debugger)\system_debugger_using_debug_hw2_sw.elf_on_local.tcl'
23:59:22 INFO  : Disconnected from the channel tcfchan#9.
23:59:23 INFO  : 'targets -set -filter {jtag_cable_name =~ "Xilinx TUL 1234-tulA" && level==0} -index 1' command is executed.
23:59:23 INFO  : 'fpga -state' command is executed.
23:59:23 INFO  : Connected to target on host '127.0.0.1' and port '3121'.
23:59:23 INFO  : Jtag cable 'Xilinx TUL 1234-tulA' is selected.
23:59:23 INFO  : 'jtag frequency' command is executed.
23:59:23 INFO  : Sourcing of 'D:/Documents/Vivado_data/hw2/hw2.sdk/hw2_wrapper_hw_platform_0/ps7_init.tcl' is done.
23:59:23 INFO  : Context for 'APU' is selected.
23:59:24 INFO  : Hardware design information is loaded from 'D:/Documents/Vivado_data/hw2/hw2.sdk/hw2_wrapper_hw_platform_0/system.hdf'.
23:59:24 INFO  : 'configparams force-mem-access 1' command is executed.
23:59:24 INFO  : Context for 'APU' is selected.
23:59:24 INFO  : 'stop' command is executed.
23:59:24 INFO  : 'ps7_init' command is executed.
23:59:24 INFO  : 'ps7_post_config' command is executed.
23:59:24 INFO  : Context for processor 'ps7_cortexa9_0' is selected.
23:59:24 INFO  : Processor reset is completed for 'ps7_cortexa9_0'.
23:59:24 INFO  : Context for processor 'ps7_cortexa9_0' is selected.
23:59:24 INFO  : The application 'D:/Documents/Vivado_data/hw2/hw2.sdk/hw2_sw/Debug/hw2_sw.elf' is downloaded to processor 'ps7_cortexa9_0'.
23:59:24 INFO  : 'configparams force-mem-access 0' command is executed.
23:59:24 INFO  : ----------------XSDB Script----------------
connect -url tcp:127.0.0.1:3121
source D:/Documents/Vivado_data/hw2/hw2.sdk/hw2_wrapper_hw_platform_0/ps7_init.tcl
targets -set -nocase -filter {name =~"APU*" && jtag_cable_name =~ "Xilinx TUL 1234-tulA"} -index 0
loadhw -hw D:/Documents/Vivado_data/hw2/hw2.sdk/hw2_wrapper_hw_platform_0/system.hdf -mem-ranges [list {0x40000000 0xbfffffff}]
configparams force-mem-access 1
targets -set -nocase -filter {name =~"APU*" && jtag_cable_name =~ "Xilinx TUL 1234-tulA"} -index 0
stop
ps7_init
ps7_post_config
targets -set -nocase -filter {name =~ "ARM*#0" && jtag_cable_name =~ "Xilinx TUL 1234-tulA"} -index 0
rst -processor
targets -set -nocase -filter {name =~ "ARM*#0" && jtag_cable_name =~ "Xilinx TUL 1234-tulA"} -index 0
dow D:/Documents/Vivado_data/hw2/hw2.sdk/hw2_sw/Debug/hw2_sw.elf
configparams force-mem-access 0
----------------End of Script----------------

23:59:24 INFO  : Memory regions updated for context APU
23:59:24 INFO  : Context for processor 'ps7_cortexa9_0' is selected.
23:59:24 INFO  : 'con' command is executed.
23:59:24 INFO  : ----------------XSDB Script (After Launch)----------------
targets -set -nocase -filter {name =~ "ARM*#0" && jtag_cable_name =~ "Xilinx TUL 1234-tulA"} -index 0
con
----------------End of Script----------------

23:59:24 INFO  : Launch script is exported to file 'D:\Documents\Vivado_data\hw2\hw2.sdk\.sdk\launch_scripts\xilinx_c-c++_application_(system_debugger)\system_debugger_using_debug_hw2_sw.elf_on_local.tcl'
00:00:02 INFO  : Disconnected from the channel tcfchan#10.
00:00:03 INFO  : 'targets -set -filter {jtag_cable_name =~ "Xilinx TUL 1234-tulA" && level==0} -index 1' command is executed.
00:00:04 INFO  : 'fpga -state' command is executed.
00:00:04 INFO  : Connected to target on host '127.0.0.1' and port '3121'.
00:00:04 INFO  : Jtag cable 'Xilinx TUL 1234-tulA' is selected.
00:00:04 INFO  : 'jtag frequency' command is executed.
00:00:04 INFO  : Sourcing of 'D:/Documents/Vivado_data/hw2/hw2.sdk/hw2_wrapper_hw_platform_0/ps7_init.tcl' is done.
00:00:04 INFO  : Context for 'APU' is selected.
00:00:05 INFO  : Hardware design information is loaded from 'D:/Documents/Vivado_data/hw2/hw2.sdk/hw2_wrapper_hw_platform_0/system.hdf'.
00:00:05 INFO  : 'configparams force-mem-access 1' command is executed.
00:00:05 INFO  : Context for 'APU' is selected.
00:00:05 INFO  : 'stop' command is executed.
00:00:05 INFO  : 'ps7_init' command is executed.
00:00:05 INFO  : 'ps7_post_config' command is executed.
00:00:05 INFO  : Context for processor 'ps7_cortexa9_0' is selected.
00:00:05 INFO  : Processor reset is completed for 'ps7_cortexa9_0'.
00:00:05 INFO  : Context for processor 'ps7_cortexa9_0' is selected.
00:00:05 INFO  : The application 'D:/Documents/Vivado_data/hw2/hw2.sdk/hw2_sw/Debug/hw2_sw.elf' is downloaded to processor 'ps7_cortexa9_0'.
00:00:05 INFO  : 'configparams force-mem-access 0' command is executed.
00:00:05 INFO  : ----------------XSDB Script----------------
connect -url tcp:127.0.0.1:3121
source D:/Documents/Vivado_data/hw2/hw2.sdk/hw2_wrapper_hw_platform_0/ps7_init.tcl
targets -set -nocase -filter {name =~"APU*" && jtag_cable_name =~ "Xilinx TUL 1234-tulA"} -index 0
loadhw -hw D:/Documents/Vivado_data/hw2/hw2.sdk/hw2_wrapper_hw_platform_0/system.hdf -mem-ranges [list {0x40000000 0xbfffffff}]
configparams force-mem-access 1
targets -set -nocase -filter {name =~"APU*" && jtag_cable_name =~ "Xilinx TUL 1234-tulA"} -index 0
stop
ps7_init
ps7_post_config
targets -set -nocase -filter {name =~ "ARM*#0" && jtag_cable_name =~ "Xilinx TUL 1234-tulA"} -index 0
rst -processor
targets -set -nocase -filter {name =~ "ARM*#0" && jtag_cable_name =~ "Xilinx TUL 1234-tulA"} -index 0
dow D:/Documents/Vivado_data/hw2/hw2.sdk/hw2_sw/Debug/hw2_sw.elf
configparams force-mem-access 0
----------------End of Script----------------

00:00:05 INFO  : Memory regions updated for context APU
00:00:05 INFO  : Context for processor 'ps7_cortexa9_0' is selected.
00:00:05 INFO  : 'con' command is executed.
00:00:05 INFO  : ----------------XSDB Script (After Launch)----------------
targets -set -nocase -filter {name =~ "ARM*#0" && jtag_cable_name =~ "Xilinx TUL 1234-tulA"} -index 0
con
----------------End of Script----------------

00:00:05 INFO  : Launch script is exported to file 'D:\Documents\Vivado_data\hw2\hw2.sdk\.sdk\launch_scripts\xilinx_c-c++_application_(system_debugger)\system_debugger_using_debug_hw2_sw.elf_on_local.tcl'
00:06:10 INFO  : Disconnected from the channel tcfchan#11.
00:06:11 INFO  : 'targets -set -filter {jtag_cable_name =~ "Xilinx TUL 1234-tulA" && level==0} -index 1' command is executed.
00:06:11 INFO  : 'fpga -state' command is executed.
00:06:11 INFO  : Connected to target on host '127.0.0.1' and port '3121'.
00:06:11 INFO  : Jtag cable 'Xilinx TUL 1234-tulA' is selected.
00:06:11 INFO  : 'jtag frequency' command is executed.
00:06:11 INFO  : Sourcing of 'D:/Documents/Vivado_data/hw2/hw2.sdk/hw2_wrapper_hw_platform_0/ps7_init.tcl' is done.
00:06:11 INFO  : Context for 'APU' is selected.
00:06:12 INFO  : Hardware design information is loaded from 'D:/Documents/Vivado_data/hw2/hw2.sdk/hw2_wrapper_hw_platform_0/system.hdf'.
00:06:12 INFO  : 'configparams force-mem-access 1' command is executed.
00:06:12 INFO  : Context for 'APU' is selected.
00:06:12 INFO  : 'stop' command is executed.
00:06:13 INFO  : 'ps7_init' command is executed.
00:06:13 INFO  : 'ps7_post_config' command is executed.
00:06:13 INFO  : Context for processor 'ps7_cortexa9_0' is selected.
00:06:13 INFO  : Processor reset is completed for 'ps7_cortexa9_0'.
00:06:13 INFO  : Context for processor 'ps7_cortexa9_0' is selected.
00:06:13 INFO  : The application 'D:/Documents/Vivado_data/hw2/hw2.sdk/hw2_sw/Debug/hw2_sw.elf' is downloaded to processor 'ps7_cortexa9_0'.
00:06:13 INFO  : 'configparams force-mem-access 0' command is executed.
00:06:13 INFO  : ----------------XSDB Script----------------
connect -url tcp:127.0.0.1:3121
source D:/Documents/Vivado_data/hw2/hw2.sdk/hw2_wrapper_hw_platform_0/ps7_init.tcl
targets -set -nocase -filter {name =~"APU*" && jtag_cable_name =~ "Xilinx TUL 1234-tulA"} -index 0
loadhw -hw D:/Documents/Vivado_data/hw2/hw2.sdk/hw2_wrapper_hw_platform_0/system.hdf -mem-ranges [list {0x40000000 0xbfffffff}]
configparams force-mem-access 1
targets -set -nocase -filter {name =~"APU*" && jtag_cable_name =~ "Xilinx TUL 1234-tulA"} -index 0
stop
ps7_init
ps7_post_config
targets -set -nocase -filter {name =~ "ARM*#0" && jtag_cable_name =~ "Xilinx TUL 1234-tulA"} -index 0
rst -processor
targets -set -nocase -filter {name =~ "ARM*#0" && jtag_cable_name =~ "Xilinx TUL 1234-tulA"} -index 0
dow D:/Documents/Vivado_data/hw2/hw2.sdk/hw2_sw/Debug/hw2_sw.elf
configparams force-mem-access 0
----------------End of Script----------------

00:06:13 INFO  : Memory regions updated for context APU
00:06:13 INFO  : Context for processor 'ps7_cortexa9_0' is selected.
00:06:13 INFO  : 'con' command is executed.
00:06:13 INFO  : ----------------XSDB Script (After Launch)----------------
targets -set -nocase -filter {name =~ "ARM*#0" && jtag_cable_name =~ "Xilinx TUL 1234-tulA"} -index 0
con
----------------End of Script----------------

00:06:13 INFO  : Launch script is exported to file 'D:\Documents\Vivado_data\hw2\hw2.sdk\.sdk\launch_scripts\xilinx_c-c++_application_(system_debugger)\system_debugger_using_debug_hw2_sw.elf_on_local.tcl'
00:08:59 INFO  : Disconnected from the channel tcfchan#12.
00:09:00 INFO  : 'targets -set -filter {jtag_cable_name =~ "Xilinx TUL 1234-tulA" && level==0} -index 1' command is executed.
00:09:00 INFO  : 'fpga -state' command is executed.
00:09:00 INFO  : Connected to target on host '127.0.0.1' and port '3121'.
00:09:00 INFO  : Jtag cable 'Xilinx TUL 1234-tulA' is selected.
00:09:00 INFO  : 'jtag frequency' command is executed.
00:09:00 INFO  : Sourcing of 'D:/Documents/Vivado_data/hw2/hw2.sdk/hw2_wrapper_hw_platform_0/ps7_init.tcl' is done.
00:09:00 INFO  : Context for 'APU' is selected.
00:09:01 INFO  : Hardware design information is loaded from 'D:/Documents/Vivado_data/hw2/hw2.sdk/hw2_wrapper_hw_platform_0/system.hdf'.
00:09:01 INFO  : 'configparams force-mem-access 1' command is executed.
00:09:01 INFO  : Context for 'APU' is selected.
00:09:01 INFO  : 'stop' command is executed.
00:09:01 INFO  : 'ps7_init' command is executed.
00:09:01 INFO  : 'ps7_post_config' command is executed.
00:09:01 INFO  : Context for processor 'ps7_cortexa9_0' is selected.
00:09:01 INFO  : Processor reset is completed for 'ps7_cortexa9_0'.
00:09:01 INFO  : Context for processor 'ps7_cortexa9_0' is selected.
00:09:01 INFO  : The application 'D:/Documents/Vivado_data/hw2/hw2.sdk/hw2_sw/Debug/hw2_sw.elf' is downloaded to processor 'ps7_cortexa9_0'.
00:09:01 INFO  : 'configparams force-mem-access 0' command is executed.
00:09:01 INFO  : ----------------XSDB Script----------------
connect -url tcp:127.0.0.1:3121
source D:/Documents/Vivado_data/hw2/hw2.sdk/hw2_wrapper_hw_platform_0/ps7_init.tcl
targets -set -nocase -filter {name =~"APU*" && jtag_cable_name =~ "Xilinx TUL 1234-tulA"} -index 0
loadhw -hw D:/Documents/Vivado_data/hw2/hw2.sdk/hw2_wrapper_hw_platform_0/system.hdf -mem-ranges [list {0x40000000 0xbfffffff}]
configparams force-mem-access 1
targets -set -nocase -filter {name =~"APU*" && jtag_cable_name =~ "Xilinx TUL 1234-tulA"} -index 0
stop
ps7_init
ps7_post_config
targets -set -nocase -filter {name =~ "ARM*#0" && jtag_cable_name =~ "Xilinx TUL 1234-tulA"} -index 0
rst -processor
targets -set -nocase -filter {name =~ "ARM*#0" && jtag_cable_name =~ "Xilinx TUL 1234-tulA"} -index 0
dow D:/Documents/Vivado_data/hw2/hw2.sdk/hw2_sw/Debug/hw2_sw.elf
configparams force-mem-access 0
----------------End of Script----------------

00:09:01 INFO  : Memory regions updated for context APU
00:09:01 INFO  : Context for processor 'ps7_cortexa9_0' is selected.
00:09:01 INFO  : 'con' command is executed.
00:09:01 INFO  : ----------------XSDB Script (After Launch)----------------
targets -set -nocase -filter {name =~ "ARM*#0" && jtag_cable_name =~ "Xilinx TUL 1234-tulA"} -index 0
con
----------------End of Script----------------

00:09:01 INFO  : Launch script is exported to file 'D:\Documents\Vivado_data\hw2\hw2.sdk\.sdk\launch_scripts\xilinx_c-c++_application_(system_debugger)\system_debugger_using_debug_hw2_sw.elf_on_local.tcl'
00:09:22 INFO  : Disconnected from the channel tcfchan#13.
00:09:23 INFO  : 'targets -set -filter {jtag_cable_name =~ "Xilinx TUL 1234-tulA" && level==0} -index 1' command is executed.
00:09:23 INFO  : 'fpga -state' command is executed.
00:09:23 INFO  : Connected to target on host '127.0.0.1' and port '3121'.
00:09:23 INFO  : Jtag cable 'Xilinx TUL 1234-tulA' is selected.
00:09:23 INFO  : 'jtag frequency' command is executed.
00:09:23 INFO  : Sourcing of 'D:/Documents/Vivado_data/hw2/hw2.sdk/hw2_wrapper_hw_platform_0/ps7_init.tcl' is done.
00:09:23 INFO  : Context for 'APU' is selected.
00:09:24 INFO  : Hardware design information is loaded from 'D:/Documents/Vivado_data/hw2/hw2.sdk/hw2_wrapper_hw_platform_0/system.hdf'.
00:09:24 INFO  : 'configparams force-mem-access 1' command is executed.
00:09:24 INFO  : Context for 'APU' is selected.
00:09:24 INFO  : 'stop' command is executed.
00:09:25 INFO  : 'ps7_init' command is executed.
00:09:25 INFO  : 'ps7_post_config' command is executed.
00:09:25 INFO  : Context for processor 'ps7_cortexa9_0' is selected.
00:09:25 INFO  : Processor reset is completed for 'ps7_cortexa9_0'.
00:09:25 INFO  : Context for processor 'ps7_cortexa9_0' is selected.
00:09:25 INFO  : The application 'D:/Documents/Vivado_data/hw2/hw2.sdk/hw2_sw/Debug/hw2_sw.elf' is downloaded to processor 'ps7_cortexa9_0'.
00:09:25 INFO  : 'configparams force-mem-access 0' command is executed.
00:09:25 INFO  : ----------------XSDB Script----------------
connect -url tcp:127.0.0.1:3121
source D:/Documents/Vivado_data/hw2/hw2.sdk/hw2_wrapper_hw_platform_0/ps7_init.tcl
targets -set -nocase -filter {name =~"APU*" && jtag_cable_name =~ "Xilinx TUL 1234-tulA"} -index 0
loadhw -hw D:/Documents/Vivado_data/hw2/hw2.sdk/hw2_wrapper_hw_platform_0/system.hdf -mem-ranges [list {0x40000000 0xbfffffff}]
configparams force-mem-access 1
targets -set -nocase -filter {name =~"APU*" && jtag_cable_name =~ "Xilinx TUL 1234-tulA"} -index 0
stop
ps7_init
ps7_post_config
targets -set -nocase -filter {name =~ "ARM*#0" && jtag_cable_name =~ "Xilinx TUL 1234-tulA"} -index 0
rst -processor
targets -set -nocase -filter {name =~ "ARM*#0" && jtag_cable_name =~ "Xilinx TUL 1234-tulA"} -index 0
dow D:/Documents/Vivado_data/hw2/hw2.sdk/hw2_sw/Debug/hw2_sw.elf
configparams force-mem-access 0
----------------End of Script----------------

00:09:25 INFO  : Memory regions updated for context APU
00:09:25 INFO  : Context for processor 'ps7_cortexa9_0' is selected.
00:09:25 INFO  : 'con' command is executed.
00:09:25 INFO  : ----------------XSDB Script (After Launch)----------------
targets -set -nocase -filter {name =~ "ARM*#0" && jtag_cable_name =~ "Xilinx TUL 1234-tulA"} -index 0
con
----------------End of Script----------------

00:09:25 INFO  : Launch script is exported to file 'D:\Documents\Vivado_data\hw2\hw2.sdk\.sdk\launch_scripts\xilinx_c-c++_application_(system_debugger)\system_debugger_using_debug_hw2_sw.elf_on_local.tcl'
00:25:46 INFO  : Disconnected from the channel tcfchan#14.
00:39:16 INFO  : 'targets -set -filter {jtag_cable_name =~ "Xilinx TUL 1234-tulA" && level==0} -index 1' command is executed.
00:39:16 INFO  : 'fpga -state' command is executed.
00:39:16 INFO  : Connected to target on host '127.0.0.1' and port '3121'.
00:39:16 INFO  : Jtag cable 'Xilinx TUL 1234-tulA' is selected.
00:39:16 INFO  : 'jtag frequency' command is executed.
00:39:16 INFO  : Sourcing of 'D:/Documents/Vivado_data/hw2/hw2.sdk/hw2_wrapper_hw_platform_0/ps7_init.tcl' is done.
00:39:16 INFO  : Context for 'APU' is selected.
00:39:17 INFO  : Hardware design information is loaded from 'D:/Documents/Vivado_data/hw2/hw2.sdk/hw2_wrapper_hw_platform_0/system.hdf'.
00:39:17 INFO  : 'configparams force-mem-access 1' command is executed.
00:39:17 INFO  : Context for 'APU' is selected.
00:39:17 INFO  : 'stop' command is executed.
00:39:18 INFO  : 'ps7_init' command is executed.
00:39:18 INFO  : 'ps7_post_config' command is executed.
00:39:18 INFO  : Context for processor 'ps7_cortexa9_0' is selected.
00:39:18 INFO  : Processor reset is completed for 'ps7_cortexa9_0'.
00:39:18 INFO  : Context for processor 'ps7_cortexa9_0' is selected.
00:39:18 INFO  : The application 'D:/Documents/Vivado_data/hw2/hw2.sdk/hw2_sw/Debug/hw2_sw.elf' is downloaded to processor 'ps7_cortexa9_0'.
00:39:18 INFO  : 'configparams force-mem-access 0' command is executed.
00:39:18 INFO  : ----------------XSDB Script----------------
connect -url tcp:127.0.0.1:3121
source D:/Documents/Vivado_data/hw2/hw2.sdk/hw2_wrapper_hw_platform_0/ps7_init.tcl
targets -set -nocase -filter {name =~"APU*" && jtag_cable_name =~ "Xilinx TUL 1234-tulA"} -index 0
loadhw -hw D:/Documents/Vivado_data/hw2/hw2.sdk/hw2_wrapper_hw_platform_0/system.hdf -mem-ranges [list {0x40000000 0xbfffffff}]
configparams force-mem-access 1
targets -set -nocase -filter {name =~"APU*" && jtag_cable_name =~ "Xilinx TUL 1234-tulA"} -index 0
stop
ps7_init
ps7_post_config
targets -set -nocase -filter {name =~ "ARM*#0" && jtag_cable_name =~ "Xilinx TUL 1234-tulA"} -index 0
rst -processor
targets -set -nocase -filter {name =~ "ARM*#0" && jtag_cable_name =~ "Xilinx TUL 1234-tulA"} -index 0
dow D:/Documents/Vivado_data/hw2/hw2.sdk/hw2_sw/Debug/hw2_sw.elf
configparams force-mem-access 0
----------------End of Script----------------

00:39:18 INFO  : Memory regions updated for context APU
00:39:18 INFO  : Context for processor 'ps7_cortexa9_0' is selected.
00:39:18 INFO  : 'con' command is executed.
00:39:18 INFO  : ----------------XSDB Script (After Launch)----------------
targets -set -nocase -filter {name =~ "ARM*#0" && jtag_cable_name =~ "Xilinx TUL 1234-tulA"} -index 0
con
----------------End of Script----------------

00:39:18 INFO  : Launch script is exported to file 'D:\Documents\Vivado_data\hw2\hw2.sdk\.sdk\launch_scripts\xilinx_c-c++_application_(system_debugger)\system_debugger_using_debug_hw2_sw.elf_on_local.tcl'
00:39:40 INFO  : Disconnected from the channel tcfchan#15.
00:39:41 INFO  : 'targets -set -filter {jtag_cable_name =~ "Xilinx TUL 1234-tulA" && level==0} -index 1' command is executed.
00:39:41 INFO  : 'fpga -state' command is executed.
00:39:41 INFO  : Connected to target on host '127.0.0.1' and port '3121'.
00:39:41 INFO  : Jtag cable 'Xilinx TUL 1234-tulA' is selected.
00:39:41 INFO  : 'jtag frequency' command is executed.
00:39:41 INFO  : Sourcing of 'D:/Documents/Vivado_data/hw2/hw2.sdk/hw2_wrapper_hw_platform_0/ps7_init.tcl' is done.
00:39:41 INFO  : Context for 'APU' is selected.
00:39:42 INFO  : Hardware design information is loaded from 'D:/Documents/Vivado_data/hw2/hw2.sdk/hw2_wrapper_hw_platform_0/system.hdf'.
00:39:42 INFO  : 'configparams force-mem-access 1' command is executed.
00:39:42 INFO  : Context for 'APU' is selected.
00:39:42 INFO  : 'stop' command is executed.
00:39:42 INFO  : 'ps7_init' command is executed.
00:39:42 INFO  : 'ps7_post_config' command is executed.
00:39:42 INFO  : Context for processor 'ps7_cortexa9_0' is selected.
00:39:42 INFO  : Processor reset is completed for 'ps7_cortexa9_0'.
00:39:42 INFO  : Context for processor 'ps7_cortexa9_0' is selected.
00:39:42 INFO  : The application 'D:/Documents/Vivado_data/hw2/hw2.sdk/hw2_sw/Debug/hw2_sw.elf' is downloaded to processor 'ps7_cortexa9_0'.
00:39:42 INFO  : 'configparams force-mem-access 0' command is executed.
00:39:42 INFO  : ----------------XSDB Script----------------
connect -url tcp:127.0.0.1:3121
source D:/Documents/Vivado_data/hw2/hw2.sdk/hw2_wrapper_hw_platform_0/ps7_init.tcl
targets -set -nocase -filter {name =~"APU*" && jtag_cable_name =~ "Xilinx TUL 1234-tulA"} -index 0
loadhw -hw D:/Documents/Vivado_data/hw2/hw2.sdk/hw2_wrapper_hw_platform_0/system.hdf -mem-ranges [list {0x40000000 0xbfffffff}]
configparams force-mem-access 1
targets -set -nocase -filter {name =~"APU*" && jtag_cable_name =~ "Xilinx TUL 1234-tulA"} -index 0
stop
ps7_init
ps7_post_config
targets -set -nocase -filter {name =~ "ARM*#0" && jtag_cable_name =~ "Xilinx TUL 1234-tulA"} -index 0
rst -processor
targets -set -nocase -filter {name =~ "ARM*#0" && jtag_cable_name =~ "Xilinx TUL 1234-tulA"} -index 0
dow D:/Documents/Vivado_data/hw2/hw2.sdk/hw2_sw/Debug/hw2_sw.elf
configparams force-mem-access 0
----------------End of Script----------------

00:39:43 INFO  : Memory regions updated for context APU
00:39:43 INFO  : Context for processor 'ps7_cortexa9_0' is selected.
00:39:43 INFO  : 'con' command is executed.
00:39:43 INFO  : ----------------XSDB Script (After Launch)----------------
targets -set -nocase -filter {name =~ "ARM*#0" && jtag_cable_name =~ "Xilinx TUL 1234-tulA"} -index 0
con
----------------End of Script----------------

00:39:43 INFO  : Launch script is exported to file 'D:\Documents\Vivado_data\hw2\hw2.sdk\.sdk\launch_scripts\xilinx_c-c++_application_(system_debugger)\system_debugger_using_debug_hw2_sw.elf_on_local.tcl'
00:44:57 INFO  : Disconnected from the channel tcfchan#16.
00:44:58 INFO  : 'targets -set -filter {jtag_cable_name =~ "Xilinx TUL 1234-tulA" && level==0} -index 1' command is executed.
00:44:58 INFO  : 'fpga -state' command is executed.
00:44:58 INFO  : Connected to target on host '127.0.0.1' and port '3121'.
00:44:58 INFO  : Jtag cable 'Xilinx TUL 1234-tulA' is selected.
00:44:58 INFO  : 'jtag frequency' command is executed.
00:44:58 INFO  : Sourcing of 'D:/Documents/Vivado_data/hw2/hw2.sdk/hw2_wrapper_hw_platform_0/ps7_init.tcl' is done.
00:44:58 INFO  : Context for 'APU' is selected.
00:44:59 INFO  : Hardware design information is loaded from 'D:/Documents/Vivado_data/hw2/hw2.sdk/hw2_wrapper_hw_platform_0/system.hdf'.
00:44:59 INFO  : 'configparams force-mem-access 1' command is executed.
00:44:59 INFO  : Context for 'APU' is selected.
00:44:59 INFO  : 'stop' command is executed.
00:44:59 INFO  : 'ps7_init' command is executed.
00:44:59 INFO  : 'ps7_post_config' command is executed.
00:44:59 INFO  : Context for processor 'ps7_cortexa9_0' is selected.
00:44:59 INFO  : Processor reset is completed for 'ps7_cortexa9_0'.
00:44:59 INFO  : Context for processor 'ps7_cortexa9_0' is selected.
00:44:59 INFO  : The application 'D:/Documents/Vivado_data/hw2/hw2.sdk/hw2_sw/Debug/hw2_sw.elf' is downloaded to processor 'ps7_cortexa9_0'.
00:44:59 INFO  : 'configparams force-mem-access 0' command is executed.
00:44:59 INFO  : ----------------XSDB Script----------------
connect -url tcp:127.0.0.1:3121
source D:/Documents/Vivado_data/hw2/hw2.sdk/hw2_wrapper_hw_platform_0/ps7_init.tcl
targets -set -nocase -filter {name =~"APU*" && jtag_cable_name =~ "Xilinx TUL 1234-tulA"} -index 0
loadhw -hw D:/Documents/Vivado_data/hw2/hw2.sdk/hw2_wrapper_hw_platform_0/system.hdf -mem-ranges [list {0x40000000 0xbfffffff}]
configparams force-mem-access 1
targets -set -nocase -filter {name =~"APU*" && jtag_cable_name =~ "Xilinx TUL 1234-tulA"} -index 0
stop
ps7_init
ps7_post_config
targets -set -nocase -filter {name =~ "ARM*#0" && jtag_cable_name =~ "Xilinx TUL 1234-tulA"} -index 0
rst -processor
targets -set -nocase -filter {name =~ "ARM*#0" && jtag_cable_name =~ "Xilinx TUL 1234-tulA"} -index 0
dow D:/Documents/Vivado_data/hw2/hw2.sdk/hw2_sw/Debug/hw2_sw.elf
configparams force-mem-access 0
----------------End of Script----------------

00:44:59 INFO  : Memory regions updated for context APU
00:44:59 INFO  : Context for processor 'ps7_cortexa9_0' is selected.
00:44:59 INFO  : 'con' command is executed.
00:44:59 INFO  : ----------------XSDB Script (After Launch)----------------
targets -set -nocase -filter {name =~ "ARM*#0" && jtag_cable_name =~ "Xilinx TUL 1234-tulA"} -index 0
con
----------------End of Script----------------

00:44:59 INFO  : Launch script is exported to file 'D:\Documents\Vivado_data\hw2\hw2.sdk\.sdk\launch_scripts\xilinx_c-c++_application_(system_debugger)\system_debugger_using_debug_hw2_sw.elf_on_local.tcl'
00:48:55 INFO  : Disconnected from the channel tcfchan#17.
00:48:56 INFO  : 'targets -set -filter {jtag_cable_name =~ "Xilinx TUL 1234-tulA" && level==0} -index 1' command is executed.
00:48:56 INFO  : 'fpga -state' command is executed.
00:48:56 INFO  : Connected to target on host '127.0.0.1' and port '3121'.
00:48:57 INFO  : Jtag cable 'Xilinx TUL 1234-tulA' is selected.
00:48:57 INFO  : 'jtag frequency' command is executed.
00:48:57 INFO  : Sourcing of 'D:/Documents/Vivado_data/hw2/hw2.sdk/hw2_wrapper_hw_platform_0/ps7_init.tcl' is done.
00:48:57 INFO  : Context for 'APU' is selected.
00:48:57 INFO  : Hardware design information is loaded from 'D:/Documents/Vivado_data/hw2/hw2.sdk/hw2_wrapper_hw_platform_0/system.hdf'.
00:48:57 INFO  : 'configparams force-mem-access 1' command is executed.
00:48:57 INFO  : Context for 'APU' is selected.
00:48:58 INFO  : 'stop' command is executed.
00:48:58 INFO  : 'ps7_init' command is executed.
00:48:58 INFO  : 'ps7_post_config' command is executed.
00:48:58 INFO  : Context for processor 'ps7_cortexa9_0' is selected.
00:48:58 INFO  : Processor reset is completed for 'ps7_cortexa9_0'.
00:48:58 INFO  : Context for processor 'ps7_cortexa9_0' is selected.
00:48:58 INFO  : The application 'D:/Documents/Vivado_data/hw2/hw2.sdk/hw2_sw/Debug/hw2_sw.elf' is downloaded to processor 'ps7_cortexa9_0'.
00:48:58 INFO  : 'configparams force-mem-access 0' command is executed.
00:48:58 INFO  : ----------------XSDB Script----------------
connect -url tcp:127.0.0.1:3121
source D:/Documents/Vivado_data/hw2/hw2.sdk/hw2_wrapper_hw_platform_0/ps7_init.tcl
targets -set -nocase -filter {name =~"APU*" && jtag_cable_name =~ "Xilinx TUL 1234-tulA"} -index 0
loadhw -hw D:/Documents/Vivado_data/hw2/hw2.sdk/hw2_wrapper_hw_platform_0/system.hdf -mem-ranges [list {0x40000000 0xbfffffff}]
configparams force-mem-access 1
targets -set -nocase -filter {name =~"APU*" && jtag_cable_name =~ "Xilinx TUL 1234-tulA"} -index 0
stop
ps7_init
ps7_post_config
targets -set -nocase -filter {name =~ "ARM*#0" && jtag_cable_name =~ "Xilinx TUL 1234-tulA"} -index 0
rst -processor
targets -set -nocase -filter {name =~ "ARM*#0" && jtag_cable_name =~ "Xilinx TUL 1234-tulA"} -index 0
dow D:/Documents/Vivado_data/hw2/hw2.sdk/hw2_sw/Debug/hw2_sw.elf
configparams force-mem-access 0
----------------End of Script----------------

00:48:58 INFO  : Memory regions updated for context APU
00:48:58 INFO  : Context for processor 'ps7_cortexa9_0' is selected.
00:48:58 INFO  : 'con' command is executed.
00:48:58 INFO  : ----------------XSDB Script (After Launch)----------------
targets -set -nocase -filter {name =~ "ARM*#0" && jtag_cable_name =~ "Xilinx TUL 1234-tulA"} -index 0
con
----------------End of Script----------------

00:48:58 INFO  : Launch script is exported to file 'D:\Documents\Vivado_data\hw2\hw2.sdk\.sdk\launch_scripts\xilinx_c-c++_application_(system_debugger)\system_debugger_using_debug_hw2_sw.elf_on_local.tcl'
00:53:44 INFO  : Disconnected from the channel tcfchan#18.
00:57:51 INFO  : 'targets -set -filter {jtag_cable_name =~ "Xilinx TUL 1234-tulA" && level==0} -index 1' command is executed.
00:57:51 INFO  : 'fpga -state' command is executed.
00:57:51 INFO  : Connected to target on host '127.0.0.1' and port '3121'.
00:57:51 INFO  : Jtag cable 'Xilinx TUL 1234-tulA' is selected.
00:57:51 INFO  : 'jtag frequency' command is executed.
00:57:51 INFO  : Sourcing of 'D:/Documents/Vivado_data/hw2/hw2.sdk/hw2_wrapper_hw_platform_0/ps7_init.tcl' is done.
00:57:51 INFO  : Context for 'APU' is selected.
00:57:52 INFO  : Hardware design information is loaded from 'D:/Documents/Vivado_data/hw2/hw2.sdk/hw2_wrapper_hw_platform_0/system.hdf'.
00:57:52 INFO  : 'configparams force-mem-access 1' command is executed.
00:57:52 INFO  : Context for 'APU' is selected.
00:57:52 INFO  : 'stop' command is executed.
00:57:52 INFO  : 'ps7_init' command is executed.
00:57:52 INFO  : 'ps7_post_config' command is executed.
00:57:52 INFO  : Context for processor 'ps7_cortexa9_0' is selected.
00:57:52 INFO  : Processor reset is completed for 'ps7_cortexa9_0'.
00:57:52 INFO  : Context for processor 'ps7_cortexa9_0' is selected.
00:57:52 INFO  : The application 'D:/Documents/Vivado_data/hw2/hw2.sdk/hw2_sw/Debug/hw2_sw.elf' is downloaded to processor 'ps7_cortexa9_0'.
00:57:52 INFO  : 'configparams force-mem-access 0' command is executed.
00:57:52 INFO  : ----------------XSDB Script----------------
connect -url tcp:127.0.0.1:3121
source D:/Documents/Vivado_data/hw2/hw2.sdk/hw2_wrapper_hw_platform_0/ps7_init.tcl
targets -set -nocase -filter {name =~"APU*" && jtag_cable_name =~ "Xilinx TUL 1234-tulA"} -index 0
loadhw -hw D:/Documents/Vivado_data/hw2/hw2.sdk/hw2_wrapper_hw_platform_0/system.hdf -mem-ranges [list {0x40000000 0xbfffffff}]
configparams force-mem-access 1
targets -set -nocase -filter {name =~"APU*" && jtag_cable_name =~ "Xilinx TUL 1234-tulA"} -index 0
stop
ps7_init
ps7_post_config
targets -set -nocase -filter {name =~ "ARM*#0" && jtag_cable_name =~ "Xilinx TUL 1234-tulA"} -index 0
rst -processor
targets -set -nocase -filter {name =~ "ARM*#0" && jtag_cable_name =~ "Xilinx TUL 1234-tulA"} -index 0
dow D:/Documents/Vivado_data/hw2/hw2.sdk/hw2_sw/Debug/hw2_sw.elf
configparams force-mem-access 0
----------------End of Script----------------

00:57:52 INFO  : Memory regions updated for context APU
00:57:52 INFO  : Context for processor 'ps7_cortexa9_0' is selected.
00:57:52 INFO  : 'con' command is executed.
00:57:52 INFO  : ----------------XSDB Script (After Launch)----------------
targets -set -nocase -filter {name =~ "ARM*#0" && jtag_cable_name =~ "Xilinx TUL 1234-tulA"} -index 0
con
----------------End of Script----------------

00:57:52 INFO  : Launch script is exported to file 'D:\Documents\Vivado_data\hw2\hw2.sdk\.sdk\launch_scripts\xilinx_c-c++_application_(system_debugger)\system_debugger_using_debug_hw2_sw.elf_on_local.tcl'
01:58:37 INFO  : Disconnected from the channel tcfchan#19.
01:58:38 INFO  : 'targets -set -filter {jtag_cable_name =~ "Xilinx TUL 1234-tulA" && level==0} -index 1' command is executed.
01:58:38 INFO  : 'fpga -state' command is executed.
01:58:38 INFO  : Connected to target on host '127.0.0.1' and port '3121'.
01:58:38 INFO  : Jtag cable 'Xilinx TUL 1234-tulA' is selected.
01:58:38 INFO  : 'jtag frequency' command is executed.
01:58:38 INFO  : Sourcing of 'D:/Documents/Vivado_data/hw2/hw2.sdk/hw2_wrapper_hw_platform_0/ps7_init.tcl' is done.
01:58:38 INFO  : Context for 'APU' is selected.
01:58:39 INFO  : Hardware design information is loaded from 'D:/Documents/Vivado_data/hw2/hw2.sdk/hw2_wrapper_hw_platform_0/system.hdf'.
01:58:39 INFO  : 'configparams force-mem-access 1' command is executed.
01:58:39 INFO  : Context for 'APU' is selected.
01:58:39 INFO  : 'stop' command is executed.
01:58:39 INFO  : 'ps7_init' command is executed.
01:58:39 INFO  : 'ps7_post_config' command is executed.
01:58:39 INFO  : Context for processor 'ps7_cortexa9_0' is selected.
01:58:39 INFO  : Processor reset is completed for 'ps7_cortexa9_0'.
01:58:39 INFO  : Context for processor 'ps7_cortexa9_0' is selected.
01:58:39 INFO  : The application 'D:/Documents/Vivado_data/hw2/hw2.sdk/hw2_sw/Debug/hw2_sw.elf' is downloaded to processor 'ps7_cortexa9_0'.
01:58:39 INFO  : 'configparams force-mem-access 0' command is executed.
01:58:39 INFO  : ----------------XSDB Script----------------
connect -url tcp:127.0.0.1:3121
source D:/Documents/Vivado_data/hw2/hw2.sdk/hw2_wrapper_hw_platform_0/ps7_init.tcl
targets -set -nocase -filter {name =~"APU*" && jtag_cable_name =~ "Xilinx TUL 1234-tulA"} -index 0
loadhw -hw D:/Documents/Vivado_data/hw2/hw2.sdk/hw2_wrapper_hw_platform_0/system.hdf -mem-ranges [list {0x40000000 0xbfffffff}]
configparams force-mem-access 1
targets -set -nocase -filter {name =~"APU*" && jtag_cable_name =~ "Xilinx TUL 1234-tulA"} -index 0
stop
ps7_init
ps7_post_config
targets -set -nocase -filter {name =~ "ARM*#0" && jtag_cable_name =~ "Xilinx TUL 1234-tulA"} -index 0
rst -processor
targets -set -nocase -filter {name =~ "ARM*#0" && jtag_cable_name =~ "Xilinx TUL 1234-tulA"} -index 0
dow D:/Documents/Vivado_data/hw2/hw2.sdk/hw2_sw/Debug/hw2_sw.elf
configparams force-mem-access 0
----------------End of Script----------------

01:58:39 INFO  : Memory regions updated for context APU
01:58:39 INFO  : Context for processor 'ps7_cortexa9_0' is selected.
01:58:39 INFO  : 'con' command is executed.
01:58:39 INFO  : ----------------XSDB Script (After Launch)----------------
targets -set -nocase -filter {name =~ "ARM*#0" && jtag_cable_name =~ "Xilinx TUL 1234-tulA"} -index 0
con
----------------End of Script----------------

01:58:39 INFO  : Launch script is exported to file 'D:\Documents\Vivado_data\hw2\hw2.sdk\.sdk\launch_scripts\xilinx_c-c++_application_(system_debugger)\system_debugger_using_debug_hw2_sw.elf_on_local.tcl'
01:58:58 INFO  : Disconnected from the channel tcfchan#20.
01:58:59 INFO  : 'targets -set -filter {jtag_cable_name =~ "Xilinx TUL 1234-tulA" && level==0} -index 1' command is executed.
01:58:59 INFO  : 'fpga -state' command is executed.
01:58:59 INFO  : Connected to target on host '127.0.0.1' and port '3121'.
01:58:59 INFO  : Jtag cable 'Xilinx TUL 1234-tulA' is selected.
01:58:59 INFO  : 'jtag frequency' command is executed.
01:58:59 INFO  : Sourcing of 'D:/Documents/Vivado_data/hw2/hw2.sdk/hw2_wrapper_hw_platform_0/ps7_init.tcl' is done.
01:59:00 INFO  : Context for 'APU' is selected.
01:59:00 INFO  : Hardware design information is loaded from 'D:/Documents/Vivado_data/hw2/hw2.sdk/hw2_wrapper_hw_platform_0/system.hdf'.
01:59:00 INFO  : 'configparams force-mem-access 1' command is executed.
01:59:00 INFO  : Context for 'APU' is selected.
01:59:00 INFO  : 'stop' command is executed.
01:59:01 INFO  : 'ps7_init' command is executed.
01:59:01 INFO  : 'ps7_post_config' command is executed.
01:59:01 INFO  : Context for processor 'ps7_cortexa9_0' is selected.
01:59:01 INFO  : Processor reset is completed for 'ps7_cortexa9_0'.
01:59:01 INFO  : Context for processor 'ps7_cortexa9_0' is selected.
01:59:01 INFO  : The application 'D:/Documents/Vivado_data/hw2/hw2.sdk/hw2_sw/Debug/hw2_sw.elf' is downloaded to processor 'ps7_cortexa9_0'.
01:59:01 INFO  : 'configparams force-mem-access 0' command is executed.
01:59:01 INFO  : ----------------XSDB Script----------------
connect -url tcp:127.0.0.1:3121
source D:/Documents/Vivado_data/hw2/hw2.sdk/hw2_wrapper_hw_platform_0/ps7_init.tcl
targets -set -nocase -filter {name =~"APU*" && jtag_cable_name =~ "Xilinx TUL 1234-tulA"} -index 0
loadhw -hw D:/Documents/Vivado_data/hw2/hw2.sdk/hw2_wrapper_hw_platform_0/system.hdf -mem-ranges [list {0x40000000 0xbfffffff}]
configparams force-mem-access 1
targets -set -nocase -filter {name =~"APU*" && jtag_cable_name =~ "Xilinx TUL 1234-tulA"} -index 0
stop
ps7_init
ps7_post_config
targets -set -nocase -filter {name =~ "ARM*#0" && jtag_cable_name =~ "Xilinx TUL 1234-tulA"} -index 0
rst -processor
targets -set -nocase -filter {name =~ "ARM*#0" && jtag_cable_name =~ "Xilinx TUL 1234-tulA"} -index 0
dow D:/Documents/Vivado_data/hw2/hw2.sdk/hw2_sw/Debug/hw2_sw.elf
configparams force-mem-access 0
----------------End of Script----------------

01:59:01 INFO  : Memory regions updated for context APU
01:59:01 INFO  : Context for processor 'ps7_cortexa9_0' is selected.
01:59:01 INFO  : 'con' command is executed.
01:59:01 INFO  : ----------------XSDB Script (After Launch)----------------
targets -set -nocase -filter {name =~ "ARM*#0" && jtag_cable_name =~ "Xilinx TUL 1234-tulA"} -index 0
con
----------------End of Script----------------

01:59:01 INFO  : Launch script is exported to file 'D:\Documents\Vivado_data\hw2\hw2.sdk\.sdk\launch_scripts\xilinx_c-c++_application_(system_debugger)\system_debugger_using_debug_hw2_sw.elf_on_local.tcl'
01:59:28 INFO  : Disconnected from the channel tcfchan#21.
01:59:29 INFO  : 'targets -set -filter {jtag_cable_name =~ "Xilinx TUL 1234-tulA" && level==0} -index 1' command is executed.
01:59:29 INFO  : 'fpga -state' command is executed.
01:59:29 INFO  : Connected to target on host '127.0.0.1' and port '3121'.
01:59:29 INFO  : Jtag cable 'Xilinx TUL 1234-tulA' is selected.
01:59:29 INFO  : 'jtag frequency' command is executed.
01:59:29 INFO  : Sourcing of 'D:/Documents/Vivado_data/hw2/hw2.sdk/hw2_wrapper_hw_platform_0/ps7_init.tcl' is done.
01:59:29 INFO  : Context for 'APU' is selected.
01:59:30 INFO  : Hardware design information is loaded from 'D:/Documents/Vivado_data/hw2/hw2.sdk/hw2_wrapper_hw_platform_0/system.hdf'.
01:59:30 INFO  : 'configparams force-mem-access 1' command is executed.
01:59:30 INFO  : Context for 'APU' is selected.
01:59:30 INFO  : 'stop' command is executed.
01:59:31 INFO  : 'ps7_init' command is executed.
01:59:31 INFO  : 'ps7_post_config' command is executed.
01:59:31 INFO  : Context for processor 'ps7_cortexa9_0' is selected.
01:59:31 INFO  : Processor reset is completed for 'ps7_cortexa9_0'.
01:59:31 INFO  : Context for processor 'ps7_cortexa9_0' is selected.
01:59:31 INFO  : The application 'D:/Documents/Vivado_data/hw2/hw2.sdk/hw2_sw/Debug/hw2_sw.elf' is downloaded to processor 'ps7_cortexa9_0'.
01:59:31 INFO  : 'configparams force-mem-access 0' command is executed.
01:59:31 INFO  : ----------------XSDB Script----------------
connect -url tcp:127.0.0.1:3121
source D:/Documents/Vivado_data/hw2/hw2.sdk/hw2_wrapper_hw_platform_0/ps7_init.tcl
targets -set -nocase -filter {name =~"APU*" && jtag_cable_name =~ "Xilinx TUL 1234-tulA"} -index 0
loadhw -hw D:/Documents/Vivado_data/hw2/hw2.sdk/hw2_wrapper_hw_platform_0/system.hdf -mem-ranges [list {0x40000000 0xbfffffff}]
configparams force-mem-access 1
targets -set -nocase -filter {name =~"APU*" && jtag_cable_name =~ "Xilinx TUL 1234-tulA"} -index 0
stop
ps7_init
ps7_post_config
targets -set -nocase -filter {name =~ "ARM*#0" && jtag_cable_name =~ "Xilinx TUL 1234-tulA"} -index 0
rst -processor
targets -set -nocase -filter {name =~ "ARM*#0" && jtag_cable_name =~ "Xilinx TUL 1234-tulA"} -index 0
dow D:/Documents/Vivado_data/hw2/hw2.sdk/hw2_sw/Debug/hw2_sw.elf
configparams force-mem-access 0
----------------End of Script----------------

01:59:31 INFO  : Memory regions updated for context APU
01:59:31 INFO  : Context for processor 'ps7_cortexa9_0' is selected.
01:59:31 INFO  : 'con' command is executed.
01:59:31 INFO  : ----------------XSDB Script (After Launch)----------------
targets -set -nocase -filter {name =~ "ARM*#0" && jtag_cable_name =~ "Xilinx TUL 1234-tulA"} -index 0
con
----------------End of Script----------------

01:59:31 INFO  : Launch script is exported to file 'D:\Documents\Vivado_data\hw2\hw2.sdk\.sdk\launch_scripts\xilinx_c-c++_application_(system_debugger)\system_debugger_using_debug_hw2_sw.elf_on_local.tcl'
02:00:47 INFO  : Disconnected from the channel tcfchan#22.
02:00:48 INFO  : 'targets -set -filter {jtag_cable_name =~ "Xilinx TUL 1234-tulA" && level==0} -index 1' command is executed.
02:00:48 INFO  : 'fpga -state' command is executed.
02:00:48 INFO  : Connected to target on host '127.0.0.1' and port '3121'.
02:00:48 INFO  : Jtag cable 'Xilinx TUL 1234-tulA' is selected.
02:00:48 INFO  : 'jtag frequency' command is executed.
02:00:48 INFO  : Sourcing of 'D:/Documents/Vivado_data/hw2/hw2.sdk/hw2_wrapper_hw_platform_0/ps7_init.tcl' is done.
02:00:48 INFO  : Context for 'APU' is selected.
02:00:49 INFO  : Hardware design information is loaded from 'D:/Documents/Vivado_data/hw2/hw2.sdk/hw2_wrapper_hw_platform_0/system.hdf'.
02:00:49 INFO  : 'configparams force-mem-access 1' command is executed.
02:00:49 INFO  : Context for 'APU' is selected.
02:00:49 INFO  : 'stop' command is executed.
02:00:50 INFO  : 'ps7_init' command is executed.
02:00:50 INFO  : 'ps7_post_config' command is executed.
02:00:50 INFO  : Context for processor 'ps7_cortexa9_0' is selected.
02:00:50 INFO  : Processor reset is completed for 'ps7_cortexa9_0'.
02:00:50 INFO  : Context for processor 'ps7_cortexa9_0' is selected.
02:00:50 INFO  : The application 'D:/Documents/Vivado_data/hw2/hw2.sdk/hw2_sw/Debug/hw2_sw.elf' is downloaded to processor 'ps7_cortexa9_0'.
02:00:50 INFO  : 'configparams force-mem-access 0' command is executed.
02:00:50 INFO  : ----------------XSDB Script----------------
connect -url tcp:127.0.0.1:3121
source D:/Documents/Vivado_data/hw2/hw2.sdk/hw2_wrapper_hw_platform_0/ps7_init.tcl
targets -set -nocase -filter {name =~"APU*" && jtag_cable_name =~ "Xilinx TUL 1234-tulA"} -index 0
loadhw -hw D:/Documents/Vivado_data/hw2/hw2.sdk/hw2_wrapper_hw_platform_0/system.hdf -mem-ranges [list {0x40000000 0xbfffffff}]
configparams force-mem-access 1
targets -set -nocase -filter {name =~"APU*" && jtag_cable_name =~ "Xilinx TUL 1234-tulA"} -index 0
stop
ps7_init
ps7_post_config
targets -set -nocase -filter {name =~ "ARM*#0" && jtag_cable_name =~ "Xilinx TUL 1234-tulA"} -index 0
rst -processor
targets -set -nocase -filter {name =~ "ARM*#0" && jtag_cable_name =~ "Xilinx TUL 1234-tulA"} -index 0
dow D:/Documents/Vivado_data/hw2/hw2.sdk/hw2_sw/Debug/hw2_sw.elf
configparams force-mem-access 0
----------------End of Script----------------

02:00:50 INFO  : Memory regions updated for context APU
02:00:50 INFO  : Context for processor 'ps7_cortexa9_0' is selected.
02:00:50 INFO  : 'con' command is executed.
02:00:50 INFO  : ----------------XSDB Script (After Launch)----------------
targets -set -nocase -filter {name =~ "ARM*#0" && jtag_cable_name =~ "Xilinx TUL 1234-tulA"} -index 0
con
----------------End of Script----------------

02:00:50 INFO  : Launch script is exported to file 'D:\Documents\Vivado_data\hw2\hw2.sdk\.sdk\launch_scripts\xilinx_c-c++_application_(system_debugger)\system_debugger_using_debug_hw2_sw.elf_on_local.tcl'
02:07:26 INFO  : Disconnected from the channel tcfchan#23.
02:07:27 INFO  : 'targets -set -filter {jtag_cable_name =~ "Xilinx TUL 1234-tulA" && level==0} -index 1' command is executed.
02:07:27 INFO  : 'fpga -state' command is executed.
02:07:27 INFO  : Connected to target on host '127.0.0.1' and port '3121'.
02:07:27 INFO  : Jtag cable 'Xilinx TUL 1234-tulA' is selected.
02:07:27 INFO  : 'jtag frequency' command is executed.
02:07:27 INFO  : Sourcing of 'D:/Documents/Vivado_data/hw2/hw2.sdk/hw2_wrapper_hw_platform_0/ps7_init.tcl' is done.
02:07:27 INFO  : Context for 'APU' is selected.
02:07:28 INFO  : Hardware design information is loaded from 'D:/Documents/Vivado_data/hw2/hw2.sdk/hw2_wrapper_hw_platform_0/system.hdf'.
02:07:28 INFO  : 'configparams force-mem-access 1' command is executed.
02:07:28 INFO  : Context for 'APU' is selected.
02:07:28 INFO  : 'stop' command is executed.
02:07:29 INFO  : 'ps7_init' command is executed.
02:07:29 INFO  : 'ps7_post_config' command is executed.
02:07:29 INFO  : Context for processor 'ps7_cortexa9_0' is selected.
02:07:29 INFO  : Processor reset is completed for 'ps7_cortexa9_0'.
02:07:29 INFO  : Context for processor 'ps7_cortexa9_0' is selected.
02:07:29 INFO  : The application 'D:/Documents/Vivado_data/hw2/hw2.sdk/hw2_sw/Debug/hw2_sw.elf' is downloaded to processor 'ps7_cortexa9_0'.
02:07:29 INFO  : 'configparams force-mem-access 0' command is executed.
02:07:29 INFO  : ----------------XSDB Script----------------
connect -url tcp:127.0.0.1:3121
source D:/Documents/Vivado_data/hw2/hw2.sdk/hw2_wrapper_hw_platform_0/ps7_init.tcl
targets -set -nocase -filter {name =~"APU*" && jtag_cable_name =~ "Xilinx TUL 1234-tulA"} -index 0
loadhw -hw D:/Documents/Vivado_data/hw2/hw2.sdk/hw2_wrapper_hw_platform_0/system.hdf -mem-ranges [list {0x40000000 0xbfffffff}]
configparams force-mem-access 1
targets -set -nocase -filter {name =~"APU*" && jtag_cable_name =~ "Xilinx TUL 1234-tulA"} -index 0
stop
ps7_init
ps7_post_config
targets -set -nocase -filter {name =~ "ARM*#0" && jtag_cable_name =~ "Xilinx TUL 1234-tulA"} -index 0
rst -processor
targets -set -nocase -filter {name =~ "ARM*#0" && jtag_cable_name =~ "Xilinx TUL 1234-tulA"} -index 0
dow D:/Documents/Vivado_data/hw2/hw2.sdk/hw2_sw/Debug/hw2_sw.elf
configparams force-mem-access 0
----------------End of Script----------------

02:07:29 INFO  : Memory regions updated for context APU
02:07:29 INFO  : Context for processor 'ps7_cortexa9_0' is selected.
02:07:29 INFO  : 'con' command is executed.
02:07:29 INFO  : ----------------XSDB Script (After Launch)----------------
targets -set -nocase -filter {name =~ "ARM*#0" && jtag_cable_name =~ "Xilinx TUL 1234-tulA"} -index 0
con
----------------End of Script----------------

02:07:29 INFO  : Launch script is exported to file 'D:\Documents\Vivado_data\hw2\hw2.sdk\.sdk\launch_scripts\xilinx_c-c++_application_(system_debugger)\system_debugger_using_debug_hw2_sw.elf_on_local.tcl'
02:07:33 INFO  : Disconnected from the channel tcfchan#24.
02:07:34 INFO  : 'targets -set -filter {jtag_cable_name =~ "Xilinx TUL 1234-tulA" && level==0} -index 1' command is executed.
02:07:34 INFO  : 'fpga -state' command is executed.
02:07:34 INFO  : Connected to target on host '127.0.0.1' and port '3121'.
02:07:34 INFO  : Jtag cable 'Xilinx TUL 1234-tulA' is selected.
02:07:34 INFO  : 'jtag frequency' command is executed.
02:07:34 INFO  : Sourcing of 'D:/Documents/Vivado_data/hw2/hw2.sdk/hw2_wrapper_hw_platform_0/ps7_init.tcl' is done.
02:07:34 INFO  : Context for 'APU' is selected.
02:07:35 INFO  : Hardware design information is loaded from 'D:/Documents/Vivado_data/hw2/hw2.sdk/hw2_wrapper_hw_platform_0/system.hdf'.
02:07:35 INFO  : 'configparams force-mem-access 1' command is executed.
02:07:35 INFO  : Context for 'APU' is selected.
02:07:35 INFO  : 'stop' command is executed.
02:07:36 INFO  : 'ps7_init' command is executed.
02:07:36 INFO  : 'ps7_post_config' command is executed.
02:07:36 INFO  : Context for processor 'ps7_cortexa9_0' is selected.
02:07:36 INFO  : Processor reset is completed for 'ps7_cortexa9_0'.
02:07:36 INFO  : Context for processor 'ps7_cortexa9_0' is selected.
02:07:36 INFO  : The application 'D:/Documents/Vivado_data/hw2/hw2.sdk/hw2_sw/Debug/hw2_sw.elf' is downloaded to processor 'ps7_cortexa9_0'.
02:07:36 INFO  : 'configparams force-mem-access 0' command is executed.
02:07:36 INFO  : ----------------XSDB Script----------------
connect -url tcp:127.0.0.1:3121
source D:/Documents/Vivado_data/hw2/hw2.sdk/hw2_wrapper_hw_platform_0/ps7_init.tcl
targets -set -nocase -filter {name =~"APU*" && jtag_cable_name =~ "Xilinx TUL 1234-tulA"} -index 0
loadhw -hw D:/Documents/Vivado_data/hw2/hw2.sdk/hw2_wrapper_hw_platform_0/system.hdf -mem-ranges [list {0x40000000 0xbfffffff}]
configparams force-mem-access 1
targets -set -nocase -filter {name =~"APU*" && jtag_cable_name =~ "Xilinx TUL 1234-tulA"} -index 0
stop
ps7_init
ps7_post_config
targets -set -nocase -filter {name =~ "ARM*#0" && jtag_cable_name =~ "Xilinx TUL 1234-tulA"} -index 0
rst -processor
targets -set -nocase -filter {name =~ "ARM*#0" && jtag_cable_name =~ "Xilinx TUL 1234-tulA"} -index 0
dow D:/Documents/Vivado_data/hw2/hw2.sdk/hw2_sw/Debug/hw2_sw.elf
configparams force-mem-access 0
----------------End of Script----------------

02:07:36 INFO  : Memory regions updated for context APU
02:07:36 INFO  : Context for processor 'ps7_cortexa9_0' is selected.
02:07:36 INFO  : 'con' command is executed.
02:07:36 INFO  : ----------------XSDB Script (After Launch)----------------
targets -set -nocase -filter {name =~ "ARM*#0" && jtag_cable_name =~ "Xilinx TUL 1234-tulA"} -index 0
con
----------------End of Script----------------

02:07:36 INFO  : Launch script is exported to file 'D:\Documents\Vivado_data\hw2\hw2.sdk\.sdk\launch_scripts\xilinx_c-c++_application_(system_debugger)\system_debugger_using_debug_hw2_sw.elf_on_local.tcl'
02:09:19 INFO  : Disconnected from the channel tcfchan#25.
02:09:20 INFO  : 'targets -set -filter {jtag_cable_name =~ "Xilinx TUL 1234-tulA" && level==0} -index 1' command is executed.
02:09:20 INFO  : 'fpga -state' command is executed.
02:09:20 INFO  : Connected to target on host '127.0.0.1' and port '3121'.
02:09:20 INFO  : Jtag cable 'Xilinx TUL 1234-tulA' is selected.
02:09:20 INFO  : 'jtag frequency' command is executed.
02:09:20 INFO  : Sourcing of 'D:/Documents/Vivado_data/hw2/hw2.sdk/hw2_wrapper_hw_platform_0/ps7_init.tcl' is done.
02:09:20 INFO  : Context for 'APU' is selected.
02:09:21 INFO  : Hardware design information is loaded from 'D:/Documents/Vivado_data/hw2/hw2.sdk/hw2_wrapper_hw_platform_0/system.hdf'.
02:09:21 INFO  : 'configparams force-mem-access 1' command is executed.
02:09:21 INFO  : Context for 'APU' is selected.
02:09:21 INFO  : 'stop' command is executed.
02:09:21 INFO  : 'ps7_init' command is executed.
02:09:21 INFO  : 'ps7_post_config' command is executed.
02:09:21 INFO  : Context for processor 'ps7_cortexa9_0' is selected.
02:09:21 INFO  : Processor reset is completed for 'ps7_cortexa9_0'.
02:09:21 INFO  : Context for processor 'ps7_cortexa9_0' is selected.
02:09:21 INFO  : The application 'D:/Documents/Vivado_data/hw2/hw2.sdk/hw2_sw/Debug/hw2_sw.elf' is downloaded to processor 'ps7_cortexa9_0'.
02:09:21 INFO  : 'configparams force-mem-access 0' command is executed.
02:09:21 INFO  : ----------------XSDB Script----------------
connect -url tcp:127.0.0.1:3121
source D:/Documents/Vivado_data/hw2/hw2.sdk/hw2_wrapper_hw_platform_0/ps7_init.tcl
targets -set -nocase -filter {name =~"APU*" && jtag_cable_name =~ "Xilinx TUL 1234-tulA"} -index 0
loadhw -hw D:/Documents/Vivado_data/hw2/hw2.sdk/hw2_wrapper_hw_platform_0/system.hdf -mem-ranges [list {0x40000000 0xbfffffff}]
configparams force-mem-access 1
targets -set -nocase -filter {name =~"APU*" && jtag_cable_name =~ "Xilinx TUL 1234-tulA"} -index 0
stop
ps7_init
ps7_post_config
targets -set -nocase -filter {name =~ "ARM*#0" && jtag_cable_name =~ "Xilinx TUL 1234-tulA"} -index 0
rst -processor
targets -set -nocase -filter {name =~ "ARM*#0" && jtag_cable_name =~ "Xilinx TUL 1234-tulA"} -index 0
dow D:/Documents/Vivado_data/hw2/hw2.sdk/hw2_sw/Debug/hw2_sw.elf
configparams force-mem-access 0
----------------End of Script----------------

02:09:21 INFO  : Memory regions updated for context APU
02:09:21 INFO  : Context for processor 'ps7_cortexa9_0' is selected.
02:09:21 INFO  : 'con' command is executed.
02:09:21 INFO  : ----------------XSDB Script (After Launch)----------------
targets -set -nocase -filter {name =~ "ARM*#0" && jtag_cable_name =~ "Xilinx TUL 1234-tulA"} -index 0
con
----------------End of Script----------------

02:09:21 INFO  : Launch script is exported to file 'D:\Documents\Vivado_data\hw2\hw2.sdk\.sdk\launch_scripts\xilinx_c-c++_application_(system_debugger)\system_debugger_using_debug_hw2_sw.elf_on_local.tcl'
02:15:04 INFO  : Disconnected from the channel tcfchan#26.
02:15:05 INFO  : 'targets -set -filter {jtag_cable_name =~ "Xilinx TUL 1234-tulA" && level==0} -index 1' command is executed.
02:15:05 INFO  : 'fpga -state' command is executed.
02:15:05 INFO  : Connected to target on host '127.0.0.1' and port '3121'.
02:15:05 INFO  : Jtag cable 'Xilinx TUL 1234-tulA' is selected.
02:15:05 INFO  : 'jtag frequency' command is executed.
02:15:05 INFO  : Sourcing of 'D:/Documents/Vivado_data/hw2/hw2.sdk/hw2_wrapper_hw_platform_0/ps7_init.tcl' is done.
02:15:05 INFO  : Context for 'APU' is selected.
02:15:06 INFO  : Hardware design information is loaded from 'D:/Documents/Vivado_data/hw2/hw2.sdk/hw2_wrapper_hw_platform_0/system.hdf'.
02:15:06 INFO  : 'configparams force-mem-access 1' command is executed.
02:15:06 INFO  : Context for 'APU' is selected.
02:15:06 INFO  : 'stop' command is executed.
02:15:06 INFO  : 'ps7_init' command is executed.
02:15:06 INFO  : 'ps7_post_config' command is executed.
02:15:06 INFO  : Context for processor 'ps7_cortexa9_0' is selected.
02:15:06 INFO  : Processor reset is completed for 'ps7_cortexa9_0'.
02:15:06 INFO  : Context for processor 'ps7_cortexa9_0' is selected.
02:15:06 INFO  : The application 'D:/Documents/Vivado_data/hw2/hw2.sdk/hw2_sw/Debug/hw2_sw.elf' is downloaded to processor 'ps7_cortexa9_0'.
02:15:06 INFO  : 'configparams force-mem-access 0' command is executed.
02:15:06 INFO  : ----------------XSDB Script----------------
connect -url tcp:127.0.0.1:3121
source D:/Documents/Vivado_data/hw2/hw2.sdk/hw2_wrapper_hw_platform_0/ps7_init.tcl
targets -set -nocase -filter {name =~"APU*" && jtag_cable_name =~ "Xilinx TUL 1234-tulA"} -index 0
loadhw -hw D:/Documents/Vivado_data/hw2/hw2.sdk/hw2_wrapper_hw_platform_0/system.hdf -mem-ranges [list {0x40000000 0xbfffffff}]
configparams force-mem-access 1
targets -set -nocase -filter {name =~"APU*" && jtag_cable_name =~ "Xilinx TUL 1234-tulA"} -index 0
stop
ps7_init
ps7_post_config
targets -set -nocase -filter {name =~ "ARM*#0" && jtag_cable_name =~ "Xilinx TUL 1234-tulA"} -index 0
rst -processor
targets -set -nocase -filter {name =~ "ARM*#0" && jtag_cable_name =~ "Xilinx TUL 1234-tulA"} -index 0
dow D:/Documents/Vivado_data/hw2/hw2.sdk/hw2_sw/Debug/hw2_sw.elf
configparams force-mem-access 0
----------------End of Script----------------

02:15:06 INFO  : Memory regions updated for context APU
02:15:06 INFO  : Context for processor 'ps7_cortexa9_0' is selected.
02:15:06 INFO  : 'con' command is executed.
02:15:06 INFO  : ----------------XSDB Script (After Launch)----------------
targets -set -nocase -filter {name =~ "ARM*#0" && jtag_cable_name =~ "Xilinx TUL 1234-tulA"} -index 0
con
----------------End of Script----------------

02:15:06 INFO  : Launch script is exported to file 'D:\Documents\Vivado_data\hw2\hw2.sdk\.sdk\launch_scripts\xilinx_c-c++_application_(system_debugger)\system_debugger_using_debug_hw2_sw.elf_on_local.tcl'
02:15:19 INFO  : Disconnected from the channel tcfchan#27.
02:15:20 INFO  : 'targets -set -filter {jtag_cable_name =~ "Xilinx TUL 1234-tulA" && level==0} -index 1' command is executed.
02:15:20 INFO  : 'fpga -state' command is executed.
02:15:20 INFO  : Connected to target on host '127.0.0.1' and port '3121'.
02:15:20 INFO  : Jtag cable 'Xilinx TUL 1234-tulA' is selected.
02:15:20 INFO  : 'jtag frequency' command is executed.
02:15:20 INFO  : Sourcing of 'D:/Documents/Vivado_data/hw2/hw2.sdk/hw2_wrapper_hw_platform_0/ps7_init.tcl' is done.
02:15:20 INFO  : Context for 'APU' is selected.
02:15:21 INFO  : Hardware design information is loaded from 'D:/Documents/Vivado_data/hw2/hw2.sdk/hw2_wrapper_hw_platform_0/system.hdf'.
02:15:21 INFO  : 'configparams force-mem-access 1' command is executed.
02:15:21 INFO  : Context for 'APU' is selected.
02:15:21 INFO  : 'stop' command is executed.
02:15:21 INFO  : 'ps7_init' command is executed.
02:15:21 INFO  : 'ps7_post_config' command is executed.
02:15:21 INFO  : Context for processor 'ps7_cortexa9_0' is selected.
02:15:21 INFO  : Processor reset is completed for 'ps7_cortexa9_0'.
02:15:21 INFO  : Context for processor 'ps7_cortexa9_0' is selected.
02:15:22 INFO  : The application 'D:/Documents/Vivado_data/hw2/hw2.sdk/hw2_sw/Debug/hw2_sw.elf' is downloaded to processor 'ps7_cortexa9_0'.
02:15:22 INFO  : 'configparams force-mem-access 0' command is executed.
02:15:22 INFO  : ----------------XSDB Script----------------
connect -url tcp:127.0.0.1:3121
source D:/Documents/Vivado_data/hw2/hw2.sdk/hw2_wrapper_hw_platform_0/ps7_init.tcl
targets -set -nocase -filter {name =~"APU*" && jtag_cable_name =~ "Xilinx TUL 1234-tulA"} -index 0
loadhw -hw D:/Documents/Vivado_data/hw2/hw2.sdk/hw2_wrapper_hw_platform_0/system.hdf -mem-ranges [list {0x40000000 0xbfffffff}]
configparams force-mem-access 1
targets -set -nocase -filter {name =~"APU*" && jtag_cable_name =~ "Xilinx TUL 1234-tulA"} -index 0
stop
ps7_init
ps7_post_config
targets -set -nocase -filter {name =~ "ARM*#0" && jtag_cable_name =~ "Xilinx TUL 1234-tulA"} -index 0
rst -processor
targets -set -nocase -filter {name =~ "ARM*#0" && jtag_cable_name =~ "Xilinx TUL 1234-tulA"} -index 0
dow D:/Documents/Vivado_data/hw2/hw2.sdk/hw2_sw/Debug/hw2_sw.elf
configparams force-mem-access 0
----------------End of Script----------------

02:15:22 INFO  : Memory regions updated for context APU
02:15:22 INFO  : Context for processor 'ps7_cortexa9_0' is selected.
02:15:22 INFO  : 'con' command is executed.
02:15:22 INFO  : ----------------XSDB Script (After Launch)----------------
targets -set -nocase -filter {name =~ "ARM*#0" && jtag_cable_name =~ "Xilinx TUL 1234-tulA"} -index 0
con
----------------End of Script----------------

02:15:22 INFO  : Launch script is exported to file 'D:\Documents\Vivado_data\hw2\hw2.sdk\.sdk\launch_scripts\xilinx_c-c++_application_(system_debugger)\system_debugger_using_debug_hw2_sw.elf_on_local.tcl'
02:15:30 INFO  : Disconnected from the channel tcfchan#28.
02:15:31 INFO  : 'targets -set -filter {jtag_cable_name =~ "Xilinx TUL 1234-tulA" && level==0} -index 1' command is executed.
02:15:31 INFO  : 'fpga -state' command is executed.
02:15:31 INFO  : Connected to target on host '127.0.0.1' and port '3121'.
02:15:31 INFO  : Jtag cable 'Xilinx TUL 1234-tulA' is selected.
02:15:31 INFO  : 'jtag frequency' command is executed.
02:15:31 INFO  : Sourcing of 'D:/Documents/Vivado_data/hw2/hw2.sdk/hw2_wrapper_hw_platform_0/ps7_init.tcl' is done.
02:15:31 INFO  : Context for 'APU' is selected.
02:15:32 INFO  : Hardware design information is loaded from 'D:/Documents/Vivado_data/hw2/hw2.sdk/hw2_wrapper_hw_platform_0/system.hdf'.
02:15:32 INFO  : 'configparams force-mem-access 1' command is executed.
02:15:32 INFO  : Context for 'APU' is selected.
02:15:32 INFO  : 'stop' command is executed.
02:15:32 INFO  : 'ps7_init' command is executed.
02:15:32 INFO  : 'ps7_post_config' command is executed.
02:15:32 INFO  : Context for processor 'ps7_cortexa9_0' is selected.
02:15:32 INFO  : Processor reset is completed for 'ps7_cortexa9_0'.
02:15:32 INFO  : Context for processor 'ps7_cortexa9_0' is selected.
02:15:32 INFO  : The application 'D:/Documents/Vivado_data/hw2/hw2.sdk/hw2_sw/Debug/hw2_sw.elf' is downloaded to processor 'ps7_cortexa9_0'.
02:15:32 INFO  : 'configparams force-mem-access 0' command is executed.
02:15:32 INFO  : ----------------XSDB Script----------------
connect -url tcp:127.0.0.1:3121
source D:/Documents/Vivado_data/hw2/hw2.sdk/hw2_wrapper_hw_platform_0/ps7_init.tcl
targets -set -nocase -filter {name =~"APU*" && jtag_cable_name =~ "Xilinx TUL 1234-tulA"} -index 0
loadhw -hw D:/Documents/Vivado_data/hw2/hw2.sdk/hw2_wrapper_hw_platform_0/system.hdf -mem-ranges [list {0x40000000 0xbfffffff}]
configparams force-mem-access 1
targets -set -nocase -filter {name =~"APU*" && jtag_cable_name =~ "Xilinx TUL 1234-tulA"} -index 0
stop
ps7_init
ps7_post_config
targets -set -nocase -filter {name =~ "ARM*#0" && jtag_cable_name =~ "Xilinx TUL 1234-tulA"} -index 0
rst -processor
targets -set -nocase -filter {name =~ "ARM*#0" && jtag_cable_name =~ "Xilinx TUL 1234-tulA"} -index 0
dow D:/Documents/Vivado_data/hw2/hw2.sdk/hw2_sw/Debug/hw2_sw.elf
configparams force-mem-access 0
----------------End of Script----------------

02:15:32 INFO  : Memory regions updated for context APU
02:15:32 INFO  : Context for processor 'ps7_cortexa9_0' is selected.
02:15:32 INFO  : 'con' command is executed.
02:15:32 INFO  : ----------------XSDB Script (After Launch)----------------
targets -set -nocase -filter {name =~ "ARM*#0" && jtag_cable_name =~ "Xilinx TUL 1234-tulA"} -index 0
con
----------------End of Script----------------

02:15:32 INFO  : Launch script is exported to file 'D:\Documents\Vivado_data\hw2\hw2.sdk\.sdk\launch_scripts\xilinx_c-c++_application_(system_debugger)\system_debugger_using_debug_hw2_sw.elf_on_local.tcl'
02:17:14 INFO  : Disconnected from the channel tcfchan#29.
02:17:15 INFO  : 'targets -set -filter {jtag_cable_name =~ "Xilinx TUL 1234-tulA" && level==0} -index 1' command is executed.
02:17:15 INFO  : 'fpga -state' command is executed.
02:17:15 INFO  : Connected to target on host '127.0.0.1' and port '3121'.
02:17:15 INFO  : Jtag cable 'Xilinx TUL 1234-tulA' is selected.
02:17:15 INFO  : 'jtag frequency' command is executed.
02:17:15 INFO  : Sourcing of 'D:/Documents/Vivado_data/hw2/hw2.sdk/hw2_wrapper_hw_platform_0/ps7_init.tcl' is done.
02:17:15 INFO  : Context for 'APU' is selected.
02:17:16 INFO  : Hardware design information is loaded from 'D:/Documents/Vivado_data/hw2/hw2.sdk/hw2_wrapper_hw_platform_0/system.hdf'.
02:17:16 INFO  : 'configparams force-mem-access 1' command is executed.
02:17:16 INFO  : Context for 'APU' is selected.
02:17:16 INFO  : 'stop' command is executed.
02:17:16 INFO  : 'ps7_init' command is executed.
02:17:16 INFO  : 'ps7_post_config' command is executed.
02:17:16 INFO  : Context for processor 'ps7_cortexa9_0' is selected.
02:17:16 INFO  : Processor reset is completed for 'ps7_cortexa9_0'.
02:17:17 INFO  : Context for processor 'ps7_cortexa9_0' is selected.
02:17:17 INFO  : The application 'D:/Documents/Vivado_data/hw2/hw2.sdk/hw2_sw/Debug/hw2_sw.elf' is downloaded to processor 'ps7_cortexa9_0'.
02:17:17 INFO  : 'configparams force-mem-access 0' command is executed.
02:17:17 INFO  : ----------------XSDB Script----------------
connect -url tcp:127.0.0.1:3121
source D:/Documents/Vivado_data/hw2/hw2.sdk/hw2_wrapper_hw_platform_0/ps7_init.tcl
targets -set -nocase -filter {name =~"APU*" && jtag_cable_name =~ "Xilinx TUL 1234-tulA"} -index 0
loadhw -hw D:/Documents/Vivado_data/hw2/hw2.sdk/hw2_wrapper_hw_platform_0/system.hdf -mem-ranges [list {0x40000000 0xbfffffff}]
configparams force-mem-access 1
targets -set -nocase -filter {name =~"APU*" && jtag_cable_name =~ "Xilinx TUL 1234-tulA"} -index 0
stop
ps7_init
ps7_post_config
targets -set -nocase -filter {name =~ "ARM*#0" && jtag_cable_name =~ "Xilinx TUL 1234-tulA"} -index 0
rst -processor
targets -set -nocase -filter {name =~ "ARM*#0" && jtag_cable_name =~ "Xilinx TUL 1234-tulA"} -index 0
dow D:/Documents/Vivado_data/hw2/hw2.sdk/hw2_sw/Debug/hw2_sw.elf
configparams force-mem-access 0
----------------End of Script----------------

02:17:17 INFO  : Memory regions updated for context APU
02:17:17 INFO  : Context for processor 'ps7_cortexa9_0' is selected.
02:17:17 INFO  : 'con' command is executed.
02:17:17 INFO  : ----------------XSDB Script (After Launch)----------------
targets -set -nocase -filter {name =~ "ARM*#0" && jtag_cable_name =~ "Xilinx TUL 1234-tulA"} -index 0
con
----------------End of Script----------------

02:17:17 INFO  : Launch script is exported to file 'D:\Documents\Vivado_data\hw2\hw2.sdk\.sdk\launch_scripts\xilinx_c-c++_application_(system_debugger)\system_debugger_using_debug_hw2_sw.elf_on_local.tcl'
02:17:43 INFO  : Disconnected from the channel tcfchan#30.
02:17:44 INFO  : 'targets -set -filter {jtag_cable_name =~ "Xilinx TUL 1234-tulA" && level==0} -index 1' command is executed.
02:17:44 INFO  : 'fpga -state' command is executed.
02:17:44 INFO  : Connected to target on host '127.0.0.1' and port '3121'.
02:17:44 INFO  : Jtag cable 'Xilinx TUL 1234-tulA' is selected.
02:17:44 INFO  : 'jtag frequency' command is executed.
02:17:44 INFO  : Sourcing of 'D:/Documents/Vivado_data/hw2/hw2.sdk/hw2_wrapper_hw_platform_0/ps7_init.tcl' is done.
02:17:44 INFO  : Context for 'APU' is selected.
02:17:45 INFO  : Hardware design information is loaded from 'D:/Documents/Vivado_data/hw2/hw2.sdk/hw2_wrapper_hw_platform_0/system.hdf'.
02:17:45 INFO  : 'configparams force-mem-access 1' command is executed.
02:17:45 INFO  : Context for 'APU' is selected.
02:17:45 INFO  : 'stop' command is executed.
02:17:45 INFO  : 'ps7_init' command is executed.
02:17:45 INFO  : 'ps7_post_config' command is executed.
02:17:45 INFO  : Context for processor 'ps7_cortexa9_0' is selected.
02:17:45 INFO  : Processor reset is completed for 'ps7_cortexa9_0'.
02:17:45 INFO  : Context for processor 'ps7_cortexa9_0' is selected.
02:17:45 INFO  : The application 'D:/Documents/Vivado_data/hw2/hw2.sdk/hw2_sw/Debug/hw2_sw.elf' is downloaded to processor 'ps7_cortexa9_0'.
02:17:45 INFO  : 'configparams force-mem-access 0' command is executed.
02:17:45 INFO  : ----------------XSDB Script----------------
connect -url tcp:127.0.0.1:3121
source D:/Documents/Vivado_data/hw2/hw2.sdk/hw2_wrapper_hw_platform_0/ps7_init.tcl
targets -set -nocase -filter {name =~"APU*" && jtag_cable_name =~ "Xilinx TUL 1234-tulA"} -index 0
loadhw -hw D:/Documents/Vivado_data/hw2/hw2.sdk/hw2_wrapper_hw_platform_0/system.hdf -mem-ranges [list {0x40000000 0xbfffffff}]
configparams force-mem-access 1
targets -set -nocase -filter {name =~"APU*" && jtag_cable_name =~ "Xilinx TUL 1234-tulA"} -index 0
stop
ps7_init
ps7_post_config
targets -set -nocase -filter {name =~ "ARM*#0" && jtag_cable_name =~ "Xilinx TUL 1234-tulA"} -index 0
rst -processor
targets -set -nocase -filter {name =~ "ARM*#0" && jtag_cable_name =~ "Xilinx TUL 1234-tulA"} -index 0
dow D:/Documents/Vivado_data/hw2/hw2.sdk/hw2_sw/Debug/hw2_sw.elf
configparams force-mem-access 0
----------------End of Script----------------

02:17:45 INFO  : Memory regions updated for context APU
02:17:45 INFO  : Context for processor 'ps7_cortexa9_0' is selected.
02:17:45 INFO  : 'con' command is executed.
02:17:45 INFO  : ----------------XSDB Script (After Launch)----------------
targets -set -nocase -filter {name =~ "ARM*#0" && jtag_cable_name =~ "Xilinx TUL 1234-tulA"} -index 0
con
----------------End of Script----------------

02:17:45 INFO  : Launch script is exported to file 'D:\Documents\Vivado_data\hw2\hw2.sdk\.sdk\launch_scripts\xilinx_c-c++_application_(system_debugger)\system_debugger_using_debug_hw2_sw.elf_on_local.tcl'
02:18:21 INFO  : Disconnected from the channel tcfchan#31.
02:18:22 INFO  : 'targets -set -filter {jtag_cable_name =~ "Xilinx TUL 1234-tulA" && level==0} -index 1' command is executed.
02:18:22 INFO  : 'fpga -state' command is executed.
02:18:22 INFO  : Connected to target on host '127.0.0.1' and port '3121'.
02:18:22 INFO  : Jtag cable 'Xilinx TUL 1234-tulA' is selected.
02:18:22 INFO  : 'jtag frequency' command is executed.
02:18:22 INFO  : Sourcing of 'D:/Documents/Vivado_data/hw2/hw2.sdk/hw2_wrapper_hw_platform_0/ps7_init.tcl' is done.
02:18:22 INFO  : Context for 'APU' is selected.
02:18:23 INFO  : Hardware design information is loaded from 'D:/Documents/Vivado_data/hw2/hw2.sdk/hw2_wrapper_hw_platform_0/system.hdf'.
02:18:23 INFO  : 'configparams force-mem-access 1' command is executed.
02:18:23 INFO  : Context for 'APU' is selected.
02:18:23 INFO  : 'stop' command is executed.
02:18:23 INFO  : 'ps7_init' command is executed.
02:18:23 INFO  : 'ps7_post_config' command is executed.
02:18:24 INFO  : Context for processor 'ps7_cortexa9_0' is selected.
02:18:24 INFO  : Processor reset is completed for 'ps7_cortexa9_0'.
02:18:24 INFO  : Context for processor 'ps7_cortexa9_0' is selected.
02:18:24 INFO  : The application 'D:/Documents/Vivado_data/hw2/hw2.sdk/hw2_sw/Debug/hw2_sw.elf' is downloaded to processor 'ps7_cortexa9_0'.
02:18:24 INFO  : 'configparams force-mem-access 0' command is executed.
02:18:24 INFO  : ----------------XSDB Script----------------
connect -url tcp:127.0.0.1:3121
source D:/Documents/Vivado_data/hw2/hw2.sdk/hw2_wrapper_hw_platform_0/ps7_init.tcl
targets -set -nocase -filter {name =~"APU*" && jtag_cable_name =~ "Xilinx TUL 1234-tulA"} -index 0
loadhw -hw D:/Documents/Vivado_data/hw2/hw2.sdk/hw2_wrapper_hw_platform_0/system.hdf -mem-ranges [list {0x40000000 0xbfffffff}]
configparams force-mem-access 1
targets -set -nocase -filter {name =~"APU*" && jtag_cable_name =~ "Xilinx TUL 1234-tulA"} -index 0
stop
ps7_init
ps7_post_config
targets -set -nocase -filter {name =~ "ARM*#0" && jtag_cable_name =~ "Xilinx TUL 1234-tulA"} -index 0
rst -processor
targets -set -nocase -filter {name =~ "ARM*#0" && jtag_cable_name =~ "Xilinx TUL 1234-tulA"} -index 0
dow D:/Documents/Vivado_data/hw2/hw2.sdk/hw2_sw/Debug/hw2_sw.elf
configparams force-mem-access 0
----------------End of Script----------------

02:18:24 INFO  : Memory regions updated for context APU
02:18:24 INFO  : Context for processor 'ps7_cortexa9_0' is selected.
02:18:24 INFO  : 'con' command is executed.
02:18:24 INFO  : ----------------XSDB Script (After Launch)----------------
targets -set -nocase -filter {name =~ "ARM*#0" && jtag_cable_name =~ "Xilinx TUL 1234-tulA"} -index 0
con
----------------End of Script----------------

02:18:24 INFO  : Launch script is exported to file 'D:\Documents\Vivado_data\hw2\hw2.sdk\.sdk\launch_scripts\xilinx_c-c++_application_(system_debugger)\system_debugger_using_debug_hw2_sw.elf_on_local.tcl'
02:19:49 INFO  : Disconnected from the channel tcfchan#32.
02:19:50 INFO  : 'targets -set -filter {jtag_cable_name =~ "Xilinx TUL 1234-tulA" && level==0} -index 1' command is executed.
02:19:50 INFO  : 'fpga -state' command is executed.
02:19:50 INFO  : Connected to target on host '127.0.0.1' and port '3121'.
02:19:51 INFO  : Jtag cable 'Xilinx TUL 1234-tulA' is selected.
02:19:51 INFO  : 'jtag frequency' command is executed.
02:19:51 INFO  : Sourcing of 'D:/Documents/Vivado_data/hw2/hw2.sdk/hw2_wrapper_hw_platform_0/ps7_init.tcl' is done.
02:19:51 INFO  : Context for 'APU' is selected.
02:19:51 INFO  : Hardware design information is loaded from 'D:/Documents/Vivado_data/hw2/hw2.sdk/hw2_wrapper_hw_platform_0/system.hdf'.
02:19:51 INFO  : 'configparams force-mem-access 1' command is executed.
02:19:51 INFO  : Context for 'APU' is selected.
02:19:52 INFO  : 'stop' command is executed.
02:19:52 INFO  : 'ps7_init' command is executed.
02:19:52 INFO  : 'ps7_post_config' command is executed.
02:19:52 INFO  : Context for processor 'ps7_cortexa9_0' is selected.
02:19:52 INFO  : Processor reset is completed for 'ps7_cortexa9_0'.
02:19:52 INFO  : Context for processor 'ps7_cortexa9_0' is selected.
02:19:52 INFO  : The application 'D:/Documents/Vivado_data/hw2/hw2.sdk/hw2_sw/Debug/hw2_sw.elf' is downloaded to processor 'ps7_cortexa9_0'.
02:19:52 INFO  : 'configparams force-mem-access 0' command is executed.
02:19:52 INFO  : ----------------XSDB Script----------------
connect -url tcp:127.0.0.1:3121
source D:/Documents/Vivado_data/hw2/hw2.sdk/hw2_wrapper_hw_platform_0/ps7_init.tcl
targets -set -nocase -filter {name =~"APU*" && jtag_cable_name =~ "Xilinx TUL 1234-tulA"} -index 0
loadhw -hw D:/Documents/Vivado_data/hw2/hw2.sdk/hw2_wrapper_hw_platform_0/system.hdf -mem-ranges [list {0x40000000 0xbfffffff}]
configparams force-mem-access 1
targets -set -nocase -filter {name =~"APU*" && jtag_cable_name =~ "Xilinx TUL 1234-tulA"} -index 0
stop
ps7_init
ps7_post_config
targets -set -nocase -filter {name =~ "ARM*#0" && jtag_cable_name =~ "Xilinx TUL 1234-tulA"} -index 0
rst -processor
targets -set -nocase -filter {name =~ "ARM*#0" && jtag_cable_name =~ "Xilinx TUL 1234-tulA"} -index 0
dow D:/Documents/Vivado_data/hw2/hw2.sdk/hw2_sw/Debug/hw2_sw.elf
configparams force-mem-access 0
----------------End of Script----------------

02:19:52 INFO  : Memory regions updated for context APU
02:19:52 INFO  : Context for processor 'ps7_cortexa9_0' is selected.
02:19:52 INFO  : 'con' command is executed.
02:19:52 INFO  : ----------------XSDB Script (After Launch)----------------
targets -set -nocase -filter {name =~ "ARM*#0" && jtag_cable_name =~ "Xilinx TUL 1234-tulA"} -index 0
con
----------------End of Script----------------

02:19:52 INFO  : Launch script is exported to file 'D:\Documents\Vivado_data\hw2\hw2.sdk\.sdk\launch_scripts\xilinx_c-c++_application_(system_debugger)\system_debugger_using_debug_hw2_sw.elf_on_local.tcl'
02:20:39 INFO  : Disconnected from the channel tcfchan#33.
02:20:40 INFO  : 'targets -set -filter {jtag_cable_name =~ "Xilinx TUL 1234-tulA" && level==0} -index 1' command is executed.
02:20:40 INFO  : 'fpga -state' command is executed.
02:20:40 INFO  : Connected to target on host '127.0.0.1' and port '3121'.
02:20:40 INFO  : Jtag cable 'Xilinx TUL 1234-tulA' is selected.
02:20:40 INFO  : 'jtag frequency' command is executed.
02:20:40 INFO  : Sourcing of 'D:/Documents/Vivado_data/hw2/hw2.sdk/hw2_wrapper_hw_platform_0/ps7_init.tcl' is done.
02:20:40 INFO  : Context for 'APU' is selected.
02:20:41 INFO  : Hardware design information is loaded from 'D:/Documents/Vivado_data/hw2/hw2.sdk/hw2_wrapper_hw_platform_0/system.hdf'.
02:20:41 INFO  : 'configparams force-mem-access 1' command is executed.
02:20:41 INFO  : Context for 'APU' is selected.
02:20:41 INFO  : 'stop' command is executed.
02:20:41 INFO  : 'ps7_init' command is executed.
02:20:41 INFO  : 'ps7_post_config' command is executed.
02:20:41 INFO  : Context for processor 'ps7_cortexa9_0' is selected.
02:20:41 INFO  : Processor reset is completed for 'ps7_cortexa9_0'.
02:20:41 INFO  : Context for processor 'ps7_cortexa9_0' is selected.
02:20:42 INFO  : The application 'D:/Documents/Vivado_data/hw2/hw2.sdk/hw2_sw/Debug/hw2_sw.elf' is downloaded to processor 'ps7_cortexa9_0'.
02:20:42 INFO  : 'configparams force-mem-access 0' command is executed.
02:20:42 INFO  : ----------------XSDB Script----------------
connect -url tcp:127.0.0.1:3121
source D:/Documents/Vivado_data/hw2/hw2.sdk/hw2_wrapper_hw_platform_0/ps7_init.tcl
targets -set -nocase -filter {name =~"APU*" && jtag_cable_name =~ "Xilinx TUL 1234-tulA"} -index 0
loadhw -hw D:/Documents/Vivado_data/hw2/hw2.sdk/hw2_wrapper_hw_platform_0/system.hdf -mem-ranges [list {0x40000000 0xbfffffff}]
configparams force-mem-access 1
targets -set -nocase -filter {name =~"APU*" && jtag_cable_name =~ "Xilinx TUL 1234-tulA"} -index 0
stop
ps7_init
ps7_post_config
targets -set -nocase -filter {name =~ "ARM*#0" && jtag_cable_name =~ "Xilinx TUL 1234-tulA"} -index 0
rst -processor
targets -set -nocase -filter {name =~ "ARM*#0" && jtag_cable_name =~ "Xilinx TUL 1234-tulA"} -index 0
dow D:/Documents/Vivado_data/hw2/hw2.sdk/hw2_sw/Debug/hw2_sw.elf
configparams force-mem-access 0
----------------End of Script----------------

02:20:42 INFO  : Memory regions updated for context APU
02:20:42 INFO  : Context for processor 'ps7_cortexa9_0' is selected.
02:20:42 INFO  : 'con' command is executed.
02:20:42 INFO  : ----------------XSDB Script (After Launch)----------------
targets -set -nocase -filter {name =~ "ARM*#0" && jtag_cable_name =~ "Xilinx TUL 1234-tulA"} -index 0
con
----------------End of Script----------------

02:20:42 INFO  : Launch script is exported to file 'D:\Documents\Vivado_data\hw2\hw2.sdk\.sdk\launch_scripts\xilinx_c-c++_application_(system_debugger)\system_debugger_using_debug_hw2_sw.elf_on_local.tcl'
02:21:35 INFO  : Disconnected from the channel tcfchan#34.
02:21:36 INFO  : 'targets -set -filter {jtag_cable_name =~ "Xilinx TUL 1234-tulA" && level==0} -index 1' command is executed.
02:21:36 INFO  : 'fpga -state' command is executed.
02:21:36 INFO  : Connected to target on host '127.0.0.1' and port '3121'.
02:21:36 INFO  : Jtag cable 'Xilinx TUL 1234-tulA' is selected.
02:21:36 INFO  : 'jtag frequency' command is executed.
02:21:36 INFO  : Sourcing of 'D:/Documents/Vivado_data/hw2/hw2.sdk/hw2_wrapper_hw_platform_0/ps7_init.tcl' is done.
02:21:36 INFO  : Context for 'APU' is selected.
02:21:37 INFO  : Hardware design information is loaded from 'D:/Documents/Vivado_data/hw2/hw2.sdk/hw2_wrapper_hw_platform_0/system.hdf'.
02:21:37 INFO  : 'configparams force-mem-access 1' command is executed.
02:21:37 INFO  : Context for 'APU' is selected.
02:21:37 INFO  : 'stop' command is executed.
02:21:37 INFO  : 'ps7_init' command is executed.
02:21:37 INFO  : 'ps7_post_config' command is executed.
02:21:37 INFO  : Context for processor 'ps7_cortexa9_0' is selected.
02:21:37 INFO  : Processor reset is completed for 'ps7_cortexa9_0'.
02:21:37 INFO  : Context for processor 'ps7_cortexa9_0' is selected.
02:21:38 INFO  : The application 'D:/Documents/Vivado_data/hw2/hw2.sdk/hw2_sw/Debug/hw2_sw.elf' is downloaded to processor 'ps7_cortexa9_0'.
02:21:38 INFO  : 'configparams force-mem-access 0' command is executed.
02:21:38 INFO  : ----------------XSDB Script----------------
connect -url tcp:127.0.0.1:3121
source D:/Documents/Vivado_data/hw2/hw2.sdk/hw2_wrapper_hw_platform_0/ps7_init.tcl
targets -set -nocase -filter {name =~"APU*" && jtag_cable_name =~ "Xilinx TUL 1234-tulA"} -index 0
loadhw -hw D:/Documents/Vivado_data/hw2/hw2.sdk/hw2_wrapper_hw_platform_0/system.hdf -mem-ranges [list {0x40000000 0xbfffffff}]
configparams force-mem-access 1
targets -set -nocase -filter {name =~"APU*" && jtag_cable_name =~ "Xilinx TUL 1234-tulA"} -index 0
stop
ps7_init
ps7_post_config
targets -set -nocase -filter {name =~ "ARM*#0" && jtag_cable_name =~ "Xilinx TUL 1234-tulA"} -index 0
rst -processor
targets -set -nocase -filter {name =~ "ARM*#0" && jtag_cable_name =~ "Xilinx TUL 1234-tulA"} -index 0
dow D:/Documents/Vivado_data/hw2/hw2.sdk/hw2_sw/Debug/hw2_sw.elf
configparams force-mem-access 0
----------------End of Script----------------

02:21:38 INFO  : Memory regions updated for context APU
02:21:38 INFO  : Context for processor 'ps7_cortexa9_0' is selected.
02:21:38 INFO  : 'con' command is executed.
02:21:38 INFO  : ----------------XSDB Script (After Launch)----------------
targets -set -nocase -filter {name =~ "ARM*#0" && jtag_cable_name =~ "Xilinx TUL 1234-tulA"} -index 0
con
----------------End of Script----------------

02:21:38 INFO  : Launch script is exported to file 'D:\Documents\Vivado_data\hw2\hw2.sdk\.sdk\launch_scripts\xilinx_c-c++_application_(system_debugger)\system_debugger_using_debug_hw2_sw.elf_on_local.tcl'
02:21:52 INFO  : Disconnected from the channel tcfchan#35.
13:46:55 INFO  : Registering command handlers for SDK TCF services
13:46:56 INFO  : Launching XSCT server: xsct.bat -interactive D:\Documents\Vivado_data\hw2\hw2.sdk\temp_xsdb_launch_script.tcl
13:46:58 INFO  : XSCT server has started successfully.
13:46:58 INFO  : Successfully done setting XSCT server connection channel  
13:47:02 INFO  : Successfully done setting SDK workspace  
13:47:02 INFO  : Processing command line option -hwspec D:/Documents/Vivado_data/hw2/hw2.sdk/hw2_wrapper.hdf.
13:47:02 INFO  : Checking for hwspec changes in the project hw2_wrapper_hw_platform_0.
13:47:06 INFO  : SDK has detected change in the last modified timestamps for source hardware specification file Source:1747201303594,  Project:1746538812052
13:47:06 INFO  : The hardware specification for project 'hw2_wrapper_hw_platform_0' is different from D:/Documents/Vivado_data/hw2/hw2.sdk/hw2_wrapper.hdf.
13:47:06 INFO  : Copied contents of D:/Documents/Vivado_data/hw2/hw2.sdk/hw2_wrapper.hdf into \hw2_wrapper_hw_platform_0\system.hdf.
13:47:07 INFO  : Synchronizing projects in the workspace with the hardware platform specification changes.
13:47:09 INFO  : 
13:47:10 INFO  : Updating hardware inferred compiler options for hw2_sw.
13:47:10 INFO  : Clearing existing target manager status.
13:47:20 INFO  : 'targets -set -filter {jtag_cable_name =~ "Xilinx TUL 1234-tulA" && level==0} -index 1' command is executed.
13:47:20 INFO  : 'fpga -state' command is executed.
13:47:20 INFO  : Connected to target on host '127.0.0.1' and port '3121'.
13:47:20 INFO  : Jtag cable 'Xilinx TUL 1234-tulA' is selected.
13:47:20 INFO  : 'jtag frequency' command is executed.
13:47:20 INFO  : Sourcing of 'D:/Documents/Vivado_data/hw2/hw2.sdk/hw2_wrapper_hw_platform_0/ps7_init.tcl' is done.
13:47:20 INFO  : Context for 'APU' is selected.
13:47:20 INFO  : Hardware design information is loaded from 'D:/Documents/Vivado_data/hw2/hw2.sdk/hw2_wrapper_hw_platform_0/system.hdf'.
13:47:20 INFO  : 'configparams force-mem-access 1' command is executed.
13:47:20 INFO  : Context for 'APU' is selected.
13:47:20 INFO  : 'stop' command is executed.
13:47:21 INFO  : 'ps7_init' command is executed.
13:47:21 INFO  : 'ps7_post_config' command is executed.
13:47:21 INFO  : Context for processor 'ps7_cortexa9_0' is selected.
13:47:21 INFO  : Processor reset is completed for 'ps7_cortexa9_0'.
13:47:21 INFO  : Context for processor 'ps7_cortexa9_0' is selected.
13:47:21 INFO  : The application 'D:/Documents/Vivado_data/hw2/hw2.sdk/hw2_sw/Debug/hw2_sw.elf' is downloaded to processor 'ps7_cortexa9_0'.
13:47:21 INFO  : 'configparams force-mem-access 0' command is executed.
13:47:21 INFO  : ----------------XSDB Script----------------
connect -url tcp:127.0.0.1:3121
source D:/Documents/Vivado_data/hw2/hw2.sdk/hw2_wrapper_hw_platform_0/ps7_init.tcl
targets -set -nocase -filter {name =~"APU*" && jtag_cable_name =~ "Xilinx TUL 1234-tulA"} -index 0
loadhw -hw D:/Documents/Vivado_data/hw2/hw2.sdk/hw2_wrapper_hw_platform_0/system.hdf -mem-ranges [list {0x40000000 0xbfffffff}]
configparams force-mem-access 1
targets -set -nocase -filter {name =~"APU*" && jtag_cable_name =~ "Xilinx TUL 1234-tulA"} -index 0
stop
ps7_init
ps7_post_config
targets -set -nocase -filter {name =~ "ARM*#0" && jtag_cable_name =~ "Xilinx TUL 1234-tulA"} -index 0
rst -processor
targets -set -nocase -filter {name =~ "ARM*#0" && jtag_cable_name =~ "Xilinx TUL 1234-tulA"} -index 0
dow D:/Documents/Vivado_data/hw2/hw2.sdk/hw2_sw/Debug/hw2_sw.elf
configparams force-mem-access 0
----------------End of Script----------------

13:47:21 INFO  : Memory regions updated for context APU
13:47:21 INFO  : Context for processor 'ps7_cortexa9_0' is selected.
13:47:21 INFO  : 'con' command is executed.
13:47:21 INFO  : ----------------XSDB Script (After Launch)----------------
targets -set -nocase -filter {name =~ "ARM*#0" && jtag_cable_name =~ "Xilinx TUL 1234-tulA"} -index 0
con
----------------End of Script----------------

13:47:21 INFO  : Launch script is exported to file 'D:\Documents\Vivado_data\hw2\hw2.sdk\.sdk\launch_scripts\xilinx_c-c++_application_(system_debugger)\system_debugger_using_debug_hw2_sw.elf_on_local.tcl'
13:47:38 INFO  : Disconnected from the channel tcfchan#1.
13:47:39 INFO  : 'targets -set -filter {jtag_cable_name =~ "Xilinx TUL 1234-tulA" && level==0} -index 1' command is executed.
13:47:39 INFO  : 'fpga -state' command is executed.
13:47:39 INFO  : Connected to target on host '127.0.0.1' and port '3121'.
13:47:39 INFO  : Jtag cable 'Xilinx TUL 1234-tulA' is selected.
13:47:39 INFO  : 'jtag frequency' command is executed.
13:47:39 INFO  : Sourcing of 'D:/Documents/Vivado_data/hw2/hw2.sdk/hw2_wrapper_hw_platform_0/ps7_init.tcl' is done.
13:47:39 INFO  : Context for 'APU' is selected.
13:47:40 INFO  : Hardware design information is loaded from 'D:/Documents/Vivado_data/hw2/hw2.sdk/hw2_wrapper_hw_platform_0/system.hdf'.
13:47:40 INFO  : 'configparams force-mem-access 1' command is executed.
13:47:40 INFO  : Context for 'APU' is selected.
13:47:40 INFO  : 'stop' command is executed.
13:47:40 INFO  : 'ps7_init' command is executed.
13:47:40 INFO  : 'ps7_post_config' command is executed.
13:47:40 INFO  : Context for processor 'ps7_cortexa9_0' is selected.
13:47:40 INFO  : Processor reset is completed for 'ps7_cortexa9_0'.
13:47:40 INFO  : Context for processor 'ps7_cortexa9_0' is selected.
13:47:40 INFO  : The application 'D:/Documents/Vivado_data/hw2/hw2.sdk/hw2_sw/Debug/hw2_sw.elf' is downloaded to processor 'ps7_cortexa9_0'.
13:47:40 INFO  : 'configparams force-mem-access 0' command is executed.
13:47:40 INFO  : ----------------XSDB Script----------------
connect -url tcp:127.0.0.1:3121
source D:/Documents/Vivado_data/hw2/hw2.sdk/hw2_wrapper_hw_platform_0/ps7_init.tcl
targets -set -nocase -filter {name =~"APU*" && jtag_cable_name =~ "Xilinx TUL 1234-tulA"} -index 0
loadhw -hw D:/Documents/Vivado_data/hw2/hw2.sdk/hw2_wrapper_hw_platform_0/system.hdf -mem-ranges [list {0x40000000 0xbfffffff}]
configparams force-mem-access 1
targets -set -nocase -filter {name =~"APU*" && jtag_cable_name =~ "Xilinx TUL 1234-tulA"} -index 0
stop
ps7_init
ps7_post_config
targets -set -nocase -filter {name =~ "ARM*#0" && jtag_cable_name =~ "Xilinx TUL 1234-tulA"} -index 0
rst -processor
targets -set -nocase -filter {name =~ "ARM*#0" && jtag_cable_name =~ "Xilinx TUL 1234-tulA"} -index 0
dow D:/Documents/Vivado_data/hw2/hw2.sdk/hw2_sw/Debug/hw2_sw.elf
configparams force-mem-access 0
----------------End of Script----------------

13:47:40 INFO  : Memory regions updated for context APU
13:47:40 INFO  : Context for processor 'ps7_cortexa9_0' is selected.
13:47:40 INFO  : 'con' command is executed.
13:47:40 INFO  : ----------------XSDB Script (After Launch)----------------
targets -set -nocase -filter {name =~ "ARM*#0" && jtag_cable_name =~ "Xilinx TUL 1234-tulA"} -index 0
con
----------------End of Script----------------

13:47:40 INFO  : Launch script is exported to file 'D:\Documents\Vivado_data\hw2\hw2.sdk\.sdk\launch_scripts\xilinx_c-c++_application_(system_debugger)\system_debugger_using_debug_hw2_sw.elf_on_local.tcl'
13:47:56 INFO  : Disconnected from the channel tcfchan#2.
13:47:57 INFO  : 'targets -set -filter {jtag_cable_name =~ "Xilinx TUL 1234-tulA" && level==0} -index 1' command is executed.
13:47:57 INFO  : 'fpga -state' command is executed.
13:47:57 INFO  : Connected to target on host '127.0.0.1' and port '3121'.
13:47:57 INFO  : Jtag cable 'Xilinx TUL 1234-tulA' is selected.
13:47:57 INFO  : 'jtag frequency' command is executed.
13:47:57 INFO  : Sourcing of 'D:/Documents/Vivado_data/hw2/hw2.sdk/hw2_wrapper_hw_platform_0/ps7_init.tcl' is done.
13:47:57 INFO  : Context for 'APU' is selected.
13:47:57 INFO  : Hardware design information is loaded from 'D:/Documents/Vivado_data/hw2/hw2.sdk/hw2_wrapper_hw_platform_0/system.hdf'.
13:47:57 INFO  : 'configparams force-mem-access 1' command is executed.
13:47:57 INFO  : Context for 'APU' is selected.
13:47:57 INFO  : 'stop' command is executed.
13:47:58 INFO  : 'ps7_init' command is executed.
13:47:58 INFO  : 'ps7_post_config' command is executed.
13:47:58 INFO  : Context for processor 'ps7_cortexa9_0' is selected.
13:47:58 INFO  : Processor reset is completed for 'ps7_cortexa9_0'.
13:47:58 INFO  : Context for processor 'ps7_cortexa9_0' is selected.
13:47:58 INFO  : The application 'D:/Documents/Vivado_data/hw2/hw2.sdk/hw2_sw/Debug/hw2_sw.elf' is downloaded to processor 'ps7_cortexa9_0'.
13:47:58 INFO  : 'configparams force-mem-access 0' command is executed.
13:47:58 INFO  : ----------------XSDB Script----------------
connect -url tcp:127.0.0.1:3121
source D:/Documents/Vivado_data/hw2/hw2.sdk/hw2_wrapper_hw_platform_0/ps7_init.tcl
targets -set -nocase -filter {name =~"APU*" && jtag_cable_name =~ "Xilinx TUL 1234-tulA"} -index 0
loadhw -hw D:/Documents/Vivado_data/hw2/hw2.sdk/hw2_wrapper_hw_platform_0/system.hdf -mem-ranges [list {0x40000000 0xbfffffff}]
configparams force-mem-access 1
targets -set -nocase -filter {name =~"APU*" && jtag_cable_name =~ "Xilinx TUL 1234-tulA"} -index 0
stop
ps7_init
ps7_post_config
targets -set -nocase -filter {name =~ "ARM*#0" && jtag_cable_name =~ "Xilinx TUL 1234-tulA"} -index 0
rst -processor
targets -set -nocase -filter {name =~ "ARM*#0" && jtag_cable_name =~ "Xilinx TUL 1234-tulA"} -index 0
dow D:/Documents/Vivado_data/hw2/hw2.sdk/hw2_sw/Debug/hw2_sw.elf
configparams force-mem-access 0
----------------End of Script----------------

13:47:58 INFO  : Memory regions updated for context APU
13:47:58 INFO  : Context for processor 'ps7_cortexa9_0' is selected.
13:47:58 INFO  : 'con' command is executed.
13:47:58 INFO  : ----------------XSDB Script (After Launch)----------------
targets -set -nocase -filter {name =~ "ARM*#0" && jtag_cable_name =~ "Xilinx TUL 1234-tulA"} -index 0
con
----------------End of Script----------------

13:47:58 INFO  : Launch script is exported to file 'D:\Documents\Vivado_data\hw2\hw2.sdk\.sdk\launch_scripts\xilinx_c-c++_application_(system_debugger)\system_debugger_using_debug_hw2_sw.elf_on_local.tcl'
13:48:15 INFO  : Disconnected from the channel tcfchan#3.
13:48:16 INFO  : 'targets -set -filter {jtag_cable_name =~ "Xilinx TUL 1234-tulA" && level==0} -index 1' command is executed.
13:48:16 INFO  : 'fpga -state' command is executed.
13:48:16 INFO  : Connected to target on host '127.0.0.1' and port '3121'.
13:48:16 INFO  : Jtag cable 'Xilinx TUL 1234-tulA' is selected.
13:48:16 INFO  : 'jtag frequency' command is executed.
13:48:16 INFO  : Sourcing of 'D:/Documents/Vivado_data/hw2/hw2.sdk/hw2_wrapper_hw_platform_0/ps7_init.tcl' is done.
13:48:16 INFO  : Context for 'APU' is selected.
13:48:16 INFO  : Hardware design information is loaded from 'D:/Documents/Vivado_data/hw2/hw2.sdk/hw2_wrapper_hw_platform_0/system.hdf'.
13:48:16 INFO  : 'configparams force-mem-access 1' command is executed.
13:48:16 INFO  : Context for 'APU' is selected.
13:48:16 INFO  : 'stop' command is executed.
13:48:16 INFO  : 'ps7_init' command is executed.
13:48:16 INFO  : 'ps7_post_config' command is executed.
13:48:16 INFO  : Context for processor 'ps7_cortexa9_0' is selected.
13:48:17 INFO  : Processor reset is completed for 'ps7_cortexa9_0'.
13:48:17 INFO  : Context for processor 'ps7_cortexa9_0' is selected.
13:48:17 INFO  : The application 'D:/Documents/Vivado_data/hw2/hw2.sdk/hw2_sw/Debug/hw2_sw.elf' is downloaded to processor 'ps7_cortexa9_0'.
13:48:17 INFO  : 'configparams force-mem-access 0' command is executed.
13:48:17 INFO  : ----------------XSDB Script----------------
connect -url tcp:127.0.0.1:3121
source D:/Documents/Vivado_data/hw2/hw2.sdk/hw2_wrapper_hw_platform_0/ps7_init.tcl
targets -set -nocase -filter {name =~"APU*" && jtag_cable_name =~ "Xilinx TUL 1234-tulA"} -index 0
loadhw -hw D:/Documents/Vivado_data/hw2/hw2.sdk/hw2_wrapper_hw_platform_0/system.hdf -mem-ranges [list {0x40000000 0xbfffffff}]
configparams force-mem-access 1
targets -set -nocase -filter {name =~"APU*" && jtag_cable_name =~ "Xilinx TUL 1234-tulA"} -index 0
stop
ps7_init
ps7_post_config
targets -set -nocase -filter {name =~ "ARM*#0" && jtag_cable_name =~ "Xilinx TUL 1234-tulA"} -index 0
rst -processor
targets -set -nocase -filter {name =~ "ARM*#0" && jtag_cable_name =~ "Xilinx TUL 1234-tulA"} -index 0
dow D:/Documents/Vivado_data/hw2/hw2.sdk/hw2_sw/Debug/hw2_sw.elf
configparams force-mem-access 0
----------------End of Script----------------

13:48:17 INFO  : Memory regions updated for context APU
13:48:17 INFO  : Context for processor 'ps7_cortexa9_0' is selected.
13:48:17 INFO  : 'con' command is executed.
13:48:17 INFO  : ----------------XSDB Script (After Launch)----------------
targets -set -nocase -filter {name =~ "ARM*#0" && jtag_cable_name =~ "Xilinx TUL 1234-tulA"} -index 0
con
----------------End of Script----------------

13:48:17 INFO  : Launch script is exported to file 'D:\Documents\Vivado_data\hw2\hw2.sdk\.sdk\launch_scripts\xilinx_c-c++_application_(system_debugger)\system_debugger_using_debug_hw2_sw.elf_on_local.tcl'
13:49:03 INFO  : Disconnected from the channel tcfchan#4.
