23:33:53 **** Build of project fianl_bsp ****
make -k all 
"Running Make include in ps7_cortexa9_0/libsrc/coresightps_dcc_v1_4/src"
make -C ps7_cortexa9_0/libsrc/coresightps_dcc_v1_4/src -s include  "SHELL=CMD" "COMPILER=arm-none-eabi-gcc" "ARCHIVER=arm-none-eabi-ar" "COMPILER_FLAGS=  -O2 -c" "EXTRA_COMPILER_FLAGS=-mcpu=cortex-a9 -mfpu=vfpv3 -mfloat-abi=hard -nostartfiles -g -Wall -Wextra"
"Running Make include in ps7_cortexa9_0/libsrc/cpu_cortexa9_v2_7/src"
make -C ps7_cortexa9_0/libsrc/cpu_cortexa9_v2_7/src -s include  "SHELL=CMD" "COMPILER=arm-none-eabi-gcc" "ARCHIVER=arm-none-eabi-ar" "COMPILER_FLAGS=  -O2 -c" "EXTRA_COMPILER_FLAGS=-mcpu=cortex-a9 -mfpu=vfpv3 -mfloat-abi=hard -nostartfiles -g -Wall -Wextra"
"Running Make include in ps7_cortexa9_0/libsrc/ddrps_v1_0/src"
make -C ps7_cortexa9_0/libsrc/ddrps_v1_0/src -s include  "SHELL=CMD" "COMPILER=arm-none-eabi-gcc" "ARCHIVER=arm-none-eabi-ar" "COMPILER_FLAGS=  -O2 -c" "EXTRA_COMPILER_FLAGS=-mcpu=cortex-a9 -mfpu=vfpv3 -mfloat-abi=hard -nostartfiles -g -Wall -Wextra"
"Running Make include in ps7_cortexa9_0/libsrc/devcfg_v3_5/src"
make -C ps7_cortexa9_0/libsrc/devcfg_v3_5/src -s include  "SHELL=CMD" "COMPILER=arm-none-eabi-gcc" "ARCHIVER=arm-none-eabi-ar" "COMPILER_FLAGS=  -O2 -c" "EXTRA_COMPILER_FLAGS=-mcpu=cortex-a9 -mfpu=vfpv3 -mfloat-abi=hard -nostartfiles -g -Wall -Wextra"
"Running Make include in ps7_cortexa9_0/libsrc/dmaps_v2_4/src"
make -C ps7_cortexa9_0/libsrc/dmaps_v2_4/src -s include  "SHELL=CMD" "COMPILER=arm-none-eabi-gcc" "ARCHIVER=arm-none-eabi-ar" "COMPILER_FLAGS=  -O2 -c" "EXTRA_COMPILER_FLAGS=-mcpu=cortex-a9 -mfpu=vfpv3 -mfloat-abi=hard -nostartfiles -g -Wall -Wextra"
"Running Make include in ps7_cortexa9_0/libsrc/emacps_v3_8/src"
make -C ps7_cortexa9_0/libsrc/emacps_v3_8/src -s include  "SHELL=CMD" "COMPILER=arm-none-eabi-gcc" "ARCHIVER=arm-none-eabi-ar" "COMPILER_FLAGS=  -O2 -c" "EXTRA_COMPILER_FLAGS=-mcpu=cortex-a9 -mfpu=vfpv3 -mfloat-abi=hard -nostartfiles -g -Wall -Wextra"
"Running Make include in ps7_cortexa9_0/libsrc/qspips_v3_5/src"
make -C ps7_cortexa9_0/libsrc/qspips_v3_5/src -s include  "SHELL=CMD" "COMPILER=arm-none-eabi-gcc" "ARCHIVER=arm-none-eabi-ar" "COMPILER_FLAGS=  -O2 -c" "EXTRA_COMPILER_FLAGS=-mcpu=cortex-a9 -mfpu=vfpv3 -mfloat-abi=hard -nostartfiles -g -Wall -Wextra"
"Running Make include in ps7_cortexa9_0/libsrc/scugic_v3_10/src"
make -C ps7_cortexa9_0/libsrc/scugic_v3_10/src -s include  "SHELL=CMD" "COMPILER=arm-none-eabi-gcc" "ARCHIVER=arm-none-eabi-ar" "COMPILER_FLAGS=  -O2 -c" "EXTRA_COMPILER_FLAGS=-mcpu=cortex-a9 -mfpu=vfpv3 -mfloat-abi=hard -nostartfiles -g -Wall -Wextra"
"Running Make include in ps7_cortexa9_0/libsrc/scutimer_v2_1/src"
make -C ps7_cortexa9_0/libsrc/scutimer_v2_1/src -s include  "SHELL=CMD" "COMPILER=arm-none-eabi-gcc" "ARCHIVER=arm-none-eabi-ar" "COMPILER_FLAGS=  -O2 -c" "EXTRA_COMPILER_FLAGS=-mcpu=cortex-a9 -mfpu=vfpv3 -mfloat-abi=hard -nostartfiles -g -Wall -Wextra"
"Running Make include in ps7_cortexa9_0/libsrc/scuwdt_v2_1/src"
make -C ps7_cortexa9_0/libsrc/scuwdt_v2_1/src -s include  "SHELL=CMD" "COMPILER=arm-none-eabi-gcc" "ARCHIVER=arm-none-eabi-ar" "COMPILER_FLAGS=  -O2 -c" "EXTRA_COMPILER_FLAGS=-mcpu=cortex-a9 -mfpu=vfpv3 -mfloat-abi=hard -nostartfiles -g -Wall -Wextra"
"Running Make include in ps7_cortexa9_0/libsrc/sdps_v3_6/src"
make -C ps7_cortexa9_0/libsrc/sdps_v3_6/src -s include  "SHELL=CMD" "COMPILER=arm-none-eabi-gcc" "ARCHIVER=arm-none-eabi-ar" "COMPILER_FLAGS=  -O2 -c" "EXTRA_COMPILER_FLAGS=-mcpu=cortex-a9 -mfpu=vfpv3 -mfloat-abi=hard -nostartfiles -g -Wall -Wextra"
"Running Make include in ps7_cortexa9_0/libsrc/standalone_v6_8/src"
make -C ps7_cortexa9_0/libsrc/standalone_v6_8/src -s include  "SHELL=CMD" "COMPILER=arm-none-eabi-gcc" "ARCHIVER=arm-none-eabi-ar" "COMPILER_FLAGS=  -O2 -c" "EXTRA_COMPILER_FLAGS=-mcpu=cortex-a9 -mfpu=vfpv3 -mfloat-abi=hard -nostartfiles -g -Wall -Wextra"
"Running Make include in ps7_cortexa9_0/libsrc/uartps_v3_7/src"
make -C ps7_cortexa9_0/libsrc/uartps_v3_7/src -s include  "SHELL=CMD" "COMPILER=arm-none-eabi-gcc" "ARCHIVER=arm-none-eabi-ar" "COMPILER_FLAGS=  -O2 -c" "EXTRA_COMPILER_FLAGS=-mcpu=cortex-a9 -mfpu=vfpv3 -mfloat-abi=hard -nostartfiles -g -Wall -Wextra"
"Running Make include in ps7_cortexa9_0/libsrc/usbps_v2_4/src"
make -C ps7_cortexa9_0/libsrc/usbps_v2_4/src -s include  "SHELL=CMD" "COMPILER=arm-none-eabi-gcc" "ARCHIVER=arm-none-eabi-ar" "COMPILER_FLAGS=  -O2 -c" "EXTRA_COMPILER_FLAGS=-mcpu=cortex-a9 -mfpu=vfpv3 -mfloat-abi=hard -nostartfiles -g -Wall -Wextra"
"Running Make include in ps7_cortexa9_0/libsrc/wdtps_v3_1/src"
make -C ps7_cortexa9_0/libsrc/wdtps_v3_1/src -s include  "SHELL=CMD" "COMPILER=arm-none-eabi-gcc" "ARCHIVER=arm-none-eabi-ar" "COMPILER_FLAGS=  -O2 -c" "EXTRA_COMPILER_FLAGS=-mcpu=cortex-a9 -mfpu=vfpv3 -mfloat-abi=hard -nostartfiles -g -Wall -Wextra"
"Running Make include in ps7_cortexa9_0/libsrc/xadcps_v2_3/src"
make -C ps7_cortexa9_0/libsrc/xadcps_v2_3/src -s include  "SHELL=CMD" "COMPILER=arm-none-eabi-gcc" "ARCHIVER=arm-none-eabi-ar" "COMPILER_FLAGS=  -O2 -c" "EXTRA_COMPILER_FLAGS=-mcpu=cortex-a9 -mfpu=vfpv3 -mfloat-abi=hard -nostartfiles -g -Wall -Wextra"
"Running Make libs in ps7_cortexa9_0/libsrc/coresightps_dcc_v1_4/src"
make -C ps7_cortexa9_0/libsrc/coresightps_dcc_v1_4/src -s libs  "SHELL=CMD" "COMPILER=arm-none-eabi-gcc" "ARCHIVER=arm-none-eabi-ar" "COMPILER_FLAGS=  -O2 -c" "EXTRA_COMPILER_FLAGS=-mcpu=cortex-a9 -mfpu=vfpv3 -mfloat-abi=hard -nostartfiles -g -Wall -Wextra"
"Compiling coresightps_dcc"
arm-none-eabi-ar: creating ../../../lib/libxil.a
"Running Make libs in ps7_cortexa9_0/libsrc/cpu_cortexa9_v2_7/src"
make -C ps7_cortexa9_0/libsrc/cpu_cortexa9_v2_7/src -s libs  "SHELL=CMD" "COMPILER=arm-none-eabi-gcc" "ARCHIVER=arm-none-eabi-ar" "COMPILER_FLAGS=  -O2 -c" "EXTRA_COMPILER_FLAGS=-mcpu=cortex-a9 -mfpu=vfpv3 -mfloat-abi=hard -nostartfiles -g -Wall -Wextra"
"Compiling cpu_cortexa9"
"Running Make libs in ps7_cortexa9_0/libsrc/ddrps_v1_0/src"
make -C ps7_cortexa9_0/libsrc/ddrps_v1_0/src -s libs  "SHELL=CMD" "COMPILER=arm-none-eabi-gcc" "ARCHIVER=arm-none-eabi-ar" "COMPILER_FLAGS=  -O2 -c" "EXTRA_COMPILER_FLAGS=-mcpu=cortex-a9 -mfpu=vfpv3 -mfloat-abi=hard -nostartfiles -g -Wall -Wextra"
"Compiling ddrps"
"Running Make libs in ps7_cortexa9_0/libsrc/devcfg_v3_5/src"
make -C ps7_cortexa9_0/libsrc/devcfg_v3_5/src -s libs  "SHELL=CMD" "COMPILER=arm-none-eabi-gcc" "ARCHIVER=arm-none-eabi-ar" "COMPILER_FLAGS=  -O2 -c" "EXTRA_COMPILER_FLAGS=-mcpu=cortex-a9 -mfpu=vfpv3 -mfloat-abi=hard -nostartfiles -g -Wall -Wextra"
"Compiling devcfg"
"Running Make libs in ps7_cortexa9_0/libsrc/dmaps_v2_4/src"
make -C ps7_cortexa9_0/libsrc/dmaps_v2_4/src -s libs  "SHELL=CMD" "COMPILER=arm-none-eabi-gcc" "ARCHIVER=arm-none-eabi-ar" "COMPILER_FLAGS=  -O2 -c" "EXTRA_COMPILER_FLAGS=-mcpu=cortex-a9 -mfpu=vfpv3 -mfloat-abi=hard -nostartfiles -g -Wall -Wextra"
"Compiling dmaps"
"Running Make libs in ps7_cortexa9_0/libsrc/emacps_v3_8/src"
make -C ps7_cortexa9_0/libsrc/emacps_v3_8/src -s libs  "SHELL=CMD" "COMPILER=arm-none-eabi-gcc" "ARCHIVER=arm-none-eabi-ar" "COMPILER_FLAGS=  -O2 -c" "EXTRA_COMPILER_FLAGS=-mcpu=cortex-a9 -mfpu=vfpv3 -mfloat-abi=hard -nostartfiles -g -Wall -Wextra"
"Compiling emacps"
"Running Make libs in ps7_cortexa9_0/libsrc/qspips_v3_5/src"
make -C ps7_cortexa9_0/libsrc/qspips_v3_5/src -s libs  "SHELL=CMD" "COMPILER=arm-none-eabi-gcc" "ARCHIVER=arm-none-eabi-ar" "COMPILER_FLAGS=  -O2 -c" "EXTRA_COMPILER_FLAGS=-mcpu=cortex-a9 -mfpu=vfpv3 -mfloat-abi=hard -nostartfiles -g -Wall -Wextra"
"Compiling qspips"
"Running Make libs in ps7_cortexa9_0/libsrc/scugic_v3_10/src"
make -C ps7_cortexa9_0/libsrc/scugic_v3_10/src -s libs  "SHELL=CMD" "COMPILER=arm-none-eabi-gcc" "ARCHIVER=arm-none-eabi-ar" "COMPILER_FLAGS=  -O2 -c" "EXTRA_COMPILER_FLAGS=-mcpu=cortex-a9 -mfpu=vfpv3 -mfloat-abi=hard -nostartfiles -g -Wall -Wextra"
"Compiling scugic"
"Running Make libs in ps7_cortexa9_0/libsrc/scutimer_v2_1/src"
make -C ps7_cortexa9_0/libsrc/scutimer_v2_1/src -s libs  "SHELL=CMD" "COMPILER=arm-none-eabi-gcc" "ARCHIVER=arm-none-eabi-ar" "COMPILER_FLAGS=  -O2 -c" "EXTRA_COMPILER_FLAGS=-mcpu=cortex-a9 -mfpu=vfpv3 -mfloat-abi=hard -nostartfiles -g -Wall -Wextra"
"Compiling scutimer"
"Running Make libs in ps7_cortexa9_0/libsrc/scuwdt_v2_1/src"
make -C ps7_cortexa9_0/libsrc/scuwdt_v2_1/src -s libs  "SHELL=CMD" "COMPILER=arm-none-eabi-gcc" "ARCHIVER=arm-none-eabi-ar" "COMPILER_FLAGS=  -O2 -c" "EXTRA_COMPILER_FLAGS=-mcpu=cortex-a9 -mfpu=vfpv3 -mfloat-abi=hard -nostartfiles -g -Wall -Wextra"
"Compiling scuwdt"
"Running Make libs in ps7_cortexa9_0/libsrc/sdps_v3_6/src"
make -C ps7_cortexa9_0/libsrc/sdps_v3_6/src -s libs  "SHELL=CMD" "COMPILER=arm-none-eabi-gcc" "ARCHIVER=arm-none-eabi-ar" "COMPILER_FLAGS=  -O2 -c" "EXTRA_COMPILER_FLAGS=-mcpu=cortex-a9 -mfpu=vfpv3 -mfloat-abi=hard -nostartfiles -g -Wall -Wextra"
"Compiling sdps"
"Running Make libs in ps7_cortexa9_0/libsrc/standalone_v6_8/src"
make -C ps7_cortexa9_0/libsrc/standalone_v6_8/src -s libs  "SHELL=CMD" "COMPILER=arm-none-eabi-gcc" "ARCHIVER=arm-none-eabi-ar" "COMPILER_FLAGS=  -O2 -c" "EXTRA_COMPILER_FLAGS=-mcpu=cortex-a9 -mfpu=vfpv3 -mfloat-abi=hard -nostartfiles -g -Wall -Wextra"
"Compiling standalone"
In file included from usleep.c:56:0:
xtime_l.h:87:9: note: #pragma message: For the sleep routines, Global timer is being used
 #pragma message ("For the sleep routines, Global timer is being used")
         ^~~~~~~
In file included from xil_sleeptimer.c:51:0:
xtime_l.h:87:9: note: #pragma message: For the sleep routines, Global timer is being used
 #pragma message ("For the sleep routines, Global timer is being used")
         ^~~~~~~
In file included from xtime_l.c:49:0:
xtime_l.h:87:9: note: #pragma message: For the sleep routines, Global timer is being used
 #pragma message ("For the sleep routines, Global timer is being used")
         ^~~~~~~
In file included from sleep.c:53:0:
xtime_l.h:87:9: note: #pragma message: For the sleep routines, Global timer is being used
 #pragma message ("For the sleep routines, Global timer is being used")
         ^~~~~~~
"Running Make libs in ps7_cortexa9_0/libsrc/uartps_v3_7/src"
make -C ps7_cortexa9_0/libsrc/uartps_v3_7/src -s libs  "SHELL=CMD" "COMPILER=arm-none-eabi-gcc" "ARCHIVER=arm-none-eabi-ar" "COMPILER_FLAGS=  -O2 -c" "EXTRA_COMPILER_FLAGS=-mcpu=cortex-a9 -mfpu=vfpv3 -mfloat-abi=hard -nostartfiles -g -Wall -Wextra"
"Compiling uartps"
"Running Make libs in ps7_cortexa9_0/libsrc/usbps_v2_4/src"
make -C ps7_cortexa9_0/libsrc/usbps_v2_4/src -s libs  "SHELL=CMD" "COMPILER=arm-none-eabi-gcc" "ARCHIVER=arm-none-eabi-ar" "COMPILER_FLAGS=  -O2 -c" "EXTRA_COMPILER_FLAGS=-mcpu=cortex-a9 -mfpu=vfpv3 -mfloat-abi=hard -nostartfiles -g -Wall -Wextra"
"Compiling usbps"
"Running Make libs in ps7_cortexa9_0/libsrc/wdtps_v3_1/src"
make -C ps7_cortexa9_0/libsrc/wdtps_v3_1/src -s libs  "SHELL=CMD" "COMPILER=arm-none-eabi-gcc" "ARCHIVER=arm-none-eabi-ar" "COMPILER_FLAGS=  -O2 -c" "EXTRA_COMPILER_FLAGS=-mcpu=cortex-a9 -mfpu=vfpv3 -mfloat-abi=hard -nostartfiles -g -Wall -Wextra"
"Compiling wdtps"
"Running Make libs in ps7_cortexa9_0/libsrc/xadcps_v2_3/src"
make -C ps7_cortexa9_0/libsrc/xadcps_v2_3/src -s libs  "SHELL=CMD" "COMPILER=arm-none-eabi-gcc" "ARCHIVER=arm-none-eabi-ar" "COMPILER_FLAGS=  -O2 -c" "EXTRA_COMPILER_FLAGS=-mcpu=cortex-a9 -mfpu=vfpv3 -mfloat-abi=hard -nostartfiles -g -Wall -Wextra"
"Compiling xadcps"
'Finished building libraries'
23:34:16 **** Build of configuration Debug for project fianl ****
make pre-build main-build 
a9-linaro-pre-build-step
' '
'Building file: ../src/helloworld.c'
'Invoking: ARM v7 gcc compiler'
arm-none-eabi-gcc -Wall -O0 -g3 -c -fmessage-length=0 -MT"src/helloworld.o" -mcpu=cortex-a9 -mfpu=vfpv3 -mfloat-abi=hard -I../../fianl_bsp/ps7_cortexa9_0/include -MMD -MP -MF"src/helloworld.d" -MT"src/helloworld.o" -o "src/helloworld.o" "../src/helloworld.c"
'Finished building: ../src/helloworld.c'
' '
'Building file: ../src/platform.c'
'Invoking: ARM v7 gcc compiler'
arm-none-eabi-gcc -Wall -O0 -g3 -c -fmessage-length=0 -MT"src/platform.o" -mcpu=cortex-a9 -mfpu=vfpv3 -mfloat-abi=hard -I../../fianl_bsp/ps7_cortexa9_0/include -MMD -MP -MF"src/platform.d" -MT"src/platform.o" -o "src/platform.o" "../src/platform.c"
'Finished building: ../src/platform.c'
' '
'Building target: fianl.elf'
'Invoking: ARM v7 gcc linker'
arm-none-eabi-gcc -mcpu=cortex-a9 -mfpu=vfpv3 -mfloat-abi=hard -Wl,-build-id=none -specs=Xilinx.spec -Wl,-T -Wl,../src/lscript.ld -L../../fianl_bsp/ps7_cortexa9_0/lib -o "fianl.elf"  ./src/helloworld.o ./src/platform.o   -Wl,--start-group,-lxil,-lgcc,-lc,--end-group
'Finished building target: fianl.elf'
' '
'Invoking: ARM v7 Print Size'
arm-none-eabi-size fianl.elf  |tee "fianl.elf.size"
   text	   data	    bss	    dec	    hex	filename
  19348	   1144	  22568	  43060	   a834	fianl.elf
'Finished building: fianl.elf.size'
' '
23:36:37 **** Incremental Build of configuration Debug for project fianl ****
make pre-build main-build 
a9-linaro-pre-build-step
' '
make: Nothing to be done for 'main-build'.
23:36:42 **** Auto Build of configuration Debug for project fianl ****
make pre-build main-build 
a9-linaro-pre-build-step
' '
'Building file: ../src/helloworld.c'
'Invoking: ARM v7 gcc compiler'
arm-none-eabi-gcc -Wall -O0 -g3 -c -fmessage-length=0 -MT"src/helloworld.o" -mcpu=cortex-a9 -mfpu=vfpv3 -mfloat-abi=hard -I../../fianl_bsp/ps7_cortexa9_0/include -MMD -MP -MF"src/helloworld.d" -MT"src/helloworld.o" -o "src/helloworld.o" "../src/helloworld.c"
'Finished building: ../src/helloworld.c'
' '
'Building target: fianl.elf'
'Invoking: ARM v7 gcc linker'
arm-none-eabi-gcc -mcpu=cortex-a9 -mfpu=vfpv3 -mfloat-abi=hard -Wl,-build-id=none -specs=Xilinx.spec -Wl,-T -Wl,../src/lscript.ld -L../../fianl_bsp/ps7_cortexa9_0/lib -o "fianl.elf"  ./src/helloworld.o ./src/platform.o   -Wl,--start-group,-lxil,-lgcc,-lc,--end-group
'Finished building target: fianl.elf'
' '
'Invoking: ARM v7 Print Size'
arm-none-eabi-size fianl.elf  |tee "fianl.elf.size"
   text	   data	    bss	    dec	    hex	filename
  24020	   1184	  22648	  47852	   baec	fianl.elf
'Finished building: fianl.elf.size'
' '
23:36:52 **** Auto Build of configuration Debug for project fianl ****
make pre-build main-build 
a9-linaro-pre-build-step
' '
'Building file: ../src/helloworld.c'
'Invoking: ARM v7 gcc compiler'
arm-none-eabi-gcc -Wall -O0 -g3 -c -fmessage-length=0 -MT"src/helloworld.o" -mcpu=cortex-a9 -mfpu=vfpv3 -mfloat-abi=hard -I../../fianl_bsp/ps7_cortexa9_0/include -MMD -MP -MF"src/helloworld.d" -MT"src/helloworld.o" -o "src/helloworld.o" "../src/helloworld.c"
'Finished building: ../src/helloworld.c'
' '
'Building target: fianl.elf'
'Invoking: ARM v7 gcc linker'
arm-none-eabi-gcc -mcpu=cortex-a9 -mfpu=vfpv3 -mfloat-abi=hard -Wl,-build-id=none -specs=Xilinx.spec -Wl,-T -Wl,../src/lscript.ld -L../../fianl_bsp/ps7_cortexa9_0/lib -o "fianl.elf"  ./src/helloworld.o ./src/platform.o   -Wl,--start-group,-lxil,-lgcc,-lc,--end-group
'Finished building target: fianl.elf'
' '
'Invoking: ARM v7 Print Size'
arm-none-eabi-size fianl.elf  |tee "fianl.elf.size"
   text	   data	    bss	    dec	    hex	filename
  24020	   1184	  22648	  47852	   baec	fianl.elf
'Finished building: fianl.elf.size'
' '
23:37:05 **** Incremental Build of configuration Debug for project fianl ****
make pre-build main-build 
a9-linaro-pre-build-step
' '
make: Nothing to be done for 'main-build'.
23:38:59 **** Auto Build of configuration Debug for project fianl ****
make pre-build main-build 
a9-linaro-pre-build-step
' '
'Building file: ../src/helloworld.c'
'Invoking: ARM v7 gcc compiler'
arm-none-eabi-gcc -Wall -O0 -g3 -c -fmessage-length=0 -MT"src/helloworld.o" -mcpu=cortex-a9 -mfpu=vfpv3 -mfloat-abi=hard -I../../fianl_bsp/ps7_cortexa9_0/include -MMD -MP -MF"src/helloworld.d" -MT"src/helloworld.o" -o "src/helloworld.o" "../src/helloworld.c"
'Finished building: ../src/helloworld.c'
' '
'Building target: fianl.elf'
'Invoking: ARM v7 gcc linker'
arm-none-eabi-gcc -mcpu=cortex-a9 -mfpu=vfpv3 -mfloat-abi=hard -Wl,-build-id=none -specs=Xilinx.spec -Wl,-T -Wl,../src/lscript.ld -L../../fianl_bsp/ps7_cortexa9_0/lib -o "fianl.elf"  ./src/helloworld.o ./src/platform.o   -Wl,--start-group,-lxil,-lgcc,-lc,--end-group
'Finished building target: fianl.elf'
' '
'Invoking: ARM v7 Print Size'
arm-none-eabi-size fianl.elf  |tee "fianl.elf.size"
   text	   data	    bss	    dec	    hex	filename
  24020	   1184	  22648	  47852	   baec	fianl.elf
'Finished building: fianl.elf.size'
' '
23:40:05 **** Incremental Build of configuration Debug for project fianl ****
make pre-build main-build 
a9-linaro-pre-build-step
' '
make: Nothing to be done for 'main-build'.
23:54:06 **** Auto Build of configuration Debug for project fianl ****
make pre-build main-build 
a9-linaro-pre-build-step
' '
'Building file: ../src/helloworld.c'
'Invoking: ARM v7 gcc compiler'
arm-none-eabi-gcc -Wall -O0 -g3 -c -fmessage-length=0 -MT"src/helloworld.o" -mcpu=cortex-a9 -mfpu=vfpv3 -mfloat-abi=hard -I../../fianl_bsp/ps7_cortexa9_0/include -MMD -MP -MF"src/helloworld.d" -MT"src/helloworld.o" -o "src/helloworld.o" "../src/helloworld.c"
'Finished building: ../src/helloworld.c'
' '
'Building target: fianl.elf'
'Invoking: ARM v7 gcc linker'
arm-none-eabi-gcc -mcpu=cortex-a9 -mfpu=vfpv3 -mfloat-abi=hard -Wl,-build-id=none -specs=Xilinx.spec -Wl,-T -Wl,../src/lscript.ld -L../../fianl_bsp/ps7_cortexa9_0/lib -o "fianl.elf"  ./src/helloworld.o ./src/platform.o   -Wl,--start-group,-lxil,-lgcc,-lc,--end-group
'Finished building target: fianl.elf'
' '
'Invoking: ARM v7 Print Size'
arm-none-eabi-size fianl.elf  |tee "fianl.elf.size"
   text	   data	    bss	    dec	    hex	filename
  21516	   1176	  22648	  45340	   b11c	fianl.elf
'Finished building: fianl.elf.size'
' '
23:54:15 **** Incremental Build of configuration Debug for project fianl ****
make pre-build main-build 
a9-linaro-pre-build-step
' '
make: Nothing to be done for 'main-build'.
23:56:37 **** Auto Build of configuration Debug for project fianl ****
make pre-build main-build 
a9-linaro-pre-build-step
' '
'Building file: ../src/helloworld.c'
'Invoking: ARM v7 gcc compiler'
arm-none-eabi-gcc -Wall -O0 -g3 -c -fmessage-length=0 -MT"src/helloworld.o" -mcpu=cortex-a9 -mfpu=vfpv3 -mfloat-abi=hard -I../../fianl_bsp/ps7_cortexa9_0/include -MMD -MP -MF"src/helloworld.d" -MT"src/helloworld.o" -o "src/helloworld.o" "../src/helloworld.c"
'Finished building: ../src/helloworld.c'
' '
'Building target: fianl.elf'
'Invoking: ARM v7 gcc linker'
arm-none-eabi-gcc -mcpu=cortex-a9 -mfpu=vfpv3 -mfloat-abi=hard -Wl,-build-id=none -specs=Xilinx.spec -Wl,-T -Wl,../src/lscript.ld -L../../fianl_bsp/ps7_cortexa9_0/lib -o "fianl.elf"  ./src/helloworld.o ./src/platform.o   -Wl,--start-group,-lxil,-lgcc,-lc,--end-group
'Finished building target: fianl.elf'
' '
'Invoking: ARM v7 Print Size'
arm-none-eabi-size fianl.elf  |tee "fianl.elf.size"
   text	   data	    bss	    dec	    hex	filename
  21560	   1176	  22648	  45384	   b148	fianl.elf
'Finished building: fianl.elf.size'
' '
23:56:44 **** Incremental Build of configuration Debug for project fianl ****
make pre-build main-build 
a9-linaro-pre-build-step
' '
make: Nothing to be done for 'main-build'.
16:24:55 **** Auto Build of configuration Debug for project fianl ****
make pre-build main-build 
a9-linaro-pre-build-step
' '
'Building file: ../src/helloworld.c'
'Invoking: ARM v7 gcc compiler'
arm-none-eabi-gcc -Wall -O0 -g3 -c -fmessage-length=0 -MT"src/helloworld.o" -mcpu=cortex-a9 -mfpu=vfpv3 -mfloat-abi=hard -I../../fianl_bsp/ps7_cortexa9_0/include -MMD -MP -MF"src/helloworld.d" -MT"src/helloworld.o" -o "src/helloworld.o" "../src/helloworld.c"
'Finished building: ../src/helloworld.c'
' '
'Building target: fianl.elf'
'Invoking: ARM v7 gcc linker'
arm-none-eabi-gcc -mcpu=cortex-a9 -mfpu=vfpv3 -mfloat-abi=hard -Wl,-build-id=none -specs=Xilinx.spec -Wl,-T -Wl,../src/lscript.ld -L../../fianl_bsp/ps7_cortexa9_0/lib -o "fianl.elf"  ./src/helloworld.o ./src/platform.o   -Wl,--start-group,-lxil,-lgcc,-lc,--end-group
'Finished building target: fianl.elf'
' '
'Invoking: ARM v7 Print Size'
arm-none-eabi-size fianl.elf  |tee "fianl.elf.size"
   text	   data	    bss	    dec	    hex	filename
  23944	   1184	  22648	  47776	   baa0	fianl.elf
'Finished building: fianl.elf.size'
' '
16:31:52 **** Incremental Build of configuration Debug for project fianl ****
make pre-build main-build 
a9-linaro-pre-build-step
' '
make: Nothing to be done for 'main-build'.
16:34:22 **** Auto Build of configuration Debug for project fianl ****
make pre-build main-build 
a9-linaro-pre-build-step
' '
'Building file: ../src/helloworld.c'
'Invoking: ARM v7 gcc compiler'
arm-none-eabi-gcc -Wall -O0 -g3 -c -fmessage-length=0 -MT"src/helloworld.o" -mcpu=cortex-a9 -mfpu=vfpv3 -mfloat-abi=hard -I../../fianl_bsp/ps7_cortexa9_0/include -MMD -MP -MF"src/helloworld.d" -MT"src/helloworld.o" -o "src/helloworld.o" "../src/helloworld.c"
'Finished building: ../src/helloworld.c'
' '
'Building target: fianl.elf'
'Invoking: ARM v7 gcc linker'
arm-none-eabi-gcc -mcpu=cortex-a9 -mfpu=vfpv3 -mfloat-abi=hard -Wl,-build-id=none -specs=Xilinx.spec -Wl,-T -Wl,../src/lscript.ld -L../../fianl_bsp/ps7_cortexa9_0/lib -o "fianl.elf"  ./src/helloworld.o ./src/platform.o   -Wl,--start-group,-lxil,-lgcc,-lc,--end-group
'Finished building target: fianl.elf'
' '
'Invoking: ARM v7 Print Size'
arm-none-eabi-size fianl.elf  |tee "fianl.elf.size"
   text	   data	    bss	    dec	    hex	filename
  23956	   1184	  22648	  47788	   baac	fianl.elf
'Finished building: fianl.elf.size'
' '
16:34:34 **** Incremental Build of configuration Debug for project fianl ****
make pre-build main-build 
a9-linaro-pre-build-step
' '
make: Nothing to be done for 'main-build'.
16:39:10 **** Auto Build of configuration Debug for project fianl ****
make pre-build main-build 
a9-linaro-pre-build-step
' '
'Building file: ../src/helloworld.c'
'Invoking: ARM v7 gcc compiler'
arm-none-eabi-gcc -Wall -O0 -g3 -c -fmessage-length=0 -MT"src/helloworld.o" -mcpu=cortex-a9 -mfpu=vfpv3 -mfloat-abi=hard -I../../fianl_bsp/ps7_cortexa9_0/include -MMD -MP -MF"src/helloworld.d" -MT"src/helloworld.o" -o "src/helloworld.o" "../src/helloworld.c"
'Finished building: ../src/helloworld.c'
' '
'Building target: fianl.elf'
'Invoking: ARM v7 gcc linker'
arm-none-eabi-gcc -mcpu=cortex-a9 -mfpu=vfpv3 -mfloat-abi=hard -Wl,-build-id=none -specs=Xilinx.spec -Wl,-T -Wl,../src/lscript.ld -L../../fianl_bsp/ps7_cortexa9_0/lib -o "fianl.elf"  ./src/helloworld.o ./src/platform.o   -Wl,--start-group,-lxil,-lgcc,-lc,--end-group
./src/platform.o: In function `init_uart':
C:\soc\final\final.sdk\fianl\Debug/../src/platform.c:83: multiple definition of `init_uart'
./src/helloworld.o:C:\soc\final\final.sdk\fianl\Debug/../src/helloworld.c:10: first defined here
collect2.exe: error: ld returned 1 exit status
make: *** [makefile:41: fianl.elf] Error 1
16:39:42 **** Incremental Build of configuration Debug for project fianl ****
make pre-build main-build 
a9-linaro-pre-build-step
' '
'Building target: fianl.elf'
'Invoking: ARM v7 gcc linker'
arm-none-eabi-gcc -mcpu=cortex-a9 -mfpu=vfpv3 -mfloat-abi=hard -Wl,-build-id=none -specs=Xilinx.spec -Wl,-T -Wl,../src/lscript.ld -L../../fianl_bsp/ps7_cortexa9_0/lib -o "fianl.elf"  ./src/helloworld.o ./src/platform.o   -Wl,--start-group,-lxil,-lgcc,-lc,--end-group
./src/platform.o: In function `init_uart':
C:\soc\final\final.sdk\fianl\Debug/../src/platform.c:83: multiple definition of `init_uart'
./src/helloworld.o:C:\soc\final\final.sdk\fianl\Debug/../src/helloworld.c:10: first defined here
collect2.exe: error: ld returned 1 exit status
make: *** [makefile:41: fianl.elf] Error 1
16:41:14 **** Auto Build of configuration Debug for project fianl ****
make pre-build main-build 
a9-linaro-pre-build-step
' '
'Building file: ../src/helloworld.c'
'Invoking: ARM v7 gcc compiler'
arm-none-eabi-gcc -Wall -O0 -g3 -c -fmessage-length=0 -MT"src/helloworld.o" -mcpu=cortex-a9 -mfpu=vfpv3 -mfloat-abi=hard -I../../fianl_bsp/ps7_cortexa9_0/include -MMD -MP -MF"src/helloworld.d" -MT"src/helloworld.o" -o "src/helloworld.o" "../src/helloworld.c"
../src/helloworld.c: In function 'main':
../src/helloworld.c:16:5: warning: implicit declaration of function 'init_uart' [-Wimplicit-function-declaration]
     init_uart(&Uart0, UART0_DEVICE_ID);
     ^~~~~~~~~
'Finished building: ../src/helloworld.c'
' '
'Building target: fianl.elf'
'Invoking: ARM v7 gcc linker'
arm-none-eabi-gcc -mcpu=cortex-a9 -mfpu=vfpv3 -mfloat-abi=hard -Wl,-build-id=none -specs=Xilinx.spec -Wl,-T -Wl,../src/lscript.ld -L../../fianl_bsp/ps7_cortexa9_0/lib -o "fianl.elf"  ./src/helloworld.o ./src/platform.o   -Wl,--start-group,-lxil,-lgcc,-lc,--end-group
'Finished building target: fianl.elf'
' '
'Invoking: ARM v7 Print Size'
arm-none-eabi-size fianl.elf  |tee "fianl.elf.size"
   text	   data	    bss	    dec	    hex	filename
  19816	   1144	  22712	  43672	   aa98	fianl.elf
'Finished building: fianl.elf.size'
' '
16:41:25 **** Incremental Build of configuration Debug for project fianl ****
make pre-build main-build 
a9-linaro-pre-build-step
' '
make: Nothing to be done for 'main-build'.
16:45:11 **** Auto Build of configuration Debug for project fianl ****
make pre-build main-build 
a9-linaro-pre-build-step
' '
'Building file: ../src/platform.c'
'Invoking: ARM v7 gcc compiler'
arm-none-eabi-gcc -Wall -O0 -g3 -c -fmessage-length=0 -MT"src/platform.o" -mcpu=cortex-a9 -mfpu=vfpv3 -mfloat-abi=hard -I../../fianl_bsp/ps7_cortexa9_0/include -MMD -MP -MF"src/platform.d" -MT"src/platform.o" -o "src/platform.o" "../src/platform.c"
'Finished building: ../src/platform.c'
' '
'Building target: fianl.elf'
'Invoking: ARM v7 gcc linker'
arm-none-eabi-gcc -mcpu=cortex-a9 -mfpu=vfpv3 -mfloat-abi=hard -Wl,-build-id=none -specs=Xilinx.spec -Wl,-T -Wl,../src/lscript.ld -L../../fianl_bsp/ps7_cortexa9_0/lib -o "fianl.elf"  ./src/helloworld.o ./src/platform.o   -Wl,--start-group,-lxil,-lgcc,-lc,--end-group
'Finished building target: fianl.elf'
' '
'Invoking: ARM v7 Print Size'
arm-none-eabi-size fianl.elf  |tee "fianl.elf.size"
   text	   data	    bss	    dec	    hex	filename
  19816	   1144	  22712	  43672	   aa98	fianl.elf
'Finished building: fianl.elf.size'
' '
16:45:23 **** Incremental Build of configuration Debug for project fianl ****
make pre-build main-build 
a9-linaro-pre-build-step
' '
make: Nothing to be done for 'main-build'.
16:45:45 **** Auto Build of configuration Debug for project fianl ****
make pre-build main-build 
a9-linaro-pre-build-step
' '
'Building file: ../src/platform.c'
'Invoking: ARM v7 gcc compiler'
arm-none-eabi-gcc -Wall -O0 -g3 -c -fmessage-length=0 -MT"src/platform.o" -mcpu=cortex-a9 -mfpu=vfpv3 -mfloat-abi=hard -I../../fianl_bsp/ps7_cortexa9_0/include -MMD -MP -MF"src/platform.d" -MT"src/platform.o" -o "src/platform.o" "../src/platform.c"
'Finished building: ../src/platform.c'
' '
'Building target: fianl.elf'
'Invoking: ARM v7 gcc linker'
arm-none-eabi-gcc -mcpu=cortex-a9 -mfpu=vfpv3 -mfloat-abi=hard -Wl,-build-id=none -specs=Xilinx.spec -Wl,-T -Wl,../src/lscript.ld -L../../fianl_bsp/ps7_cortexa9_0/lib -o "fianl.elf"  ./src/helloworld.o ./src/platform.o   -Wl,--start-group,-lxil,-lgcc,-lc,--end-group
'Finished building target: fianl.elf'
' '
'Invoking: ARM v7 Print Size'
arm-none-eabi-size fianl.elf  |tee "fianl.elf.size"
   text	   data	    bss	    dec	    hex	filename
  19816	   1144	  22712	  43672	   aa98	fianl.elf
'Finished building: fianl.elf.size'
' '
16:48:11 **** Auto Build of configuration Debug for project fianl ****
make pre-build main-build 
a9-linaro-pre-build-step
' '
'Building file: ../src/helloworld.c'
'Invoking: ARM v7 gcc compiler'
arm-none-eabi-gcc -Wall -O0 -g3 -c -fmessage-length=0 -MT"src/helloworld.o" -mcpu=cortex-a9 -mfpu=vfpv3 -mfloat-abi=hard -I../../fianl_bsp/ps7_cortexa9_0/include -MMD -MP -MF"src/helloworld.d" -MT"src/helloworld.o" -o "src/helloworld.o" "../src/helloworld.c"
'Finished building: ../src/helloworld.c'
' '
'Building target: fianl.elf'
'Invoking: ARM v7 gcc linker'
arm-none-eabi-gcc -mcpu=cortex-a9 -mfpu=vfpv3 -mfloat-abi=hard -Wl,-build-id=none -specs=Xilinx.spec -Wl,-T -Wl,../src/lscript.ld -L../../fianl_bsp/ps7_cortexa9_0/lib -o "fianl.elf"  ./src/helloworld.o ./src/platform.o   -Wl,--start-group,-lxil,-lgcc,-lc,--end-group
./src/platform.o: In function `init_uart':
C:\soc\final\final.sdk\fianl\Debug/../src/platform.c:83: multiple definition of `init_uart'
./src/helloworld.o:C:\soc\final\final.sdk\fianl\Debug/../src/helloworld.c:11: first defined here
collect2.exe: error: ld returned 1 exit status
make: *** [makefile:41: fianl.elf] Error 1
16:48:30 **** Auto Build of configuration Debug for project fianl ****
make pre-build main-build 
a9-linaro-pre-build-step
' '
'Building file: ../src/helloworld.c'
'Invoking: ARM v7 gcc compiler'
arm-none-eabi-gcc -Wall -O0 -g3 -c -fmessage-length=0 -MT"src/helloworld.o" -mcpu=cortex-a9 -mfpu=vfpv3 -mfloat-abi=hard -I../../fianl_bsp/ps7_cortexa9_0/include -MMD -MP -MF"src/helloworld.d" -MT"src/helloworld.o" -o "src/helloworld.o" "../src/helloworld.c"
'Finished building: ../src/helloworld.c'
' '
'Building target: fianl.elf'
'Invoking: ARM v7 gcc linker'
arm-none-eabi-gcc -mcpu=cortex-a9 -mfpu=vfpv3 -mfloat-abi=hard -Wl,-build-id=none -specs=Xilinx.spec -Wl,-T -Wl,../src/lscript.ld -L../../fianl_bsp/ps7_cortexa9_0/lib -o "fianl.elf"  ./src/helloworld.o ./src/platform.o   -Wl,--start-group,-lxil,-lgcc,-lc,--end-group
./src/platform.o: In function `init_uart':
C:\soc\final\final.sdk\fianl\Debug/../src/platform.c:83: multiple definition of `init_uart'
./src/helloworld.o:C:\soc\final\final.sdk\fianl\Debug/../src/helloworld.c:11: first defined here
collect2.exe: error: ld returned 1 exit status
make: *** [makefile:41: fianl.elf] Error 1
16:48:42 **** Auto Build of configuration Debug for project fianl ****
make pre-build main-build 
a9-linaro-pre-build-step
' '
'Building file: ../src/helloworld.c'
'Invoking: ARM v7 gcc compiler'
arm-none-eabi-gcc -Wall -O0 -g3 -c -fmessage-length=0 -MT"src/helloworld.o" -mcpu=cortex-a9 -mfpu=vfpv3 -mfloat-abi=hard -I../../fianl_bsp/ps7_cortexa9_0/include -MMD -MP -MF"src/helloworld.d" -MT"src/helloworld.o" -o "src/helloworld.o" "../src/helloworld.c"
../src/helloworld.c: In function 'main':
../src/helloworld.c:30:14: warning: implicit declaration of function 'init_uart'; did you mean 'init_my_uart'? [-Wimplicit-function-declaration]
     status = init_uart(&Uart0, UART0_DEVICE_ID);
              ^~~~~~~~~
              init_my_uart
'Finished building: ../src/helloworld.c'
' '
'Building target: fianl.elf'
'Invoking: ARM v7 gcc linker'
arm-none-eabi-gcc -mcpu=cortex-a9 -mfpu=vfpv3 -mfloat-abi=hard -Wl,-build-id=none -specs=Xilinx.spec -Wl,-T -Wl,../src/lscript.ld -L../../fianl_bsp/ps7_cortexa9_0/lib -o "fianl.elf"  ./src/helloworld.o ./src/platform.o   -Wl,--start-group,-lxil,-lgcc,-lc,--end-group
'Finished building target: fianl.elf'
' '
'Invoking: ARM v7 Print Size'
arm-none-eabi-size fianl.elf  |tee "fianl.elf.size"
   text	   data	    bss	    dec	    hex	filename
  24524	   1184	  22712	  48420	   bd24	fianl.elf
'Finished building: fianl.elf.size'
' '
16:48:52 **** Auto Build of configuration Debug for project fianl ****
make pre-build main-build 
a9-linaro-pre-build-step
' '
'Building file: ../src/helloworld.c'
'Invoking: ARM v7 gcc compiler'
arm-none-eabi-gcc -Wall -O0 -g3 -c -fmessage-length=0 -MT"src/helloworld.o" -mcpu=cortex-a9 -mfpu=vfpv3 -mfloat-abi=hard -I../../fianl_bsp/ps7_cortexa9_0/include -MMD -MP -MF"src/helloworld.d" -MT"src/helloworld.o" -o "src/helloworld.o" "../src/helloworld.c"
../src/helloworld.c: In function 'main':
../src/helloworld.c:30:14: warning: implicit declaration of function 'init__my_uart'; did you mean 'init_my_uart'? [-Wimplicit-function-declaration]
     status = init__my_uart(&Uart0, UART0_DEVICE_ID);
              ^~~~~~~~~~~~~
              init_my_uart
../src/helloworld.c:37:14: warning: implicit declaration of function 'init_uart'; did you mean 'init_my_uart'? [-Wimplicit-function-declaration]
     status = init_uart(&Uart1, UART1_DEVICE_ID);
              ^~~~~~~~~
              init_my_uart
'Finished building: ../src/helloworld.c'
' '
'Building target: fianl.elf'
'Invoking: ARM v7 gcc linker'
arm-none-eabi-gcc -mcpu=cortex-a9 -mfpu=vfpv3 -mfloat-abi=hard -Wl,-build-id=none -specs=Xilinx.spec -Wl,-T -Wl,../src/lscript.ld -L../../fianl_bsp/ps7_cortexa9_0/lib -o "fianl.elf"  ./src/helloworld.o ./src/platform.o   -Wl,--start-group,-lxil,-lgcc,-lc,--end-group
./src/helloworld.o: In function `main':
C:\soc\final\final.sdk\fianl\Debug/../src/helloworld.c:30: undefined reference to `init__my_uart'
collect2.exe: error: ld returned 1 exit status
make: *** [makefile:41: fianl.elf] Error 1
16:49:03 **** Auto Build of configuration Debug for project fianl ****
make pre-build main-build 
a9-linaro-pre-build-step
' '
'Building file: ../src/helloworld.c'
'Invoking: ARM v7 gcc compiler'
arm-none-eabi-gcc -Wall -O0 -g3 -c -fmessage-length=0 -MT"src/helloworld.o" -mcpu=cortex-a9 -mfpu=vfpv3 -mfloat-abi=hard -I../../fianl_bsp/ps7_cortexa9_0/include -MMD -MP -MF"src/helloworld.d" -MT"src/helloworld.o" -o "src/helloworld.o" "../src/helloworld.c"
../src/helloworld.c: In function 'main':
../src/helloworld.c:30:14: warning: implicit declaration of function 'init__my_uart'; did you mean 'init_my_uart'? [-Wimplicit-function-declaration]
     status = init__my_uart(&Uart0, UART0_DEVICE_ID);
              ^~~~~~~~~~~~~
              init_my_uart
'Finished building: ../src/helloworld.c'
' '
'Building target: fianl.elf'
'Invoking: ARM v7 gcc linker'
arm-none-eabi-gcc -mcpu=cortex-a9 -mfpu=vfpv3 -mfloat-abi=hard -Wl,-build-id=none -specs=Xilinx.spec -Wl,-T -Wl,../src/lscript.ld -L../../fianl_bsp/ps7_cortexa9_0/lib -o "fianl.elf"  ./src/helloworld.o ./src/platform.o   -Wl,--start-group,-lxil,-lgcc,-lc,--end-group
./src/helloworld.o: In function `main':
C:\soc\final\final.sdk\fianl\Debug/../src/helloworld.c:30: undefined reference to `init__my_uart'
C:\soc\final\final.sdk\fianl\Debug/../src/helloworld.c:37: undefined reference to `init__my_uart'
collect2.exe: error: ld returned 1 exit status
make: *** [makefile:41: fianl.elf] Error 1
16:49:12 **** Auto Build of configuration Debug for project fianl ****
make pre-build main-build 
a9-linaro-pre-build-step
' '
'Building file: ../src/helloworld.c'
'Invoking: ARM v7 gcc compiler'
arm-none-eabi-gcc -Wall -O0 -g3 -c -fmessage-length=0 -MT"src/helloworld.o" -mcpu=cortex-a9 -mfpu=vfpv3 -mfloat-abi=hard -I../../fianl_bsp/ps7_cortexa9_0/include -MMD -MP -MF"src/helloworld.d" -MT"src/helloworld.o" -o "src/helloworld.o" "../src/helloworld.c"
'Finished building: ../src/helloworld.c'
' '
'Building target: fianl.elf'
'Invoking: ARM v7 gcc linker'
arm-none-eabi-gcc -mcpu=cortex-a9 -mfpu=vfpv3 -mfloat-abi=hard -Wl,-build-id=none -specs=Xilinx.spec -Wl,-T -Wl,../src/lscript.ld -L../../fianl_bsp/ps7_cortexa9_0/lib -o "fianl.elf"  ./src/helloworld.o ./src/platform.o   -Wl,--start-group,-lxil,-lgcc,-lc,--end-group
'Finished building target: fianl.elf'
' '
'Invoking: ARM v7 Print Size'
arm-none-eabi-size fianl.elf  |tee "fianl.elf.size"
   text	   data	    bss	    dec	    hex	filename
  24524	   1184	  22712	  48420	   bd24	fianl.elf
'Finished building: fianl.elf.size'
' '
16:49:21 **** Incremental Build of configuration Debug for project fianl ****
make pre-build main-build 
a9-linaro-pre-build-step
' '
make: Nothing to be done for 'main-build'.
17:04:53 **** Auto Build of configuration Debug for project fianl ****
make pre-build main-build 
a9-linaro-pre-build-step
' '
'Building file: ../src/helloworld.c'
'Invoking: ARM v7 gcc compiler'
arm-none-eabi-gcc -Wall -O0 -g3 -c -fmessage-length=0 -MT"src/helloworld.o" -mcpu=cortex-a9 -mfpu=vfpv3 -mfloat-abi=hard -I../../fianl_bsp/ps7_cortexa9_0/include -MMD -MP -MF"src/helloworld.d" -MT"src/helloworld.o" -o "src/helloworld.o" "../src/helloworld.c"
'Finished building: ../src/helloworld.c'
' '
'Building target: fianl.elf'
'Invoking: ARM v7 gcc linker'
arm-none-eabi-gcc -mcpu=cortex-a9 -mfpu=vfpv3 -mfloat-abi=hard -Wl,-build-id=none -specs=Xilinx.spec -Wl,-T -Wl,../src/lscript.ld -L../../fianl_bsp/ps7_cortexa9_0/lib -o "fianl.elf"  ./src/helloworld.o ./src/platform.o   -Wl,--start-group,-lxil,-lgcc,-lc,--end-group
'Finished building target: fianl.elf'
' '
'Invoking: ARM v7 Print Size'
arm-none-eabi-size fianl.elf  |tee "fianl.elf.size"
   text	   data	    bss	    dec	    hex	filename
  24796	   1184	  22712	  48692	   be34	fianl.elf
'Finished building: fianl.elf.size'
' '
17:06:15 **** Auto Build of configuration Debug for project fianl ****
make pre-build main-build 
a9-linaro-pre-build-step
' '
'Building file: ../src/helloworld.c'
'Invoking: ARM v7 gcc compiler'
arm-none-eabi-gcc -Wall -O0 -g3 -c -fmessage-length=0 -MT"src/helloworld.o" -mcpu=cortex-a9 -mfpu=vfpv3 -mfloat-abi=hard -I../../fianl_bsp/ps7_cortexa9_0/include -MMD -MP -MF"src/helloworld.d" -MT"src/helloworld.o" -o "src/helloworld.o" "../src/helloworld.c"
'Finished building: ../src/helloworld.c'
' '
'Building target: fianl.elf'
'Invoking: ARM v7 gcc linker'
arm-none-eabi-gcc -mcpu=cortex-a9 -mfpu=vfpv3 -mfloat-abi=hard -Wl,-build-id=none -specs=Xilinx.spec -Wl,-T -Wl,../src/lscript.ld -L../../fianl_bsp/ps7_cortexa9_0/lib -o "fianl.elf"  ./src/helloworld.o ./src/platform.o   -Wl,--start-group,-lxil,-lgcc,-lc,--end-group
'Finished building target: fianl.elf'
' '
'Invoking: ARM v7 Print Size'
arm-none-eabi-size fianl.elf  |tee "fianl.elf.size"
   text	   data	    bss	    dec	    hex	filename
  24652	   1184	  22712	  48548	   bda4	fianl.elf
'Finished building: fianl.elf.size'
' '
17:06:24 **** Incremental Build of configuration Debug for project fianl ****
make pre-build main-build 
a9-linaro-pre-build-step
' '
make: Nothing to be done for 'main-build'.
18:41:18 **** Incremental Build of configuration Debug for project fianl ****
make pre-build main-build 
a9-linaro-pre-build-step
' '
'Building file: ../src/helloworld.c'
'Invoking: ARM v7 gcc compiler'
arm-none-eabi-gcc -Wall -O0 -g3 -c -fmessage-length=0 -MT"src/helloworld.o" -mcpu=cortex-a9 -mfpu=vfpv3 -mfloat-abi=hard -I../../fianl_bsp/ps7_cortexa9_0/include -MMD -MP -MF"src/helloworld.d" -MT"src/helloworld.o" -o "src/helloworld.o" "../src/helloworld.c"
In file included from ../src/helloworld.c:1:0:
../../fianl_bsp/ps7_cortexa9_0/include/xparameters.h:19:10: fatal error: xparameters_ps.h: No such file or directory
 #include "xparameters_ps.h"
          ^~~~~~~~~~~~~~~~~~
compilation terminated.
make: *** [src/subdir.mk:26: src/helloworld.o] Error 1
18:41:53 **** Auto Build of configuration Debug for project fianl ****
make pre-build main-build 
a9-linaro-pre-build-step
' '
'Building file: ../src/helloworld.c'
'Invoking: ARM v7 gcc compiler'
arm-none-eabi-gcc -Wall -O0 -g3 -c -fmessage-length=0 -MT"src/helloworld.o" -mcpu=cortex-a9 -mfpu=vfpv3 -mfloat-abi=hard -I../../fianl_bsp/ps7_cortexa9_0/include -MMD -MP -MF"src/helloworld.d" -MT"src/helloworld.o" -o "src/helloworld.o" "../src/helloworld.c"
In file included from ../src/helloworld.c:1:0:
../../fianl_bsp/ps7_cortexa9_0/include/xparameters.h:19:10: fatal error: xparameters_ps.h: No such file or directory
 #include "xparameters_ps.h"
          ^~~~~~~~~~~~~~~~~~
compilation terminated.
make: *** [src/subdir.mk:26: src/helloworld.o] Error 1
18:42:02 **** Clean-only build of configuration Debug for project fianl ****
make clean 
rm -rf  ./src/helloworld.o ./src/platform.o  ./src/helloworld.d ./src/platform.d  fianl.elf.size  fianl.elf
' '
18:42:02 **** Clean-only build of project fianl_bsp ****
make -k clean 
make -C ps7_cortexa9_0/libsrc/coresightps_dcc_v1_4/src -s clean 
make -C ps7_cortexa9_0/libsrc/cpu_cortexa9_v2_7/src -s clean 
make -C ps7_cortexa9_0/libsrc/ddrps_v1_0/src -s clean 
make -C ps7_cortexa9_0/libsrc/devcfg_v3_5/src -s clean 
make -C ps7_cortexa9_0/libsrc/dmaps_v2_4/src -s clean 
make -C ps7_cortexa9_0/libsrc/emacps_v3_8/src -s clean 
make -C ps7_cortexa9_0/libsrc/final_v1_0/src -s clean 
rm: lstat．*.o・ア英: Invalid argument
make[1]: *** [Makefile:26: clean] Error 1
make: *** [Makefile:33: ps7_cortexa9_0/libsrc/final_v1_0/src/make.clean] Error 2
make -C ps7_cortexa9_0/libsrc/qspips_v3_5/src -s clean 
make -C ps7_cortexa9_0/libsrc/scugic_v3_10/src -s clean 
make -C ps7_cortexa9_0/libsrc/scutimer_v2_1/src -s clean 
make -C ps7_cortexa9_0/libsrc/scuwdt_v2_1/src -s clean 
make -C ps7_cortexa9_0/libsrc/sdps_v3_6/src -s clean 
make -C ps7_cortexa9_0/libsrc/standalone_v6_8/src -s clean 
make -C ps7_cortexa9_0/libsrc/uartps_v3_7/src -s clean 
make -C ps7_cortexa9_0/libsrc/usbps_v2_4/src -s clean 
make -C ps7_cortexa9_0/libsrc/wdtps_v3_1/src -s clean 
make -C ps7_cortexa9_0/libsrc/xadcps_v2_3/src -s clean 
make: Target 'clean' not remade because of errors.
18:42:03 **** Build of project fianl_bsp ****
make -k all 
"Running Make include in ps7_cortexa9_0/libsrc/coresightps_dcc_v1_4/src"
make -C ps7_cortexa9_0/libsrc/coresightps_dcc_v1_4/src -s include  "SHELL=CMD" "COMPILER=arm-none-eabi-gcc" "ARCHIVER=arm-none-eabi-ar" "COMPILER_FLAGS=  -O2 -c" "EXTRA_COMPILER_FLAGS=-mcpu=cortex-a9 -mfpu=vfpv3 -mfloat-abi=hard -nostartfiles -g -Wall -Wextra"
"Running Make include in ps7_cortexa9_0/libsrc/cpu_cortexa9_v2_7/src"
make -C ps7_cortexa9_0/libsrc/cpu_cortexa9_v2_7/src -s include  "SHELL=CMD" "COMPILER=arm-none-eabi-gcc" "ARCHIVER=arm-none-eabi-ar" "COMPILER_FLAGS=  -O2 -c" "EXTRA_COMPILER_FLAGS=-mcpu=cortex-a9 -mfpu=vfpv3 -mfloat-abi=hard -nostartfiles -g -Wall -Wextra"
"Running Make include in ps7_cortexa9_0/libsrc/ddrps_v1_0/src"
make -C ps7_cortexa9_0/libsrc/ddrps_v1_0/src -s include  "SHELL=CMD" "COMPILER=arm-none-eabi-gcc" "ARCHIVER=arm-none-eabi-ar" "COMPILER_FLAGS=  -O2 -c" "EXTRA_COMPILER_FLAGS=-mcpu=cortex-a9 -mfpu=vfpv3 -mfloat-abi=hard -nostartfiles -g -Wall -Wextra"
"Running Make include in ps7_cortexa9_0/libsrc/devcfg_v3_5/src"
make -C ps7_cortexa9_0/libsrc/devcfg_v3_5/src -s include  "SHELL=CMD" "COMPILER=arm-none-eabi-gcc" "ARCHIVER=arm-none-eabi-ar" "COMPILER_FLAGS=  -O2 -c" "EXTRA_COMPILER_FLAGS=-mcpu=cortex-a9 -mfpu=vfpv3 -mfloat-abi=hard -nostartfiles -g -Wall -Wextra"
"Running Make include in ps7_cortexa9_0/libsrc/dmaps_v2_4/src"
make -C ps7_cortexa9_0/libsrc/dmaps_v2_4/src -s include  "SHELL=CMD" "COMPILER=arm-none-eabi-gcc" "ARCHIVER=arm-none-eabi-ar" "COMPILER_FLAGS=  -O2 -c" "EXTRA_COMPILER_FLAGS=-mcpu=cortex-a9 -mfpu=vfpv3 -mfloat-abi=hard -nostartfiles -g -Wall -Wextra"
"Running Make include in ps7_cortexa9_0/libsrc/emacps_v3_8/src"
make -C ps7_cortexa9_0/libsrc/emacps_v3_8/src -s include  "SHELL=CMD" "COMPILER=arm-none-eabi-gcc" "ARCHIVER=arm-none-eabi-ar" "COMPILER_FLAGS=  -O2 -c" "EXTRA_COMPILER_FLAGS=-mcpu=cortex-a9 -mfpu=vfpv3 -mfloat-abi=hard -nostartfiles -g -Wall -Wextra"
"Running Make include in ps7_cortexa9_0/libsrc/final_v1_0/src"
make -C ps7_cortexa9_0/libsrc/final_v1_0/src -s include  "SHELL=CMD" "COMPILER=arm-none-eabi-gcc" "ARCHIVER=arm-none-eabi-ar" "COMPILER_FLAGS=  -O2 -c" "EXTRA_COMPILER_FLAGS=-mcpu=cortex-a9 -mfpu=vfpv3 -mfloat-abi=hard -nostartfiles -g -Wall -Wextra"
"Running Make include in ps7_cortexa9_0/libsrc/qspips_v3_5/src"
make -C ps7_cortexa9_0/libsrc/qspips_v3_5/src -s include  "SHELL=CMD" "COMPILER=arm-none-eabi-gcc" "ARCHIVER=arm-none-eabi-ar" "COMPILER_FLAGS=  -O2 -c" "EXTRA_COMPILER_FLAGS=-mcpu=cortex-a9 -mfpu=vfpv3 -mfloat-abi=hard -nostartfiles -g -Wall -Wextra"
"Running Make include in ps7_cortexa9_0/libsrc/scugic_v3_10/src"
make -C ps7_cortexa9_0/libsrc/scugic_v3_10/src -s include  "SHELL=CMD" "COMPILER=arm-none-eabi-gcc" "ARCHIVER=arm-none-eabi-ar" "COMPILER_FLAGS=  -O2 -c" "EXTRA_COMPILER_FLAGS=-mcpu=cortex-a9 -mfpu=vfpv3 -mfloat-abi=hard -nostartfiles -g -Wall -Wextra"
"Running Make include in ps7_cortexa9_0/libsrc/scutimer_v2_1/src"
make -C ps7_cortexa9_0/libsrc/scutimer_v2_1/src -s include  "SHELL=CMD" "COMPILER=arm-none-eabi-gcc" "ARCHIVER=arm-none-eabi-ar" "COMPILER_FLAGS=  -O2 -c" "EXTRA_COMPILER_FLAGS=-mcpu=cortex-a9 -mfpu=vfpv3 -mfloat-abi=hard -nostartfiles -g -Wall -Wextra"
"Running Make include in ps7_cortexa9_0/libsrc/scuwdt_v2_1/src"
make -C ps7_cortexa9_0/libsrc/scuwdt_v2_1/src -s include  "SHELL=CMD" "COMPILER=arm-none-eabi-gcc" "ARCHIVER=arm-none-eabi-ar" "COMPILER_FLAGS=  -O2 -c" "EXTRA_COMPILER_FLAGS=-mcpu=cortex-a9 -mfpu=vfpv3 -mfloat-abi=hard -nostartfiles -g -Wall -Wextra"
"Running Make include in ps7_cortexa9_0/libsrc/sdps_v3_6/src"
make -C ps7_cortexa9_0/libsrc/sdps_v3_6/src -s include  "SHELL=CMD" "COMPILER=arm-none-eabi-gcc" "ARCHIVER=arm-none-eabi-ar" "COMPILER_FLAGS=  -O2 -c" "EXTRA_COMPILER_FLAGS=-mcpu=cortex-a9 -mfpu=vfpv3 -mfloat-abi=hard -nostartfiles -g -Wall -Wextra"
"Running Make include in ps7_cortexa9_0/libsrc/standalone_v6_8/src"
make -C ps7_cortexa9_0/libsrc/standalone_v6_8/src -s include  "SHELL=CMD" "COMPILER=arm-none-eabi-gcc" "ARCHIVER=arm-none-eabi-ar" "COMPILER_FLAGS=  -O2 -c" "EXTRA_COMPILER_FLAGS=-mcpu=cortex-a9 -mfpu=vfpv3 -mfloat-abi=hard -nostartfiles -g -Wall -Wextra"
"Running Make include in ps7_cortexa9_0/libsrc/uartps_v3_7/src"
make -C ps7_cortexa9_0/libsrc/uartps_v3_7/src -s include  "SHELL=CMD" "COMPILER=arm-none-eabi-gcc" "ARCHIVER=arm-none-eabi-ar" "COMPILER_FLAGS=  -O2 -c" "EXTRA_COMPILER_FLAGS=-mcpu=cortex-a9 -mfpu=vfpv3 -mfloat-abi=hard -nostartfiles -g -Wall -Wextra"
"Running Make include in ps7_cortexa9_0/libsrc/usbps_v2_4/src"
make -C ps7_cortexa9_0/libsrc/usbps_v2_4/src -s include  "SHELL=CMD" "COMPILER=arm-none-eabi-gcc" "ARCHIVER=arm-none-eabi-ar" "COMPILER_FLAGS=  -O2 -c" "EXTRA_COMPILER_FLAGS=-mcpu=cortex-a9 -mfpu=vfpv3 -mfloat-abi=hard -nostartfiles -g -Wall -Wextra"
"Running Make include in ps7_cortexa9_0/libsrc/wdtps_v3_1/src"
make -C ps7_cortexa9_0/libsrc/wdtps_v3_1/src -s include  "SHELL=CMD" "COMPILER=arm-none-eabi-gcc" "ARCHIVER=arm-none-eabi-ar" "COMPILER_FLAGS=  -O2 -c" "EXTRA_COMPILER_FLAGS=-mcpu=cortex-a9 -mfpu=vfpv3 -mfloat-abi=hard -nostartfiles -g -Wall -Wextra"
"Running Make include in ps7_cortexa9_0/libsrc/xadcps_v2_3/src"
make -C ps7_cortexa9_0/libsrc/xadcps_v2_3/src -s include  "SHELL=CMD" "COMPILER=arm-none-eabi-gcc" "ARCHIVER=arm-none-eabi-ar" "COMPILER_FLAGS=  -O2 -c" "EXTRA_COMPILER_FLAGS=-mcpu=cortex-a9 -mfpu=vfpv3 -mfloat-abi=hard -nostartfiles -g -Wall -Wextra"
"Running Make libs in ps7_cortexa9_0/libsrc/coresightps_dcc_v1_4/src"
make -C ps7_cortexa9_0/libsrc/coresightps_dcc_v1_4/src -s libs  "SHELL=CMD" "COMPILER=arm-none-eabi-gcc" "ARCHIVER=arm-none-eabi-ar" "COMPILER_FLAGS=  -O2 -c" "EXTRA_COMPILER_FLAGS=-mcpu=cortex-a9 -mfpu=vfpv3 -mfloat-abi=hard -nostartfiles -g -Wall -Wextra"
"Compiling coresightps_dcc"
arm-none-eabi-ar: creating ../../../lib/libxil.a
"Running Make libs in ps7_cortexa9_0/libsrc/cpu_cortexa9_v2_7/src"
make -C ps7_cortexa9_0/libsrc/cpu_cortexa9_v2_7/src -s libs  "SHELL=CMD" "COMPILER=arm-none-eabi-gcc" "ARCHIVER=arm-none-eabi-ar" "COMPILER_FLAGS=  -O2 -c" "EXTRA_COMPILER_FLAGS=-mcpu=cortex-a9 -mfpu=vfpv3 -mfloat-abi=hard -nostartfiles -g -Wall -Wextra"
"Compiling cpu_cortexa9"
"Running Make libs in ps7_cortexa9_0/libsrc/ddrps_v1_0/src"
make -C ps7_cortexa9_0/libsrc/ddrps_v1_0/src -s libs  "SHELL=CMD" "COMPILER=arm-none-eabi-gcc" "ARCHIVER=arm-none-eabi-ar" "COMPILER_FLAGS=  -O2 -c" "EXTRA_COMPILER_FLAGS=-mcpu=cortex-a9 -mfpu=vfpv3 -mfloat-abi=hard -nostartfiles -g -Wall -Wextra"
"Compiling ddrps"
"Running Make libs in ps7_cortexa9_0/libsrc/devcfg_v3_5/src"
make -C ps7_cortexa9_0/libsrc/devcfg_v3_5/src -s libs  "SHELL=CMD" "COMPILER=arm-none-eabi-gcc" "ARCHIVER=arm-none-eabi-ar" "COMPILER_FLAGS=  -O2 -c" "EXTRA_COMPILER_FLAGS=-mcpu=cortex-a9 -mfpu=vfpv3 -mfloat-abi=hard -nostartfiles -g -Wall -Wextra"
"Compiling devcfg"
"Running Make libs in ps7_cortexa9_0/libsrc/dmaps_v2_4/src"
make -C ps7_cortexa9_0/libsrc/dmaps_v2_4/src -s libs  "SHELL=CMD" "COMPILER=arm-none-eabi-gcc" "ARCHIVER=arm-none-eabi-ar" "COMPILER_FLAGS=  -O2 -c" "EXTRA_COMPILER_FLAGS=-mcpu=cortex-a9 -mfpu=vfpv3 -mfloat-abi=hard -nostartfiles -g -Wall -Wextra"
"Compiling dmaps"
"Running Make libs in ps7_cortexa9_0/libsrc/emacps_v3_8/src"
make -C ps7_cortexa9_0/libsrc/emacps_v3_8/src -s libs  "SHELL=CMD" "COMPILER=arm-none-eabi-gcc" "ARCHIVER=arm-none-eabi-ar" "COMPILER_FLAGS=  -O2 -c" "EXTRA_COMPILER_FLAGS=-mcpu=cortex-a9 -mfpu=vfpv3 -mfloat-abi=hard -nostartfiles -g -Wall -Wextra"
"Compiling emacps"
"Running Make libs in ps7_cortexa9_0/libsrc/final_v1_0/src"
make -C ps7_cortexa9_0/libsrc/final_v1_0/src -s libs  "SHELL=CMD" "COMPILER=arm-none-eabi-gcc" "ARCHIVER=arm-none-eabi-ar" "COMPILER_FLAGS=  -O2 -c" "EXTRA_COMPILER_FLAGS=-mcpu=cortex-a9 -mfpu=vfpv3 -mfloat-abi=hard -nostartfiles -g -Wall -Wextra"
"Compiling final..."
final_selftest.c: In function 'FINAL_Reg_SelfTest':
final_selftest.c:52:54: warning: comparison between signed and unsigned integer expressions [-Wsign-compare]
    if ( FINAL_mReadReg (baseaddr, read_loop_index*4) != (read_loop_index+1)*READ_WRITE_MUL_FACTOR){
                                                      ^~
final_selftest.c:36:6: warning: unused variable 'Index' [-Wunused-variable]
  int Index;
      ^~~~~
"Running Make libs in ps7_cortexa9_0/libsrc/qspips_v3_5/src"
make -C ps7_cortexa9_0/libsrc/qspips_v3_5/src -s libs  "SHELL=CMD" "COMPILER=arm-none-eabi-gcc" "ARCHIVER=arm-none-eabi-ar" "COMPILER_FLAGS=  -O2 -c" "EXTRA_COMPILER_FLAGS=-mcpu=cortex-a9 -mfpu=vfpv3 -mfloat-abi=hard -nostartfiles -g -Wall -Wextra"
"Compiling qspips"
"Running Make libs in ps7_cortexa9_0/libsrc/scugic_v3_10/src"
make -C ps7_cortexa9_0/libsrc/scugic_v3_10/src -s libs  "SHELL=CMD" "COMPILER=arm-none-eabi-gcc" "ARCHIVER=arm-none-eabi-ar" "COMPILER_FLAGS=  -O2 -c" "EXTRA_COMPILER_FLAGS=-mcpu=cortex-a9 -mfpu=vfpv3 -mfloat-abi=hard -nostartfiles -g -Wall -Wextra"
"Compiling scugic"
"Running Make libs in ps7_cortexa9_0/libsrc/scutimer_v2_1/src"
make -C ps7_cortexa9_0/libsrc/scutimer_v2_1/src -s libs  "SHELL=CMD" "COMPILER=arm-none-eabi-gcc" "ARCHIVER=arm-none-eabi-ar" "COMPILER_FLAGS=  -O2 -c" "EXTRA_COMPILER_FLAGS=-mcpu=cortex-a9 -mfpu=vfpv3 -mfloat-abi=hard -nostartfiles -g -Wall -Wextra"
"Compiling scutimer"
"Running Make libs in ps7_cortexa9_0/libsrc/scuwdt_v2_1/src"
make -C ps7_cortexa9_0/libsrc/scuwdt_v2_1/src -s libs  "SHELL=CMD" "COMPILER=arm-none-eabi-gcc" "ARCHIVER=arm-none-eabi-ar" "COMPILER_FLAGS=  -O2 -c" "EXTRA_COMPILER_FLAGS=-mcpu=cortex-a9 -mfpu=vfpv3 -mfloat-abi=hard -nostartfiles -g -Wall -Wextra"
"Compiling scuwdt"
"Running Make libs in ps7_cortexa9_0/libsrc/sdps_v3_6/src"
make -C ps7_cortexa9_0/libsrc/sdps_v3_6/src -s libs  "SHELL=CMD" "COMPILER=arm-none-eabi-gcc" "ARCHIVER=arm-none-eabi-ar" "COMPILER_FLAGS=  -O2 -c" "EXTRA_COMPILER_FLAGS=-mcpu=cortex-a9 -mfpu=vfpv3 -mfloat-abi=hard -nostartfiles -g -Wall -Wextra"
"Compiling sdps"
"Running Make libs in ps7_cortexa9_0/libsrc/standalone_v6_8/src"
make -C ps7_cortexa9_0/libsrc/standalone_v6_8/src -s libs  "SHELL=CMD" "COMPILER=arm-none-eabi-gcc" "ARCHIVER=arm-none-eabi-ar" "COMPILER_FLAGS=  -O2 -c" "EXTRA_COMPILER_FLAGS=-mcpu=cortex-a9 -mfpu=vfpv3 -mfloat-abi=hard -nostartfiles -g -Wall -Wextra"
"Compiling standalone"
In file included from usleep.c:56:0:
xtime_l.h:87:9: note: #pragma message: For the sleep routines, Global timer is being used
 #pragma message ("For the sleep routines, Global timer is being used")
         ^~~~~~~
In file included from xil_sleeptimer.c:51:0:
xtime_l.h:87:9: note: #pragma message: For the sleep routines, Global timer is being used
 #pragma message ("For the sleep routines, Global timer is being used")
         ^~~~~~~
In file included from xtime_l.c:49:0:
xtime_l.h:87:9: note: #pragma message: For the sleep routines, Global timer is being used
 #pragma message ("For the sleep routines, Global timer is being used")
         ^~~~~~~
In file included from sleep.c:53:0:
xtime_l.h:87:9: note: #pragma message: For the sleep routines, Global timer is being used
 #pragma message ("For the sleep routines, Global timer is being used")
         ^~~~~~~
"Running Make libs in ps7_cortexa9_0/libsrc/uartps_v3_7/src"
make -C ps7_cortexa9_0/libsrc/uartps_v3_7/src -s libs  "SHELL=CMD" "COMPILER=arm-none-eabi-gcc" "ARCHIVER=arm-none-eabi-ar" "COMPILER_FLAGS=  -O2 -c" "EXTRA_COMPILER_FLAGS=-mcpu=cortex-a9 -mfpu=vfpv3 -mfloat-abi=hard -nostartfiles -g -Wall -Wextra"
"Compiling uartps"
"Running Make libs in ps7_cortexa9_0/libsrc/usbps_v2_4/src"
make -C ps7_cortexa9_0/libsrc/usbps_v2_4/src -s libs  "SHELL=CMD" "COMPILER=arm-none-eabi-gcc" "ARCHIVER=arm-none-eabi-ar" "COMPILER_FLAGS=  -O2 -c" "EXTRA_COMPILER_FLAGS=-mcpu=cortex-a9 -mfpu=vfpv3 -mfloat-abi=hard -nostartfiles -g -Wall -Wextra"
"Compiling usbps"
"Running Make libs in ps7_cortexa9_0/libsrc/wdtps_v3_1/src"
make -C ps7_cortexa9_0/libsrc/wdtps_v3_1/src -s libs  "SHELL=CMD" "COMPILER=arm-none-eabi-gcc" "ARCHIVER=arm-none-eabi-ar" "COMPILER_FLAGS=  -O2 -c" "EXTRA_COMPILER_FLAGS=-mcpu=cortex-a9 -mfpu=vfpv3 -mfloat-abi=hard -nostartfiles -g -Wall -Wextra"
"Compiling wdtps"
"Running Make libs in ps7_cortexa9_0/libsrc/xadcps_v2_3/src"
make -C ps7_cortexa9_0/libsrc/xadcps_v2_3/src -s libs  "SHELL=CMD" "COMPILER=arm-none-eabi-gcc" "ARCHIVER=arm-none-eabi-ar" "COMPILER_FLAGS=  -O2 -c" "EXTRA_COMPILER_FLAGS=-mcpu=cortex-a9 -mfpu=vfpv3 -mfloat-abi=hard -nostartfiles -g -Wall -Wextra"
"Compiling xadcps"
'Finished building libraries'
18:42:24 **** Build of configuration Debug for project fianl ****
make pre-build main-build 
a9-linaro-pre-build-step
' '
'Building file: ../src/helloworld.c'
'Invoking: ARM v7 gcc compiler'
arm-none-eabi-gcc -Wall -O0 -g3 -c -fmessage-length=0 -MT"src/helloworld.o" -mcpu=cortex-a9 -mfpu=vfpv3 -mfloat-abi=hard -I../../fianl_bsp/ps7_cortexa9_0/include -MMD -MP -MF"src/helloworld.d" -MT"src/helloworld.o" -o "src/helloworld.o" "../src/helloworld.c"
../src/helloworld.c: In function 'write_slv_reg0':
../src/helloworld.c:7:27: error: 'XPAR_AXI_SLAVE_0_BASEADDR' undeclared (first use in this function); did you mean 'XPAR_XSLCR_0_BASEADDR'?
 #define SLV_REG0_BASEADDR XPAR_AXI_SLAVE_0_BASEADDR  // AXI Slave register 0
                           ^
../src/helloworld.c:29:22: note: in expansion of macro 'SLV_REG0_BASEADDR'
     *(volatile u32 *)SLV_REG0_BASEADDR = value;
                      ^~~~~~~~~~~~~~~~~
../src/helloworld.c:7:27: note: each undeclared identifier is reported only once for each function it appears in
 #define SLV_REG0_BASEADDR XPAR_AXI_SLAVE_0_BASEADDR  // AXI Slave register 0
                           ^
../src/helloworld.c:29:22: note: in expansion of macro 'SLV_REG0_BASEADDR'
     *(volatile u32 *)SLV_REG0_BASEADDR = value;
                      ^~~~~~~~~~~~~~~~~
../src/helloworld.c: In function 'read_slv_reg1':
../src/helloworld.c:8:27: error: 'XPAR_AXI_SLAVE_1_BASEADDR' undeclared (first use in this function); did you mean 'XPAR_XSLCR_0_BASEADDR'?
 #define SLV_REG1_BASEADDR XPAR_AXI_SLAVE_1_BASEADDR  // AXI Slave register 1
                           ^
../src/helloworld.c:34:29: note: in expansion of macro 'SLV_REG1_BASEADDR'
     return *(volatile u32 *)SLV_REG1_BASEADDR;
                             ^~~~~~~~~~~~~~~~~
../src/helloworld.c:35:1: warning: control reaches end of non-void function [-Wreturn-type]
 }
 ^
make: *** [src/subdir.mk:26: src/helloworld.o] Error 1
18:45:18 **** Auto Build of configuration Debug for project fianl ****
make pre-build main-build 
a9-linaro-pre-build-step
' '
'Building file: ../src/helloworld.c'
'Invoking: ARM v7 gcc compiler'
arm-none-eabi-gcc -Wall -O0 -g3 -c -fmessage-length=0 -MT"src/helloworld.o" -mcpu=cortex-a9 -mfpu=vfpv3 -mfloat-abi=hard -I../../fianl_bsp/ps7_cortexa9_0/include -MMD -MP -MF"src/helloworld.d" -MT"src/helloworld.o" -o "src/helloworld.o" "../src/helloworld.c"
'Finished building: ../src/helloworld.c'
' '
'Building file: ../src/platform.c'
'Invoking: ARM v7 gcc compiler'
arm-none-eabi-gcc -Wall -O0 -g3 -c -fmessage-length=0 -MT"src/platform.o" -mcpu=cortex-a9 -mfpu=vfpv3 -mfloat-abi=hard -I../../fianl_bsp/ps7_cortexa9_0/include -MMD -MP -MF"src/platform.d" -MT"src/platform.o" -o "src/platform.o" "../src/platform.c"
'Finished building: ../src/platform.c'
' '
'Building target: fianl.elf'
'Invoking: ARM v7 gcc linker'
arm-none-eabi-gcc -mcpu=cortex-a9 -mfpu=vfpv3 -mfloat-abi=hard -Wl,-build-id=none -specs=Xilinx.spec -Wl,-T -Wl,../src/lscript.ld -L../../fianl_bsp/ps7_cortexa9_0/lib -o "fianl.elf"  ./src/helloworld.o ./src/platform.o   -Wl,--start-group,-lxil,-lgcc,-lc,--end-group
'Finished building target: fianl.elf'
' '
'Invoking: ARM v7 Print Size'
arm-none-eabi-size fianl.elf  |tee "fianl.elf.size"
   text	   data	    bss	    dec	    hex	filename
  24744	   1184	  22712	  48640	   be00	fianl.elf
'Finished building: fianl.elf.size'
' '
18:45:26 **** Incremental Build of configuration Debug for project fianl ****
make pre-build main-build 
a9-linaro-pre-build-step
' '
make: Nothing to be done for 'main-build'.
18:52:53 **** Auto Build of configuration Debug for project fianl ****
make pre-build main-build 
a9-linaro-pre-build-step
' '
'Building file: ../src/helloworld.c'
'Invoking: ARM v7 gcc compiler'
arm-none-eabi-gcc -Wall -O0 -g3 -c -fmessage-length=0 -MT"src/helloworld.o" -mcpu=cortex-a9 -mfpu=vfpv3 -mfloat-abi=hard -I../../fianl_bsp/ps7_cortexa9_0/include -MMD -MP -MF"src/helloworld.d" -MT"src/helloworld.o" -o "src/helloworld.o" "../src/helloworld.c"
'Finished building: ../src/helloworld.c'
' '
'Building target: fianl.elf'
'Invoking: ARM v7 gcc linker'
arm-none-eabi-gcc -mcpu=cortex-a9 -mfpu=vfpv3 -mfloat-abi=hard -Wl,-build-id=none -specs=Xilinx.spec -Wl,-T -Wl,../src/lscript.ld -L../../fianl_bsp/ps7_cortexa9_0/lib -o "fianl.elf"  ./src/helloworld.o ./src/platform.o   -Wl,--start-group,-lxil,-lgcc,-lc,--end-group
'Finished building target: fianl.elf'
' '
'Invoking: ARM v7 Print Size'
arm-none-eabi-size fianl.elf  |tee "fianl.elf.size"
   text	   data	    bss	    dec	    hex	filename
  24808	   1184	  22712	  48704	   be40	fianl.elf
'Finished building: fianl.elf.size'
' '
19:01:28 **** Auto Build of configuration Debug for project fianl ****
make pre-build main-build 
a9-linaro-pre-build-step
' '
'Building file: ../src/helloworld.c'
'Invoking: ARM v7 gcc compiler'
arm-none-eabi-gcc -Wall -O0 -g3 -c -fmessage-length=0 -MT"src/helloworld.o" -mcpu=cortex-a9 -mfpu=vfpv3 -mfloat-abi=hard -I../../fianl_bsp/ps7_cortexa9_0/include -MMD -MP -MF"src/helloworld.d" -MT"src/helloworld.o" -o "src/helloworld.o" "../src/helloworld.c"
'Finished building: ../src/helloworld.c'
' '
'Building target: fianl.elf'
'Invoking: ARM v7 gcc linker'
arm-none-eabi-gcc -mcpu=cortex-a9 -mfpu=vfpv3 -mfloat-abi=hard -Wl,-build-id=none -specs=Xilinx.spec -Wl,-T -Wl,../src/lscript.ld -L../../fianl_bsp/ps7_cortexa9_0/lib -o "fianl.elf"  ./src/helloworld.o ./src/platform.o   -Wl,--start-group,-lxil,-lgcc,-lc,--end-group
'Finished building target: fianl.elf'
' '
'Invoking: ARM v7 Print Size'
arm-none-eabi-size fianl.elf  |tee "fianl.elf.size"
   text	   data	    bss	    dec	    hex	filename
  24744	   1184	  22712	  48640	   be00	fianl.elf
'Finished building: fianl.elf.size'
' '
19:09:03 **** Auto Build of configuration Debug for project fianl ****
make pre-build main-build 
a9-linaro-pre-build-step
' '
'Building file: ../src/helloworld.c'
'Invoking: ARM v7 gcc compiler'
arm-none-eabi-gcc -Wall -O0 -g3 -c -fmessage-length=0 -MT"src/helloworld.o" -mcpu=cortex-a9 -mfpu=vfpv3 -mfloat-abi=hard -I../../fianl_bsp/ps7_cortexa9_0/include -MMD -MP -MF"src/helloworld.d" -MT"src/helloworld.o" -o "src/helloworld.o" "../src/helloworld.c"
'Finished building: ../src/helloworld.c'
' '
'Building target: fianl.elf'
'Invoking: ARM v7 gcc linker'
arm-none-eabi-gcc -mcpu=cortex-a9 -mfpu=vfpv3 -mfloat-abi=hard -Wl,-build-id=none -specs=Xilinx.spec -Wl,-T -Wl,../src/lscript.ld -L../../fianl_bsp/ps7_cortexa9_0/lib -o "fianl.elf"  ./src/helloworld.o ./src/platform.o   -Wl,--start-group,-lxil,-lgcc,-lc,--end-group
'Finished building target: fianl.elf'
' '
'Invoking: ARM v7 Print Size'
arm-none-eabi-size fianl.elf  |tee "fianl.elf.size"
   text	   data	    bss	    dec	    hex	filename
  24552	   1184	  22728	  48464	   bd50	fianl.elf
'Finished building: fianl.elf.size'
' '
19:10:12 **** Auto Build of configuration Debug for project fianl ****
make pre-build main-build 
a9-linaro-pre-build-step
' '
'Building file: ../src/helloworld.c'
'Invoking: ARM v7 gcc compiler'
arm-none-eabi-gcc -Wall -O0 -g3 -c -fmessage-length=0 -MT"src/helloworld.o" -mcpu=cortex-a9 -mfpu=vfpv3 -mfloat-abi=hard -I../../fianl_bsp/ps7_cortexa9_0/include -MMD -MP -MF"src/helloworld.d" -MT"src/helloworld.o" -o "src/helloworld.o" "../src/helloworld.c"
'Finished building: ../src/helloworld.c'
' '
'Building target: fianl.elf'
'Invoking: ARM v7 gcc linker'
arm-none-eabi-gcc -mcpu=cortex-a9 -mfpu=vfpv3 -mfloat-abi=hard -Wl,-build-id=none -specs=Xilinx.spec -Wl,-T -Wl,../src/lscript.ld -L../../fianl_bsp/ps7_cortexa9_0/lib -o "fianl.elf"  ./src/helloworld.o ./src/platform.o   -Wl,--start-group,-lxil,-lgcc,-lc,--end-group
'Finished building target: fianl.elf'
' '
'Invoking: ARM v7 Print Size'
arm-none-eabi-size fianl.elf  |tee "fianl.elf.size"
   text	   data	    bss	    dec	    hex	filename
  24552	   1184	  22712	  48448	   bd40	fianl.elf
'Finished building: fianl.elf.size'
' '
19:10:44 **** Auto Build of configuration Debug for project fianl ****
make pre-build main-build 
a9-linaro-pre-build-step
' '
'Building file: ../src/helloworld.c'
'Invoking: ARM v7 gcc compiler'
arm-none-eabi-gcc -Wall -O0 -g3 -c -fmessage-length=0 -MT"src/helloworld.o" -mcpu=cortex-a9 -mfpu=vfpv3 -mfloat-abi=hard -I../../fianl_bsp/ps7_cortexa9_0/include -MMD -MP -MF"src/helloworld.d" -MT"src/helloworld.o" -o "src/helloworld.o" "../src/helloworld.c"
'Finished building: ../src/helloworld.c'
' '
'Building target: fianl.elf'
'Invoking: ARM v7 gcc linker'
arm-none-eabi-gcc -mcpu=cortex-a9 -mfpu=vfpv3 -mfloat-abi=hard -Wl,-build-id=none -specs=Xilinx.spec -Wl,-T -Wl,../src/lscript.ld -L../../fianl_bsp/ps7_cortexa9_0/lib -o "fianl.elf"  ./src/helloworld.o ./src/platform.o   -Wl,--start-group,-lxil,-lgcc,-lc,--end-group
'Finished building target: fianl.elf'
' '
'Invoking: ARM v7 Print Size'
arm-none-eabi-size fianl.elf  |tee "fianl.elf.size"
   text	   data	    bss	    dec	    hex	filename
  24552	   1184	  22712	  48448	   bd40	fianl.elf
'Finished building: fianl.elf.size'
' '
19:11:04 **** Incremental Build of configuration Debug for project fianl ****
make pre-build main-build 
a9-linaro-pre-build-step
' '
make: Nothing to be done for 'main-build'.
19:17:32 **** Incremental Build of configuration Debug for project fianl ****
make pre-build main-build 
a9-linaro-pre-build-step
' '
make: Nothing to be done for 'main-build'.
19:18:07 **** Incremental Build of configuration Debug for project fianl ****
make pre-build main-build 
a9-linaro-pre-build-step
' '
make: Nothing to be done for 'main-build'.
19:21:46 **** Auto Build of configuration Debug for project fianl ****
make pre-build main-build 
a9-linaro-pre-build-step
' '
'Building file: ../src/helloworld.c'
'Invoking: ARM v7 gcc compiler'
arm-none-eabi-gcc -Wall -O0 -g3 -c -fmessage-length=0 -MT"src/helloworld.o" -mcpu=cortex-a9 -mfpu=vfpv3 -mfloat-abi=hard -I../../fianl_bsp/ps7_cortexa9_0/include -MMD -MP -MF"src/helloworld.d" -MT"src/helloworld.o" -o "src/helloworld.o" "../src/helloworld.c"
../src/helloworld.c: In function 'main':
../src/helloworld.c:63:13: error: expected ';' before 'XUartPs_SendByte'
             XUartPs_SendByte(Uart0.Config.BaseAddress, 'S');
             ^~~~~~~~~~~~~~~~
make: *** [src/subdir.mk:26: src/helloworld.o] Error 1
19:21:49 **** Auto Build of configuration Debug for project fianl ****
make pre-build main-build 
a9-linaro-pre-build-step
' '
'Building file: ../src/helloworld.c'
'Invoking: ARM v7 gcc compiler'
arm-none-eabi-gcc -Wall -O0 -g3 -c -fmessage-length=0 -MT"src/helloworld.o" -mcpu=cortex-a9 -mfpu=vfpv3 -mfloat-abi=hard -I../../fianl_bsp/ps7_cortexa9_0/include -MMD -MP -MF"src/helloworld.d" -MT"src/helloworld.o" -o "src/helloworld.o" "../src/helloworld.c"
'Finished building: ../src/helloworld.c'
' '
'Building target: fianl.elf'
'Invoking: ARM v7 gcc linker'
arm-none-eabi-gcc -mcpu=cortex-a9 -mfpu=vfpv3 -mfloat-abi=hard -Wl,-build-id=none -specs=Xilinx.spec -Wl,-T -Wl,../src/lscript.ld -L../../fianl_bsp/ps7_cortexa9_0/lib -o "fianl.elf"  ./src/helloworld.o ./src/platform.o   -Wl,--start-group,-lxil,-lgcc,-lc,--end-group
'Finished building target: fianl.elf'
' '
'Invoking: ARM v7 Print Size'
arm-none-eabi-size fianl.elf  |tee "fianl.elf.size"
   text	   data	    bss	    dec	    hex	filename
  24620	   1184	  22712	  48516	   bd84	fianl.elf
'Finished building: fianl.elf.size'
' '
19:22:04 **** Incremental Build of configuration Debug for project fianl ****
make pre-build main-build 
a9-linaro-pre-build-step
' '
make: Nothing to be done for 'main-build'.
19:22:27 **** Incremental Build of configuration Debug for project fianl ****
make pre-build main-build 
a9-linaro-pre-build-step
' '
make: Nothing to be done for 'main-build'.
19:24:13 **** Auto Build of configuration Debug for project fianl ****
make pre-build main-build 
a9-linaro-pre-build-step
' '
'Building file: ../src/helloworld.c'
'Invoking: ARM v7 gcc compiler'
arm-none-eabi-gcc -Wall -O0 -g3 -c -fmessage-length=0 -MT"src/helloworld.o" -mcpu=cortex-a9 -mfpu=vfpv3 -mfloat-abi=hard -I../../fianl_bsp/ps7_cortexa9_0/include -MMD -MP -MF"src/helloworld.d" -MT"src/helloworld.o" -o "src/helloworld.o" "../src/helloworld.c"
'Finished building: ../src/helloworld.c'
' '
'Building target: fianl.elf'
'Invoking: ARM v7 gcc linker'
arm-none-eabi-gcc -mcpu=cortex-a9 -mfpu=vfpv3 -mfloat-abi=hard -Wl,-build-id=none -specs=Xilinx.spec -Wl,-T -Wl,../src/lscript.ld -L../../fianl_bsp/ps7_cortexa9_0/lib -o "fianl.elf"  ./src/helloworld.o ./src/platform.o   -Wl,--start-group,-lxil,-lgcc,-lc,--end-group
'Finished building target: fianl.elf'
' '
'Invoking: ARM v7 Print Size'
arm-none-eabi-size fianl.elf  |tee "fianl.elf.size"
   text	   data	    bss	    dec	    hex	filename
  24620	   1184	  22712	  48516	   bd84	fianl.elf
'Finished building: fianl.elf.size'
' '
19:24:28 **** Incremental Build of configuration Debug for project fianl ****
make pre-build main-build 
a9-linaro-pre-build-step
' '
make: Nothing to be done for 'main-build'.
19:24:49 **** Auto Build of configuration Debug for project fianl ****
make pre-build main-build 
a9-linaro-pre-build-step
' '
'Building file: ../src/helloworld.c'
'Invoking: ARM v7 gcc compiler'
arm-none-eabi-gcc -Wall -O0 -g3 -c -fmessage-length=0 -MT"src/helloworld.o" -mcpu=cortex-a9 -mfpu=vfpv3 -mfloat-abi=hard -I../../fianl_bsp/ps7_cortexa9_0/include -MMD -MP -MF"src/helloworld.d" -MT"src/helloworld.o" -o "src/helloworld.o" "../src/helloworld.c"
'Finished building: ../src/helloworld.c'
' '
'Building target: fianl.elf'
'Invoking: ARM v7 gcc linker'
arm-none-eabi-gcc -mcpu=cortex-a9 -mfpu=vfpv3 -mfloat-abi=hard -Wl,-build-id=none -specs=Xilinx.spec -Wl,-T -Wl,../src/lscript.ld -L../../fianl_bsp/ps7_cortexa9_0/lib -o "fianl.elf"  ./src/helloworld.o ./src/platform.o   -Wl,--start-group,-lxil,-lgcc,-lc,--end-group
'Finished building target: fianl.elf'
' '
'Invoking: ARM v7 Print Size'
arm-none-eabi-size fianl.elf  |tee "fianl.elf.size"
   text	   data	    bss	    dec	    hex	filename
  24620	   1184	  22712	  48516	   bd84	fianl.elf
'Finished building: fianl.elf.size'
' '
19:30:19 **** Auto Build of configuration Debug for project fianl ****
make pre-build main-build 
a9-linaro-pre-build-step
' '
'Building file: ../src/helloworld.c'
'Invoking: ARM v7 gcc compiler'
arm-none-eabi-gcc -Wall -O0 -g3 -c -fmessage-length=0 -MT"src/helloworld.o" -mcpu=cortex-a9 -mfpu=vfpv3 -mfloat-abi=hard -I../../fianl_bsp/ps7_cortexa9_0/include -MMD -MP -MF"src/helloworld.d" -MT"src/helloworld.o" -o "src/helloworld.o" "../src/helloworld.c"
../src/helloworld.c: In function 'main':
../src/helloworld.c:62:29: error: 'slv_reg' undeclared (first use in this function); did you mean 'slv_reg1'?
          print("slv_reg:%u",slv_reg);
                             ^~~~~~~
                             slv_reg1
../src/helloworld.c:62:29: note: each undeclared identifier is reported only once for each function it appears in
../src/helloworld.c:62:10: error: too many arguments to function 'print'
          print("slv_reg:%u",slv_reg);
          ^~~~~
In file included from ../../fianl_bsp/ps7_cortexa9_0/include/xil_io.h:61:0,
                 from ../../fianl_bsp/ps7_cortexa9_0/include/xuartps_hw.h:71,
                 from ../../fianl_bsp/ps7_cortexa9_0/include/xuartps.h:187,
                 from ../src/helloworld.c:2:
../../fianl_bsp/ps7_cortexa9_0/include/xil_printf.h:40:6: note: declared here
 void print( const char8 *ptr);
      ^~~~~
make: *** [src/subdir.mk:26: src/helloworld.o] Error 1
19:30:35 **** Auto Build of configuration Debug for project fianl ****
make pre-build main-build 
a9-linaro-pre-build-step
' '
'Building file: ../src/helloworld.c'
'Invoking: ARM v7 gcc compiler'
arm-none-eabi-gcc -Wall -O0 -g3 -c -fmessage-length=0 -MT"src/helloworld.o" -mcpu=cortex-a9 -mfpu=vfpv3 -mfloat-abi=hard -I../../fianl_bsp/ps7_cortexa9_0/include -MMD -MP -MF"src/helloworld.d" -MT"src/helloworld.o" -o "src/helloworld.o" "../src/helloworld.c"
../src/helloworld.c: In function 'main':
../src/helloworld.c:62:10: warning: implicit declaration of function 'printf' [-Wimplicit-function-declaration]
          printf("slv_reg:%u",slv_reg);
          ^~~~~~
../src/helloworld.c:62:10: warning: incompatible implicit declaration of built-in function 'printf'
../src/helloworld.c:62:10: note: include '<stdio.h>' or provide a declaration of 'printf'
../src/helloworld.c:62:30: error: 'slv_reg' undeclared (first use in this function); did you mean 'slv_reg1'?
          printf("slv_reg:%u",slv_reg);
                              ^~~~~~~
                              slv_reg1
../src/helloworld.c:62:30: note: each undeclared identifier is reported only once for each function it appears in
make: *** [src/subdir.mk:26: src/helloworld.o] Error 1
19:30:45 **** Auto Build of configuration Debug for project fianl ****
make pre-build main-build 
a9-linaro-pre-build-step
' '
'Building file: ../src/helloworld.c'
'Invoking: ARM v7 gcc compiler'
arm-none-eabi-gcc -Wall -O0 -g3 -c -fmessage-length=0 -MT"src/helloworld.o" -mcpu=cortex-a9 -mfpu=vfpv3 -mfloat-abi=hard -I../../fianl_bsp/ps7_cortexa9_0/include -MMD -MP -MF"src/helloworld.d" -MT"src/helloworld.o" -o "src/helloworld.o" "../src/helloworld.c"
../src/helloworld.c: In function 'main':
../src/helloworld.c:62:10: warning: implicit declaration of function 'printf' [-Wimplicit-function-declaration]
          printf("slv_reg:%u",slv_reg1);
          ^~~~~~
../src/helloworld.c:62:10: warning: incompatible implicit declaration of built-in function 'printf'
../src/helloworld.c:62:10: note: include '<stdio.h>' or provide a declaration of 'printf'
../src/helloworld.c:62:27: warning: format '%u' expects argument of type 'unsigned int', but argument 2 has type 'u32 {aka long unsigned int}' [-Wformat=]
          printf("slv_reg:%u",slv_reg1);
                          ~^
                          %lu
'Finished building: ../src/helloworld.c'
' '
'Building target: fianl.elf'
'Invoking: ARM v7 gcc linker'
arm-none-eabi-gcc -mcpu=cortex-a9 -mfpu=vfpv3 -mfloat-abi=hard -Wl,-build-id=none -specs=Xilinx.spec -Wl,-T -Wl,../src/lscript.ld -L../../fianl_bsp/ps7_cortexa9_0/lib -o "fianl.elf"  ./src/helloworld.o ./src/platform.o   -Wl,--start-group,-lxil,-lgcc,-lc,--end-group
'Finished building target: fianl.elf'
' '
'Invoking: ARM v7 Print Size'
arm-none-eabi-size fianl.elf  |tee "fianl.elf.size"
   text	   data	    bss	    dec	    hex	filename
  74544	   2616	  23472	 100632	  18918	fianl.elf
'Finished building: fianl.elf.size'
' '
19:31:34 **** Incremental Build of configuration Debug for project fianl ****
make pre-build main-build 
a9-linaro-pre-build-step
' '
make: Nothing to be done for 'main-build'.
19:37:12 **** Auto Build of configuration Debug for project fianl ****
make pre-build main-build 
a9-linaro-pre-build-step
' '
'Building file: ../src/helloworld.c'
'Invoking: ARM v7 gcc compiler'
arm-none-eabi-gcc -Wall -O0 -g3 -c -fmessage-length=0 -MT"src/helloworld.o" -mcpu=cortex-a9 -mfpu=vfpv3 -mfloat-abi=hard -I../../fianl_bsp/ps7_cortexa9_0/include -MMD -MP -MF"src/helloworld.d" -MT"src/helloworld.o" -o "src/helloworld.o" "../src/helloworld.c"
'Finished building: ../src/helloworld.c'
' '
'Building target: fianl.elf'
'Invoking: ARM v7 gcc linker'
arm-none-eabi-gcc -mcpu=cortex-a9 -mfpu=vfpv3 -mfloat-abi=hard -Wl,-build-id=none -specs=Xilinx.spec -Wl,-T -Wl,../src/lscript.ld -L../../fianl_bsp/ps7_cortexa9_0/lib -o "fianl.elf"  ./src/helloworld.o ./src/platform.o   -Wl,--start-group,-lxil,-lgcc,-lc,--end-group
'Finished building target: fianl.elf'
' '
'Invoking: ARM v7 Print Size'
arm-none-eabi-size fianl.elf  |tee "fianl.elf.size"
   text	   data	    bss	    dec	    hex	filename
  24552	   1184	  22712	  48448	   bd40	fianl.elf
'Finished building: fianl.elf.size'
' '
19:44:18 **** Incremental Build of configuration Debug for project fianl ****
make pre-build main-build 
a9-linaro-pre-build-step
' '
'Building file: ../src/helloworld.c'
'Invoking: ARM v7 gcc compiler'
arm-none-eabi-gcc -Wall -O0 -g3 -c -fmessage-length=0 -MT"src/helloworld.o" -mcpu=cortex-a9 -mfpu=vfpv3 -mfloat-abi=hard -I../../fianl_bsp/ps7_cortexa9_0/include -MMD -MP -MF"src/helloworld.d" -MT"src/helloworld.o" -o "src/helloworld.o" "../src/helloworld.c"
In file included from ../src/helloworld.c:1:0:
../../fianl_bsp/ps7_cortexa9_0/include/xparameters.h:19:10: fatal error: xparameters_ps.h: No such file or directory
 #include "xparameters_ps.h"
          ^~~~~~~~~~~~~~~~~~
compilation terminated.
make: *** [src/subdir.mk:26: src/helloworld.o] Error 1
19:44:25 **** Clean-only build of configuration Debug for project fianl ****
make clean 
rm -rf  ./src/helloworld.o ./src/platform.o  ./src/helloworld.d ./src/platform.d  fianl.elf.size  fianl.elf
' '
19:44:25 **** Clean-only build of project fianl_bsp ****
make -k clean 
make -C ps7_cortexa9_0/libsrc/coresightps_dcc_v1_4/src -s clean 
make -C ps7_cortexa9_0/libsrc/cpu_cortexa9_v2_7/src -s clean 
make -C ps7_cortexa9_0/libsrc/ddrps_v1_0/src -s clean 
make -C ps7_cortexa9_0/libsrc/devcfg_v3_5/src -s clean 
make -C ps7_cortexa9_0/libsrc/dmaps_v2_4/src -s clean 
make -C ps7_cortexa9_0/libsrc/emacps_v3_8/src -s clean 
make -C ps7_cortexa9_0/libsrc/final_v1_0/src -s clean 
rm: lstat．*.o・ア英: Invalid argument
make[1]: *** [Makefile:26: clean] Error 1
make: *** [Makefile:33: ps7_cortexa9_0/libsrc/final_v1_0/src/make.clean] Error 2
make -C ps7_cortexa9_0/libsrc/qspips_v3_5/src -s clean 
make -C ps7_cortexa9_0/libsrc/scugic_v3_10/src -s clean 
make -C ps7_cortexa9_0/libsrc/scutimer_v2_1/src -s clean 
make -C ps7_cortexa9_0/libsrc/scuwdt_v2_1/src -s clean 
make -C ps7_cortexa9_0/libsrc/sdps_v3_6/src -s clean 
make -C ps7_cortexa9_0/libsrc/standalone_v6_8/src -s clean 
make -C ps7_cortexa9_0/libsrc/uartps_v3_7/src -s clean 
make -C ps7_cortexa9_0/libsrc/usbps_v2_4/src -s clean 
make -C ps7_cortexa9_0/libsrc/wdtps_v3_1/src -s clean 
make -C ps7_cortexa9_0/libsrc/xadcps_v2_3/src -s clean 
make: Target 'clean' not remade because of errors.
19:44:26 **** Build of project fianl_bsp ****
make -k all 
"Running Make include in ps7_cortexa9_0/libsrc/coresightps_dcc_v1_4/src"
make -C ps7_cortexa9_0/libsrc/coresightps_dcc_v1_4/src -s include  "SHELL=CMD" "COMPILER=arm-none-eabi-gcc" "ARCHIVER=arm-none-eabi-ar" "COMPILER_FLAGS=  -O2 -c" "EXTRA_COMPILER_FLAGS=-mcpu=cortex-a9 -mfpu=vfpv3 -mfloat-abi=hard -nostartfiles -g -Wall -Wextra"
"Running Make include in ps7_cortexa9_0/libsrc/cpu_cortexa9_v2_7/src"
make -C ps7_cortexa9_0/libsrc/cpu_cortexa9_v2_7/src -s include  "SHELL=CMD" "COMPILER=arm-none-eabi-gcc" "ARCHIVER=arm-none-eabi-ar" "COMPILER_FLAGS=  -O2 -c" "EXTRA_COMPILER_FLAGS=-mcpu=cortex-a9 -mfpu=vfpv3 -mfloat-abi=hard -nostartfiles -g -Wall -Wextra"
"Running Make include in ps7_cortexa9_0/libsrc/ddrps_v1_0/src"
make -C ps7_cortexa9_0/libsrc/ddrps_v1_0/src -s include  "SHELL=CMD" "COMPILER=arm-none-eabi-gcc" "ARCHIVER=arm-none-eabi-ar" "COMPILER_FLAGS=  -O2 -c" "EXTRA_COMPILER_FLAGS=-mcpu=cortex-a9 -mfpu=vfpv3 -mfloat-abi=hard -nostartfiles -g -Wall -Wextra"
"Running Make include in ps7_cortexa9_0/libsrc/devcfg_v3_5/src"
make -C ps7_cortexa9_0/libsrc/devcfg_v3_5/src -s include  "SHELL=CMD" "COMPILER=arm-none-eabi-gcc" "ARCHIVER=arm-none-eabi-ar" "COMPILER_FLAGS=  -O2 -c" "EXTRA_COMPILER_FLAGS=-mcpu=cortex-a9 -mfpu=vfpv3 -mfloat-abi=hard -nostartfiles -g -Wall -Wextra"
"Running Make include in ps7_cortexa9_0/libsrc/dmaps_v2_4/src"
make -C ps7_cortexa9_0/libsrc/dmaps_v2_4/src -s include  "SHELL=CMD" "COMPILER=arm-none-eabi-gcc" "ARCHIVER=arm-none-eabi-ar" "COMPILER_FLAGS=  -O2 -c" "EXTRA_COMPILER_FLAGS=-mcpu=cortex-a9 -mfpu=vfpv3 -mfloat-abi=hard -nostartfiles -g -Wall -Wextra"
"Running Make include in ps7_cortexa9_0/libsrc/emacps_v3_8/src"
make -C ps7_cortexa9_0/libsrc/emacps_v3_8/src -s include  "SHELL=CMD" "COMPILER=arm-none-eabi-gcc" "ARCHIVER=arm-none-eabi-ar" "COMPILER_FLAGS=  -O2 -c" "EXTRA_COMPILER_FLAGS=-mcpu=cortex-a9 -mfpu=vfpv3 -mfloat-abi=hard -nostartfiles -g -Wall -Wextra"
"Running Make include in ps7_cortexa9_0/libsrc/final_v1_0/src"
make -C ps7_cortexa9_0/libsrc/final_v1_0/src -s include  "SHELL=CMD" "COMPILER=arm-none-eabi-gcc" "ARCHIVER=arm-none-eabi-ar" "COMPILER_FLAGS=  -O2 -c" "EXTRA_COMPILER_FLAGS=-mcpu=cortex-a9 -mfpu=vfpv3 -mfloat-abi=hard -nostartfiles -g -Wall -Wextra"
"Running Make include in ps7_cortexa9_0/libsrc/qspips_v3_5/src"
make -C ps7_cortexa9_0/libsrc/qspips_v3_5/src -s include  "SHELL=CMD" "COMPILER=arm-none-eabi-gcc" "ARCHIVER=arm-none-eabi-ar" "COMPILER_FLAGS=  -O2 -c" "EXTRA_COMPILER_FLAGS=-mcpu=cortex-a9 -mfpu=vfpv3 -mfloat-abi=hard -nostartfiles -g -Wall -Wextra"
"Running Make include in ps7_cortexa9_0/libsrc/scugic_v3_10/src"
make -C ps7_cortexa9_0/libsrc/scugic_v3_10/src -s include  "SHELL=CMD" "COMPILER=arm-none-eabi-gcc" "ARCHIVER=arm-none-eabi-ar" "COMPILER_FLAGS=  -O2 -c" "EXTRA_COMPILER_FLAGS=-mcpu=cortex-a9 -mfpu=vfpv3 -mfloat-abi=hard -nostartfiles -g -Wall -Wextra"
"Running Make include in ps7_cortexa9_0/libsrc/scutimer_v2_1/src"
make -C ps7_cortexa9_0/libsrc/scutimer_v2_1/src -s include  "SHELL=CMD" "COMPILER=arm-none-eabi-gcc" "ARCHIVER=arm-none-eabi-ar" "COMPILER_FLAGS=  -O2 -c" "EXTRA_COMPILER_FLAGS=-mcpu=cortex-a9 -mfpu=vfpv3 -mfloat-abi=hard -nostartfiles -g -Wall -Wextra"
"Running Make include in ps7_cortexa9_0/libsrc/scuwdt_v2_1/src"
make -C ps7_cortexa9_0/libsrc/scuwdt_v2_1/src -s include  "SHELL=CMD" "COMPILER=arm-none-eabi-gcc" "ARCHIVER=arm-none-eabi-ar" "COMPILER_FLAGS=  -O2 -c" "EXTRA_COMPILER_FLAGS=-mcpu=cortex-a9 -mfpu=vfpv3 -mfloat-abi=hard -nostartfiles -g -Wall -Wextra"
"Running Make include in ps7_cortexa9_0/libsrc/sdps_v3_6/src"
make -C ps7_cortexa9_0/libsrc/sdps_v3_6/src -s include  "SHELL=CMD" "COMPILER=arm-none-eabi-gcc" "ARCHIVER=arm-none-eabi-ar" "COMPILER_FLAGS=  -O2 -c" "EXTRA_COMPILER_FLAGS=-mcpu=cortex-a9 -mfpu=vfpv3 -mfloat-abi=hard -nostartfiles -g -Wall -Wextra"
"Running Make include in ps7_cortexa9_0/libsrc/standalone_v6_8/src"
make -C ps7_cortexa9_0/libsrc/standalone_v6_8/src -s include  "SHELL=CMD" "COMPILER=arm-none-eabi-gcc" "ARCHIVER=arm-none-eabi-ar" "COMPILER_FLAGS=  -O2 -c" "EXTRA_COMPILER_FLAGS=-mcpu=cortex-a9 -mfpu=vfpv3 -mfloat-abi=hard -nostartfiles -g -Wall -Wextra"
"Running Make include in ps7_cortexa9_0/libsrc/uartps_v3_7/src"
make -C ps7_cortexa9_0/libsrc/uartps_v3_7/src -s include  "SHELL=CMD" "COMPILER=arm-none-eabi-gcc" "ARCHIVER=arm-none-eabi-ar" "COMPILER_FLAGS=  -O2 -c" "EXTRA_COMPILER_FLAGS=-mcpu=cortex-a9 -mfpu=vfpv3 -mfloat-abi=hard -nostartfiles -g -Wall -Wextra"
"Running Make include in ps7_cortexa9_0/libsrc/usbps_v2_4/src"
make -C ps7_cortexa9_0/libsrc/usbps_v2_4/src -s include  "SHELL=CMD" "COMPILER=arm-none-eabi-gcc" "ARCHIVER=arm-none-eabi-ar" "COMPILER_FLAGS=  -O2 -c" "EXTRA_COMPILER_FLAGS=-mcpu=cortex-a9 -mfpu=vfpv3 -mfloat-abi=hard -nostartfiles -g -Wall -Wextra"
"Running Make include in ps7_cortexa9_0/libsrc/wdtps_v3_1/src"
make -C ps7_cortexa9_0/libsrc/wdtps_v3_1/src -s include  "SHELL=CMD" "COMPILER=arm-none-eabi-gcc" "ARCHIVER=arm-none-eabi-ar" "COMPILER_FLAGS=  -O2 -c" "EXTRA_COMPILER_FLAGS=-mcpu=cortex-a9 -mfpu=vfpv3 -mfloat-abi=hard -nostartfiles -g -Wall -Wextra"
"Running Make include in ps7_cortexa9_0/libsrc/xadcps_v2_3/src"
make -C ps7_cortexa9_0/libsrc/xadcps_v2_3/src -s include  "SHELL=CMD" "COMPILER=arm-none-eabi-gcc" "ARCHIVER=arm-none-eabi-ar" "COMPILER_FLAGS=  -O2 -c" "EXTRA_COMPILER_FLAGS=-mcpu=cortex-a9 -mfpu=vfpv3 -mfloat-abi=hard -nostartfiles -g -Wall -Wextra"
"Running Make libs in ps7_cortexa9_0/libsrc/coresightps_dcc_v1_4/src"
make -C ps7_cortexa9_0/libsrc/coresightps_dcc_v1_4/src -s libs  "SHELL=CMD" "COMPILER=arm-none-eabi-gcc" "ARCHIVER=arm-none-eabi-ar" "COMPILER_FLAGS=  -O2 -c" "EXTRA_COMPILER_FLAGS=-mcpu=cortex-a9 -mfpu=vfpv3 -mfloat-abi=hard -nostartfiles -g -Wall -Wextra"
"Compiling coresightps_dcc"
arm-none-eabi-ar: creating ../../../lib/libxil.a
"Running Make libs in ps7_cortexa9_0/libsrc/cpu_cortexa9_v2_7/src"
make -C ps7_cortexa9_0/libsrc/cpu_cortexa9_v2_7/src -s libs  "SHELL=CMD" "COMPILER=arm-none-eabi-gcc" "ARCHIVER=arm-none-eabi-ar" "COMPILER_FLAGS=  -O2 -c" "EXTRA_COMPILER_FLAGS=-mcpu=cortex-a9 -mfpu=vfpv3 -mfloat-abi=hard -nostartfiles -g -Wall -Wextra"
"Compiling cpu_cortexa9"
"Running Make libs in ps7_cortexa9_0/libsrc/ddrps_v1_0/src"
make -C ps7_cortexa9_0/libsrc/ddrps_v1_0/src -s libs  "SHELL=CMD" "COMPILER=arm-none-eabi-gcc" "ARCHIVER=arm-none-eabi-ar" "COMPILER_FLAGS=  -O2 -c" "EXTRA_COMPILER_FLAGS=-mcpu=cortex-a9 -mfpu=vfpv3 -mfloat-abi=hard -nostartfiles -g -Wall -Wextra"
"Compiling ddrps"
"Running Make libs in ps7_cortexa9_0/libsrc/devcfg_v3_5/src"
make -C ps7_cortexa9_0/libsrc/devcfg_v3_5/src -s libs  "SHELL=CMD" "COMPILER=arm-none-eabi-gcc" "ARCHIVER=arm-none-eabi-ar" "COMPILER_FLAGS=  -O2 -c" "EXTRA_COMPILER_FLAGS=-mcpu=cortex-a9 -mfpu=vfpv3 -mfloat-abi=hard -nostartfiles -g -Wall -Wextra"
"Compiling devcfg"
"Running Make libs in ps7_cortexa9_0/libsrc/dmaps_v2_4/src"
make -C ps7_cortexa9_0/libsrc/dmaps_v2_4/src -s libs  "SHELL=CMD" "COMPILER=arm-none-eabi-gcc" "ARCHIVER=arm-none-eabi-ar" "COMPILER_FLAGS=  -O2 -c" "EXTRA_COMPILER_FLAGS=-mcpu=cortex-a9 -mfpu=vfpv3 -mfloat-abi=hard -nostartfiles -g -Wall -Wextra"
"Compiling dmaps"
"Running Make libs in ps7_cortexa9_0/libsrc/emacps_v3_8/src"
make -C ps7_cortexa9_0/libsrc/emacps_v3_8/src -s libs  "SHELL=CMD" "COMPILER=arm-none-eabi-gcc" "ARCHIVER=arm-none-eabi-ar" "COMPILER_FLAGS=  -O2 -c" "EXTRA_COMPILER_FLAGS=-mcpu=cortex-a9 -mfpu=vfpv3 -mfloat-abi=hard -nostartfiles -g -Wall -Wextra"
"Compiling emacps"
"Running Make libs in ps7_cortexa9_0/libsrc/final_v1_0/src"
make -C ps7_cortexa9_0/libsrc/final_v1_0/src -s libs  "SHELL=CMD" "COMPILER=arm-none-eabi-gcc" "ARCHIVER=arm-none-eabi-ar" "COMPILER_FLAGS=  -O2 -c" "EXTRA_COMPILER_FLAGS=-mcpu=cortex-a9 -mfpu=vfpv3 -mfloat-abi=hard -nostartfiles -g -Wall -Wextra"
"Compiling final..."
final_selftest.c: In function 'FINAL_Reg_SelfTest':
final_selftest.c:52:54: warning: comparison between signed and unsigned integer expressions [-Wsign-compare]
    if ( FINAL_mReadReg (baseaddr, read_loop_index*4) != (read_loop_index+1)*READ_WRITE_MUL_FACTOR){
                                                      ^~
final_selftest.c:36:6: warning: unused variable 'Index' [-Wunused-variable]
  int Index;
      ^~~~~
"Running Make libs in ps7_cortexa9_0/libsrc/qspips_v3_5/src"
make -C ps7_cortexa9_0/libsrc/qspips_v3_5/src -s libs  "SHELL=CMD" "COMPILER=arm-none-eabi-gcc" "ARCHIVER=arm-none-eabi-ar" "COMPILER_FLAGS=  -O2 -c" "EXTRA_COMPILER_FLAGS=-mcpu=cortex-a9 -mfpu=vfpv3 -mfloat-abi=hard -nostartfiles -g -Wall -Wextra"
"Compiling qspips"
"Running Make libs in ps7_cortexa9_0/libsrc/scugic_v3_10/src"
make -C ps7_cortexa9_0/libsrc/scugic_v3_10/src -s libs  "SHELL=CMD" "COMPILER=arm-none-eabi-gcc" "ARCHIVER=arm-none-eabi-ar" "COMPILER_FLAGS=  -O2 -c" "EXTRA_COMPILER_FLAGS=-mcpu=cortex-a9 -mfpu=vfpv3 -mfloat-abi=hard -nostartfiles -g -Wall -Wextra"
"Compiling scugic"
"Running Make libs in ps7_cortexa9_0/libsrc/scutimer_v2_1/src"
make -C ps7_cortexa9_0/libsrc/scutimer_v2_1/src -s libs  "SHELL=CMD" "COMPILER=arm-none-eabi-gcc" "ARCHIVER=arm-none-eabi-ar" "COMPILER_FLAGS=  -O2 -c" "EXTRA_COMPILER_FLAGS=-mcpu=cortex-a9 -mfpu=vfpv3 -mfloat-abi=hard -nostartfiles -g -Wall -Wextra"
"Compiling scutimer"
"Running Make libs in ps7_cortexa9_0/libsrc/scuwdt_v2_1/src"
make -C ps7_cortexa9_0/libsrc/scuwdt_v2_1/src -s libs  "SHELL=CMD" "COMPILER=arm-none-eabi-gcc" "ARCHIVER=arm-none-eabi-ar" "COMPILER_FLAGS=  -O2 -c" "EXTRA_COMPILER_FLAGS=-mcpu=cortex-a9 -mfpu=vfpv3 -mfloat-abi=hard -nostartfiles -g -Wall -Wextra"
"Compiling scuwdt"
"Running Make libs in ps7_cortexa9_0/libsrc/sdps_v3_6/src"
make -C ps7_cortexa9_0/libsrc/sdps_v3_6/src -s libs  "SHELL=CMD" "COMPILER=arm-none-eabi-gcc" "ARCHIVER=arm-none-eabi-ar" "COMPILER_FLAGS=  -O2 -c" "EXTRA_COMPILER_FLAGS=-mcpu=cortex-a9 -mfpu=vfpv3 -mfloat-abi=hard -nostartfiles -g -Wall -Wextra"
"Compiling sdps"
"Running Make libs in ps7_cortexa9_0/libsrc/standalone_v6_8/src"
make -C ps7_cortexa9_0/libsrc/standalone_v6_8/src -s libs  "SHELL=CMD" "COMPILER=arm-none-eabi-gcc" "ARCHIVER=arm-none-eabi-ar" "COMPILER_FLAGS=  -O2 -c" "EXTRA_COMPILER_FLAGS=-mcpu=cortex-a9 -mfpu=vfpv3 -mfloat-abi=hard -nostartfiles -g -Wall -Wextra"
"Compiling standalone"
In file included from usleep.c:56:0:
xtime_l.h:87:9: note: #pragma message: For the sleep routines, Global timer is being used
 #pragma message ("For the sleep routines, Global timer is being used")
         ^~~~~~~
In file included from xil_sleeptimer.c:51:0:
xtime_l.h:87:9: note: #pragma message: For the sleep routines, Global timer is being used
 #pragma message ("For the sleep routines, Global timer is being used")
         ^~~~~~~
In file included from xtime_l.c:49:0:
xtime_l.h:87:9: note: #pragma message: For the sleep routines, Global timer is being used
 #pragma message ("For the sleep routines, Global timer is being used")
         ^~~~~~~
In file included from sleep.c:53:0:
xtime_l.h:87:9: note: #pragma message: For the sleep routines, Global timer is being used
 #pragma message ("For the sleep routines, Global timer is being used")
         ^~~~~~~
"Running Make libs in ps7_cortexa9_0/libsrc/uartps_v3_7/src"
make -C ps7_cortexa9_0/libsrc/uartps_v3_7/src -s libs  "SHELL=CMD" "COMPILER=arm-none-eabi-gcc" "ARCHIVER=arm-none-eabi-ar" "COMPILER_FLAGS=  -O2 -c" "EXTRA_COMPILER_FLAGS=-mcpu=cortex-a9 -mfpu=vfpv3 -mfloat-abi=hard -nostartfiles -g -Wall -Wextra"
"Compiling uartps"
"Running Make libs in ps7_cortexa9_0/libsrc/usbps_v2_4/src"
make -C ps7_cortexa9_0/libsrc/usbps_v2_4/src -s libs  "SHELL=CMD" "COMPILER=arm-none-eabi-gcc" "ARCHIVER=arm-none-eabi-ar" "COMPILER_FLAGS=  -O2 -c" "EXTRA_COMPILER_FLAGS=-mcpu=cortex-a9 -mfpu=vfpv3 -mfloat-abi=hard -nostartfiles -g -Wall -Wextra"
"Compiling usbps"
"Running Make libs in ps7_cortexa9_0/libsrc/wdtps_v3_1/src"
make -C ps7_cortexa9_0/libsrc/wdtps_v3_1/src -s libs  "SHELL=CMD" "COMPILER=arm-none-eabi-gcc" "ARCHIVER=arm-none-eabi-ar" "COMPILER_FLAGS=  -O2 -c" "EXTRA_COMPILER_FLAGS=-mcpu=cortex-a9 -mfpu=vfpv3 -mfloat-abi=hard -nostartfiles -g -Wall -Wextra"
"Compiling wdtps"
"Running Make libs in ps7_cortexa9_0/libsrc/xadcps_v2_3/src"
make -C ps7_cortexa9_0/libsrc/xadcps_v2_3/src -s libs  "SHELL=CMD" "COMPILER=arm-none-eabi-gcc" "ARCHIVER=arm-none-eabi-ar" "COMPILER_FLAGS=  -O2 -c" "EXTRA_COMPILER_FLAGS=-mcpu=cortex-a9 -mfpu=vfpv3 -mfloat-abi=hard -nostartfiles -g -Wall -Wextra"
"Compiling xadcps"
'Finished building libraries'
19:44:45 **** Build of configuration Debug for project fianl ****
make pre-build main-build 
a9-linaro-pre-build-step
' '
'Building file: ../src/helloworld.c'
'Invoking: ARM v7 gcc compiler'
arm-none-eabi-gcc -Wall -O0 -g3 -c -fmessage-length=0 -MT"src/helloworld.o" -mcpu=cortex-a9 -mfpu=vfpv3 -mfloat-abi=hard -I../../fianl_bsp/ps7_cortexa9_0/include -MMD -MP -MF"src/helloworld.d" -MT"src/helloworld.o" -o "src/helloworld.o" "../src/helloworld.c"
'Finished building: ../src/helloworld.c'
' '
'Building file: ../src/platform.c'
'Invoking: ARM v7 gcc compiler'
arm-none-eabi-gcc -Wall -O0 -g3 -c -fmessage-length=0 -MT"src/platform.o" -mcpu=cortex-a9 -mfpu=vfpv3 -mfloat-abi=hard -I../../fianl_bsp/ps7_cortexa9_0/include -MMD -MP -MF"src/platform.d" -MT"src/platform.o" -o "src/platform.o" "../src/platform.c"
'Finished building: ../src/platform.c'
' '
'Building target: fianl.elf'
'Invoking: ARM v7 gcc linker'
arm-none-eabi-gcc -mcpu=cortex-a9 -mfpu=vfpv3 -mfloat-abi=hard -Wl,-build-id=none -specs=Xilinx.spec -Wl,-T -Wl,../src/lscript.ld -L../../fianl_bsp/ps7_cortexa9_0/lib -o "fianl.elf"  ./src/helloworld.o ./src/platform.o   -Wl,--start-group,-lxil,-lgcc,-lc,--end-group
'Finished building target: fianl.elf'
' '
'Invoking: ARM v7 Print Size'
arm-none-eabi-size fianl.elf  |tee "fianl.elf.size"
   text	   data	    bss	    dec	    hex	filename
  24552	   1184	  22712	  48448	   bd40	fianl.elf
'Finished building: fianl.elf.size'
' '
19:44:57 **** Incremental Build of configuration Debug for project fianl ****
make pre-build main-build 
a9-linaro-pre-build-step
' '
make: Nothing to be done for 'main-build'.
19:45:31 **** Incremental Build of configuration Debug for project fianl ****
make pre-build main-build 
a9-linaro-pre-build-step
' '
make: Nothing to be done for 'main-build'.
22:07:11 **** Incremental Build of configuration Debug for project fianl ****
make pre-build main-build 
a9-linaro-pre-build-step
' '
make: Nothing to be done for 'main-build'.
22:15:08 **** Incremental Build of configuration Debug for project fianl ****
make pre-build main-build 
a9-linaro-pre-build-step
' '
'Building file: ../src/helloworld.c'
'Invoking: ARM v7 gcc compiler'
arm-none-eabi-gcc -Wall -O0 -g3 -c -fmessage-length=0 -MT"src/helloworld.o" -mcpu=cortex-a9 -mfpu=vfpv3 -mfloat-abi=hard -I../../fianl_bsp/ps7_cortexa9_0/include -MMD -MP -MF"src/helloworld.d" -MT"src/helloworld.o" -o "src/helloworld.o" "../src/helloworld.c"
In file included from ../src/helloworld.c:1:0:
../../fianl_bsp/ps7_cortexa9_0/include/xparameters.h:19:10: fatal error: xparameters_ps.h: No such file or directory
 #include "xparameters_ps.h"
          ^~~~~~~~~~~~~~~~~~
compilation terminated.
make: *** [src/subdir.mk:26: src/helloworld.o] Error 1
22:15:55 **** Clean-only build of configuration Debug for project fianl ****
make clean 
rm -rf  ./src/helloworld.o ./src/platform.o  ./src/helloworld.d ./src/platform.d  fianl.elf.size  fianl.elf
' '
22:15:55 **** Clean-only build of project fianl_bsp ****
make -k clean 
make -C ps7_cortexa9_0/libsrc/coresightps_dcc_v1_4/src -s clean 
make -C ps7_cortexa9_0/libsrc/cpu_cortexa9_v2_7/src -s clean 
make -C ps7_cortexa9_0/libsrc/ddrps_v1_0/src -s clean 
make -C ps7_cortexa9_0/libsrc/devcfg_v3_5/src -s clean 
make -C ps7_cortexa9_0/libsrc/dmaps_v2_4/src -s clean 
make -C ps7_cortexa9_0/libsrc/emacps_v3_8/src -s clean 
make -C ps7_cortexa9_0/libsrc/final_v1_0/src -s clean 
rm: lstat．*.o・ア英: Invalid argument
make[1]: *** [Makefile:26: clean] Error 1
make: *** [Makefile:33: ps7_cortexa9_0/libsrc/final_v1_0/src/make.clean] Error 2
make -C ps7_cortexa9_0/libsrc/qspips_v3_5/src -s clean 
make -C ps7_cortexa9_0/libsrc/scugic_v3_10/src -s clean 
make -C ps7_cortexa9_0/libsrc/scutimer_v2_1/src -s clean 
make -C ps7_cortexa9_0/libsrc/scuwdt_v2_1/src -s clean 
make -C ps7_cortexa9_0/libsrc/sdps_v3_6/src -s clean 
make -C ps7_cortexa9_0/libsrc/standalone_v6_8/src -s clean 
make -C ps7_cortexa9_0/libsrc/uartps_v3_7/src -s clean 
make -C ps7_cortexa9_0/libsrc/usbps_v2_4/src -s clean 
make -C ps7_cortexa9_0/libsrc/wdtps_v3_1/src -s clean 
make -C ps7_cortexa9_0/libsrc/xadcps_v2_3/src -s clean 
make: Target 'clean' not remade because of errors.
22:15:56 **** Build of project fianl_bsp ****
make -k all 
"Running Make include in ps7_cortexa9_0/libsrc/coresightps_dcc_v1_4/src"
make -C ps7_cortexa9_0/libsrc/coresightps_dcc_v1_4/src -s include  "SHELL=CMD" "COMPILER=arm-none-eabi-gcc" "ARCHIVER=arm-none-eabi-ar" "COMPILER_FLAGS=  -O2 -c" "EXTRA_COMPILER_FLAGS=-mcpu=cortex-a9 -mfpu=vfpv3 -mfloat-abi=hard -nostartfiles -g -Wall -Wextra"
"Running Make include in ps7_cortexa9_0/libsrc/cpu_cortexa9_v2_7/src"
make -C ps7_cortexa9_0/libsrc/cpu_cortexa9_v2_7/src -s include  "SHELL=CMD" "COMPILER=arm-none-eabi-gcc" "ARCHIVER=arm-none-eabi-ar" "COMPILER_FLAGS=  -O2 -c" "EXTRA_COMPILER_FLAGS=-mcpu=cortex-a9 -mfpu=vfpv3 -mfloat-abi=hard -nostartfiles -g -Wall -Wextra"
"Running Make include in ps7_cortexa9_0/libsrc/ddrps_v1_0/src"
make -C ps7_cortexa9_0/libsrc/ddrps_v1_0/src -s include  "SHELL=CMD" "COMPILER=arm-none-eabi-gcc" "ARCHIVER=arm-none-eabi-ar" "COMPILER_FLAGS=  -O2 -c" "EXTRA_COMPILER_FLAGS=-mcpu=cortex-a9 -mfpu=vfpv3 -mfloat-abi=hard -nostartfiles -g -Wall -Wextra"
"Running Make include in ps7_cortexa9_0/libsrc/devcfg_v3_5/src"
make -C ps7_cortexa9_0/libsrc/devcfg_v3_5/src -s include  "SHELL=CMD" "COMPILER=arm-none-eabi-gcc" "ARCHIVER=arm-none-eabi-ar" "COMPILER_FLAGS=  -O2 -c" "EXTRA_COMPILER_FLAGS=-mcpu=cortex-a9 -mfpu=vfpv3 -mfloat-abi=hard -nostartfiles -g -Wall -Wextra"
"Running Make include in ps7_cortexa9_0/libsrc/dmaps_v2_4/src"
make -C ps7_cortexa9_0/libsrc/dmaps_v2_4/src -s include  "SHELL=CMD" "COMPILER=arm-none-eabi-gcc" "ARCHIVER=arm-none-eabi-ar" "COMPILER_FLAGS=  -O2 -c" "EXTRA_COMPILER_FLAGS=-mcpu=cortex-a9 -mfpu=vfpv3 -mfloat-abi=hard -nostartfiles -g -Wall -Wextra"
"Running Make include in ps7_cortexa9_0/libsrc/emacps_v3_8/src"
make -C ps7_cortexa9_0/libsrc/emacps_v3_8/src -s include  "SHELL=CMD" "COMPILER=arm-none-eabi-gcc" "ARCHIVER=arm-none-eabi-ar" "COMPILER_FLAGS=  -O2 -c" "EXTRA_COMPILER_FLAGS=-mcpu=cortex-a9 -mfpu=vfpv3 -mfloat-abi=hard -nostartfiles -g -Wall -Wextra"
"Running Make include in ps7_cortexa9_0/libsrc/final_v1_0/src"
make -C ps7_cortexa9_0/libsrc/final_v1_0/src -s include  "SHELL=CMD" "COMPILER=arm-none-eabi-gcc" "ARCHIVER=arm-none-eabi-ar" "COMPILER_FLAGS=  -O2 -c" "EXTRA_COMPILER_FLAGS=-mcpu=cortex-a9 -mfpu=vfpv3 -mfloat-abi=hard -nostartfiles -g -Wall -Wextra"
"Running Make include in ps7_cortexa9_0/libsrc/qspips_v3_5/src"
make -C ps7_cortexa9_0/libsrc/qspips_v3_5/src -s include  "SHELL=CMD" "COMPILER=arm-none-eabi-gcc" "ARCHIVER=arm-none-eabi-ar" "COMPILER_FLAGS=  -O2 -c" "EXTRA_COMPILER_FLAGS=-mcpu=cortex-a9 -mfpu=vfpv3 -mfloat-abi=hard -nostartfiles -g -Wall -Wextra"
"Running Make include in ps7_cortexa9_0/libsrc/scugic_v3_10/src"
make -C ps7_cortexa9_0/libsrc/scugic_v3_10/src -s include  "SHELL=CMD" "COMPILER=arm-none-eabi-gcc" "ARCHIVER=arm-none-eabi-ar" "COMPILER_FLAGS=  -O2 -c" "EXTRA_COMPILER_FLAGS=-mcpu=cortex-a9 -mfpu=vfpv3 -mfloat-abi=hard -nostartfiles -g -Wall -Wextra"
"Running Make include in ps7_cortexa9_0/libsrc/scutimer_v2_1/src"
make -C ps7_cortexa9_0/libsrc/scutimer_v2_1/src -s include  "SHELL=CMD" "COMPILER=arm-none-eabi-gcc" "ARCHIVER=arm-none-eabi-ar" "COMPILER_FLAGS=  -O2 -c" "EXTRA_COMPILER_FLAGS=-mcpu=cortex-a9 -mfpu=vfpv3 -mfloat-abi=hard -nostartfiles -g -Wall -Wextra"
"Running Make include in ps7_cortexa9_0/libsrc/scuwdt_v2_1/src"
make -C ps7_cortexa9_0/libsrc/scuwdt_v2_1/src -s include  "SHELL=CMD" "COMPILER=arm-none-eabi-gcc" "ARCHIVER=arm-none-eabi-ar" "COMPILER_FLAGS=  -O2 -c" "EXTRA_COMPILER_FLAGS=-mcpu=cortex-a9 -mfpu=vfpv3 -mfloat-abi=hard -nostartfiles -g -Wall -Wextra"
"Running Make include in ps7_cortexa9_0/libsrc/sdps_v3_6/src"
make -C ps7_cortexa9_0/libsrc/sdps_v3_6/src -s include  "SHELL=CMD" "COMPILER=arm-none-eabi-gcc" "ARCHIVER=arm-none-eabi-ar" "COMPILER_FLAGS=  -O2 -c" "EXTRA_COMPILER_FLAGS=-mcpu=cortex-a9 -mfpu=vfpv3 -mfloat-abi=hard -nostartfiles -g -Wall -Wextra"
"Running Make include in ps7_cortexa9_0/libsrc/standalone_v6_8/src"
make -C ps7_cortexa9_0/libsrc/standalone_v6_8/src -s include  "SHELL=CMD" "COMPILER=arm-none-eabi-gcc" "ARCHIVER=arm-none-eabi-ar" "COMPILER_FLAGS=  -O2 -c" "EXTRA_COMPILER_FLAGS=-mcpu=cortex-a9 -mfpu=vfpv3 -mfloat-abi=hard -nostartfiles -g -Wall -Wextra"
"Running Make include in ps7_cortexa9_0/libsrc/uartps_v3_7/src"
make -C ps7_cortexa9_0/libsrc/uartps_v3_7/src -s include  "SHELL=CMD" "COMPILER=arm-none-eabi-gcc" "ARCHIVER=arm-none-eabi-ar" "COMPILER_FLAGS=  -O2 -c" "EXTRA_COMPILER_FLAGS=-mcpu=cortex-a9 -mfpu=vfpv3 -mfloat-abi=hard -nostartfiles -g -Wall -Wextra"
"Running Make include in ps7_cortexa9_0/libsrc/usbps_v2_4/src"
make -C ps7_cortexa9_0/libsrc/usbps_v2_4/src -s include  "SHELL=CMD" "COMPILER=arm-none-eabi-gcc" "ARCHIVER=arm-none-eabi-ar" "COMPILER_FLAGS=  -O2 -c" "EXTRA_COMPILER_FLAGS=-mcpu=cortex-a9 -mfpu=vfpv3 -mfloat-abi=hard -nostartfiles -g -Wall -Wextra"
"Running Make include in ps7_cortexa9_0/libsrc/wdtps_v3_1/src"
make -C ps7_cortexa9_0/libsrc/wdtps_v3_1/src -s include  "SHELL=CMD" "COMPILER=arm-none-eabi-gcc" "ARCHIVER=arm-none-eabi-ar" "COMPILER_FLAGS=  -O2 -c" "EXTRA_COMPILER_FLAGS=-mcpu=cortex-a9 -mfpu=vfpv3 -mfloat-abi=hard -nostartfiles -g -Wall -Wextra"
"Running Make include in ps7_cortexa9_0/libsrc/xadcps_v2_3/src"
make -C ps7_cortexa9_0/libsrc/xadcps_v2_3/src -s include  "SHELL=CMD" "COMPILER=arm-none-eabi-gcc" "ARCHIVER=arm-none-eabi-ar" "COMPILER_FLAGS=  -O2 -c" "EXTRA_COMPILER_FLAGS=-mcpu=cortex-a9 -mfpu=vfpv3 -mfloat-abi=hard -nostartfiles -g -Wall -Wextra"
"Running Make libs in ps7_cortexa9_0/libsrc/coresightps_dcc_v1_4/src"
make -C ps7_cortexa9_0/libsrc/coresightps_dcc_v1_4/src -s libs  "SHELL=CMD" "COMPILER=arm-none-eabi-gcc" "ARCHIVER=arm-none-eabi-ar" "COMPILER_FLAGS=  -O2 -c" "EXTRA_COMPILER_FLAGS=-mcpu=cortex-a9 -mfpu=vfpv3 -mfloat-abi=hard -nostartfiles -g -Wall -Wextra"
"Compiling coresightps_dcc"
arm-none-eabi-ar: creating ../../../lib/libxil.a
"Running Make libs in ps7_cortexa9_0/libsrc/cpu_cortexa9_v2_7/src"
make -C ps7_cortexa9_0/libsrc/cpu_cortexa9_v2_7/src -s libs  "SHELL=CMD" "COMPILER=arm-none-eabi-gcc" "ARCHIVER=arm-none-eabi-ar" "COMPILER_FLAGS=  -O2 -c" "EXTRA_COMPILER_FLAGS=-mcpu=cortex-a9 -mfpu=vfpv3 -mfloat-abi=hard -nostartfiles -g -Wall -Wextra"
"Compiling cpu_cortexa9"
"Running Make libs in ps7_cortexa9_0/libsrc/ddrps_v1_0/src"
make -C ps7_cortexa9_0/libsrc/ddrps_v1_0/src -s libs  "SHELL=CMD" "COMPILER=arm-none-eabi-gcc" "ARCHIVER=arm-none-eabi-ar" "COMPILER_FLAGS=  -O2 -c" "EXTRA_COMPILER_FLAGS=-mcpu=cortex-a9 -mfpu=vfpv3 -mfloat-abi=hard -nostartfiles -g -Wall -Wextra"
"Compiling ddrps"
"Running Make libs in ps7_cortexa9_0/libsrc/devcfg_v3_5/src"
make -C ps7_cortexa9_0/libsrc/devcfg_v3_5/src -s libs  "SHELL=CMD" "COMPILER=arm-none-eabi-gcc" "ARCHIVER=arm-none-eabi-ar" "COMPILER_FLAGS=  -O2 -c" "EXTRA_COMPILER_FLAGS=-mcpu=cortex-a9 -mfpu=vfpv3 -mfloat-abi=hard -nostartfiles -g -Wall -Wextra"
"Compiling devcfg"
"Running Make libs in ps7_cortexa9_0/libsrc/dmaps_v2_4/src"
make -C ps7_cortexa9_0/libsrc/dmaps_v2_4/src -s libs  "SHELL=CMD" "COMPILER=arm-none-eabi-gcc" "ARCHIVER=arm-none-eabi-ar" "COMPILER_FLAGS=  -O2 -c" "EXTRA_COMPILER_FLAGS=-mcpu=cortex-a9 -mfpu=vfpv3 -mfloat-abi=hard -nostartfiles -g -Wall -Wextra"
"Compiling dmaps"
"Running Make libs in ps7_cortexa9_0/libsrc/emacps_v3_8/src"
make -C ps7_cortexa9_0/libsrc/emacps_v3_8/src -s libs  "SHELL=CMD" "COMPILER=arm-none-eabi-gcc" "ARCHIVER=arm-none-eabi-ar" "COMPILER_FLAGS=  -O2 -c" "EXTRA_COMPILER_FLAGS=-mcpu=cortex-a9 -mfpu=vfpv3 -mfloat-abi=hard -nostartfiles -g -Wall -Wextra"
"Compiling emacps"
"Running Make libs in ps7_cortexa9_0/libsrc/final_v1_0/src"
make -C ps7_cortexa9_0/libsrc/final_v1_0/src -s libs  "SHELL=CMD" "COMPILER=arm-none-eabi-gcc" "ARCHIVER=arm-none-eabi-ar" "COMPILER_FLAGS=  -O2 -c" "EXTRA_COMPILER_FLAGS=-mcpu=cortex-a9 -mfpu=vfpv3 -mfloat-abi=hard -nostartfiles -g -Wall -Wextra"
"Compiling final..."
final_selftest.c: In function 'FINAL_Reg_SelfTest':
final_selftest.c:52:54: warning: comparison between signed and unsigned integer expressions [-Wsign-compare]
    if ( FINAL_mReadReg (baseaddr, read_loop_index*4) != (read_loop_index+1)*READ_WRITE_MUL_FACTOR){
                                                      ^~
final_selftest.c:36:6: warning: unused variable 'Index' [-Wunused-variable]
  int Index;
      ^~~~~
"Running Make libs in ps7_cortexa9_0/libsrc/qspips_v3_5/src"
make -C ps7_cortexa9_0/libsrc/qspips_v3_5/src -s libs  "SHELL=CMD" "COMPILER=arm-none-eabi-gcc" "ARCHIVER=arm-none-eabi-ar" "COMPILER_FLAGS=  -O2 -c" "EXTRA_COMPILER_FLAGS=-mcpu=cortex-a9 -mfpu=vfpv3 -mfloat-abi=hard -nostartfiles -g -Wall -Wextra"
"Compiling qspips"
"Running Make libs in ps7_cortexa9_0/libsrc/scugic_v3_10/src"
make -C ps7_cortexa9_0/libsrc/scugic_v3_10/src -s libs  "SHELL=CMD" "COMPILER=arm-none-eabi-gcc" "ARCHIVER=arm-none-eabi-ar" "COMPILER_FLAGS=  -O2 -c" "EXTRA_COMPILER_FLAGS=-mcpu=cortex-a9 -mfpu=vfpv3 -mfloat-abi=hard -nostartfiles -g -Wall -Wextra"
"Compiling scugic"
"Running Make libs in ps7_cortexa9_0/libsrc/scutimer_v2_1/src"
make -C ps7_cortexa9_0/libsrc/scutimer_v2_1/src -s libs  "SHELL=CMD" "COMPILER=arm-none-eabi-gcc" "ARCHIVER=arm-none-eabi-ar" "COMPILER_FLAGS=  -O2 -c" "EXTRA_COMPILER_FLAGS=-mcpu=cortex-a9 -mfpu=vfpv3 -mfloat-abi=hard -nostartfiles -g -Wall -Wextra"
"Compiling scutimer"
"Running Make libs in ps7_cortexa9_0/libsrc/scuwdt_v2_1/src"
make -C ps7_cortexa9_0/libsrc/scuwdt_v2_1/src -s libs  "SHELL=CMD" "COMPILER=arm-none-eabi-gcc" "ARCHIVER=arm-none-eabi-ar" "COMPILER_FLAGS=  -O2 -c" "EXTRA_COMPILER_FLAGS=-mcpu=cortex-a9 -mfpu=vfpv3 -mfloat-abi=hard -nostartfiles -g -Wall -Wextra"
"Compiling scuwdt"
"Running Make libs in ps7_cortexa9_0/libsrc/sdps_v3_6/src"
make -C ps7_cortexa9_0/libsrc/sdps_v3_6/src -s libs  "SHELL=CMD" "COMPILER=arm-none-eabi-gcc" "ARCHIVER=arm-none-eabi-ar" "COMPILER_FLAGS=  -O2 -c" "EXTRA_COMPILER_FLAGS=-mcpu=cortex-a9 -mfpu=vfpv3 -mfloat-abi=hard -nostartfiles -g -Wall -Wextra"
"Compiling sdps"
"Running Make libs in ps7_cortexa9_0/libsrc/standalone_v6_8/src"
make -C ps7_cortexa9_0/libsrc/standalone_v6_8/src -s libs  "SHELL=CMD" "COMPILER=arm-none-eabi-gcc" "ARCHIVER=arm-none-eabi-ar" "COMPILER_FLAGS=  -O2 -c" "EXTRA_COMPILER_FLAGS=-mcpu=cortex-a9 -mfpu=vfpv3 -mfloat-abi=hard -nostartfiles -g -Wall -Wextra"
"Compiling standalone"
In file included from usleep.c:56:0:
xtime_l.h:87:9: note: #pragma message: For the sleep routines, Global timer is being used
 #pragma message ("For the sleep routines, Global timer is being used")
         ^~~~~~~
In file included from xil_sleeptimer.c:51:0:
xtime_l.h:87:9: note: #pragma message: For the sleep routines, Global timer is being used
 #pragma message ("For the sleep routines, Global timer is being used")
         ^~~~~~~
In file included from xtime_l.c:49:0:
xtime_l.h:87:9: note: #pragma message: For the sleep routines, Global timer is being used
 #pragma message ("For the sleep routines, Global timer is being used")
         ^~~~~~~
In file included from sleep.c:53:0:
xtime_l.h:87:9: note: #pragma message: For the sleep routines, Global timer is being used
 #pragma message ("For the sleep routines, Global timer is being used")
         ^~~~~~~
"Running Make libs in ps7_cortexa9_0/libsrc/uartps_v3_7/src"
make -C ps7_cortexa9_0/libsrc/uartps_v3_7/src -s libs  "SHELL=CMD" "COMPILER=arm-none-eabi-gcc" "ARCHIVER=arm-none-eabi-ar" "COMPILER_FLAGS=  -O2 -c" "EXTRA_COMPILER_FLAGS=-mcpu=cortex-a9 -mfpu=vfpv3 -mfloat-abi=hard -nostartfiles -g -Wall -Wextra"
"Compiling uartps"
"Running Make libs in ps7_cortexa9_0/libsrc/usbps_v2_4/src"
make -C ps7_cortexa9_0/libsrc/usbps_v2_4/src -s libs  "SHELL=CMD" "COMPILER=arm-none-eabi-gcc" "ARCHIVER=arm-none-eabi-ar" "COMPILER_FLAGS=  -O2 -c" "EXTRA_COMPILER_FLAGS=-mcpu=cortex-a9 -mfpu=vfpv3 -mfloat-abi=hard -nostartfiles -g -Wall -Wextra"
"Compiling usbps"
"Running Make libs in ps7_cortexa9_0/libsrc/wdtps_v3_1/src"
make -C ps7_cortexa9_0/libsrc/wdtps_v3_1/src -s libs  "SHELL=CMD" "COMPILER=arm-none-eabi-gcc" "ARCHIVER=arm-none-eabi-ar" "COMPILER_FLAGS=  -O2 -c" "EXTRA_COMPILER_FLAGS=-mcpu=cortex-a9 -mfpu=vfpv3 -mfloat-abi=hard -nostartfiles -g -Wall -Wextra"
"Compiling wdtps"
"Running Make libs in ps7_cortexa9_0/libsrc/xadcps_v2_3/src"
make -C ps7_cortexa9_0/libsrc/xadcps_v2_3/src -s libs  "SHELL=CMD" "COMPILER=arm-none-eabi-gcc" "ARCHIVER=arm-none-eabi-ar" "COMPILER_FLAGS=  -O2 -c" "EXTRA_COMPILER_FLAGS=-mcpu=cortex-a9 -mfpu=vfpv3 -mfloat-abi=hard -nostartfiles -g -Wall -Wextra"
"Compiling xadcps"
'Finished building libraries'
22:16:18 **** Build of configuration Debug for project fianl ****
make pre-build main-build 
a9-linaro-pre-build-step
' '
'Building file: ../src/helloworld.c'
'Invoking: ARM v7 gcc compiler'
arm-none-eabi-gcc -Wall -O0 -g3 -c -fmessage-length=0 -MT"src/helloworld.o" -mcpu=cortex-a9 -mfpu=vfpv3 -mfloat-abi=hard -I../../fianl_bsp/ps7_cortexa9_0/include -MMD -MP -MF"src/helloworld.d" -MT"src/helloworld.o" -o "src/helloworld.o" "../src/helloworld.c"
'Finished building: ../src/helloworld.c'
' '
'Building file: ../src/platform.c'
'Invoking: ARM v7 gcc compiler'
arm-none-eabi-gcc -Wall -O0 -g3 -c -fmessage-length=0 -MT"src/platform.o" -mcpu=cortex-a9 -mfpu=vfpv3 -mfloat-abi=hard -I../../fianl_bsp/ps7_cortexa9_0/include -MMD -MP -MF"src/platform.d" -MT"src/platform.o" -o "src/platform.o" "../src/platform.c"
'Finished building: ../src/platform.c'
' '
'Building target: fianl.elf'
'Invoking: ARM v7 gcc linker'
arm-none-eabi-gcc -mcpu=cortex-a9 -mfpu=vfpv3 -mfloat-abi=hard -Wl,-build-id=none -specs=Xilinx.spec -Wl,-T -Wl,../src/lscript.ld -L../../fianl_bsp/ps7_cortexa9_0/lib -o "fianl.elf"  ./src/helloworld.o ./src/platform.o   -Wl,--start-group,-lxil,-lgcc,-lc,--end-group
'Finished building target: fianl.elf'
' '
'Invoking: ARM v7 Print Size'
arm-none-eabi-size fianl.elf  |tee "fianl.elf.size"
   text	   data	    bss	    dec	    hex	filename
  24552	   1184	  22712	  48448	   bd40	fianl.elf
'Finished building: fianl.elf.size'
' '
22:16:30 **** Incremental Build of configuration Debug for project fianl ****
make pre-build main-build 
a9-linaro-pre-build-step
' '
make: Nothing to be done for 'main-build'.
22:17:03 **** Incremental Build of configuration Debug for project fianl ****
make pre-build main-build 
a9-linaro-pre-build-step
' '
make: Nothing to be done for 'main-build'.
22:19:00 **** Auto Build of configuration Debug for project fianl ****
make pre-build main-build 
a9-linaro-pre-build-step
' '
'Building file: ../src/helloworld.c'
'Invoking: ARM v7 gcc compiler'
arm-none-eabi-gcc -Wall -O0 -g3 -c -fmessage-length=0 -MT"src/helloworld.o" -mcpu=cortex-a9 -mfpu=vfpv3 -mfloat-abi=hard -I../../fianl_bsp/ps7_cortexa9_0/include -MMD -MP -MF"src/helloworld.d" -MT"src/helloworld.o" -o "src/helloworld.o" "../src/helloworld.c"
../src/helloworld.c: In function 'main':
../src/helloworld.c:62:10: warning: implicit declaration of function 'printf' [-Wimplicit-function-declaration]
          printf("123");
          ^~~~~~
../src/helloworld.c:62:10: warning: incompatible implicit declaration of built-in function 'printf'
../src/helloworld.c:62:10: note: include '<stdio.h>' or provide a declaration of 'printf'
'Finished building: ../src/helloworld.c'
' '
'Building target: fianl.elf'
'Invoking: ARM v7 gcc linker'
arm-none-eabi-gcc -mcpu=cortex-a9 -mfpu=vfpv3 -mfloat-abi=hard -Wl,-build-id=none -specs=Xilinx.spec -Wl,-T -Wl,../src/lscript.ld -L../../fianl_bsp/ps7_cortexa9_0/lib -o "fianl.elf"  ./src/helloworld.o ./src/platform.o   -Wl,--start-group,-lxil,-lgcc,-lc,--end-group
'Finished building target: fianl.elf'
' '
'Invoking: ARM v7 Print Size'
arm-none-eabi-size fianl.elf  |tee "fianl.elf.size"
   text	   data	    bss	    dec	    hex	filename
  74536	   2616	  23472	 100624	  18910	fianl.elf
'Finished building: fianl.elf.size'
' '
22:19:11 **** Incremental Build of configuration Debug for project fianl ****
make pre-build main-build 
a9-linaro-pre-build-step
' '
make: Nothing to be done for 'main-build'.
22:28:06 **** Clean-only build of configuration Debug for project fianl ****
make clean 
rm -rf  ./src/helloworld.o ./src/platform.o  ./src/helloworld.d ./src/platform.d  fianl.elf.size  fianl.elf
' '
22:28:06 **** Clean-only build of project fianl_bsp ****
make -k clean 
make -C ps7_cortexa9_0/libsrc/coresightps_dcc_v1_4/src -s clean 
make -C ps7_cortexa9_0/libsrc/cpu_cortexa9_v2_7/src -s clean 
make -C ps7_cortexa9_0/libsrc/ddrps_v1_0/src -s clean 
make -C ps7_cortexa9_0/libsrc/devcfg_v3_5/src -s clean 
make -C ps7_cortexa9_0/libsrc/dmaps_v2_4/src -s clean 
make -C ps7_cortexa9_0/libsrc/emacps_v3_8/src -s clean 
make -C ps7_cortexa9_0/libsrc/final_v1_0/src -s clean 
rm: lstat．*.o・ア英: Invalid argument
make[1]: *** [Makefile:26: clean] Error 1
make: *** [Makefile:33: ps7_cortexa9_0/libsrc/final_v1_0/src/make.clean] Error 2
make -C ps7_cortexa9_0/libsrc/qspips_v3_5/src -s clean 
make -C ps7_cortexa9_0/libsrc/scugic_v3_10/src -s clean 
make -C ps7_cortexa9_0/libsrc/scutimer_v2_1/src -s clean 
make -C ps7_cortexa9_0/libsrc/scuwdt_v2_1/src -s clean 
make -C ps7_cortexa9_0/libsrc/sdps_v3_6/src -s clean 
make -C ps7_cortexa9_0/libsrc/standalone_v6_8/src -s clean 
make -C ps7_cortexa9_0/libsrc/uartps_v3_7/src -s clean 
make -C ps7_cortexa9_0/libsrc/usbps_v2_4/src -s clean 
make -C ps7_cortexa9_0/libsrc/wdtps_v3_1/src -s clean 
make -C ps7_cortexa9_0/libsrc/xadcps_v2_3/src -s clean 
make: Target 'clean' not remade because of errors.
22:28:07 **** Build of project fianl_bsp ****
make -k all 
"Running Make include in ps7_cortexa9_0/libsrc/coresightps_dcc_v1_4/src"
make -C ps7_cortexa9_0/libsrc/coresightps_dcc_v1_4/src -s include  "SHELL=CMD" "COMPILER=arm-none-eabi-gcc" "ARCHIVER=arm-none-eabi-ar" "COMPILER_FLAGS=  -O2 -c" "EXTRA_COMPILER_FLAGS=-mcpu=cortex-a9 -mfpu=vfpv3 -mfloat-abi=hard -nostartfiles -g -Wall -Wextra"
"Running Make include in ps7_cortexa9_0/libsrc/cpu_cortexa9_v2_7/src"
make -C ps7_cortexa9_0/libsrc/cpu_cortexa9_v2_7/src -s include  "SHELL=CMD" "COMPILER=arm-none-eabi-gcc" "ARCHIVER=arm-none-eabi-ar" "COMPILER_FLAGS=  -O2 -c" "EXTRA_COMPILER_FLAGS=-mcpu=cortex-a9 -mfpu=vfpv3 -mfloat-abi=hard -nostartfiles -g -Wall -Wextra"
"Running Make include in ps7_cortexa9_0/libsrc/ddrps_v1_0/src"
make -C ps7_cortexa9_0/libsrc/ddrps_v1_0/src -s include  "SHELL=CMD" "COMPILER=arm-none-eabi-gcc" "ARCHIVER=arm-none-eabi-ar" "COMPILER_FLAGS=  -O2 -c" "EXTRA_COMPILER_FLAGS=-mcpu=cortex-a9 -mfpu=vfpv3 -mfloat-abi=hard -nostartfiles -g -Wall -Wextra"
"Running Make include in ps7_cortexa9_0/libsrc/devcfg_v3_5/src"
make -C ps7_cortexa9_0/libsrc/devcfg_v3_5/src -s include  "SHELL=CMD" "COMPILER=arm-none-eabi-gcc" "ARCHIVER=arm-none-eabi-ar" "COMPILER_FLAGS=  -O2 -c" "EXTRA_COMPILER_FLAGS=-mcpu=cortex-a9 -mfpu=vfpv3 -mfloat-abi=hard -nostartfiles -g -Wall -Wextra"
"Running Make include in ps7_cortexa9_0/libsrc/dmaps_v2_4/src"
make -C ps7_cortexa9_0/libsrc/dmaps_v2_4/src -s include  "SHELL=CMD" "COMPILER=arm-none-eabi-gcc" "ARCHIVER=arm-none-eabi-ar" "COMPILER_FLAGS=  -O2 -c" "EXTRA_COMPILER_FLAGS=-mcpu=cortex-a9 -mfpu=vfpv3 -mfloat-abi=hard -nostartfiles -g -Wall -Wextra"
"Running Make include in ps7_cortexa9_0/libsrc/emacps_v3_8/src"
make -C ps7_cortexa9_0/libsrc/emacps_v3_8/src -s include  "SHELL=CMD" "COMPILER=arm-none-eabi-gcc" "ARCHIVER=arm-none-eabi-ar" "COMPILER_FLAGS=  -O2 -c" "EXTRA_COMPILER_FLAGS=-mcpu=cortex-a9 -mfpu=vfpv3 -mfloat-abi=hard -nostartfiles -g -Wall -Wextra"
"Running Make include in ps7_cortexa9_0/libsrc/final_v1_0/src"
make -C ps7_cortexa9_0/libsrc/final_v1_0/src -s include  "SHELL=CMD" "COMPILER=arm-none-eabi-gcc" "ARCHIVER=arm-none-eabi-ar" "COMPILER_FLAGS=  -O2 -c" "EXTRA_COMPILER_FLAGS=-mcpu=cortex-a9 -mfpu=vfpv3 -mfloat-abi=hard -nostartfiles -g -Wall -Wextra"
"Running Make include in ps7_cortexa9_0/libsrc/qspips_v3_5/src"
make -C ps7_cortexa9_0/libsrc/qspips_v3_5/src -s include  "SHELL=CMD" "COMPILER=arm-none-eabi-gcc" "ARCHIVER=arm-none-eabi-ar" "COMPILER_FLAGS=  -O2 -c" "EXTRA_COMPILER_FLAGS=-mcpu=cortex-a9 -mfpu=vfpv3 -mfloat-abi=hard -nostartfiles -g -Wall -Wextra"
"Running Make include in ps7_cortexa9_0/libsrc/scugic_v3_10/src"
make -C ps7_cortexa9_0/libsrc/scugic_v3_10/src -s include  "SHELL=CMD" "COMPILER=arm-none-eabi-gcc" "ARCHIVER=arm-none-eabi-ar" "COMPILER_FLAGS=  -O2 -c" "EXTRA_COMPILER_FLAGS=-mcpu=cortex-a9 -mfpu=vfpv3 -mfloat-abi=hard -nostartfiles -g -Wall -Wextra"
"Running Make include in ps7_cortexa9_0/libsrc/scutimer_v2_1/src"
make -C ps7_cortexa9_0/libsrc/scutimer_v2_1/src -s include  "SHELL=CMD" "COMPILER=arm-none-eabi-gcc" "ARCHIVER=arm-none-eabi-ar" "COMPILER_FLAGS=  -O2 -c" "EXTRA_COMPILER_FLAGS=-mcpu=cortex-a9 -mfpu=vfpv3 -mfloat-abi=hard -nostartfiles -g -Wall -Wextra"
"Running Make include in ps7_cortexa9_0/libsrc/scuwdt_v2_1/src"
make -C ps7_cortexa9_0/libsrc/scuwdt_v2_1/src -s include  "SHELL=CMD" "COMPILER=arm-none-eabi-gcc" "ARCHIVER=arm-none-eabi-ar" "COMPILER_FLAGS=  -O2 -c" "EXTRA_COMPILER_FLAGS=-mcpu=cortex-a9 -mfpu=vfpv3 -mfloat-abi=hard -nostartfiles -g -Wall -Wextra"
"Running Make include in ps7_cortexa9_0/libsrc/sdps_v3_6/src"
make -C ps7_cortexa9_0/libsrc/sdps_v3_6/src -s include  "SHELL=CMD" "COMPILER=arm-none-eabi-gcc" "ARCHIVER=arm-none-eabi-ar" "COMPILER_FLAGS=  -O2 -c" "EXTRA_COMPILER_FLAGS=-mcpu=cortex-a9 -mfpu=vfpv3 -mfloat-abi=hard -nostartfiles -g -Wall -Wextra"
"Running Make include in ps7_cortexa9_0/libsrc/standalone_v6_8/src"
make -C ps7_cortexa9_0/libsrc/standalone_v6_8/src -s include  "SHELL=CMD" "COMPILER=arm-none-eabi-gcc" "ARCHIVER=arm-none-eabi-ar" "COMPILER_FLAGS=  -O2 -c" "EXTRA_COMPILER_FLAGS=-mcpu=cortex-a9 -mfpu=vfpv3 -mfloat-abi=hard -nostartfiles -g -Wall -Wextra"
"Running Make include in ps7_cortexa9_0/libsrc/uartps_v3_7/src"
make -C ps7_cortexa9_0/libsrc/uartps_v3_7/src -s include  "SHELL=CMD" "COMPILER=arm-none-eabi-gcc" "ARCHIVER=arm-none-eabi-ar" "COMPILER_FLAGS=  -O2 -c" "EXTRA_COMPILER_FLAGS=-mcpu=cortex-a9 -mfpu=vfpv3 -mfloat-abi=hard -nostartfiles -g -Wall -Wextra"
"Running Make include in ps7_cortexa9_0/libsrc/usbps_v2_4/src"
make -C ps7_cortexa9_0/libsrc/usbps_v2_4/src -s include  "SHELL=CMD" "COMPILER=arm-none-eabi-gcc" "ARCHIVER=arm-none-eabi-ar" "COMPILER_FLAGS=  -O2 -c" "EXTRA_COMPILER_FLAGS=-mcpu=cortex-a9 -mfpu=vfpv3 -mfloat-abi=hard -nostartfiles -g -Wall -Wextra"
"Running Make include in ps7_cortexa9_0/libsrc/wdtps_v3_1/src"
make -C ps7_cortexa9_0/libsrc/wdtps_v3_1/src -s include  "SHELL=CMD" "COMPILER=arm-none-eabi-gcc" "ARCHIVER=arm-none-eabi-ar" "COMPILER_FLAGS=  -O2 -c" "EXTRA_COMPILER_FLAGS=-mcpu=cortex-a9 -mfpu=vfpv3 -mfloat-abi=hard -nostartfiles -g -Wall -Wextra"
"Running Make include in ps7_cortexa9_0/libsrc/xadcps_v2_3/src"
make -C ps7_cortexa9_0/libsrc/xadcps_v2_3/src -s include  "SHELL=CMD" "COMPILER=arm-none-eabi-gcc" "ARCHIVER=arm-none-eabi-ar" "COMPILER_FLAGS=  -O2 -c" "EXTRA_COMPILER_FLAGS=-mcpu=cortex-a9 -mfpu=vfpv3 -mfloat-abi=hard -nostartfiles -g -Wall -Wextra"
"Running Make libs in ps7_cortexa9_0/libsrc/coresightps_dcc_v1_4/src"
make -C ps7_cortexa9_0/libsrc/coresightps_dcc_v1_4/src -s libs  "SHELL=CMD" "COMPILER=arm-none-eabi-gcc" "ARCHIVER=arm-none-eabi-ar" "COMPILER_FLAGS=  -O2 -c" "EXTRA_COMPILER_FLAGS=-mcpu=cortex-a9 -mfpu=vfpv3 -mfloat-abi=hard -nostartfiles -g -Wall -Wextra"
"Compiling coresightps_dcc"
arm-none-eabi-ar: creating ../../../lib/libxil.a
"Running Make libs in ps7_cortexa9_0/libsrc/cpu_cortexa9_v2_7/src"
make -C ps7_cortexa9_0/libsrc/cpu_cortexa9_v2_7/src -s libs  "SHELL=CMD" "COMPILER=arm-none-eabi-gcc" "ARCHIVER=arm-none-eabi-ar" "COMPILER_FLAGS=  -O2 -c" "EXTRA_COMPILER_FLAGS=-mcpu=cortex-a9 -mfpu=vfpv3 -mfloat-abi=hard -nostartfiles -g -Wall -Wextra"
"Compiling cpu_cortexa9"
"Running Make libs in ps7_cortexa9_0/libsrc/ddrps_v1_0/src"
make -C ps7_cortexa9_0/libsrc/ddrps_v1_0/src -s libs  "SHELL=CMD" "COMPILER=arm-none-eabi-gcc" "ARCHIVER=arm-none-eabi-ar" "COMPILER_FLAGS=  -O2 -c" "EXTRA_COMPILER_FLAGS=-mcpu=cortex-a9 -mfpu=vfpv3 -mfloat-abi=hard -nostartfiles -g -Wall -Wextra"
"Compiling ddrps"
"Running Make libs in ps7_cortexa9_0/libsrc/devcfg_v3_5/src"
make -C ps7_cortexa9_0/libsrc/devcfg_v3_5/src -s libs  "SHELL=CMD" "COMPILER=arm-none-eabi-gcc" "ARCHIVER=arm-none-eabi-ar" "COMPILER_FLAGS=  -O2 -c" "EXTRA_COMPILER_FLAGS=-mcpu=cortex-a9 -mfpu=vfpv3 -mfloat-abi=hard -nostartfiles -g -Wall -Wextra"
"Compiling devcfg"
"Running Make libs in ps7_cortexa9_0/libsrc/dmaps_v2_4/src"
make -C ps7_cortexa9_0/libsrc/dmaps_v2_4/src -s libs  "SHELL=CMD" "COMPILER=arm-none-eabi-gcc" "ARCHIVER=arm-none-eabi-ar" "COMPILER_FLAGS=  -O2 -c" "EXTRA_COMPILER_FLAGS=-mcpu=cortex-a9 -mfpu=vfpv3 -mfloat-abi=hard -nostartfiles -g -Wall -Wextra"
"Compiling dmaps"
"Running Make libs in ps7_cortexa9_0/libsrc/emacps_v3_8/src"
make -C ps7_cortexa9_0/libsrc/emacps_v3_8/src -s libs  "SHELL=CMD" "COMPILER=arm-none-eabi-gcc" "ARCHIVER=arm-none-eabi-ar" "COMPILER_FLAGS=  -O2 -c" "EXTRA_COMPILER_FLAGS=-mcpu=cortex-a9 -mfpu=vfpv3 -mfloat-abi=hard -nostartfiles -g -Wall -Wextra"
"Compiling emacps"
"Running Make libs in ps7_cortexa9_0/libsrc/final_v1_0/src"
make -C ps7_cortexa9_0/libsrc/final_v1_0/src -s libs  "SHELL=CMD" "COMPILER=arm-none-eabi-gcc" "ARCHIVER=arm-none-eabi-ar" "COMPILER_FLAGS=  -O2 -c" "EXTRA_COMPILER_FLAGS=-mcpu=cortex-a9 -mfpu=vfpv3 -mfloat-abi=hard -nostartfiles -g -Wall -Wextra"
"Compiling final..."
final_selftest.c: In function 'FINAL_Reg_SelfTest':
final_selftest.c:52:54: warning: comparison between signed and unsigned integer expressions [-Wsign-compare]
    if ( FINAL_mReadReg (baseaddr, read_loop_index*4) != (read_loop_index+1)*READ_WRITE_MUL_FACTOR){
                                                      ^~
final_selftest.c:36:6: warning: unused variable 'Index' [-Wunused-variable]
  int Index;
      ^~~~~
"Running Make libs in ps7_cortexa9_0/libsrc/qspips_v3_5/src"
make -C ps7_cortexa9_0/libsrc/qspips_v3_5/src -s libs  "SHELL=CMD" "COMPILER=arm-none-eabi-gcc" "ARCHIVER=arm-none-eabi-ar" "COMPILER_FLAGS=  -O2 -c" "EXTRA_COMPILER_FLAGS=-mcpu=cortex-a9 -mfpu=vfpv3 -mfloat-abi=hard -nostartfiles -g -Wall -Wextra"
"Compiling qspips"
"Running Make libs in ps7_cortexa9_0/libsrc/scugic_v3_10/src"
make -C ps7_cortexa9_0/libsrc/scugic_v3_10/src -s libs  "SHELL=CMD" "COMPILER=arm-none-eabi-gcc" "ARCHIVER=arm-none-eabi-ar" "COMPILER_FLAGS=  -O2 -c" "EXTRA_COMPILER_FLAGS=-mcpu=cortex-a9 -mfpu=vfpv3 -mfloat-abi=hard -nostartfiles -g -Wall -Wextra"
"Compiling scugic"
"Running Make libs in ps7_cortexa9_0/libsrc/scutimer_v2_1/src"
make -C ps7_cortexa9_0/libsrc/scutimer_v2_1/src -s libs  "SHELL=CMD" "COMPILER=arm-none-eabi-gcc" "ARCHIVER=arm-none-eabi-ar" "COMPILER_FLAGS=  -O2 -c" "EXTRA_COMPILER_FLAGS=-mcpu=cortex-a9 -mfpu=vfpv3 -mfloat-abi=hard -nostartfiles -g -Wall -Wextra"
"Compiling scutimer"
"Running Make libs in ps7_cortexa9_0/libsrc/scuwdt_v2_1/src"
make -C ps7_cortexa9_0/libsrc/scuwdt_v2_1/src -s libs  "SHELL=CMD" "COMPILER=arm-none-eabi-gcc" "ARCHIVER=arm-none-eabi-ar" "COMPILER_FLAGS=  -O2 -c" "EXTRA_COMPILER_FLAGS=-mcpu=cortex-a9 -mfpu=vfpv3 -mfloat-abi=hard -nostartfiles -g -Wall -Wextra"
"Compiling scuwdt"
"Running Make libs in ps7_cortexa9_0/libsrc/sdps_v3_6/src"
make -C ps7_cortexa9_0/libsrc/sdps_v3_6/src -s libs  "SHELL=CMD" "COMPILER=arm-none-eabi-gcc" "ARCHIVER=arm-none-eabi-ar" "COMPILER_FLAGS=  -O2 -c" "EXTRA_COMPILER_FLAGS=-mcpu=cortex-a9 -mfpu=vfpv3 -mfloat-abi=hard -nostartfiles -g -Wall -Wextra"
"Compiling sdps"
"Running Make libs in ps7_cortexa9_0/libsrc/standalone_v6_8/src"
make -C ps7_cortexa9_0/libsrc/standalone_v6_8/src -s libs  "SHELL=CMD" "COMPILER=arm-none-eabi-gcc" "ARCHIVER=arm-none-eabi-ar" "COMPILER_FLAGS=  -O2 -c" "EXTRA_COMPILER_FLAGS=-mcpu=cortex-a9 -mfpu=vfpv3 -mfloat-abi=hard -nostartfiles -g -Wall -Wextra"
"Compiling standalone"
In file included from usleep.c:56:0:
xtime_l.h:87:9: note: #pragma message: For the sleep routines, Global timer is being used
 #pragma message ("For the sleep routines, Global timer is being used")
         ^~~~~~~
In file included from xil_sleeptimer.c:51:0:
xtime_l.h:87:9: note: #pragma message: For the sleep routines, Global timer is being used
 #pragma message ("For the sleep routines, Global timer is being used")
         ^~~~~~~
In file included from xtime_l.c:49:0:
xtime_l.h:87:9: note: #pragma message: For the sleep routines, Global timer is being used
 #pragma message ("For the sleep routines, Global timer is being used")
         ^~~~~~~
In file included from sleep.c:53:0:
xtime_l.h:87:9: note: #pragma message: For the sleep routines, Global timer is being used
 #pragma message ("For the sleep routines, Global timer is being used")
         ^~~~~~~
"Running Make libs in ps7_cortexa9_0/libsrc/uartps_v3_7/src"
make -C ps7_cortexa9_0/libsrc/uartps_v3_7/src -s libs  "SHELL=CMD" "COMPILER=arm-none-eabi-gcc" "ARCHIVER=arm-none-eabi-ar" "COMPILER_FLAGS=  -O2 -c" "EXTRA_COMPILER_FLAGS=-mcpu=cortex-a9 -mfpu=vfpv3 -mfloat-abi=hard -nostartfiles -g -Wall -Wextra"
"Compiling uartps"
"Running Make libs in ps7_cortexa9_0/libsrc/usbps_v2_4/src"
make -C ps7_cortexa9_0/libsrc/usbps_v2_4/src -s libs  "SHELL=CMD" "COMPILER=arm-none-eabi-gcc" "ARCHIVER=arm-none-eabi-ar" "COMPILER_FLAGS=  -O2 -c" "EXTRA_COMPILER_FLAGS=-mcpu=cortex-a9 -mfpu=vfpv3 -mfloat-abi=hard -nostartfiles -g -Wall -Wextra"
"Compiling usbps"
"Running Make libs in ps7_cortexa9_0/libsrc/wdtps_v3_1/src"
make -C ps7_cortexa9_0/libsrc/wdtps_v3_1/src -s libs  "SHELL=CMD" "COMPILER=arm-none-eabi-gcc" "ARCHIVER=arm-none-eabi-ar" "COMPILER_FLAGS=  -O2 -c" "EXTRA_COMPILER_FLAGS=-mcpu=cortex-a9 -mfpu=vfpv3 -mfloat-abi=hard -nostartfiles -g -Wall -Wextra"
"Compiling wdtps"
"Running Make libs in ps7_cortexa9_0/libsrc/xadcps_v2_3/src"
make -C ps7_cortexa9_0/libsrc/xadcps_v2_3/src -s libs  "SHELL=CMD" "COMPILER=arm-none-eabi-gcc" "ARCHIVER=arm-none-eabi-ar" "COMPILER_FLAGS=  -O2 -c" "EXTRA_COMPILER_FLAGS=-mcpu=cortex-a9 -mfpu=vfpv3 -mfloat-abi=hard -nostartfiles -g -Wall -Wextra"
"Compiling xadcps"
'Finished building libraries'
22:28:26 **** Build of configuration Debug for project fianl ****
make pre-build main-build 
a9-linaro-pre-build-step
' '
'Building file: ../src/helloworld.c'
'Invoking: ARM v7 gcc compiler'
arm-none-eabi-gcc -Wall -O0 -g3 -c -fmessage-length=0 -MT"src/helloworld.o" -mcpu=cortex-a9 -mfpu=vfpv3 -mfloat-abi=hard -I../../fianl_bsp/ps7_cortexa9_0/include -MMD -MP -MF"src/helloworld.d" -MT"src/helloworld.o" -o "src/helloworld.o" "../src/helloworld.c"
../src/helloworld.c: In function 'main':
../src/helloworld.c:62:10: warning: implicit declaration of function 'printf' [-Wimplicit-function-declaration]
          printf("123");
          ^~~~~~
../src/helloworld.c:62:10: warning: incompatible implicit declaration of built-in function 'printf'
../src/helloworld.c:62:10: note: include '<stdio.h>' or provide a declaration of 'printf'
'Finished building: ../src/helloworld.c'
' '
'Building file: ../src/platform.c'
'Invoking: ARM v7 gcc compiler'
arm-none-eabi-gcc -Wall -O0 -g3 -c -fmessage-length=0 -MT"src/platform.o" -mcpu=cortex-a9 -mfpu=vfpv3 -mfloat-abi=hard -I../../fianl_bsp/ps7_cortexa9_0/include -MMD -MP -MF"src/platform.d" -MT"src/platform.o" -o "src/platform.o" "../src/platform.c"
'Finished building: ../src/platform.c'
' '
'Building target: fianl.elf'
'Invoking: ARM v7 gcc linker'
arm-none-eabi-gcc -mcpu=cortex-a9 -mfpu=vfpv3 -mfloat-abi=hard -Wl,-build-id=none -specs=Xilinx.spec -Wl,-T -Wl,../src/lscript.ld -L../../fianl_bsp/ps7_cortexa9_0/lib -o "fianl.elf"  ./src/helloworld.o ./src/platform.o   -Wl,--start-group,-lxil,-lgcc,-lc,--end-group
'Finished building target: fianl.elf'
' '
'Invoking: ARM v7 Print Size'
arm-none-eabi-size fianl.elf  |tee "fianl.elf.size"
   text	   data	    bss	    dec	    hex	filename
  74536	   2616	  23472	 100624	  18910	fianl.elf
'Finished building: fianl.elf.size'
' '
22:28:36 **** Incremental Build of configuration Debug for project fianl ****
make pre-build main-build 
a9-linaro-pre-build-step
' '
make: Nothing to be done for 'main-build'.
22:32:39 **** Clean-only build of configuration Debug for project fianl ****
make clean 
rm -rf  ./src/helloworld.o ./src/platform.o  ./src/helloworld.d ./src/platform.d  fianl.elf.size  fianl.elf
' '
22:32:39 **** Clean-only build of project fianl_bsp ****
make -k clean 
make -C ps7_cortexa9_0/libsrc/coresightps_dcc_v1_4/src -s clean 
make -C ps7_cortexa9_0/libsrc/cpu_cortexa9_v2_7/src -s clean 
make -C ps7_cortexa9_0/libsrc/ddrps_v1_0/src -s clean 
make -C ps7_cortexa9_0/libsrc/devcfg_v3_5/src -s clean 
make -C ps7_cortexa9_0/libsrc/dmaps_v2_4/src -s clean 
make -C ps7_cortexa9_0/libsrc/emacps_v3_8/src -s clean 
make -C ps7_cortexa9_0/libsrc/final_v1_0/src -s clean 
rm: lstat．*.o・ア英: Invalid argument
make[1]: *** [Makefile:26: clean] Error 1
make: *** [Makefile:33: ps7_cortexa9_0/libsrc/final_v1_0/src/make.clean] Error 2
make -C ps7_cortexa9_0/libsrc/qspips_v3_5/src -s clean 
make -C ps7_cortexa9_0/libsrc/scugic_v3_10/src -s clean 
make -C ps7_cortexa9_0/libsrc/scutimer_v2_1/src -s clean 
make -C ps7_cortexa9_0/libsrc/scuwdt_v2_1/src -s clean 
make -C ps7_cortexa9_0/libsrc/sdps_v3_6/src -s clean 
make -C ps7_cortexa9_0/libsrc/standalone_v6_8/src -s clean 
make -C ps7_cortexa9_0/libsrc/uartps_v3_7/src -s clean 
make -C ps7_cortexa9_0/libsrc/usbps_v2_4/src -s clean 
make -C ps7_cortexa9_0/libsrc/wdtps_v3_1/src -s clean 
make -C ps7_cortexa9_0/libsrc/xadcps_v2_3/src -s clean 
make: Target 'clean' not remade because of errors.
22:32:40 **** Build of project fianl_bsp ****
make -k all 
"Running Make include in ps7_cortexa9_0/libsrc/coresightps_dcc_v1_4/src"
make -C ps7_cortexa9_0/libsrc/coresightps_dcc_v1_4/src -s include  "SHELL=CMD" "COMPILER=arm-none-eabi-gcc" "ARCHIVER=arm-none-eabi-ar" "COMPILER_FLAGS=  -O2 -c" "EXTRA_COMPILER_FLAGS=-mcpu=cortex-a9 -mfpu=vfpv3 -mfloat-abi=hard -nostartfiles -g -Wall -Wextra"
"Running Make include in ps7_cortexa9_0/libsrc/cpu_cortexa9_v2_7/src"
make -C ps7_cortexa9_0/libsrc/cpu_cortexa9_v2_7/src -s include  "SHELL=CMD" "COMPILER=arm-none-eabi-gcc" "ARCHIVER=arm-none-eabi-ar" "COMPILER_FLAGS=  -O2 -c" "EXTRA_COMPILER_FLAGS=-mcpu=cortex-a9 -mfpu=vfpv3 -mfloat-abi=hard -nostartfiles -g -Wall -Wextra"
"Running Make include in ps7_cortexa9_0/libsrc/ddrps_v1_0/src"
make -C ps7_cortexa9_0/libsrc/ddrps_v1_0/src -s include  "SHELL=CMD" "COMPILER=arm-none-eabi-gcc" "ARCHIVER=arm-none-eabi-ar" "COMPILER_FLAGS=  -O2 -c" "EXTRA_COMPILER_FLAGS=-mcpu=cortex-a9 -mfpu=vfpv3 -mfloat-abi=hard -nostartfiles -g -Wall -Wextra"
"Running Make include in ps7_cortexa9_0/libsrc/devcfg_v3_5/src"
make -C ps7_cortexa9_0/libsrc/devcfg_v3_5/src -s include  "SHELL=CMD" "COMPILER=arm-none-eabi-gcc" "ARCHIVER=arm-none-eabi-ar" "COMPILER_FLAGS=  -O2 -c" "EXTRA_COMPILER_FLAGS=-mcpu=cortex-a9 -mfpu=vfpv3 -mfloat-abi=hard -nostartfiles -g -Wall -Wextra"
"Running Make include in ps7_cortexa9_0/libsrc/dmaps_v2_4/src"
make -C ps7_cortexa9_0/libsrc/dmaps_v2_4/src -s include  "SHELL=CMD" "COMPILER=arm-none-eabi-gcc" "ARCHIVER=arm-none-eabi-ar" "COMPILER_FLAGS=  -O2 -c" "EXTRA_COMPILER_FLAGS=-mcpu=cortex-a9 -mfpu=vfpv3 -mfloat-abi=hard -nostartfiles -g -Wall -Wextra"
"Running Make include in ps7_cortexa9_0/libsrc/emacps_v3_8/src"
make -C ps7_cortexa9_0/libsrc/emacps_v3_8/src -s include  "SHELL=CMD" "COMPILER=arm-none-eabi-gcc" "ARCHIVER=arm-none-eabi-ar" "COMPILER_FLAGS=  -O2 -c" "EXTRA_COMPILER_FLAGS=-mcpu=cortex-a9 -mfpu=vfpv3 -mfloat-abi=hard -nostartfiles -g -Wall -Wextra"
"Running Make include in ps7_cortexa9_0/libsrc/final_v1_0/src"
make -C ps7_cortexa9_0/libsrc/final_v1_0/src -s include  "SHELL=CMD" "COMPILER=arm-none-eabi-gcc" "ARCHIVER=arm-none-eabi-ar" "COMPILER_FLAGS=  -O2 -c" "EXTRA_COMPILER_FLAGS=-mcpu=cortex-a9 -mfpu=vfpv3 -mfloat-abi=hard -nostartfiles -g -Wall -Wextra"
"Running Make include in ps7_cortexa9_0/libsrc/qspips_v3_5/src"
make -C ps7_cortexa9_0/libsrc/qspips_v3_5/src -s include  "SHELL=CMD" "COMPILER=arm-none-eabi-gcc" "ARCHIVER=arm-none-eabi-ar" "COMPILER_FLAGS=  -O2 -c" "EXTRA_COMPILER_FLAGS=-mcpu=cortex-a9 -mfpu=vfpv3 -mfloat-abi=hard -nostartfiles -g -Wall -Wextra"
"Running Make include in ps7_cortexa9_0/libsrc/scugic_v3_10/src"
make -C ps7_cortexa9_0/libsrc/scugic_v3_10/src -s include  "SHELL=CMD" "COMPILER=arm-none-eabi-gcc" "ARCHIVER=arm-none-eabi-ar" "COMPILER_FLAGS=  -O2 -c" "EXTRA_COMPILER_FLAGS=-mcpu=cortex-a9 -mfpu=vfpv3 -mfloat-abi=hard -nostartfiles -g -Wall -Wextra"
"Running Make include in ps7_cortexa9_0/libsrc/scutimer_v2_1/src"
make -C ps7_cortexa9_0/libsrc/scutimer_v2_1/src -s include  "SHELL=CMD" "COMPILER=arm-none-eabi-gcc" "ARCHIVER=arm-none-eabi-ar" "COMPILER_FLAGS=  -O2 -c" "EXTRA_COMPILER_FLAGS=-mcpu=cortex-a9 -mfpu=vfpv3 -mfloat-abi=hard -nostartfiles -g -Wall -Wextra"
"Running Make include in ps7_cortexa9_0/libsrc/scuwdt_v2_1/src"
make -C ps7_cortexa9_0/libsrc/scuwdt_v2_1/src -s include  "SHELL=CMD" "COMPILER=arm-none-eabi-gcc" "ARCHIVER=arm-none-eabi-ar" "COMPILER_FLAGS=  -O2 -c" "EXTRA_COMPILER_FLAGS=-mcpu=cortex-a9 -mfpu=vfpv3 -mfloat-abi=hard -nostartfiles -g -Wall -Wextra"
"Running Make include in ps7_cortexa9_0/libsrc/sdps_v3_6/src"
make -C ps7_cortexa9_0/libsrc/sdps_v3_6/src -s include  "SHELL=CMD" "COMPILER=arm-none-eabi-gcc" "ARCHIVER=arm-none-eabi-ar" "COMPILER_FLAGS=  -O2 -c" "EXTRA_COMPILER_FLAGS=-mcpu=cortex-a9 -mfpu=vfpv3 -mfloat-abi=hard -nostartfiles -g -Wall -Wextra"
"Running Make include in ps7_cortexa9_0/libsrc/standalone_v6_8/src"
make -C ps7_cortexa9_0/libsrc/standalone_v6_8/src -s include  "SHELL=CMD" "COMPILER=arm-none-eabi-gcc" "ARCHIVER=arm-none-eabi-ar" "COMPILER_FLAGS=  -O2 -c" "EXTRA_COMPILER_FLAGS=-mcpu=cortex-a9 -mfpu=vfpv3 -mfloat-abi=hard -nostartfiles -g -Wall -Wextra"
"Running Make include in ps7_cortexa9_0/libsrc/uartps_v3_7/src"
make -C ps7_cortexa9_0/libsrc/uartps_v3_7/src -s include  "SHELL=CMD" "COMPILER=arm-none-eabi-gcc" "ARCHIVER=arm-none-eabi-ar" "COMPILER_FLAGS=  -O2 -c" "EXTRA_COMPILER_FLAGS=-mcpu=cortex-a9 -mfpu=vfpv3 -mfloat-abi=hard -nostartfiles -g -Wall -Wextra"
"Running Make include in ps7_cortexa9_0/libsrc/usbps_v2_4/src"
make -C ps7_cortexa9_0/libsrc/usbps_v2_4/src -s include  "SHELL=CMD" "COMPILER=arm-none-eabi-gcc" "ARCHIVER=arm-none-eabi-ar" "COMPILER_FLAGS=  -O2 -c" "EXTRA_COMPILER_FLAGS=-mcpu=cortex-a9 -mfpu=vfpv3 -mfloat-abi=hard -nostartfiles -g -Wall -Wextra"
"Running Make include in ps7_cortexa9_0/libsrc/wdtps_v3_1/src"
make -C ps7_cortexa9_0/libsrc/wdtps_v3_1/src -s include  "SHELL=CMD" "COMPILER=arm-none-eabi-gcc" "ARCHIVER=arm-none-eabi-ar" "COMPILER_FLAGS=  -O2 -c" "EXTRA_COMPILER_FLAGS=-mcpu=cortex-a9 -mfpu=vfpv3 -mfloat-abi=hard -nostartfiles -g -Wall -Wextra"
"Running Make include in ps7_cortexa9_0/libsrc/xadcps_v2_3/src"
make -C ps7_cortexa9_0/libsrc/xadcps_v2_3/src -s include  "SHELL=CMD" "COMPILER=arm-none-eabi-gcc" "ARCHIVER=arm-none-eabi-ar" "COMPILER_FLAGS=  -O2 -c" "EXTRA_COMPILER_FLAGS=-mcpu=cortex-a9 -mfpu=vfpv3 -mfloat-abi=hard -nostartfiles -g -Wall -Wextra"
"Running Make libs in ps7_cortexa9_0/libsrc/coresightps_dcc_v1_4/src"
make -C ps7_cortexa9_0/libsrc/coresightps_dcc_v1_4/src -s libs  "SHELL=CMD" "COMPILER=arm-none-eabi-gcc" "ARCHIVER=arm-none-eabi-ar" "COMPILER_FLAGS=  -O2 -c" "EXTRA_COMPILER_FLAGS=-mcpu=cortex-a9 -mfpu=vfpv3 -mfloat-abi=hard -nostartfiles -g -Wall -Wextra"
"Compiling coresightps_dcc"
arm-none-eabi-ar: creating ../../../lib/libxil.a
"Running Make libs in ps7_cortexa9_0/libsrc/cpu_cortexa9_v2_7/src"
make -C ps7_cortexa9_0/libsrc/cpu_cortexa9_v2_7/src -s libs  "SHELL=CMD" "COMPILER=arm-none-eabi-gcc" "ARCHIVER=arm-none-eabi-ar" "COMPILER_FLAGS=  -O2 -c" "EXTRA_COMPILER_FLAGS=-mcpu=cortex-a9 -mfpu=vfpv3 -mfloat-abi=hard -nostartfiles -g -Wall -Wextra"
"Compiling cpu_cortexa9"
"Running Make libs in ps7_cortexa9_0/libsrc/ddrps_v1_0/src"
make -C ps7_cortexa9_0/libsrc/ddrps_v1_0/src -s libs  "SHELL=CMD" "COMPILER=arm-none-eabi-gcc" "ARCHIVER=arm-none-eabi-ar" "COMPILER_FLAGS=  -O2 -c" "EXTRA_COMPILER_FLAGS=-mcpu=cortex-a9 -mfpu=vfpv3 -mfloat-abi=hard -nostartfiles -g -Wall -Wextra"
"Compiling ddrps"
"Running Make libs in ps7_cortexa9_0/libsrc/devcfg_v3_5/src"
make -C ps7_cortexa9_0/libsrc/devcfg_v3_5/src -s libs  "SHELL=CMD" "COMPILER=arm-none-eabi-gcc" "ARCHIVER=arm-none-eabi-ar" "COMPILER_FLAGS=  -O2 -c" "EXTRA_COMPILER_FLAGS=-mcpu=cortex-a9 -mfpu=vfpv3 -mfloat-abi=hard -nostartfiles -g -Wall -Wextra"
"Compiling devcfg"
"Running Make libs in ps7_cortexa9_0/libsrc/dmaps_v2_4/src"
make -C ps7_cortexa9_0/libsrc/dmaps_v2_4/src -s libs  "SHELL=CMD" "COMPILER=arm-none-eabi-gcc" "ARCHIVER=arm-none-eabi-ar" "COMPILER_FLAGS=  -O2 -c" "EXTRA_COMPILER_FLAGS=-mcpu=cortex-a9 -mfpu=vfpv3 -mfloat-abi=hard -nostartfiles -g -Wall -Wextra"
"Compiling dmaps"
"Running Make libs in ps7_cortexa9_0/libsrc/emacps_v3_8/src"
make -C ps7_cortexa9_0/libsrc/emacps_v3_8/src -s libs  "SHELL=CMD" "COMPILER=arm-none-eabi-gcc" "ARCHIVER=arm-none-eabi-ar" "COMPILER_FLAGS=  -O2 -c" "EXTRA_COMPILER_FLAGS=-mcpu=cortex-a9 -mfpu=vfpv3 -mfloat-abi=hard -nostartfiles -g -Wall -Wextra"
"Compiling emacps"
"Running Make libs in ps7_cortexa9_0/libsrc/final_v1_0/src"
make -C ps7_cortexa9_0/libsrc/final_v1_0/src -s libs  "SHELL=CMD" "COMPILER=arm-none-eabi-gcc" "ARCHIVER=arm-none-eabi-ar" "COMPILER_FLAGS=  -O2 -c" "EXTRA_COMPILER_FLAGS=-mcpu=cortex-a9 -mfpu=vfpv3 -mfloat-abi=hard -nostartfiles -g -Wall -Wextra"
"Compiling final..."
final_selftest.c: In function 'FINAL_Reg_SelfTest':
final_selftest.c:52:54: warning: comparison between signed and unsigned integer expressions [-Wsign-compare]
    if ( FINAL_mReadReg (baseaddr, read_loop_index*4) != (read_loop_index+1)*READ_WRITE_MUL_FACTOR){
                                                      ^~
final_selftest.c:36:6: warning: unused variable 'Index' [-Wunused-variable]
  int Index;
      ^~~~~
"Running Make libs in ps7_cortexa9_0/libsrc/qspips_v3_5/src"
make -C ps7_cortexa9_0/libsrc/qspips_v3_5/src -s libs  "SHELL=CMD" "COMPILER=arm-none-eabi-gcc" "ARCHIVER=arm-none-eabi-ar" "COMPILER_FLAGS=  -O2 -c" "EXTRA_COMPILER_FLAGS=-mcpu=cortex-a9 -mfpu=vfpv3 -mfloat-abi=hard -nostartfiles -g -Wall -Wextra"
"Compiling qspips"
"Running Make libs in ps7_cortexa9_0/libsrc/scugic_v3_10/src"
make -C ps7_cortexa9_0/libsrc/scugic_v3_10/src -s libs  "SHELL=CMD" "COMPILER=arm-none-eabi-gcc" "ARCHIVER=arm-none-eabi-ar" "COMPILER_FLAGS=  -O2 -c" "EXTRA_COMPILER_FLAGS=-mcpu=cortex-a9 -mfpu=vfpv3 -mfloat-abi=hard -nostartfiles -g -Wall -Wextra"
"Compiling scugic"
"Running Make libs in ps7_cortexa9_0/libsrc/scutimer_v2_1/src"
make -C ps7_cortexa9_0/libsrc/scutimer_v2_1/src -s libs  "SHELL=CMD" "COMPILER=arm-none-eabi-gcc" "ARCHIVER=arm-none-eabi-ar" "COMPILER_FLAGS=  -O2 -c" "EXTRA_COMPILER_FLAGS=-mcpu=cortex-a9 -mfpu=vfpv3 -mfloat-abi=hard -nostartfiles -g -Wall -Wextra"
"Compiling scutimer"
"Running Make libs in ps7_cortexa9_0/libsrc/scuwdt_v2_1/src"
make -C ps7_cortexa9_0/libsrc/scuwdt_v2_1/src -s libs  "SHELL=CMD" "COMPILER=arm-none-eabi-gcc" "ARCHIVER=arm-none-eabi-ar" "COMPILER_FLAGS=  -O2 -c" "EXTRA_COMPILER_FLAGS=-mcpu=cortex-a9 -mfpu=vfpv3 -mfloat-abi=hard -nostartfiles -g -Wall -Wextra"
"Compiling scuwdt"
"Running Make libs in ps7_cortexa9_0/libsrc/sdps_v3_6/src"
make -C ps7_cortexa9_0/libsrc/sdps_v3_6/src -s libs  "SHELL=CMD" "COMPILER=arm-none-eabi-gcc" "ARCHIVER=arm-none-eabi-ar" "COMPILER_FLAGS=  -O2 -c" "EXTRA_COMPILER_FLAGS=-mcpu=cortex-a9 -mfpu=vfpv3 -mfloat-abi=hard -nostartfiles -g -Wall -Wextra"
"Compiling sdps"
"Running Make libs in ps7_cortexa9_0/libsrc/standalone_v6_8/src"
make -C ps7_cortexa9_0/libsrc/standalone_v6_8/src -s libs  "SHELL=CMD" "COMPILER=arm-none-eabi-gcc" "ARCHIVER=arm-none-eabi-ar" "COMPILER_FLAGS=  -O2 -c" "EXTRA_COMPILER_FLAGS=-mcpu=cortex-a9 -mfpu=vfpv3 -mfloat-abi=hard -nostartfiles -g -Wall -Wextra"
"Compiling standalone"
In file included from usleep.c:56:0:
xtime_l.h:87:9: note: #pragma message: For the sleep routines, Global timer is being used
 #pragma message ("For the sleep routines, Global timer is being used")
         ^~~~~~~
In file included from xil_sleeptimer.c:51:0:
xtime_l.h:87:9: note: #pragma message: For the sleep routines, Global timer is being used
 #pragma message ("For the sleep routines, Global timer is being used")
         ^~~~~~~
In file included from xtime_l.c:49:0:
xtime_l.h:87:9: note: #pragma message: For the sleep routines, Global timer is being used
 #pragma message ("For the sleep routines, Global timer is being used")
         ^~~~~~~
In file included from sleep.c:53:0:
xtime_l.h:87:9: note: #pragma message: For the sleep routines, Global timer is being used
 #pragma message ("For the sleep routines, Global timer is being used")
         ^~~~~~~
"Running Make libs in ps7_cortexa9_0/libsrc/uartps_v3_7/src"
make -C ps7_cortexa9_0/libsrc/uartps_v3_7/src -s libs  "SHELL=CMD" "COMPILER=arm-none-eabi-gcc" "ARCHIVER=arm-none-eabi-ar" "COMPILER_FLAGS=  -O2 -c" "EXTRA_COMPILER_FLAGS=-mcpu=cortex-a9 -mfpu=vfpv3 -mfloat-abi=hard -nostartfiles -g -Wall -Wextra"
"Compiling uartps"
"Running Make libs in ps7_cortexa9_0/libsrc/usbps_v2_4/src"
make -C ps7_cortexa9_0/libsrc/usbps_v2_4/src -s libs  "SHELL=CMD" "COMPILER=arm-none-eabi-gcc" "ARCHIVER=arm-none-eabi-ar" "COMPILER_FLAGS=  -O2 -c" "EXTRA_COMPILER_FLAGS=-mcpu=cortex-a9 -mfpu=vfpv3 -mfloat-abi=hard -nostartfiles -g -Wall -Wextra"
"Compiling usbps"
"Running Make libs in ps7_cortexa9_0/libsrc/wdtps_v3_1/src"
make -C ps7_cortexa9_0/libsrc/wdtps_v3_1/src -s libs  "SHELL=CMD" "COMPILER=arm-none-eabi-gcc" "ARCHIVER=arm-none-eabi-ar" "COMPILER_FLAGS=  -O2 -c" "EXTRA_COMPILER_FLAGS=-mcpu=cortex-a9 -mfpu=vfpv3 -mfloat-abi=hard -nostartfiles -g -Wall -Wextra"
"Compiling wdtps"
"Running Make libs in ps7_cortexa9_0/libsrc/xadcps_v2_3/src"
make -C ps7_cortexa9_0/libsrc/xadcps_v2_3/src -s libs  "SHELL=CMD" "COMPILER=arm-none-eabi-gcc" "ARCHIVER=arm-none-eabi-ar" "COMPILER_FLAGS=  -O2 -c" "EXTRA_COMPILER_FLAGS=-mcpu=cortex-a9 -mfpu=vfpv3 -mfloat-abi=hard -nostartfiles -g -Wall -Wextra"
"Compiling xadcps"
'Finished building libraries'
22:32:59 **** Build of configuration Debug for project fianl ****
make pre-build main-build 
a9-linaro-pre-build-step
' '
'Building file: ../src/helloworld.c'
'Invoking: ARM v7 gcc compiler'
arm-none-eabi-gcc -Wall -O0 -g3 -c -fmessage-length=0 -MT"src/helloworld.o" -mcpu=cortex-a9 -mfpu=vfpv3 -mfloat-abi=hard -I../../fianl_bsp/ps7_cortexa9_0/include -MMD -MP -MF"src/helloworld.d" -MT"src/helloworld.o" -o "src/helloworld.o" "../src/helloworld.c"
../src/helloworld.c: In function 'main':
../src/helloworld.c:62:10: warning: implicit declaration of function 'printf' [-Wimplicit-function-declaration]
          printf("123");
          ^~~~~~
../src/helloworld.c:62:10: warning: incompatible implicit declaration of built-in function 'printf'
../src/helloworld.c:62:10: note: include '<stdio.h>' or provide a declaration of 'printf'
'Finished building: ../src/helloworld.c'
' '
'Building file: ../src/platform.c'
'Invoking: ARM v7 gcc compiler'
arm-none-eabi-gcc -Wall -O0 -g3 -c -fmessage-length=0 -MT"src/platform.o" -mcpu=cortex-a9 -mfpu=vfpv3 -mfloat-abi=hard -I../../fianl_bsp/ps7_cortexa9_0/include -MMD -MP -MF"src/platform.d" -MT"src/platform.o" -o "src/platform.o" "../src/platform.c"
'Finished building: ../src/platform.c'
' '
'Building target: fianl.elf'
'Invoking: ARM v7 gcc linker'
arm-none-eabi-gcc -mcpu=cortex-a9 -mfpu=vfpv3 -mfloat-abi=hard -Wl,-build-id=none -specs=Xilinx.spec -Wl,-T -Wl,../src/lscript.ld -L../../fianl_bsp/ps7_cortexa9_0/lib -o "fianl.elf"  ./src/helloworld.o ./src/platform.o   -Wl,--start-group,-lxil,-lgcc,-lc,--end-group
'Finished building target: fianl.elf'
' '
'Invoking: ARM v7 Print Size'
arm-none-eabi-size fianl.elf  |tee "fianl.elf.size"
   text	   data	    bss	    dec	    hex	filename
  74536	   2616	  23472	 100624	  18910	fianl.elf
'Finished building: fianl.elf.size'
' '
22:33:48 **** Incremental Build of configuration Debug for project fianl ****
make pre-build main-build 
a9-linaro-pre-build-step
' '
make: Nothing to be done for 'main-build'.
22:41:08 **** Clean-only build of configuration Debug for project fianl ****
make clean 
rm -rf  ./src/helloworld.o ./src/platform.o  ./src/helloworld.d ./src/platform.d  fianl.elf.size  fianl.elf
' '
22:41:08 **** Clean-only build of project fianl_bsp ****
make -k clean 
make -C ps7_cortexa9_0/libsrc/coresightps_dcc_v1_4/src -s clean 
make -C ps7_cortexa9_0/libsrc/cpu_cortexa9_v2_7/src -s clean 
make -C ps7_cortexa9_0/libsrc/ddrps_v1_0/src -s clean 
make -C ps7_cortexa9_0/libsrc/devcfg_v3_5/src -s clean 
make -C ps7_cortexa9_0/libsrc/dmaps_v2_4/src -s clean 
make -C ps7_cortexa9_0/libsrc/emacps_v3_8/src -s clean 
make -C ps7_cortexa9_0/libsrc/final_v1_0/src -s clean 
rm: lstat．*.o・ア英: Invalid argument
make[1]: *** [Makefile:26: clean] Error 1
make: *** [Makefile:33: ps7_cortexa9_0/libsrc/final_v1_0/src/make.clean] Error 2
make -C ps7_cortexa9_0/libsrc/qspips_v3_5/src -s clean 
make -C ps7_cortexa9_0/libsrc/scugic_v3_10/src -s clean 
make -C ps7_cortexa9_0/libsrc/scutimer_v2_1/src -s clean 
make -C ps7_cortexa9_0/libsrc/scuwdt_v2_1/src -s clean 
make -C ps7_cortexa9_0/libsrc/sdps_v3_6/src -s clean 
make -C ps7_cortexa9_0/libsrc/standalone_v6_8/src -s clean 
make -C ps7_cortexa9_0/libsrc/uartps_v3_7/src -s clean 
make -C ps7_cortexa9_0/libsrc/usbps_v2_4/src -s clean 
make -C ps7_cortexa9_0/libsrc/wdtps_v3_1/src -s clean 
make -C ps7_cortexa9_0/libsrc/xadcps_v2_3/src -s clean 
make: Target 'clean' not remade because of errors.
22:41:09 **** Build of project fianl_bsp ****
make -k all 
"Running Make include in ps7_cortexa9_0/libsrc/coresightps_dcc_v1_4/src"
make -C ps7_cortexa9_0/libsrc/coresightps_dcc_v1_4/src -s include  "SHELL=CMD" "COMPILER=arm-none-eabi-gcc" "ARCHIVER=arm-none-eabi-ar" "COMPILER_FLAGS=  -O2 -c" "EXTRA_COMPILER_FLAGS=-mcpu=cortex-a9 -mfpu=vfpv3 -mfloat-abi=hard -nostartfiles -g -Wall -Wextra"
"Running Make include in ps7_cortexa9_0/libsrc/cpu_cortexa9_v2_7/src"
make -C ps7_cortexa9_0/libsrc/cpu_cortexa9_v2_7/src -s include  "SHELL=CMD" "COMPILER=arm-none-eabi-gcc" "ARCHIVER=arm-none-eabi-ar" "COMPILER_FLAGS=  -O2 -c" "EXTRA_COMPILER_FLAGS=-mcpu=cortex-a9 -mfpu=vfpv3 -mfloat-abi=hard -nostartfiles -g -Wall -Wextra"
"Running Make include in ps7_cortexa9_0/libsrc/ddrps_v1_0/src"
make -C ps7_cortexa9_0/libsrc/ddrps_v1_0/src -s include  "SHELL=CMD" "COMPILER=arm-none-eabi-gcc" "ARCHIVER=arm-none-eabi-ar" "COMPILER_FLAGS=  -O2 -c" "EXTRA_COMPILER_FLAGS=-mcpu=cortex-a9 -mfpu=vfpv3 -mfloat-abi=hard -nostartfiles -g -Wall -Wextra"
"Running Make include in ps7_cortexa9_0/libsrc/devcfg_v3_5/src"
make -C ps7_cortexa9_0/libsrc/devcfg_v3_5/src -s include  "SHELL=CMD" "COMPILER=arm-none-eabi-gcc" "ARCHIVER=arm-none-eabi-ar" "COMPILER_FLAGS=  -O2 -c" "EXTRA_COMPILER_FLAGS=-mcpu=cortex-a9 -mfpu=vfpv3 -mfloat-abi=hard -nostartfiles -g -Wall -Wextra"
"Running Make include in ps7_cortexa9_0/libsrc/dmaps_v2_4/src"
make -C ps7_cortexa9_0/libsrc/dmaps_v2_4/src -s include  "SHELL=CMD" "COMPILER=arm-none-eabi-gcc" "ARCHIVER=arm-none-eabi-ar" "COMPILER_FLAGS=  -O2 -c" "EXTRA_COMPILER_FLAGS=-mcpu=cortex-a9 -mfpu=vfpv3 -mfloat-abi=hard -nostartfiles -g -Wall -Wextra"
"Running Make include in ps7_cortexa9_0/libsrc/emacps_v3_8/src"
make -C ps7_cortexa9_0/libsrc/emacps_v3_8/src -s include  "SHELL=CMD" "COMPILER=arm-none-eabi-gcc" "ARCHIVER=arm-none-eabi-ar" "COMPILER_FLAGS=  -O2 -c" "EXTRA_COMPILER_FLAGS=-mcpu=cortex-a9 -mfpu=vfpv3 -mfloat-abi=hard -nostartfiles -g -Wall -Wextra"
"Running Make include in ps7_cortexa9_0/libsrc/final_v1_0/src"
make -C ps7_cortexa9_0/libsrc/final_v1_0/src -s include  "SHELL=CMD" "COMPILER=arm-none-eabi-gcc" "ARCHIVER=arm-none-eabi-ar" "COMPILER_FLAGS=  -O2 -c" "EXTRA_COMPILER_FLAGS=-mcpu=cortex-a9 -mfpu=vfpv3 -mfloat-abi=hard -nostartfiles -g -Wall -Wextra"
"Running Make include in ps7_cortexa9_0/libsrc/qspips_v3_5/src"
make -C ps7_cortexa9_0/libsrc/qspips_v3_5/src -s include  "SHELL=CMD" "COMPILER=arm-none-eabi-gcc" "ARCHIVER=arm-none-eabi-ar" "COMPILER_FLAGS=  -O2 -c" "EXTRA_COMPILER_FLAGS=-mcpu=cortex-a9 -mfpu=vfpv3 -mfloat-abi=hard -nostartfiles -g -Wall -Wextra"
"Running Make include in ps7_cortexa9_0/libsrc/scugic_v3_10/src"
make -C ps7_cortexa9_0/libsrc/scugic_v3_10/src -s include  "SHELL=CMD" "COMPILER=arm-none-eabi-gcc" "ARCHIVER=arm-none-eabi-ar" "COMPILER_FLAGS=  -O2 -c" "EXTRA_COMPILER_FLAGS=-mcpu=cortex-a9 -mfpu=vfpv3 -mfloat-abi=hard -nostartfiles -g -Wall -Wextra"
"Running Make include in ps7_cortexa9_0/libsrc/scutimer_v2_1/src"
make -C ps7_cortexa9_0/libsrc/scutimer_v2_1/src -s include  "SHELL=CMD" "COMPILER=arm-none-eabi-gcc" "ARCHIVER=arm-none-eabi-ar" "COMPILER_FLAGS=  -O2 -c" "EXTRA_COMPILER_FLAGS=-mcpu=cortex-a9 -mfpu=vfpv3 -mfloat-abi=hard -nostartfiles -g -Wall -Wextra"
"Running Make include in ps7_cortexa9_0/libsrc/scuwdt_v2_1/src"
make -C ps7_cortexa9_0/libsrc/scuwdt_v2_1/src -s include  "SHELL=CMD" "COMPILER=arm-none-eabi-gcc" "ARCHIVER=arm-none-eabi-ar" "COMPILER_FLAGS=  -O2 -c" "EXTRA_COMPILER_FLAGS=-mcpu=cortex-a9 -mfpu=vfpv3 -mfloat-abi=hard -nostartfiles -g -Wall -Wextra"
"Running Make include in ps7_cortexa9_0/libsrc/sdps_v3_6/src"
make -C ps7_cortexa9_0/libsrc/sdps_v3_6/src -s include  "SHELL=CMD" "COMPILER=arm-none-eabi-gcc" "ARCHIVER=arm-none-eabi-ar" "COMPILER_FLAGS=  -O2 -c" "EXTRA_COMPILER_FLAGS=-mcpu=cortex-a9 -mfpu=vfpv3 -mfloat-abi=hard -nostartfiles -g -Wall -Wextra"
"Running Make include in ps7_cortexa9_0/libsrc/standalone_v6_8/src"
make -C ps7_cortexa9_0/libsrc/standalone_v6_8/src -s include  "SHELL=CMD" "COMPILER=arm-none-eabi-gcc" "ARCHIVER=arm-none-eabi-ar" "COMPILER_FLAGS=  -O2 -c" "EXTRA_COMPILER_FLAGS=-mcpu=cortex-a9 -mfpu=vfpv3 -mfloat-abi=hard -nostartfiles -g -Wall -Wextra"
"Running Make include in ps7_cortexa9_0/libsrc/uartps_v3_7/src"
make -C ps7_cortexa9_0/libsrc/uartps_v3_7/src -s include  "SHELL=CMD" "COMPILER=arm-none-eabi-gcc" "ARCHIVER=arm-none-eabi-ar" "COMPILER_FLAGS=  -O2 -c" "EXTRA_COMPILER_FLAGS=-mcpu=cortex-a9 -mfpu=vfpv3 -mfloat-abi=hard -nostartfiles -g -Wall -Wextra"
"Running Make include in ps7_cortexa9_0/libsrc/usbps_v2_4/src"
make -C ps7_cortexa9_0/libsrc/usbps_v2_4/src -s include  "SHELL=CMD" "COMPILER=arm-none-eabi-gcc" "ARCHIVER=arm-none-eabi-ar" "COMPILER_FLAGS=  -O2 -c" "EXTRA_COMPILER_FLAGS=-mcpu=cortex-a9 -mfpu=vfpv3 -mfloat-abi=hard -nostartfiles -g -Wall -Wextra"
"Running Make include in ps7_cortexa9_0/libsrc/wdtps_v3_1/src"
make -C ps7_cortexa9_0/libsrc/wdtps_v3_1/src -s include  "SHELL=CMD" "COMPILER=arm-none-eabi-gcc" "ARCHIVER=arm-none-eabi-ar" "COMPILER_FLAGS=  -O2 -c" "EXTRA_COMPILER_FLAGS=-mcpu=cortex-a9 -mfpu=vfpv3 -mfloat-abi=hard -nostartfiles -g -Wall -Wextra"
"Running Make include in ps7_cortexa9_0/libsrc/xadcps_v2_3/src"
make -C ps7_cortexa9_0/libsrc/xadcps_v2_3/src -s include  "SHELL=CMD" "COMPILER=arm-none-eabi-gcc" "ARCHIVER=arm-none-eabi-ar" "COMPILER_FLAGS=  -O2 -c" "EXTRA_COMPILER_FLAGS=-mcpu=cortex-a9 -mfpu=vfpv3 -mfloat-abi=hard -nostartfiles -g -Wall -Wextra"
"Running Make libs in ps7_cortexa9_0/libsrc/coresightps_dcc_v1_4/src"
make -C ps7_cortexa9_0/libsrc/coresightps_dcc_v1_4/src -s libs  "SHELL=CMD" "COMPILER=arm-none-eabi-gcc" "ARCHIVER=arm-none-eabi-ar" "COMPILER_FLAGS=  -O2 -c" "EXTRA_COMPILER_FLAGS=-mcpu=cortex-a9 -mfpu=vfpv3 -mfloat-abi=hard -nostartfiles -g -Wall -Wextra"
"Compiling coresightps_dcc"
arm-none-eabi-ar: creating ../../../lib/libxil.a
"Running Make libs in ps7_cortexa9_0/libsrc/cpu_cortexa9_v2_7/src"
make -C ps7_cortexa9_0/libsrc/cpu_cortexa9_v2_7/src -s libs  "SHELL=CMD" "COMPILER=arm-none-eabi-gcc" "ARCHIVER=arm-none-eabi-ar" "COMPILER_FLAGS=  -O2 -c" "EXTRA_COMPILER_FLAGS=-mcpu=cortex-a9 -mfpu=vfpv3 -mfloat-abi=hard -nostartfiles -g -Wall -Wextra"
"Compiling cpu_cortexa9"
"Running Make libs in ps7_cortexa9_0/libsrc/ddrps_v1_0/src"
make -C ps7_cortexa9_0/libsrc/ddrps_v1_0/src -s libs  "SHELL=CMD" "COMPILER=arm-none-eabi-gcc" "ARCHIVER=arm-none-eabi-ar" "COMPILER_FLAGS=  -O2 -c" "EXTRA_COMPILER_FLAGS=-mcpu=cortex-a9 -mfpu=vfpv3 -mfloat-abi=hard -nostartfiles -g -Wall -Wextra"
"Compiling ddrps"
"Running Make libs in ps7_cortexa9_0/libsrc/devcfg_v3_5/src"
make -C ps7_cortexa9_0/libsrc/devcfg_v3_5/src -s libs  "SHELL=CMD" "COMPILER=arm-none-eabi-gcc" "ARCHIVER=arm-none-eabi-ar" "COMPILER_FLAGS=  -O2 -c" "EXTRA_COMPILER_FLAGS=-mcpu=cortex-a9 -mfpu=vfpv3 -mfloat-abi=hard -nostartfiles -g -Wall -Wextra"
"Compiling devcfg"
"Running Make libs in ps7_cortexa9_0/libsrc/dmaps_v2_4/src"
make -C ps7_cortexa9_0/libsrc/dmaps_v2_4/src -s libs  "SHELL=CMD" "COMPILER=arm-none-eabi-gcc" "ARCHIVER=arm-none-eabi-ar" "COMPILER_FLAGS=  -O2 -c" "EXTRA_COMPILER_FLAGS=-mcpu=cortex-a9 -mfpu=vfpv3 -mfloat-abi=hard -nostartfiles -g -Wall -Wextra"
"Compiling dmaps"
"Running Make libs in ps7_cortexa9_0/libsrc/emacps_v3_8/src"
make -C ps7_cortexa9_0/libsrc/emacps_v3_8/src -s libs  "SHELL=CMD" "COMPILER=arm-none-eabi-gcc" "ARCHIVER=arm-none-eabi-ar" "COMPILER_FLAGS=  -O2 -c" "EXTRA_COMPILER_FLAGS=-mcpu=cortex-a9 -mfpu=vfpv3 -mfloat-abi=hard -nostartfiles -g -Wall -Wextra"
"Compiling emacps"
"Running Make libs in ps7_cortexa9_0/libsrc/final_v1_0/src"
make -C ps7_cortexa9_0/libsrc/final_v1_0/src -s libs  "SHELL=CMD" "COMPILER=arm-none-eabi-gcc" "ARCHIVER=arm-none-eabi-ar" "COMPILER_FLAGS=  -O2 -c" "EXTRA_COMPILER_FLAGS=-mcpu=cortex-a9 -mfpu=vfpv3 -mfloat-abi=hard -nostartfiles -g -Wall -Wextra"
"Compiling final..."
final_selftest.c: In function 'FINAL_Reg_SelfTest':
final_selftest.c:52:54: warning: comparison between signed and unsigned integer expressions [-Wsign-compare]
    if ( FINAL_mReadReg (baseaddr, read_loop_index*4) != (read_loop_index+1)*READ_WRITE_MUL_FACTOR){
                                                      ^~
final_selftest.c:36:6: warning: unused variable 'Index' [-Wunused-variable]
  int Index;
      ^~~~~
"Running Make libs in ps7_cortexa9_0/libsrc/qspips_v3_5/src"
make -C ps7_cortexa9_0/libsrc/qspips_v3_5/src -s libs  "SHELL=CMD" "COMPILER=arm-none-eabi-gcc" "ARCHIVER=arm-none-eabi-ar" "COMPILER_FLAGS=  -O2 -c" "EXTRA_COMPILER_FLAGS=-mcpu=cortex-a9 -mfpu=vfpv3 -mfloat-abi=hard -nostartfiles -g -Wall -Wextra"
"Compiling qspips"
"Running Make libs in ps7_cortexa9_0/libsrc/scugic_v3_10/src"
make -C ps7_cortexa9_0/libsrc/scugic_v3_10/src -s libs  "SHELL=CMD" "COMPILER=arm-none-eabi-gcc" "ARCHIVER=arm-none-eabi-ar" "COMPILER_FLAGS=  -O2 -c" "EXTRA_COMPILER_FLAGS=-mcpu=cortex-a9 -mfpu=vfpv3 -mfloat-abi=hard -nostartfiles -g -Wall -Wextra"
"Compiling scugic"
"Running Make libs in ps7_cortexa9_0/libsrc/scutimer_v2_1/src"
make -C ps7_cortexa9_0/libsrc/scutimer_v2_1/src -s libs  "SHELL=CMD" "COMPILER=arm-none-eabi-gcc" "ARCHIVER=arm-none-eabi-ar" "COMPILER_FLAGS=  -O2 -c" "EXTRA_COMPILER_FLAGS=-mcpu=cortex-a9 -mfpu=vfpv3 -mfloat-abi=hard -nostartfiles -g -Wall -Wextra"
"Compiling scutimer"
"Running Make libs in ps7_cortexa9_0/libsrc/scuwdt_v2_1/src"
make -C ps7_cortexa9_0/libsrc/scuwdt_v2_1/src -s libs  "SHELL=CMD" "COMPILER=arm-none-eabi-gcc" "ARCHIVER=arm-none-eabi-ar" "COMPILER_FLAGS=  -O2 -c" "EXTRA_COMPILER_FLAGS=-mcpu=cortex-a9 -mfpu=vfpv3 -mfloat-abi=hard -nostartfiles -g -Wall -Wextra"
"Compiling scuwdt"
"Running Make libs in ps7_cortexa9_0/libsrc/sdps_v3_6/src"
make -C ps7_cortexa9_0/libsrc/sdps_v3_6/src -s libs  "SHELL=CMD" "COMPILER=arm-none-eabi-gcc" "ARCHIVER=arm-none-eabi-ar" "COMPILER_FLAGS=  -O2 -c" "EXTRA_COMPILER_FLAGS=-mcpu=cortex-a9 -mfpu=vfpv3 -mfloat-abi=hard -nostartfiles -g -Wall -Wextra"
"Compiling sdps"
"Running Make libs in ps7_cortexa9_0/libsrc/standalone_v6_8/src"
make -C ps7_cortexa9_0/libsrc/standalone_v6_8/src -s libs  "SHELL=CMD" "COMPILER=arm-none-eabi-gcc" "ARCHIVER=arm-none-eabi-ar" "COMPILER_FLAGS=  -O2 -c" "EXTRA_COMPILER_FLAGS=-mcpu=cortex-a9 -mfpu=vfpv3 -mfloat-abi=hard -nostartfiles -g -Wall -Wextra"
"Compiling standalone"
In file included from usleep.c:56:0:
xtime_l.h:87:9: note: #pragma message: For the sleep routines, Global timer is being used
 #pragma message ("For the sleep routines, Global timer is being used")
         ^~~~~~~
In file included from xil_sleeptimer.c:51:0:
xtime_l.h:87:9: note: #pragma message: For the sleep routines, Global timer is being used
 #pragma message ("For the sleep routines, Global timer is being used")
         ^~~~~~~
In file included from xtime_l.c:49:0:
xtime_l.h:87:9: note: #pragma message: For the sleep routines, Global timer is being used
 #pragma message ("For the sleep routines, Global timer is being used")
         ^~~~~~~
In file included from sleep.c:53:0:
xtime_l.h:87:9: note: #pragma message: For the sleep routines, Global timer is being used
 #pragma message ("For the sleep routines, Global timer is being used")
         ^~~~~~~
"Running Make libs in ps7_cortexa9_0/libsrc/uartps_v3_7/src"
make -C ps7_cortexa9_0/libsrc/uartps_v3_7/src -s libs  "SHELL=CMD" "COMPILER=arm-none-eabi-gcc" "ARCHIVER=arm-none-eabi-ar" "COMPILER_FLAGS=  -O2 -c" "EXTRA_COMPILER_FLAGS=-mcpu=cortex-a9 -mfpu=vfpv3 -mfloat-abi=hard -nostartfiles -g -Wall -Wextra"
"Compiling uartps"
"Running Make libs in ps7_cortexa9_0/libsrc/usbps_v2_4/src"
make -C ps7_cortexa9_0/libsrc/usbps_v2_4/src -s libs  "SHELL=CMD" "COMPILER=arm-none-eabi-gcc" "ARCHIVER=arm-none-eabi-ar" "COMPILER_FLAGS=  -O2 -c" "EXTRA_COMPILER_FLAGS=-mcpu=cortex-a9 -mfpu=vfpv3 -mfloat-abi=hard -nostartfiles -g -Wall -Wextra"
"Compiling usbps"
"Running Make libs in ps7_cortexa9_0/libsrc/wdtps_v3_1/src"
make -C ps7_cortexa9_0/libsrc/wdtps_v3_1/src -s libs  "SHELL=CMD" "COMPILER=arm-none-eabi-gcc" "ARCHIVER=arm-none-eabi-ar" "COMPILER_FLAGS=  -O2 -c" "EXTRA_COMPILER_FLAGS=-mcpu=cortex-a9 -mfpu=vfpv3 -mfloat-abi=hard -nostartfiles -g -Wall -Wextra"
"Compiling wdtps"
"Running Make libs in ps7_cortexa9_0/libsrc/xadcps_v2_3/src"
make -C ps7_cortexa9_0/libsrc/xadcps_v2_3/src -s libs  "SHELL=CMD" "COMPILER=arm-none-eabi-gcc" "ARCHIVER=arm-none-eabi-ar" "COMPILER_FLAGS=  -O2 -c" "EXTRA_COMPILER_FLAGS=-mcpu=cortex-a9 -mfpu=vfpv3 -mfloat-abi=hard -nostartfiles -g -Wall -Wextra"
"Compiling xadcps"
'Finished building libraries'
22:41:28 **** Build of configuration Debug for project fianl ****
make pre-build main-build 
a9-linaro-pre-build-step
' '
'Building file: ../src/helloworld.c'
'Invoking: ARM v7 gcc compiler'
arm-none-eabi-gcc -Wall -O0 -g3 -c -fmessage-length=0 -MT"src/helloworld.o" -mcpu=cortex-a9 -mfpu=vfpv3 -mfloat-abi=hard -I../../fianl_bsp/ps7_cortexa9_0/include -MMD -MP -MF"src/helloworld.d" -MT"src/helloworld.o" -o "src/helloworld.o" "../src/helloworld.c"
../src/helloworld.c: In function 'main':
../src/helloworld.c:62:10: warning: implicit declaration of function 'printf' [-Wimplicit-function-declaration]
          printf("123");
          ^~~~~~
../src/helloworld.c:62:10: warning: incompatible implicit declaration of built-in function 'printf'
../src/helloworld.c:62:10: note: include '<stdio.h>' or provide a declaration of 'printf'
'Finished building: ../src/helloworld.c'
' '
'Building file: ../src/platform.c'
'Invoking: ARM v7 gcc compiler'
arm-none-eabi-gcc -Wall -O0 -g3 -c -fmessage-length=0 -MT"src/platform.o" -mcpu=cortex-a9 -mfpu=vfpv3 -mfloat-abi=hard -I../../fianl_bsp/ps7_cortexa9_0/include -MMD -MP -MF"src/platform.d" -MT"src/platform.o" -o "src/platform.o" "../src/platform.c"
'Finished building: ../src/platform.c'
' '
'Building target: fianl.elf'
'Invoking: ARM v7 gcc linker'
arm-none-eabi-gcc -mcpu=cortex-a9 -mfpu=vfpv3 -mfloat-abi=hard -Wl,-build-id=none -specs=Xilinx.spec -Wl,-T -Wl,../src/lscript.ld -L../../fianl_bsp/ps7_cortexa9_0/lib -o "fianl.elf"  ./src/helloworld.o ./src/platform.o   -Wl,--start-group,-lxil,-lgcc,-lc,--end-group
'Finished building target: fianl.elf'
' '
'Invoking: ARM v7 Print Size'
arm-none-eabi-size fianl.elf  |tee "fianl.elf.size"
   text	   data	    bss	    dec	    hex	filename
  74536	   2616	  23472	 100624	  18910	fianl.elf
'Finished building: fianl.elf.size'
' '
22:41:35 **** Incremental Build of configuration Debug for project fianl ****
make pre-build main-build 
a9-linaro-pre-build-step
' '
make: Nothing to be done for 'main-build'.
22:44:02 **** Incremental Build of configuration Debug for project fianl ****
make pre-build main-build 
a9-linaro-pre-build-step
' '
make: Nothing to be done for 'main-build'.
22:53:28 **** Clean-only build of configuration Debug for project fianl ****
make clean 
rm -rf  ./src/helloworld.o ./src/platform.o  ./src/helloworld.d ./src/platform.d  fianl.elf.size  fianl.elf
' '
22:53:28 **** Clean-only build of project fianl_bsp ****
make -k clean 
make -C ps7_cortexa9_0/libsrc/coresightps_dcc_v1_4/src -s clean 
make -C ps7_cortexa9_0/libsrc/cpu_cortexa9_v2_7/src -s clean 
make -C ps7_cortexa9_0/libsrc/ddrps_v1_0/src -s clean 
make -C ps7_cortexa9_0/libsrc/devcfg_v3_5/src -s clean 
make -C ps7_cortexa9_0/libsrc/dmaps_v2_4/src -s clean 
make -C ps7_cortexa9_0/libsrc/emacps_v3_8/src -s clean 
make -C ps7_cortexa9_0/libsrc/final_v1_0/src -s clean 
rm: lstat．*.o・ア英: Invalid argument
make[1]: *** [Makefile:26: clean] Error 1
make -C ps7_cortexa9_0/libsrc/qspips_v3_5/src -s clean 
make: *** [Makefile:33: ps7_cortexa9_0/libsrc/final_v1_0/src/make.clean] Error 2
make -C ps7_cortexa9_0/libsrc/scugic_v3_10/src -s clean 
make -C ps7_cortexa9_0/libsrc/scutimer_v2_1/src -s clean 
make -C ps7_cortexa9_0/libsrc/scuwdt_v2_1/src -s clean 
make -C ps7_cortexa9_0/libsrc/sdps_v3_6/src -s clean 
make -C ps7_cortexa9_0/libsrc/standalone_v6_8/src -s clean 
make -C ps7_cortexa9_0/libsrc/uartps_v3_7/src -s clean 
make -C ps7_cortexa9_0/libsrc/usbps_v2_4/src -s clean 
make -C ps7_cortexa9_0/libsrc/wdtps_v3_1/src -s clean 
make -C ps7_cortexa9_0/libsrc/xadcps_v2_3/src -s clean 
make: Target 'clean' not remade because of errors.
22:53:29 **** Build of project fianl_bsp ****
make -k all 
"Running Make include in ps7_cortexa9_0/libsrc/coresightps_dcc_v1_4/src"
make -C ps7_cortexa9_0/libsrc/coresightps_dcc_v1_4/src -s include  "SHELL=CMD" "COMPILER=arm-none-eabi-gcc" "ARCHIVER=arm-none-eabi-ar" "COMPILER_FLAGS=  -O2 -c" "EXTRA_COMPILER_FLAGS=-mcpu=cortex-a9 -mfpu=vfpv3 -mfloat-abi=hard -nostartfiles -g -Wall -Wextra"
"Running Make include in ps7_cortexa9_0/libsrc/cpu_cortexa9_v2_7/src"
make -C ps7_cortexa9_0/libsrc/cpu_cortexa9_v2_7/src -s include  "SHELL=CMD" "COMPILER=arm-none-eabi-gcc" "ARCHIVER=arm-none-eabi-ar" "COMPILER_FLAGS=  -O2 -c" "EXTRA_COMPILER_FLAGS=-mcpu=cortex-a9 -mfpu=vfpv3 -mfloat-abi=hard -nostartfiles -g -Wall -Wextra"
"Running Make include in ps7_cortexa9_0/libsrc/ddrps_v1_0/src"
make -C ps7_cortexa9_0/libsrc/ddrps_v1_0/src -s include  "SHELL=CMD" "COMPILER=arm-none-eabi-gcc" "ARCHIVER=arm-none-eabi-ar" "COMPILER_FLAGS=  -O2 -c" "EXTRA_COMPILER_FLAGS=-mcpu=cortex-a9 -mfpu=vfpv3 -mfloat-abi=hard -nostartfiles -g -Wall -Wextra"
"Running Make include in ps7_cortexa9_0/libsrc/devcfg_v3_5/src"
make -C ps7_cortexa9_0/libsrc/devcfg_v3_5/src -s include  "SHELL=CMD" "COMPILER=arm-none-eabi-gcc" "ARCHIVER=arm-none-eabi-ar" "COMPILER_FLAGS=  -O2 -c" "EXTRA_COMPILER_FLAGS=-mcpu=cortex-a9 -mfpu=vfpv3 -mfloat-abi=hard -nostartfiles -g -Wall -Wextra"
"Running Make include in ps7_cortexa9_0/libsrc/dmaps_v2_4/src"
make -C ps7_cortexa9_0/libsrc/dmaps_v2_4/src -s include  "SHELL=CMD" "COMPILER=arm-none-eabi-gcc" "ARCHIVER=arm-none-eabi-ar" "COMPILER_FLAGS=  -O2 -c" "EXTRA_COMPILER_FLAGS=-mcpu=cortex-a9 -mfpu=vfpv3 -mfloat-abi=hard -nostartfiles -g -Wall -Wextra"
"Running Make include in ps7_cortexa9_0/libsrc/emacps_v3_8/src"
make -C ps7_cortexa9_0/libsrc/emacps_v3_8/src -s include  "SHELL=CMD" "COMPILER=arm-none-eabi-gcc" "ARCHIVER=arm-none-eabi-ar" "COMPILER_FLAGS=  -O2 -c" "EXTRA_COMPILER_FLAGS=-mcpu=cortex-a9 -mfpu=vfpv3 -mfloat-abi=hard -nostartfiles -g -Wall -Wextra"
"Running Make include in ps7_cortexa9_0/libsrc/final_v1_0/src"
make -C ps7_cortexa9_0/libsrc/final_v1_0/src -s include  "SHELL=CMD" "COMPILER=arm-none-eabi-gcc" "ARCHIVER=arm-none-eabi-ar" "COMPILER_FLAGS=  -O2 -c" "EXTRA_COMPILER_FLAGS=-mcpu=cortex-a9 -mfpu=vfpv3 -mfloat-abi=hard -nostartfiles -g -Wall -Wextra"
"Running Make include in ps7_cortexa9_0/libsrc/qspips_v3_5/src"
make -C ps7_cortexa9_0/libsrc/qspips_v3_5/src -s include  "SHELL=CMD" "COMPILER=arm-none-eabi-gcc" "ARCHIVER=arm-none-eabi-ar" "COMPILER_FLAGS=  -O2 -c" "EXTRA_COMPILER_FLAGS=-mcpu=cortex-a9 -mfpu=vfpv3 -mfloat-abi=hard -nostartfiles -g -Wall -Wextra"
"Running Make include in ps7_cortexa9_0/libsrc/scugic_v3_10/src"
make -C ps7_cortexa9_0/libsrc/scugic_v3_10/src -s include  "SHELL=CMD" "COMPILER=arm-none-eabi-gcc" "ARCHIVER=arm-none-eabi-ar" "COMPILER_FLAGS=  -O2 -c" "EXTRA_COMPILER_FLAGS=-mcpu=cortex-a9 -mfpu=vfpv3 -mfloat-abi=hard -nostartfiles -g -Wall -Wextra"
"Running Make include in ps7_cortexa9_0/libsrc/scutimer_v2_1/src"
make -C ps7_cortexa9_0/libsrc/scutimer_v2_1/src -s include  "SHELL=CMD" "COMPILER=arm-none-eabi-gcc" "ARCHIVER=arm-none-eabi-ar" "COMPILER_FLAGS=  -O2 -c" "EXTRA_COMPILER_FLAGS=-mcpu=cortex-a9 -mfpu=vfpv3 -mfloat-abi=hard -nostartfiles -g -Wall -Wextra"
"Running Make include in ps7_cortexa9_0/libsrc/scuwdt_v2_1/src"
make -C ps7_cortexa9_0/libsrc/scuwdt_v2_1/src -s include  "SHELL=CMD" "COMPILER=arm-none-eabi-gcc" "ARCHIVER=arm-none-eabi-ar" "COMPILER_FLAGS=  -O2 -c" "EXTRA_COMPILER_FLAGS=-mcpu=cortex-a9 -mfpu=vfpv3 -mfloat-abi=hard -nostartfiles -g -Wall -Wextra"
"Running Make include in ps7_cortexa9_0/libsrc/sdps_v3_6/src"
make -C ps7_cortexa9_0/libsrc/sdps_v3_6/src -s include  "SHELL=CMD" "COMPILER=arm-none-eabi-gcc" "ARCHIVER=arm-none-eabi-ar" "COMPILER_FLAGS=  -O2 -c" "EXTRA_COMPILER_FLAGS=-mcpu=cortex-a9 -mfpu=vfpv3 -mfloat-abi=hard -nostartfiles -g -Wall -Wextra"
"Running Make include in ps7_cortexa9_0/libsrc/standalone_v6_8/src"
make -C ps7_cortexa9_0/libsrc/standalone_v6_8/src -s include  "SHELL=CMD" "COMPILER=arm-none-eabi-gcc" "ARCHIVER=arm-none-eabi-ar" "COMPILER_FLAGS=  -O2 -c" "EXTRA_COMPILER_FLAGS=-mcpu=cortex-a9 -mfpu=vfpv3 -mfloat-abi=hard -nostartfiles -g -Wall -Wextra"
"Running Make include in ps7_cortexa9_0/libsrc/uartps_v3_7/src"
make -C ps7_cortexa9_0/libsrc/uartps_v3_7/src -s include  "SHELL=CMD" "COMPILER=arm-none-eabi-gcc" "ARCHIVER=arm-none-eabi-ar" "COMPILER_FLAGS=  -O2 -c" "EXTRA_COMPILER_FLAGS=-mcpu=cortex-a9 -mfpu=vfpv3 -mfloat-abi=hard -nostartfiles -g -Wall -Wextra"
"Running Make include in ps7_cortexa9_0/libsrc/usbps_v2_4/src"
make -C ps7_cortexa9_0/libsrc/usbps_v2_4/src -s include  "SHELL=CMD" "COMPILER=arm-none-eabi-gcc" "ARCHIVER=arm-none-eabi-ar" "COMPILER_FLAGS=  -O2 -c" "EXTRA_COMPILER_FLAGS=-mcpu=cortex-a9 -mfpu=vfpv3 -mfloat-abi=hard -nostartfiles -g -Wall -Wextra"
"Running Make include in ps7_cortexa9_0/libsrc/wdtps_v3_1/src"
make -C ps7_cortexa9_0/libsrc/wdtps_v3_1/src -s include  "SHELL=CMD" "COMPILER=arm-none-eabi-gcc" "ARCHIVER=arm-none-eabi-ar" "COMPILER_FLAGS=  -O2 -c" "EXTRA_COMPILER_FLAGS=-mcpu=cortex-a9 -mfpu=vfpv3 -mfloat-abi=hard -nostartfiles -g -Wall -Wextra"
"Running Make include in ps7_cortexa9_0/libsrc/xadcps_v2_3/src"
make -C ps7_cortexa9_0/libsrc/xadcps_v2_3/src -s include  "SHELL=CMD" "COMPILER=arm-none-eabi-gcc" "ARCHIVER=arm-none-eabi-ar" "COMPILER_FLAGS=  -O2 -c" "EXTRA_COMPILER_FLAGS=-mcpu=cortex-a9 -mfpu=vfpv3 -mfloat-abi=hard -nostartfiles -g -Wall -Wextra"
"Running Make libs in ps7_cortexa9_0/libsrc/coresightps_dcc_v1_4/src"
make -C ps7_cortexa9_0/libsrc/coresightps_dcc_v1_4/src -s libs  "SHELL=CMD" "COMPILER=arm-none-eabi-gcc" "ARCHIVER=arm-none-eabi-ar" "COMPILER_FLAGS=  -O2 -c" "EXTRA_COMPILER_FLAGS=-mcpu=cortex-a9 -mfpu=vfpv3 -mfloat-abi=hard -nostartfiles -g -Wall -Wextra"
"Compiling coresightps_dcc"
arm-none-eabi-ar: creating ../../../lib/libxil.a
"Running Make libs in ps7_cortexa9_0/libsrc/cpu_cortexa9_v2_7/src"
make -C ps7_cortexa9_0/libsrc/cpu_cortexa9_v2_7/src -s libs  "SHELL=CMD" "COMPILER=arm-none-eabi-gcc" "ARCHIVER=arm-none-eabi-ar" "COMPILER_FLAGS=  -O2 -c" "EXTRA_COMPILER_FLAGS=-mcpu=cortex-a9 -mfpu=vfpv3 -mfloat-abi=hard -nostartfiles -g -Wall -Wextra"
"Compiling cpu_cortexa9"
"Running Make libs in ps7_cortexa9_0/libsrc/ddrps_v1_0/src"
make -C ps7_cortexa9_0/libsrc/ddrps_v1_0/src -s libs  "SHELL=CMD" "COMPILER=arm-none-eabi-gcc" "ARCHIVER=arm-none-eabi-ar" "COMPILER_FLAGS=  -O2 -c" "EXTRA_COMPILER_FLAGS=-mcpu=cortex-a9 -mfpu=vfpv3 -mfloat-abi=hard -nostartfiles -g -Wall -Wextra"
"Compiling ddrps"
"Running Make libs in ps7_cortexa9_0/libsrc/devcfg_v3_5/src"
make -C ps7_cortexa9_0/libsrc/devcfg_v3_5/src -s libs  "SHELL=CMD" "COMPILER=arm-none-eabi-gcc" "ARCHIVER=arm-none-eabi-ar" "COMPILER_FLAGS=  -O2 -c" "EXTRA_COMPILER_FLAGS=-mcpu=cortex-a9 -mfpu=vfpv3 -mfloat-abi=hard -nostartfiles -g -Wall -Wextra"
"Compiling devcfg"
"Running Make libs in ps7_cortexa9_0/libsrc/dmaps_v2_4/src"
make -C ps7_cortexa9_0/libsrc/dmaps_v2_4/src -s libs  "SHELL=CMD" "COMPILER=arm-none-eabi-gcc" "ARCHIVER=arm-none-eabi-ar" "COMPILER_FLAGS=  -O2 -c" "EXTRA_COMPILER_FLAGS=-mcpu=cortex-a9 -mfpu=vfpv3 -mfloat-abi=hard -nostartfiles -g -Wall -Wextra"
"Compiling dmaps"
"Running Make libs in ps7_cortexa9_0/libsrc/emacps_v3_8/src"
make -C ps7_cortexa9_0/libsrc/emacps_v3_8/src -s libs  "SHELL=CMD" "COMPILER=arm-none-eabi-gcc" "ARCHIVER=arm-none-eabi-ar" "COMPILER_FLAGS=  -O2 -c" "EXTRA_COMPILER_FLAGS=-mcpu=cortex-a9 -mfpu=vfpv3 -mfloat-abi=hard -nostartfiles -g -Wall -Wextra"
"Compiling emacps"
"Running Make libs in ps7_cortexa9_0/libsrc/final_v1_0/src"
make -C ps7_cortexa9_0/libsrc/final_v1_0/src -s libs  "SHELL=CMD" "COMPILER=arm-none-eabi-gcc" "ARCHIVER=arm-none-eabi-ar" "COMPILER_FLAGS=  -O2 -c" "EXTRA_COMPILER_FLAGS=-mcpu=cortex-a9 -mfpu=vfpv3 -mfloat-abi=hard -nostartfiles -g -Wall -Wextra"
"Compiling final..."
final_selftest.c: In function 'FINAL_Reg_SelfTest':
final_selftest.c:52:54: warning: comparison between signed and unsigned integer expressions [-Wsign-compare]
    if ( FINAL_mReadReg (baseaddr, read_loop_index*4) != (read_loop_index+1)*READ_WRITE_MUL_FACTOR){
                                                      ^~
final_selftest.c:36:6: warning: unused variable 'Index' [-Wunused-variable]
  int Index;
      ^~~~~
"Running Make libs in ps7_cortexa9_0/libsrc/qspips_v3_5/src"
make -C ps7_cortexa9_0/libsrc/qspips_v3_5/src -s libs  "SHELL=CMD" "COMPILER=arm-none-eabi-gcc" "ARCHIVER=arm-none-eabi-ar" "COMPILER_FLAGS=  -O2 -c" "EXTRA_COMPILER_FLAGS=-mcpu=cortex-a9 -mfpu=vfpv3 -mfloat-abi=hard -nostartfiles -g -Wall -Wextra"
"Compiling qspips"
"Running Make libs in ps7_cortexa9_0/libsrc/scugic_v3_10/src"
make -C ps7_cortexa9_0/libsrc/scugic_v3_10/src -s libs  "SHELL=CMD" "COMPILER=arm-none-eabi-gcc" "ARCHIVER=arm-none-eabi-ar" "COMPILER_FLAGS=  -O2 -c" "EXTRA_COMPILER_FLAGS=-mcpu=cortex-a9 -mfpu=vfpv3 -mfloat-abi=hard -nostartfiles -g -Wall -Wextra"
"Compiling scugic"
"Running Make libs in ps7_cortexa9_0/libsrc/scutimer_v2_1/src"
make -C ps7_cortexa9_0/libsrc/scutimer_v2_1/src -s libs  "SHELL=CMD" "COMPILER=arm-none-eabi-gcc" "ARCHIVER=arm-none-eabi-ar" "COMPILER_FLAGS=  -O2 -c" "EXTRA_COMPILER_FLAGS=-mcpu=cortex-a9 -mfpu=vfpv3 -mfloat-abi=hard -nostartfiles -g -Wall -Wextra"
"Compiling scutimer"
"Running Make libs in ps7_cortexa9_0/libsrc/scuwdt_v2_1/src"
make -C ps7_cortexa9_0/libsrc/scuwdt_v2_1/src -s libs  "SHELL=CMD" "COMPILER=arm-none-eabi-gcc" "ARCHIVER=arm-none-eabi-ar" "COMPILER_FLAGS=  -O2 -c" "EXTRA_COMPILER_FLAGS=-mcpu=cortex-a9 -mfpu=vfpv3 -mfloat-abi=hard -nostartfiles -g -Wall -Wextra"
"Compiling scuwdt"
"Running Make libs in ps7_cortexa9_0/libsrc/sdps_v3_6/src"
make -C ps7_cortexa9_0/libsrc/sdps_v3_6/src -s libs  "SHELL=CMD" "COMPILER=arm-none-eabi-gcc" "ARCHIVER=arm-none-eabi-ar" "COMPILER_FLAGS=  -O2 -c" "EXTRA_COMPILER_FLAGS=-mcpu=cortex-a9 -mfpu=vfpv3 -mfloat-abi=hard -nostartfiles -g -Wall -Wextra"
"Compiling sdps"
"Running Make libs in ps7_cortexa9_0/libsrc/standalone_v6_8/src"
make -C ps7_cortexa9_0/libsrc/standalone_v6_8/src -s libs  "SHELL=CMD" "COMPILER=arm-none-eabi-gcc" "ARCHIVER=arm-none-eabi-ar" "COMPILER_FLAGS=  -O2 -c" "EXTRA_COMPILER_FLAGS=-mcpu=cortex-a9 -mfpu=vfpv3 -mfloat-abi=hard -nostartfiles -g -Wall -Wextra"
"Compiling standalone"
In file included from usleep.c:56:0:
xtime_l.h:87:9: note: #pragma message: For the sleep routines, Global timer is being used
 #pragma message ("For the sleep routines, Global timer is being used")
         ^~~~~~~
In file included from xil_sleeptimer.c:51:0:
xtime_l.h:87:9: note: #pragma message: For the sleep routines, Global timer is being used
 #pragma message ("For the sleep routines, Global timer is being used")
         ^~~~~~~
In file included from xtime_l.c:49:0:
xtime_l.h:87:9: note: #pragma message: For the sleep routines, Global timer is being used
 #pragma message ("For the sleep routines, Global timer is being used")
         ^~~~~~~
In file included from sleep.c:53:0:
xtime_l.h:87:9: note: #pragma message: For the sleep routines, Global timer is being used
 #pragma message ("For the sleep routines, Global timer is being used")
         ^~~~~~~
"Running Make libs in ps7_cortexa9_0/libsrc/uartps_v3_7/src"
make -C ps7_cortexa9_0/libsrc/uartps_v3_7/src -s libs  "SHELL=CMD" "COMPILER=arm-none-eabi-gcc" "ARCHIVER=arm-none-eabi-ar" "COMPILER_FLAGS=  -O2 -c" "EXTRA_COMPILER_FLAGS=-mcpu=cortex-a9 -mfpu=vfpv3 -mfloat-abi=hard -nostartfiles -g -Wall -Wextra"
"Compiling uartps"
"Running Make libs in ps7_cortexa9_0/libsrc/usbps_v2_4/src"
make -C ps7_cortexa9_0/libsrc/usbps_v2_4/src -s libs  "SHELL=CMD" "COMPILER=arm-none-eabi-gcc" "ARCHIVER=arm-none-eabi-ar" "COMPILER_FLAGS=  -O2 -c" "EXTRA_COMPILER_FLAGS=-mcpu=cortex-a9 -mfpu=vfpv3 -mfloat-abi=hard -nostartfiles -g -Wall -Wextra"
"Compiling usbps"
"Running Make libs in ps7_cortexa9_0/libsrc/wdtps_v3_1/src"
make -C ps7_cortexa9_0/libsrc/wdtps_v3_1/src -s libs  "SHELL=CMD" "COMPILER=arm-none-eabi-gcc" "ARCHIVER=arm-none-eabi-ar" "COMPILER_FLAGS=  -O2 -c" "EXTRA_COMPILER_FLAGS=-mcpu=cortex-a9 -mfpu=vfpv3 -mfloat-abi=hard -nostartfiles -g -Wall -Wextra"
"Compiling wdtps"
"Running Make libs in ps7_cortexa9_0/libsrc/xadcps_v2_3/src"
make -C ps7_cortexa9_0/libsrc/xadcps_v2_3/src -s libs  "SHELL=CMD" "COMPILER=arm-none-eabi-gcc" "ARCHIVER=arm-none-eabi-ar" "COMPILER_FLAGS=  -O2 -c" "EXTRA_COMPILER_FLAGS=-mcpu=cortex-a9 -mfpu=vfpv3 -mfloat-abi=hard -nostartfiles -g -Wall -Wextra"
"Compiling xadcps"
'Finished building libraries'
22:53:48 **** Build of configuration Debug for project fianl ****
make pre-build main-build 
a9-linaro-pre-build-step
' '
'Building file: ../src/helloworld.c'
'Invoking: ARM v7 gcc compiler'
arm-none-eabi-gcc -Wall -O0 -g3 -c -fmessage-length=0 -MT"src/helloworld.o" -mcpu=cortex-a9 -mfpu=vfpv3 -mfloat-abi=hard -I../../fianl_bsp/ps7_cortexa9_0/include -MMD -MP -MF"src/helloworld.d" -MT"src/helloworld.o" -o "src/helloworld.o" "../src/helloworld.c"
../src/helloworld.c: In function 'main':
../src/helloworld.c:62:10: warning: implicit declaration of function 'printf' [-Wimplicit-function-declaration]
          printf("123");
          ^~~~~~
../src/helloworld.c:62:10: warning: incompatible implicit declaration of built-in function 'printf'
../src/helloworld.c:62:10: note: include '<stdio.h>' or provide a declaration of 'printf'
'Finished building: ../src/helloworld.c'
' '
'Building file: ../src/platform.c'
'Invoking: ARM v7 gcc compiler'
arm-none-eabi-gcc -Wall -O0 -g3 -c -fmessage-length=0 -MT"src/platform.o" -mcpu=cortex-a9 -mfpu=vfpv3 -mfloat-abi=hard -I../../fianl_bsp/ps7_cortexa9_0/include -MMD -MP -MF"src/platform.d" -MT"src/platform.o" -o "src/platform.o" "../src/platform.c"
'Finished building: ../src/platform.c'
' '
'Building target: fianl.elf'
'Invoking: ARM v7 gcc linker'
arm-none-eabi-gcc -mcpu=cortex-a9 -mfpu=vfpv3 -mfloat-abi=hard -Wl,-build-id=none -specs=Xilinx.spec -Wl,-T -Wl,../src/lscript.ld -L../../fianl_bsp/ps7_cortexa9_0/lib -o "fianl.elf"  ./src/helloworld.o ./src/platform.o   -Wl,--start-group,-lxil,-lgcc,-lc,--end-group
'Finished building target: fianl.elf'
' '
'Invoking: ARM v7 Print Size'
arm-none-eabi-size fianl.elf  |tee "fianl.elf.size"
   text	   data	    bss	    dec	    hex	filename
  74536	   2616	  23472	 100624	  18910	fianl.elf
'Finished building: fianl.elf.size'
' '
22:53:55 **** Incremental Build of configuration Debug for project fianl ****
make pre-build main-build 
a9-linaro-pre-build-step
' '
make: Nothing to be done for 'main-build'.
23:03:54 **** Clean-only build of configuration Debug for project fianl ****
make clean 
rm -rf  ./src/helloworld.o ./src/platform.o  ./src/helloworld.d ./src/platform.d  fianl.elf.size  fianl.elf
' '
23:03:54 **** Clean-only build of project fianl_bsp ****
make -k clean 
make -C ps7_cortexa9_0/libsrc/coresightps_dcc_v1_4/src -s clean 
make -C ps7_cortexa9_0/libsrc/cpu_cortexa9_v2_7/src -s clean 
make -C ps7_cortexa9_0/libsrc/ddrps_v1_0/src -s clean 
make -C ps7_cortexa9_0/libsrc/devcfg_v3_5/src -s clean 
make -C ps7_cortexa9_0/libsrc/dmaps_v2_4/src -s clean 
make -C ps7_cortexa9_0/libsrc/emacps_v3_8/src -s clean 
make -C ps7_cortexa9_0/libsrc/final_v1_0/src -s clean 
rm: lstat．*.o・ア英: Invalid argument
make[1]: *** [Makefile:26: clean] Error 1
make: *** [Makefile:33: ps7_cortexa9_0/libsrc/final_v1_0/src/make.clean] Error 2
make -C ps7_cortexa9_0/libsrc/qspips_v3_5/src -s clean 
make -C ps7_cortexa9_0/libsrc/scugic_v3_10/src -s clean 
make -C ps7_cortexa9_0/libsrc/scutimer_v2_1/src -s clean 
make -C ps7_cortexa9_0/libsrc/scuwdt_v2_1/src -s clean 
make -C ps7_cortexa9_0/libsrc/sdps_v3_6/src -s clean 
make -C ps7_cortexa9_0/libsrc/standalone_v6_8/src -s clean 
make -C ps7_cortexa9_0/libsrc/uartps_v3_7/src -s clean 
make -C ps7_cortexa9_0/libsrc/usbps_v2_4/src -s clean 
make -C ps7_cortexa9_0/libsrc/wdtps_v3_1/src -s clean 
make -C ps7_cortexa9_0/libsrc/xadcps_v2_3/src -s clean 
make: Target 'clean' not remade because of errors.
23:03:55 **** Build of project fianl_bsp ****
make -k all 
"Running Make include in ps7_cortexa9_0/libsrc/coresightps_dcc_v1_4/src"
make -C ps7_cortexa9_0/libsrc/coresightps_dcc_v1_4/src -s include  "SHELL=CMD" "COMPILER=arm-none-eabi-gcc" "ARCHIVER=arm-none-eabi-ar" "COMPILER_FLAGS=  -O2 -c" "EXTRA_COMPILER_FLAGS=-mcpu=cortex-a9 -mfpu=vfpv3 -mfloat-abi=hard -nostartfiles -g -Wall -Wextra"
"Running Make include in ps7_cortexa9_0/libsrc/cpu_cortexa9_v2_7/src"
make -C ps7_cortexa9_0/libsrc/cpu_cortexa9_v2_7/src -s include  "SHELL=CMD" "COMPILER=arm-none-eabi-gcc" "ARCHIVER=arm-none-eabi-ar" "COMPILER_FLAGS=  -O2 -c" "EXTRA_COMPILER_FLAGS=-mcpu=cortex-a9 -mfpu=vfpv3 -mfloat-abi=hard -nostartfiles -g -Wall -Wextra"
"Running Make include in ps7_cortexa9_0/libsrc/ddrps_v1_0/src"
make -C ps7_cortexa9_0/libsrc/ddrps_v1_0/src -s include  "SHELL=CMD" "COMPILER=arm-none-eabi-gcc" "ARCHIVER=arm-none-eabi-ar" "COMPILER_FLAGS=  -O2 -c" "EXTRA_COMPILER_FLAGS=-mcpu=cortex-a9 -mfpu=vfpv3 -mfloat-abi=hard -nostartfiles -g -Wall -Wextra"
"Running Make include in ps7_cortexa9_0/libsrc/devcfg_v3_5/src"
make -C ps7_cortexa9_0/libsrc/devcfg_v3_5/src -s include  "SHELL=CMD" "COMPILER=arm-none-eabi-gcc" "ARCHIVER=arm-none-eabi-ar" "COMPILER_FLAGS=  -O2 -c" "EXTRA_COMPILER_FLAGS=-mcpu=cortex-a9 -mfpu=vfpv3 -mfloat-abi=hard -nostartfiles -g -Wall -Wextra"
"Running Make include in ps7_cortexa9_0/libsrc/dmaps_v2_4/src"
make -C ps7_cortexa9_0/libsrc/dmaps_v2_4/src -s include  "SHELL=CMD" "COMPILER=arm-none-eabi-gcc" "ARCHIVER=arm-none-eabi-ar" "COMPILER_FLAGS=  -O2 -c" "EXTRA_COMPILER_FLAGS=-mcpu=cortex-a9 -mfpu=vfpv3 -mfloat-abi=hard -nostartfiles -g -Wall -Wextra"
"Running Make include in ps7_cortexa9_0/libsrc/emacps_v3_8/src"
make -C ps7_cortexa9_0/libsrc/emacps_v3_8/src -s include  "SHELL=CMD" "COMPILER=arm-none-eabi-gcc" "ARCHIVER=arm-none-eabi-ar" "COMPILER_FLAGS=  -O2 -c" "EXTRA_COMPILER_FLAGS=-mcpu=cortex-a9 -mfpu=vfpv3 -mfloat-abi=hard -nostartfiles -g -Wall -Wextra"
"Running Make include in ps7_cortexa9_0/libsrc/final_v1_0/src"
make -C ps7_cortexa9_0/libsrc/final_v1_0/src -s include  "SHELL=CMD" "COMPILER=arm-none-eabi-gcc" "ARCHIVER=arm-none-eabi-ar" "COMPILER_FLAGS=  -O2 -c" "EXTRA_COMPILER_FLAGS=-mcpu=cortex-a9 -mfpu=vfpv3 -mfloat-abi=hard -nostartfiles -g -Wall -Wextra"
"Running Make include in ps7_cortexa9_0/libsrc/qspips_v3_5/src"
make -C ps7_cortexa9_0/libsrc/qspips_v3_5/src -s include  "SHELL=CMD" "COMPILER=arm-none-eabi-gcc" "ARCHIVER=arm-none-eabi-ar" "COMPILER_FLAGS=  -O2 -c" "EXTRA_COMPILER_FLAGS=-mcpu=cortex-a9 -mfpu=vfpv3 -mfloat-abi=hard -nostartfiles -g -Wall -Wextra"
"Running Make include in ps7_cortexa9_0/libsrc/scugic_v3_10/src"
make -C ps7_cortexa9_0/libsrc/scugic_v3_10/src -s include  "SHELL=CMD" "COMPILER=arm-none-eabi-gcc" "ARCHIVER=arm-none-eabi-ar" "COMPILER_FLAGS=  -O2 -c" "EXTRA_COMPILER_FLAGS=-mcpu=cortex-a9 -mfpu=vfpv3 -mfloat-abi=hard -nostartfiles -g -Wall -Wextra"
"Running Make include in ps7_cortexa9_0/libsrc/scutimer_v2_1/src"
make -C ps7_cortexa9_0/libsrc/scutimer_v2_1/src -s include  "SHELL=CMD" "COMPILER=arm-none-eabi-gcc" "ARCHIVER=arm-none-eabi-ar" "COMPILER_FLAGS=  -O2 -c" "EXTRA_COMPILER_FLAGS=-mcpu=cortex-a9 -mfpu=vfpv3 -mfloat-abi=hard -nostartfiles -g -Wall -Wextra"
"Running Make include in ps7_cortexa9_0/libsrc/scuwdt_v2_1/src"
make -C ps7_cortexa9_0/libsrc/scuwdt_v2_1/src -s include  "SHELL=CMD" "COMPILER=arm-none-eabi-gcc" "ARCHIVER=arm-none-eabi-ar" "COMPILER_FLAGS=  -O2 -c" "EXTRA_COMPILER_FLAGS=-mcpu=cortex-a9 -mfpu=vfpv3 -mfloat-abi=hard -nostartfiles -g -Wall -Wextra"
"Running Make include in ps7_cortexa9_0/libsrc/sdps_v3_6/src"
make -C ps7_cortexa9_0/libsrc/sdps_v3_6/src -s include  "SHELL=CMD" "COMPILER=arm-none-eabi-gcc" "ARCHIVER=arm-none-eabi-ar" "COMPILER_FLAGS=  -O2 -c" "EXTRA_COMPILER_FLAGS=-mcpu=cortex-a9 -mfpu=vfpv3 -mfloat-abi=hard -nostartfiles -g -Wall -Wextra"
"Running Make include in ps7_cortexa9_0/libsrc/standalone_v6_8/src"
make -C ps7_cortexa9_0/libsrc/standalone_v6_8/src -s include  "SHELL=CMD" "COMPILER=arm-none-eabi-gcc" "ARCHIVER=arm-none-eabi-ar" "COMPILER_FLAGS=  -O2 -c" "EXTRA_COMPILER_FLAGS=-mcpu=cortex-a9 -mfpu=vfpv3 -mfloat-abi=hard -nostartfiles -g -Wall -Wextra"
"Running Make include in ps7_cortexa9_0/libsrc/uartps_v3_7/src"
make -C ps7_cortexa9_0/libsrc/uartps_v3_7/src -s include  "SHELL=CMD" "COMPILER=arm-none-eabi-gcc" "ARCHIVER=arm-none-eabi-ar" "COMPILER_FLAGS=  -O2 -c" "EXTRA_COMPILER_FLAGS=-mcpu=cortex-a9 -mfpu=vfpv3 -mfloat-abi=hard -nostartfiles -g -Wall -Wextra"
"Running Make include in ps7_cortexa9_0/libsrc/usbps_v2_4/src"
make -C ps7_cortexa9_0/libsrc/usbps_v2_4/src -s include  "SHELL=CMD" "COMPILER=arm-none-eabi-gcc" "ARCHIVER=arm-none-eabi-ar" "COMPILER_FLAGS=  -O2 -c" "EXTRA_COMPILER_FLAGS=-mcpu=cortex-a9 -mfpu=vfpv3 -mfloat-abi=hard -nostartfiles -g -Wall -Wextra"
"Running Make include in ps7_cortexa9_0/libsrc/wdtps_v3_1/src"
make -C ps7_cortexa9_0/libsrc/wdtps_v3_1/src -s include  "SHELL=CMD" "COMPILER=arm-none-eabi-gcc" "ARCHIVER=arm-none-eabi-ar" "COMPILER_FLAGS=  -O2 -c" "EXTRA_COMPILER_FLAGS=-mcpu=cortex-a9 -mfpu=vfpv3 -mfloat-abi=hard -nostartfiles -g -Wall -Wextra"
"Running Make include in ps7_cortexa9_0/libsrc/xadcps_v2_3/src"
make -C ps7_cortexa9_0/libsrc/xadcps_v2_3/src -s include  "SHELL=CMD" "COMPILER=arm-none-eabi-gcc" "ARCHIVER=arm-none-eabi-ar" "COMPILER_FLAGS=  -O2 -c" "EXTRA_COMPILER_FLAGS=-mcpu=cortex-a9 -mfpu=vfpv3 -mfloat-abi=hard -nostartfiles -g -Wall -Wextra"
"Running Make libs in ps7_cortexa9_0/libsrc/coresightps_dcc_v1_4/src"
make -C ps7_cortexa9_0/libsrc/coresightps_dcc_v1_4/src -s libs  "SHELL=CMD" "COMPILER=arm-none-eabi-gcc" "ARCHIVER=arm-none-eabi-ar" "COMPILER_FLAGS=  -O2 -c" "EXTRA_COMPILER_FLAGS=-mcpu=cortex-a9 -mfpu=vfpv3 -mfloat-abi=hard -nostartfiles -g -Wall -Wextra"
"Compiling coresightps_dcc"
arm-none-eabi-ar: creating ../../../lib/libxil.a
"Running Make libs in ps7_cortexa9_0/libsrc/cpu_cortexa9_v2_7/src"
make -C ps7_cortexa9_0/libsrc/cpu_cortexa9_v2_7/src -s libs  "SHELL=CMD" "COMPILER=arm-none-eabi-gcc" "ARCHIVER=arm-none-eabi-ar" "COMPILER_FLAGS=  -O2 -c" "EXTRA_COMPILER_FLAGS=-mcpu=cortex-a9 -mfpu=vfpv3 -mfloat-abi=hard -nostartfiles -g -Wall -Wextra"
"Compiling cpu_cortexa9"
"Running Make libs in ps7_cortexa9_0/libsrc/ddrps_v1_0/src"
make -C ps7_cortexa9_0/libsrc/ddrps_v1_0/src -s libs  "SHELL=CMD" "COMPILER=arm-none-eabi-gcc" "ARCHIVER=arm-none-eabi-ar" "COMPILER_FLAGS=  -O2 -c" "EXTRA_COMPILER_FLAGS=-mcpu=cortex-a9 -mfpu=vfpv3 -mfloat-abi=hard -nostartfiles -g -Wall -Wextra"
"Compiling ddrps"
"Running Make libs in ps7_cortexa9_0/libsrc/devcfg_v3_5/src"
make -C ps7_cortexa9_0/libsrc/devcfg_v3_5/src -s libs  "SHELL=CMD" "COMPILER=arm-none-eabi-gcc" "ARCHIVER=arm-none-eabi-ar" "COMPILER_FLAGS=  -O2 -c" "EXTRA_COMPILER_FLAGS=-mcpu=cortex-a9 -mfpu=vfpv3 -mfloat-abi=hard -nostartfiles -g -Wall -Wextra"
"Compiling devcfg"
"Running Make libs in ps7_cortexa9_0/libsrc/dmaps_v2_4/src"
make -C ps7_cortexa9_0/libsrc/dmaps_v2_4/src -s libs  "SHELL=CMD" "COMPILER=arm-none-eabi-gcc" "ARCHIVER=arm-none-eabi-ar" "COMPILER_FLAGS=  -O2 -c" "EXTRA_COMPILER_FLAGS=-mcpu=cortex-a9 -mfpu=vfpv3 -mfloat-abi=hard -nostartfiles -g -Wall -Wextra"
"Compiling dmaps"
"Running Make libs in ps7_cortexa9_0/libsrc/emacps_v3_8/src"
make -C ps7_cortexa9_0/libsrc/emacps_v3_8/src -s libs  "SHELL=CMD" "COMPILER=arm-none-eabi-gcc" "ARCHIVER=arm-none-eabi-ar" "COMPILER_FLAGS=  -O2 -c" "EXTRA_COMPILER_FLAGS=-mcpu=cortex-a9 -mfpu=vfpv3 -mfloat-abi=hard -nostartfiles -g -Wall -Wextra"
"Compiling emacps"
"Running Make libs in ps7_cortexa9_0/libsrc/final_v1_0/src"
make -C ps7_cortexa9_0/libsrc/final_v1_0/src -s libs  "SHELL=CMD" "COMPILER=arm-none-eabi-gcc" "ARCHIVER=arm-none-eabi-ar" "COMPILER_FLAGS=  -O2 -c" "EXTRA_COMPILER_FLAGS=-mcpu=cortex-a9 -mfpu=vfpv3 -mfloat-abi=hard -nostartfiles -g -Wall -Wextra"
"Compiling final..."
final_selftest.c: In function 'FINAL_Reg_SelfTest':
final_selftest.c:52:54: warning: comparison between signed and unsigned integer expressions [-Wsign-compare]
    if ( FINAL_mReadReg (baseaddr, read_loop_index*4) != (read_loop_index+1)*READ_WRITE_MUL_FACTOR){
                                                      ^~
final_selftest.c:36:6: warning: unused variable 'Index' [-Wunused-variable]
  int Index;
      ^~~~~
"Running Make libs in ps7_cortexa9_0/libsrc/qspips_v3_5/src"
make -C ps7_cortexa9_0/libsrc/qspips_v3_5/src -s libs  "SHELL=CMD" "COMPILER=arm-none-eabi-gcc" "ARCHIVER=arm-none-eabi-ar" "COMPILER_FLAGS=  -O2 -c" "EXTRA_COMPILER_FLAGS=-mcpu=cortex-a9 -mfpu=vfpv3 -mfloat-abi=hard -nostartfiles -g -Wall -Wextra"
"Compiling qspips"
"Running Make libs in ps7_cortexa9_0/libsrc/scugic_v3_10/src"
make -C ps7_cortexa9_0/libsrc/scugic_v3_10/src -s libs  "SHELL=CMD" "COMPILER=arm-none-eabi-gcc" "ARCHIVER=arm-none-eabi-ar" "COMPILER_FLAGS=  -O2 -c" "EXTRA_COMPILER_FLAGS=-mcpu=cortex-a9 -mfpu=vfpv3 -mfloat-abi=hard -nostartfiles -g -Wall -Wextra"
"Compiling scugic"
"Running Make libs in ps7_cortexa9_0/libsrc/scutimer_v2_1/src"
make -C ps7_cortexa9_0/libsrc/scutimer_v2_1/src -s libs  "SHELL=CMD" "COMPILER=arm-none-eabi-gcc" "ARCHIVER=arm-none-eabi-ar" "COMPILER_FLAGS=  -O2 -c" "EXTRA_COMPILER_FLAGS=-mcpu=cortex-a9 -mfpu=vfpv3 -mfloat-abi=hard -nostartfiles -g -Wall -Wextra"
"Compiling scutimer"
"Running Make libs in ps7_cortexa9_0/libsrc/scuwdt_v2_1/src"
make -C ps7_cortexa9_0/libsrc/scuwdt_v2_1/src -s libs  "SHELL=CMD" "COMPILER=arm-none-eabi-gcc" "ARCHIVER=arm-none-eabi-ar" "COMPILER_FLAGS=  -O2 -c" "EXTRA_COMPILER_FLAGS=-mcpu=cortex-a9 -mfpu=vfpv3 -mfloat-abi=hard -nostartfiles -g -Wall -Wextra"
"Compiling scuwdt"
"Running Make libs in ps7_cortexa9_0/libsrc/sdps_v3_6/src"
make -C ps7_cortexa9_0/libsrc/sdps_v3_6/src -s libs  "SHELL=CMD" "COMPILER=arm-none-eabi-gcc" "ARCHIVER=arm-none-eabi-ar" "COMPILER_FLAGS=  -O2 -c" "EXTRA_COMPILER_FLAGS=-mcpu=cortex-a9 -mfpu=vfpv3 -mfloat-abi=hard -nostartfiles -g -Wall -Wextra"
"Compiling sdps"
"Running Make libs in ps7_cortexa9_0/libsrc/standalone_v6_8/src"
make -C ps7_cortexa9_0/libsrc/standalone_v6_8/src -s libs  "SHELL=CMD" "COMPILER=arm-none-eabi-gcc" "ARCHIVER=arm-none-eabi-ar" "COMPILER_FLAGS=  -O2 -c" "EXTRA_COMPILER_FLAGS=-mcpu=cortex-a9 -mfpu=vfpv3 -mfloat-abi=hard -nostartfiles -g -Wall -Wextra"
"Compiling standalone"
In file included from usleep.c:56:0:
xtime_l.h:87:9: note: #pragma message: For the sleep routines, Global timer is being used
 #pragma message ("For the sleep routines, Global timer is being used")
         ^~~~~~~
In file included from xil_sleeptimer.c:51:0:
xtime_l.h:87:9: note: #pragma message: For the sleep routines, Global timer is being used
 #pragma message ("For the sleep routines, Global timer is being used")
         ^~~~~~~
In file included from xtime_l.c:49:0:
xtime_l.h:87:9: note: #pragma message: For the sleep routines, Global timer is being used
 #pragma message ("For the sleep routines, Global timer is being used")
         ^~~~~~~
In file included from sleep.c:53:0:
xtime_l.h:87:9: note: #pragma message: For the sleep routines, Global timer is being used
 #pragma message ("For the sleep routines, Global timer is being used")
         ^~~~~~~
"Running Make libs in ps7_cortexa9_0/libsrc/uartps_v3_7/src"
make -C ps7_cortexa9_0/libsrc/uartps_v3_7/src -s libs  "SHELL=CMD" "COMPILER=arm-none-eabi-gcc" "ARCHIVER=arm-none-eabi-ar" "COMPILER_FLAGS=  -O2 -c" "EXTRA_COMPILER_FLAGS=-mcpu=cortex-a9 -mfpu=vfpv3 -mfloat-abi=hard -nostartfiles -g -Wall -Wextra"
"Compiling uartps"
"Running Make libs in ps7_cortexa9_0/libsrc/usbps_v2_4/src"
make -C ps7_cortexa9_0/libsrc/usbps_v2_4/src -s libs  "SHELL=CMD" "COMPILER=arm-none-eabi-gcc" "ARCHIVER=arm-none-eabi-ar" "COMPILER_FLAGS=  -O2 -c" "EXTRA_COMPILER_FLAGS=-mcpu=cortex-a9 -mfpu=vfpv3 -mfloat-abi=hard -nostartfiles -g -Wall -Wextra"
"Compiling usbps"
"Running Make libs in ps7_cortexa9_0/libsrc/wdtps_v3_1/src"
make -C ps7_cortexa9_0/libsrc/wdtps_v3_1/src -s libs  "SHELL=CMD" "COMPILER=arm-none-eabi-gcc" "ARCHIVER=arm-none-eabi-ar" "COMPILER_FLAGS=  -O2 -c" "EXTRA_COMPILER_FLAGS=-mcpu=cortex-a9 -mfpu=vfpv3 -mfloat-abi=hard -nostartfiles -g -Wall -Wextra"
"Compiling wdtps"
"Running Make libs in ps7_cortexa9_0/libsrc/xadcps_v2_3/src"
make -C ps7_cortexa9_0/libsrc/xadcps_v2_3/src -s libs  "SHELL=CMD" "COMPILER=arm-none-eabi-gcc" "ARCHIVER=arm-none-eabi-ar" "COMPILER_FLAGS=  -O2 -c" "EXTRA_COMPILER_FLAGS=-mcpu=cortex-a9 -mfpu=vfpv3 -mfloat-abi=hard -nostartfiles -g -Wall -Wextra"
"Compiling xadcps"
'Finished building libraries'
23:04:14 **** Build of configuration Debug for project fianl ****
make pre-build main-build 
a9-linaro-pre-build-step
' '
'Building file: ../src/helloworld.c'
'Invoking: ARM v7 gcc compiler'
arm-none-eabi-gcc -Wall -O0 -g3 -c -fmessage-length=0 -MT"src/helloworld.o" -mcpu=cortex-a9 -mfpu=vfpv3 -mfloat-abi=hard -I../../fianl_bsp/ps7_cortexa9_0/include -MMD -MP -MF"src/helloworld.d" -MT"src/helloworld.o" -o "src/helloworld.o" "../src/helloworld.c"
../src/helloworld.c: In function 'main':
../src/helloworld.c:62:10: warning: implicit declaration of function 'printf' [-Wimplicit-function-declaration]
          printf("123");
          ^~~~~~
../src/helloworld.c:62:10: warning: incompatible implicit declaration of built-in function 'printf'
../src/helloworld.c:62:10: note: include '<stdio.h>' or provide a declaration of 'printf'
'Finished building: ../src/helloworld.c'
' '
'Building file: ../src/platform.c'
'Invoking: ARM v7 gcc compiler'
arm-none-eabi-gcc -Wall -O0 -g3 -c -fmessage-length=0 -MT"src/platform.o" -mcpu=cortex-a9 -mfpu=vfpv3 -mfloat-abi=hard -I../../fianl_bsp/ps7_cortexa9_0/include -MMD -MP -MF"src/platform.d" -MT"src/platform.o" -o "src/platform.o" "../src/platform.c"
'Finished building: ../src/platform.c'
' '
'Building target: fianl.elf'
'Invoking: ARM v7 gcc linker'
arm-none-eabi-gcc -mcpu=cortex-a9 -mfpu=vfpv3 -mfloat-abi=hard -Wl,-build-id=none -specs=Xilinx.spec -Wl,-T -Wl,../src/lscript.ld -L../../fianl_bsp/ps7_cortexa9_0/lib -o "fianl.elf"  ./src/helloworld.o ./src/platform.o   -Wl,--start-group,-lxil,-lgcc,-lc,--end-group
'Finished building target: fianl.elf'
' '
'Invoking: ARM v7 Print Size'
arm-none-eabi-size fianl.elf  |tee "fianl.elf.size"
   text	   data	    bss	    dec	    hex	filename
  74536	   2616	  23472	 100624	  18910	fianl.elf
'Finished building: fianl.elf.size'
' '
23:04:22 **** Incremental Build of configuration Debug for project fianl ****
make pre-build main-build 
a9-linaro-pre-build-step
' '
make: Nothing to be done for 'main-build'.
23:04:50 **** Auto Build of configuration Debug for project fianl ****
make pre-build main-build 
a9-linaro-pre-build-step
' '
'Building file: ../src/helloworld.c'
'Invoking: ARM v7 gcc compiler'
arm-none-eabi-gcc -Wall -O0 -g3 -c -fmessage-length=0 -MT"src/helloworld.o" -mcpu=cortex-a9 -mfpu=vfpv3 -mfloat-abi=hard -I../../fianl_bsp/ps7_cortexa9_0/include -MMD -MP -MF"src/helloworld.d" -MT"src/helloworld.o" -o "src/helloworld.o" "../src/helloworld.c"
../src/helloworld.c: In function 'main':
../src/helloworld.c:62:10: warning: implicit declaration of function 'printf' [-Wimplicit-function-declaration]
          printf("123");
          ^~~~~~
../src/helloworld.c:62:10: warning: incompatible implicit declaration of built-in function 'printf'
../src/helloworld.c:62:10: note: include '<stdio.h>' or provide a declaration of 'printf'
'Finished building: ../src/helloworld.c'
' '
'Building target: fianl.elf'
'Invoking: ARM v7 gcc linker'
arm-none-eabi-gcc -mcpu=cortex-a9 -mfpu=vfpv3 -mfloat-abi=hard -Wl,-build-id=none -specs=Xilinx.spec -Wl,-T -Wl,../src/lscript.ld -L../../fianl_bsp/ps7_cortexa9_0/lib -o "fianl.elf"  ./src/helloworld.o ./src/platform.o   -Wl,--start-group,-lxil,-lgcc,-lc,--end-group
'Finished building target: fianl.elf'
' '
'Invoking: ARM v7 Print Size'
arm-none-eabi-size fianl.elf  |tee "fianl.elf.size"
   text	   data	    bss	    dec	    hex	filename
  74536	   2616	  23472	 100624	  18910	fianl.elf
'Finished building: fianl.elf.size'
' '
23:04:57 **** Incremental Build of configuration Debug for project fianl ****
make pre-build main-build 
a9-linaro-pre-build-step
' '
make: Nothing to be done for 'main-build'.
23:05:19 **** Incremental Build of configuration Debug for project fianl ****
make pre-build main-build 
a9-linaro-pre-build-step
' '
make: Nothing to be done for 'main-build'.
23:09:44 **** Incremental Build of configuration Debug for project fianl ****
make pre-build main-build 
a9-linaro-pre-build-step
' '
make: Nothing to be done for 'main-build'.
23:10:28 **** Auto Build of configuration Debug for project fianl ****
make pre-build main-build 
a9-linaro-pre-build-step
' '
'Building file: ../src/helloworld.c'
'Invoking: ARM v7 gcc compiler'
arm-none-eabi-gcc -Wall -O0 -g3 -c -fmessage-length=0 -MT"src/helloworld.o" -mcpu=cortex-a9 -mfpu=vfpv3 -mfloat-abi=hard -I../../fianl_bsp/ps7_cortexa9_0/include -MMD -MP -MF"src/helloworld.d" -MT"src/helloworld.o" -o "src/helloworld.o" "../src/helloworld.c"
../src/helloworld.c: In function 'main':
../src/helloworld.c:62:10: warning: implicit declaration of function 'printf' [-Wimplicit-function-declaration]
          printf("123");
          ^~~~~~
../src/helloworld.c:62:10: warning: incompatible implicit declaration of built-in function 'printf'
../src/helloworld.c:62:10: note: include '<stdio.h>' or provide a declaration of 'printf'
'Finished building: ../src/helloworld.c'
' '
'Building target: fianl.elf'
'Invoking: ARM v7 gcc linker'
arm-none-eabi-gcc -mcpu=cortex-a9 -mfpu=vfpv3 -mfloat-abi=hard -Wl,-build-id=none -specs=Xilinx.spec -Wl,-T -Wl,../src/lscript.ld -L../../fianl_bsp/ps7_cortexa9_0/lib -o "fianl.elf"  ./src/helloworld.o ./src/platform.o   -Wl,--start-group,-lxil,-lgcc,-lc,--end-group
'Finished building target: fianl.elf'
' '
'Invoking: ARM v7 Print Size'
arm-none-eabi-size fianl.elf  |tee "fianl.elf.size"
   text	   data	    bss	    dec	    hex	filename
  74536	   2616	  23472	 100624	  18910	fianl.elf
'Finished building: fianl.elf.size'
' '
23:10:44 **** Incremental Build of configuration Debug for project fianl ****
make pre-build main-build 
a9-linaro-pre-build-step
' '
make: Nothing to be done for 'main-build'.
23:16:00 **** Auto Build of configuration Debug for project fianl ****
make pre-build main-build 
a9-linaro-pre-build-step
' '
'Building file: ../src/helloworld.c'
'Invoking: ARM v7 gcc compiler'
arm-none-eabi-gcc -Wall -O0 -g3 -c -fmessage-length=0 -MT"src/helloworld.o" -mcpu=cortex-a9 -mfpu=vfpv3 -mfloat-abi=hard -I../../fianl_bsp/ps7_cortexa9_0/include -MMD -MP -MF"src/helloworld.d" -MT"src/helloworld.o" -o "src/helloworld.o" "../src/helloworld.c"
'Finished building: ../src/helloworld.c'
' '
'Building target: fianl.elf'
'Invoking: ARM v7 gcc linker'
arm-none-eabi-gcc -mcpu=cortex-a9 -mfpu=vfpv3 -mfloat-abi=hard -Wl,-build-id=none -specs=Xilinx.spec -Wl,-T -Wl,../src/lscript.ld -L../../fianl_bsp/ps7_cortexa9_0/lib -o "fianl.elf"  ./src/helloworld.o ./src/platform.o   -Wl,--start-group,-lxil,-lgcc,-lc,--end-group
'Finished building target: fianl.elf'
' '
'Invoking: ARM v7 Print Size'
arm-none-eabi-size fianl.elf  |tee "fianl.elf.size"
   text	   data	    bss	    dec	    hex	filename
  24656	   1184	  22712	  48552	   bda8	fianl.elf
'Finished building: fianl.elf.size'
' '
23:16:15 **** Incremental Build of configuration Debug for project fianl ****
make pre-build main-build 
a9-linaro-pre-build-step
' '
make: Nothing to be done for 'main-build'.
23:24:45 **** Incremental Build of configuration Debug for project fianl ****
make pre-build main-build 
a9-linaro-pre-build-step
' '
make: Nothing to be done for 'main-build'.
23:30:12 **** Incremental Build of configuration Debug for project fianl ****
make pre-build main-build 
a9-linaro-pre-build-step
' '
make: Nothing to be done for 'main-build'.
23:30:25 **** Incremental Build of configuration Debug for project fianl ****
make pre-build main-build 
a9-linaro-pre-build-step
' '
make: Nothing to be done for 'main-build'.
23:35:26 **** Incremental Build of configuration Debug for project fianl ****
make pre-build main-build 
a9-linaro-pre-build-step
' '
make: Nothing to be done for 'main-build'.
23:51:43 **** Clean-only build of configuration Debug for project fianl ****
make clean 
rm -rf  ./src/helloworld.o ./src/platform.o  ./src/helloworld.d ./src/platform.d  fianl.elf.size  fianl.elf
' '
23:51:43 **** Clean-only build of project fianl_bsp ****
make -k clean 
make -C ps7_cortexa9_0/libsrc/coresightps_dcc_v1_4/src -s clean 
make -C ps7_cortexa9_0/libsrc/cpu_cortexa9_v2_7/src -s clean 
make -C ps7_cortexa9_0/libsrc/ddrps_v1_0/src -s clean 
make -C ps7_cortexa9_0/libsrc/devcfg_v3_5/src -s clean 
make -C ps7_cortexa9_0/libsrc/dmaps_v2_4/src -s clean 
make -C ps7_cortexa9_0/libsrc/emacps_v3_8/src -s clean 
make -C ps7_cortexa9_0/libsrc/final_v1_0/src -s clean 
rm: lstat．*.o・ア英: Invalid argument
make[1]: *** [Makefile:26: clean] Error 1
make: *** [Makefile:33: ps7_cortexa9_0/libsrc/final_v1_0/src/make.clean] Error 2
make -C ps7_cortexa9_0/libsrc/qspips_v3_5/src -s clean 
make -C ps7_cortexa9_0/libsrc/scugic_v3_10/src -s clean 
make -C ps7_cortexa9_0/libsrc/scutimer_v2_1/src -s clean 
make -C ps7_cortexa9_0/libsrc/scuwdt_v2_1/src -s clean 
make -C ps7_cortexa9_0/libsrc/sdps_v3_6/src -s clean 
make -C ps7_cortexa9_0/libsrc/standalone_v6_8/src -s clean 
make -C ps7_cortexa9_0/libsrc/uartps_v3_7/src -s clean 
make -C ps7_cortexa9_0/libsrc/usbps_v2_4/src -s clean 
make -C ps7_cortexa9_0/libsrc/wdtps_v3_1/src -s clean 
make -C ps7_cortexa9_0/libsrc/xadcps_v2_3/src -s clean 
make: Target 'clean' not remade because of errors.
23:51:44 **** Build of project fianl_bsp ****
make -k all 
"Running Make include in ps7_cortexa9_0/libsrc/coresightps_dcc_v1_4/src"
make -C ps7_cortexa9_0/libsrc/coresightps_dcc_v1_4/src -s include  "SHELL=CMD" "COMPILER=arm-none-eabi-gcc" "ARCHIVER=arm-none-eabi-ar" "COMPILER_FLAGS=  -O2 -c" "EXTRA_COMPILER_FLAGS=-mcpu=cortex-a9 -mfpu=vfpv3 -mfloat-abi=hard -nostartfiles -g -Wall -Wextra"
"Running Make include in ps7_cortexa9_0/libsrc/cpu_cortexa9_v2_7/src"
make -C ps7_cortexa9_0/libsrc/cpu_cortexa9_v2_7/src -s include  "SHELL=CMD" "COMPILER=arm-none-eabi-gcc" "ARCHIVER=arm-none-eabi-ar" "COMPILER_FLAGS=  -O2 -c" "EXTRA_COMPILER_FLAGS=-mcpu=cortex-a9 -mfpu=vfpv3 -mfloat-abi=hard -nostartfiles -g -Wall -Wextra"
"Running Make include in ps7_cortexa9_0/libsrc/ddrps_v1_0/src"
make -C ps7_cortexa9_0/libsrc/ddrps_v1_0/src -s include  "SHELL=CMD" "COMPILER=arm-none-eabi-gcc" "ARCHIVER=arm-none-eabi-ar" "COMPILER_FLAGS=  -O2 -c" "EXTRA_COMPILER_FLAGS=-mcpu=cortex-a9 -mfpu=vfpv3 -mfloat-abi=hard -nostartfiles -g -Wall -Wextra"
"Running Make include in ps7_cortexa9_0/libsrc/devcfg_v3_5/src"
make -C ps7_cortexa9_0/libsrc/devcfg_v3_5/src -s include  "SHELL=CMD" "COMPILER=arm-none-eabi-gcc" "ARCHIVER=arm-none-eabi-ar" "COMPILER_FLAGS=  -O2 -c" "EXTRA_COMPILER_FLAGS=-mcpu=cortex-a9 -mfpu=vfpv3 -mfloat-abi=hard -nostartfiles -g -Wall -Wextra"
"Running Make include in ps7_cortexa9_0/libsrc/dmaps_v2_4/src"
make -C ps7_cortexa9_0/libsrc/dmaps_v2_4/src -s include  "SHELL=CMD" "COMPILER=arm-none-eabi-gcc" "ARCHIVER=arm-none-eabi-ar" "COMPILER_FLAGS=  -O2 -c" "EXTRA_COMPILER_FLAGS=-mcpu=cortex-a9 -mfpu=vfpv3 -mfloat-abi=hard -nostartfiles -g -Wall -Wextra"
"Running Make include in ps7_cortexa9_0/libsrc/emacps_v3_8/src"
make -C ps7_cortexa9_0/libsrc/emacps_v3_8/src -s include  "SHELL=CMD" "COMPILER=arm-none-eabi-gcc" "ARCHIVER=arm-none-eabi-ar" "COMPILER_FLAGS=  -O2 -c" "EXTRA_COMPILER_FLAGS=-mcpu=cortex-a9 -mfpu=vfpv3 -mfloat-abi=hard -nostartfiles -g -Wall -Wextra"
"Running Make include in ps7_cortexa9_0/libsrc/final_v1_0/src"
make -C ps7_cortexa9_0/libsrc/final_v1_0/src -s include  "SHELL=CMD" "COMPILER=arm-none-eabi-gcc" "ARCHIVER=arm-none-eabi-ar" "COMPILER_FLAGS=  -O2 -c" "EXTRA_COMPILER_FLAGS=-mcpu=cortex-a9 -mfpu=vfpv3 -mfloat-abi=hard -nostartfiles -g -Wall -Wextra"
"Running Make include in ps7_cortexa9_0/libsrc/qspips_v3_5/src"
make -C ps7_cortexa9_0/libsrc/qspips_v3_5/src -s include  "SHELL=CMD" "COMPILER=arm-none-eabi-gcc" "ARCHIVER=arm-none-eabi-ar" "COMPILER_FLAGS=  -O2 -c" "EXTRA_COMPILER_FLAGS=-mcpu=cortex-a9 -mfpu=vfpv3 -mfloat-abi=hard -nostartfiles -g -Wall -Wextra"
"Running Make include in ps7_cortexa9_0/libsrc/scugic_v3_10/src"
make -C ps7_cortexa9_0/libsrc/scugic_v3_10/src -s include  "SHELL=CMD" "COMPILER=arm-none-eabi-gcc" "ARCHIVER=arm-none-eabi-ar" "COMPILER_FLAGS=  -O2 -c" "EXTRA_COMPILER_FLAGS=-mcpu=cortex-a9 -mfpu=vfpv3 -mfloat-abi=hard -nostartfiles -g -Wall -Wextra"
"Running Make include in ps7_cortexa9_0/libsrc/scutimer_v2_1/src"
make -C ps7_cortexa9_0/libsrc/scutimer_v2_1/src -s include  "SHELL=CMD" "COMPILER=arm-none-eabi-gcc" "ARCHIVER=arm-none-eabi-ar" "COMPILER_FLAGS=  -O2 -c" "EXTRA_COMPILER_FLAGS=-mcpu=cortex-a9 -mfpu=vfpv3 -mfloat-abi=hard -nostartfiles -g -Wall -Wextra"
"Running Make include in ps7_cortexa9_0/libsrc/scuwdt_v2_1/src"
make -C ps7_cortexa9_0/libsrc/scuwdt_v2_1/src -s include  "SHELL=CMD" "COMPILER=arm-none-eabi-gcc" "ARCHIVER=arm-none-eabi-ar" "COMPILER_FLAGS=  -O2 -c" "EXTRA_COMPILER_FLAGS=-mcpu=cortex-a9 -mfpu=vfpv3 -mfloat-abi=hard -nostartfiles -g -Wall -Wextra"
"Running Make include in ps7_cortexa9_0/libsrc/sdps_v3_6/src"
make -C ps7_cortexa9_0/libsrc/sdps_v3_6/src -s include  "SHELL=CMD" "COMPILER=arm-none-eabi-gcc" "ARCHIVER=arm-none-eabi-ar" "COMPILER_FLAGS=  -O2 -c" "EXTRA_COMPILER_FLAGS=-mcpu=cortex-a9 -mfpu=vfpv3 -mfloat-abi=hard -nostartfiles -g -Wall -Wextra"
"Running Make include in ps7_cortexa9_0/libsrc/standalone_v6_8/src"
make -C ps7_cortexa9_0/libsrc/standalone_v6_8/src -s include  "SHELL=CMD" "COMPILER=arm-none-eabi-gcc" "ARCHIVER=arm-none-eabi-ar" "COMPILER_FLAGS=  -O2 -c" "EXTRA_COMPILER_FLAGS=-mcpu=cortex-a9 -mfpu=vfpv3 -mfloat-abi=hard -nostartfiles -g -Wall -Wextra"
"Running Make include in ps7_cortexa9_0/libsrc/uartps_v3_7/src"
make -C ps7_cortexa9_0/libsrc/uartps_v3_7/src -s include  "SHELL=CMD" "COMPILER=arm-none-eabi-gcc" "ARCHIVER=arm-none-eabi-ar" "COMPILER_FLAGS=  -O2 -c" "EXTRA_COMPILER_FLAGS=-mcpu=cortex-a9 -mfpu=vfpv3 -mfloat-abi=hard -nostartfiles -g -Wall -Wextra"
"Running Make include in ps7_cortexa9_0/libsrc/usbps_v2_4/src"
make -C ps7_cortexa9_0/libsrc/usbps_v2_4/src -s include  "SHELL=CMD" "COMPILER=arm-none-eabi-gcc" "ARCHIVER=arm-none-eabi-ar" "COMPILER_FLAGS=  -O2 -c" "EXTRA_COMPILER_FLAGS=-mcpu=cortex-a9 -mfpu=vfpv3 -mfloat-abi=hard -nostartfiles -g -Wall -Wextra"
"Running Make include in ps7_cortexa9_0/libsrc/wdtps_v3_1/src"
make -C ps7_cortexa9_0/libsrc/wdtps_v3_1/src -s include  "SHELL=CMD" "COMPILER=arm-none-eabi-gcc" "ARCHIVER=arm-none-eabi-ar" "COMPILER_FLAGS=  -O2 -c" "EXTRA_COMPILER_FLAGS=-mcpu=cortex-a9 -mfpu=vfpv3 -mfloat-abi=hard -nostartfiles -g -Wall -Wextra"
"Running Make include in ps7_cortexa9_0/libsrc/xadcps_v2_3/src"
make -C ps7_cortexa9_0/libsrc/xadcps_v2_3/src -s include  "SHELL=CMD" "COMPILER=arm-none-eabi-gcc" "ARCHIVER=arm-none-eabi-ar" "COMPILER_FLAGS=  -O2 -c" "EXTRA_COMPILER_FLAGS=-mcpu=cortex-a9 -mfpu=vfpv3 -mfloat-abi=hard -nostartfiles -g -Wall -Wextra"
"Running Make libs in ps7_cortexa9_0/libsrc/coresightps_dcc_v1_4/src"
make -C ps7_cortexa9_0/libsrc/coresightps_dcc_v1_4/src -s libs  "SHELL=CMD" "COMPILER=arm-none-eabi-gcc" "ARCHIVER=arm-none-eabi-ar" "COMPILER_FLAGS=  -O2 -c" "EXTRA_COMPILER_FLAGS=-mcpu=cortex-a9 -mfpu=vfpv3 -mfloat-abi=hard -nostartfiles -g -Wall -Wextra"
"Compiling coresightps_dcc"
arm-none-eabi-ar: creating ../../../lib/libxil.a
"Running Make libs in ps7_cortexa9_0/libsrc/cpu_cortexa9_v2_7/src"
make -C ps7_cortexa9_0/libsrc/cpu_cortexa9_v2_7/src -s libs  "SHELL=CMD" "COMPILER=arm-none-eabi-gcc" "ARCHIVER=arm-none-eabi-ar" "COMPILER_FLAGS=  -O2 -c" "EXTRA_COMPILER_FLAGS=-mcpu=cortex-a9 -mfpu=vfpv3 -mfloat-abi=hard -nostartfiles -g -Wall -Wextra"
"Compiling cpu_cortexa9"
"Running Make libs in ps7_cortexa9_0/libsrc/ddrps_v1_0/src"
make -C ps7_cortexa9_0/libsrc/ddrps_v1_0/src -s libs  "SHELL=CMD" "COMPILER=arm-none-eabi-gcc" "ARCHIVER=arm-none-eabi-ar" "COMPILER_FLAGS=  -O2 -c" "EXTRA_COMPILER_FLAGS=-mcpu=cortex-a9 -mfpu=vfpv3 -mfloat-abi=hard -nostartfiles -g -Wall -Wextra"
"Compiling ddrps"
"Running Make libs in ps7_cortexa9_0/libsrc/devcfg_v3_5/src"
make -C ps7_cortexa9_0/libsrc/devcfg_v3_5/src -s libs  "SHELL=CMD" "COMPILER=arm-none-eabi-gcc" "ARCHIVER=arm-none-eabi-ar" "COMPILER_FLAGS=  -O2 -c" "EXTRA_COMPILER_FLAGS=-mcpu=cortex-a9 -mfpu=vfpv3 -mfloat-abi=hard -nostartfiles -g -Wall -Wextra"
"Compiling devcfg"
"Running Make libs in ps7_cortexa9_0/libsrc/dmaps_v2_4/src"
make -C ps7_cortexa9_0/libsrc/dmaps_v2_4/src -s libs  "SHELL=CMD" "COMPILER=arm-none-eabi-gcc" "ARCHIVER=arm-none-eabi-ar" "COMPILER_FLAGS=  -O2 -c" "EXTRA_COMPILER_FLAGS=-mcpu=cortex-a9 -mfpu=vfpv3 -mfloat-abi=hard -nostartfiles -g -Wall -Wextra"
"Compiling dmaps"
"Running Make libs in ps7_cortexa9_0/libsrc/emacps_v3_8/src"
make -C ps7_cortexa9_0/libsrc/emacps_v3_8/src -s libs  "SHELL=CMD" "COMPILER=arm-none-eabi-gcc" "ARCHIVER=arm-none-eabi-ar" "COMPILER_FLAGS=  -O2 -c" "EXTRA_COMPILER_FLAGS=-mcpu=cortex-a9 -mfpu=vfpv3 -mfloat-abi=hard -nostartfiles -g -Wall -Wextra"
"Compiling emacps"
"Running Make libs in ps7_cortexa9_0/libsrc/final_v1_0/src"
make -C ps7_cortexa9_0/libsrc/final_v1_0/src -s libs  "SHELL=CMD" "COMPILER=arm-none-eabi-gcc" "ARCHIVER=arm-none-eabi-ar" "COMPILER_FLAGS=  -O2 -c" "EXTRA_COMPILER_FLAGS=-mcpu=cortex-a9 -mfpu=vfpv3 -mfloat-abi=hard -nostartfiles -g -Wall -Wextra"
"Compiling final..."
final_selftest.c: In function 'FINAL_Reg_SelfTest':
final_selftest.c:52:54: warning: comparison between signed and unsigned integer expressions [-Wsign-compare]
    if ( FINAL_mReadReg (baseaddr, read_loop_index*4) != (read_loop_index+1)*READ_WRITE_MUL_FACTOR){
                                                      ^~
final_selftest.c:36:6: warning: unused variable 'Index' [-Wunused-variable]
  int Index;
      ^~~~~
"Running Make libs in ps7_cortexa9_0/libsrc/qspips_v3_5/src"
make -C ps7_cortexa9_0/libsrc/qspips_v3_5/src -s libs  "SHELL=CMD" "COMPILER=arm-none-eabi-gcc" "ARCHIVER=arm-none-eabi-ar" "COMPILER_FLAGS=  -O2 -c" "EXTRA_COMPILER_FLAGS=-mcpu=cortex-a9 -mfpu=vfpv3 -mfloat-abi=hard -nostartfiles -g -Wall -Wextra"
"Compiling qspips"
"Running Make libs in ps7_cortexa9_0/libsrc/scugic_v3_10/src"
make -C ps7_cortexa9_0/libsrc/scugic_v3_10/src -s libs  "SHELL=CMD" "COMPILER=arm-none-eabi-gcc" "ARCHIVER=arm-none-eabi-ar" "COMPILER_FLAGS=  -O2 -c" "EXTRA_COMPILER_FLAGS=-mcpu=cortex-a9 -mfpu=vfpv3 -mfloat-abi=hard -nostartfiles -g -Wall -Wextra"
"Compiling scugic"
"Running Make libs in ps7_cortexa9_0/libsrc/scutimer_v2_1/src"
make -C ps7_cortexa9_0/libsrc/scutimer_v2_1/src -s libs  "SHELL=CMD" "COMPILER=arm-none-eabi-gcc" "ARCHIVER=arm-none-eabi-ar" "COMPILER_FLAGS=  -O2 -c" "EXTRA_COMPILER_FLAGS=-mcpu=cortex-a9 -mfpu=vfpv3 -mfloat-abi=hard -nostartfiles -g -Wall -Wextra"
"Compiling scutimer"
"Running Make libs in ps7_cortexa9_0/libsrc/scuwdt_v2_1/src"
make -C ps7_cortexa9_0/libsrc/scuwdt_v2_1/src -s libs  "SHELL=CMD" "COMPILER=arm-none-eabi-gcc" "ARCHIVER=arm-none-eabi-ar" "COMPILER_FLAGS=  -O2 -c" "EXTRA_COMPILER_FLAGS=-mcpu=cortex-a9 -mfpu=vfpv3 -mfloat-abi=hard -nostartfiles -g -Wall -Wextra"
"Compiling scuwdt"
"Running Make libs in ps7_cortexa9_0/libsrc/sdps_v3_6/src"
make -C ps7_cortexa9_0/libsrc/sdps_v3_6/src -s libs  "SHELL=CMD" "COMPILER=arm-none-eabi-gcc" "ARCHIVER=arm-none-eabi-ar" "COMPILER_FLAGS=  -O2 -c" "EXTRA_COMPILER_FLAGS=-mcpu=cortex-a9 -mfpu=vfpv3 -mfloat-abi=hard -nostartfiles -g -Wall -Wextra"
"Compiling sdps"
"Running Make libs in ps7_cortexa9_0/libsrc/standalone_v6_8/src"
make -C ps7_cortexa9_0/libsrc/standalone_v6_8/src -s libs  "SHELL=CMD" "COMPILER=arm-none-eabi-gcc" "ARCHIVER=arm-none-eabi-ar" "COMPILER_FLAGS=  -O2 -c" "EXTRA_COMPILER_FLAGS=-mcpu=cortex-a9 -mfpu=vfpv3 -mfloat-abi=hard -nostartfiles -g -Wall -Wextra"
"Compiling standalone"
In file included from usleep.c:56:0:
xtime_l.h:87:9: note: #pragma message: For the sleep routines, Global timer is being used
 #pragma message ("For the sleep routines, Global timer is being used")
         ^~~~~~~
In file included from xil_sleeptimer.c:51:0:
xtime_l.h:87:9: note: #pragma message: For the sleep routines, Global timer is being used
 #pragma message ("For the sleep routines, Global timer is being used")
         ^~~~~~~
In file included from xtime_l.c:49:0:
xtime_l.h:87:9: note: #pragma message: For the sleep routines, Global timer is being used
 #pragma message ("For the sleep routines, Global timer is being used")
         ^~~~~~~
In file included from sleep.c:53:0:
xtime_l.h:87:9: note: #pragma message: For the sleep routines, Global timer is being used
 #pragma message ("For the sleep routines, Global timer is being used")
         ^~~~~~~
"Running Make libs in ps7_cortexa9_0/libsrc/uartps_v3_7/src"
make -C ps7_cortexa9_0/libsrc/uartps_v3_7/src -s libs  "SHELL=CMD" "COMPILER=arm-none-eabi-gcc" "ARCHIVER=arm-none-eabi-ar" "COMPILER_FLAGS=  -O2 -c" "EXTRA_COMPILER_FLAGS=-mcpu=cortex-a9 -mfpu=vfpv3 -mfloat-abi=hard -nostartfiles -g -Wall -Wextra"
"Compiling uartps"
"Running Make libs in ps7_cortexa9_0/libsrc/usbps_v2_4/src"
make -C ps7_cortexa9_0/libsrc/usbps_v2_4/src -s libs  "SHELL=CMD" "COMPILER=arm-none-eabi-gcc" "ARCHIVER=arm-none-eabi-ar" "COMPILER_FLAGS=  -O2 -c" "EXTRA_COMPILER_FLAGS=-mcpu=cortex-a9 -mfpu=vfpv3 -mfloat-abi=hard -nostartfiles -g -Wall -Wextra"
"Compiling usbps"
"Running Make libs in ps7_cortexa9_0/libsrc/wdtps_v3_1/src"
make -C ps7_cortexa9_0/libsrc/wdtps_v3_1/src -s libs  "SHELL=CMD" "COMPILER=arm-none-eabi-gcc" "ARCHIVER=arm-none-eabi-ar" "COMPILER_FLAGS=  -O2 -c" "EXTRA_COMPILER_FLAGS=-mcpu=cortex-a9 -mfpu=vfpv3 -mfloat-abi=hard -nostartfiles -g -Wall -Wextra"
"Compiling wdtps"
"Running Make libs in ps7_cortexa9_0/libsrc/xadcps_v2_3/src"
make -C ps7_cortexa9_0/libsrc/xadcps_v2_3/src -s libs  "SHELL=CMD" "COMPILER=arm-none-eabi-gcc" "ARCHIVER=arm-none-eabi-ar" "COMPILER_FLAGS=  -O2 -c" "EXTRA_COMPILER_FLAGS=-mcpu=cortex-a9 -mfpu=vfpv3 -mfloat-abi=hard -nostartfiles -g -Wall -Wextra"
"Compiling xadcps"
'Finished building libraries'
23:52:03 **** Build of configuration Debug for project fianl ****
make pre-build main-build 
a9-linaro-pre-build-step
' '
'Building file: ../src/helloworld.c'
'Invoking: ARM v7 gcc compiler'
arm-none-eabi-gcc -Wall -O0 -g3 -c -fmessage-length=0 -MT"src/helloworld.o" -mcpu=cortex-a9 -mfpu=vfpv3 -mfloat-abi=hard -I../../fianl_bsp/ps7_cortexa9_0/include -MMD -MP -MF"src/helloworld.d" -MT"src/helloworld.o" -o "src/helloworld.o" "../src/helloworld.c"
'Finished building: ../src/helloworld.c'
' '
'Building file: ../src/platform.c'
'Invoking: ARM v7 gcc compiler'
arm-none-eabi-gcc -Wall -O0 -g3 -c -fmessage-length=0 -MT"src/platform.o" -mcpu=cortex-a9 -mfpu=vfpv3 -mfloat-abi=hard -I../../fianl_bsp/ps7_cortexa9_0/include -MMD -MP -MF"src/platform.d" -MT"src/platform.o" -o "src/platform.o" "../src/platform.c"
'Finished building: ../src/platform.c'
' '
'Building target: fianl.elf'
'Invoking: ARM v7 gcc linker'
arm-none-eabi-gcc -mcpu=cortex-a9 -mfpu=vfpv3 -mfloat-abi=hard -Wl,-build-id=none -specs=Xilinx.spec -Wl,-T -Wl,../src/lscript.ld -L../../fianl_bsp/ps7_cortexa9_0/lib -o "fianl.elf"  ./src/helloworld.o ./src/platform.o   -Wl,--start-group,-lxil,-lgcc,-lc,--end-group
'Finished building target: fianl.elf'
' '
'Invoking: ARM v7 Print Size'
arm-none-eabi-size fianl.elf  |tee "fianl.elf.size"
   text	   data	    bss	    dec	    hex	filename
  24656	   1184	  22712	  48552	   bda8	fianl.elf
'Finished building: fianl.elf.size'
' '
23:52:15 **** Clean-only build of configuration Debug for project fianl ****
make clean 
rm -rf  ./src/helloworld.o ./src/platform.o  ./src/helloworld.d ./src/platform.d  fianl.elf.size  fianl.elf
' '
23:52:15 **** Clean-only build of project fianl_bsp ****
make -k clean 
make -C ps7_cortexa9_0/libsrc/coresightps_dcc_v1_4/src -s clean 
make -C ps7_cortexa9_0/libsrc/cpu_cortexa9_v2_7/src -s clean 
make -C ps7_cortexa9_0/libsrc/ddrps_v1_0/src -s clean 
make -C ps7_cortexa9_0/libsrc/devcfg_v3_5/src -s clean 
make -C ps7_cortexa9_0/libsrc/dmaps_v2_4/src -s clean 
make -C ps7_cortexa9_0/libsrc/emacps_v3_8/src -s clean 
make -C ps7_cortexa9_0/libsrc/final_v1_0/src -s clean 
rm: lstat．*.o・ア英: Invalid argument
make[1]: *** [Makefile:26: clean] Error 1
make: *** [Makefile:33: ps7_cortexa9_0/libsrc/final_v1_0/src/make.clean] Error 2
make -C ps7_cortexa9_0/libsrc/qspips_v3_5/src -s clean 
make -C ps7_cortexa9_0/libsrc/scugic_v3_10/src -s clean 
make -C ps7_cortexa9_0/libsrc/scutimer_v2_1/src -s clean 
make -C ps7_cortexa9_0/libsrc/scuwdt_v2_1/src -s clean 
make -C ps7_cortexa9_0/libsrc/sdps_v3_6/src -s clean 
make -C ps7_cortexa9_0/libsrc/standalone_v6_8/src -s clean 
make -C ps7_cortexa9_0/libsrc/uartps_v3_7/src -s clean 
make -C ps7_cortexa9_0/libsrc/usbps_v2_4/src -s clean 
make -C ps7_cortexa9_0/libsrc/wdtps_v3_1/src -s clean 
make -C ps7_cortexa9_0/libsrc/xadcps_v2_3/src -s clean 
make: Target 'clean' not remade because of errors.
23:52:16 **** Build of project fianl_bsp ****
make -k all 
"Running Make include in ps7_cortexa9_0/libsrc/coresightps_dcc_v1_4/src"
make -C ps7_cortexa9_0/libsrc/coresightps_dcc_v1_4/src -s include  "SHELL=CMD" "COMPILER=arm-none-eabi-gcc" "ARCHIVER=arm-none-eabi-ar" "COMPILER_FLAGS=  -O2 -c" "EXTRA_COMPILER_FLAGS=-mcpu=cortex-a9 -mfpu=vfpv3 -mfloat-abi=hard -nostartfiles -g -Wall -Wextra"
"Running Make include in ps7_cortexa9_0/libsrc/cpu_cortexa9_v2_7/src"
make -C ps7_cortexa9_0/libsrc/cpu_cortexa9_v2_7/src -s include  "SHELL=CMD" "COMPILER=arm-none-eabi-gcc" "ARCHIVER=arm-none-eabi-ar" "COMPILER_FLAGS=  -O2 -c" "EXTRA_COMPILER_FLAGS=-mcpu=cortex-a9 -mfpu=vfpv3 -mfloat-abi=hard -nostartfiles -g -Wall -Wextra"
"Running Make include in ps7_cortexa9_0/libsrc/ddrps_v1_0/src"
make -C ps7_cortexa9_0/libsrc/ddrps_v1_0/src -s include  "SHELL=CMD" "COMPILER=arm-none-eabi-gcc" "ARCHIVER=arm-none-eabi-ar" "COMPILER_FLAGS=  -O2 -c" "EXTRA_COMPILER_FLAGS=-mcpu=cortex-a9 -mfpu=vfpv3 -mfloat-abi=hard -nostartfiles -g -Wall -Wextra"
"Running Make include in ps7_cortexa9_0/libsrc/devcfg_v3_5/src"
make -C ps7_cortexa9_0/libsrc/devcfg_v3_5/src -s include  "SHELL=CMD" "COMPILER=arm-none-eabi-gcc" "ARCHIVER=arm-none-eabi-ar" "COMPILER_FLAGS=  -O2 -c" "EXTRA_COMPILER_FLAGS=-mcpu=cortex-a9 -mfpu=vfpv3 -mfloat-abi=hard -nostartfiles -g -Wall -Wextra"
"Running Make include in ps7_cortexa9_0/libsrc/dmaps_v2_4/src"
make -C ps7_cortexa9_0/libsrc/dmaps_v2_4/src -s include  "SHELL=CMD" "COMPILER=arm-none-eabi-gcc" "ARCHIVER=arm-none-eabi-ar" "COMPILER_FLAGS=  -O2 -c" "EXTRA_COMPILER_FLAGS=-mcpu=cortex-a9 -mfpu=vfpv3 -mfloat-abi=hard -nostartfiles -g -Wall -Wextra"
"Running Make include in ps7_cortexa9_0/libsrc/emacps_v3_8/src"
make -C ps7_cortexa9_0/libsrc/emacps_v3_8/src -s include  "SHELL=CMD" "COMPILER=arm-none-eabi-gcc" "ARCHIVER=arm-none-eabi-ar" "COMPILER_FLAGS=  -O2 -c" "EXTRA_COMPILER_FLAGS=-mcpu=cortex-a9 -mfpu=vfpv3 -mfloat-abi=hard -nostartfiles -g -Wall -Wextra"
"Running Make include in ps7_cortexa9_0/libsrc/final_v1_0/src"
make -C ps7_cortexa9_0/libsrc/final_v1_0/src -s include  "SHELL=CMD" "COMPILER=arm-none-eabi-gcc" "ARCHIVER=arm-none-eabi-ar" "COMPILER_FLAGS=  -O2 -c" "EXTRA_COMPILER_FLAGS=-mcpu=cortex-a9 -mfpu=vfpv3 -mfloat-abi=hard -nostartfiles -g -Wall -Wextra"
"Running Make include in ps7_cortexa9_0/libsrc/qspips_v3_5/src"
make -C ps7_cortexa9_0/libsrc/qspips_v3_5/src -s include  "SHELL=CMD" "COMPILER=arm-none-eabi-gcc" "ARCHIVER=arm-none-eabi-ar" "COMPILER_FLAGS=  -O2 -c" "EXTRA_COMPILER_FLAGS=-mcpu=cortex-a9 -mfpu=vfpv3 -mfloat-abi=hard -nostartfiles -g -Wall -Wextra"
"Running Make include in ps7_cortexa9_0/libsrc/scugic_v3_10/src"
make -C ps7_cortexa9_0/libsrc/scugic_v3_10/src -s include  "SHELL=CMD" "COMPILER=arm-none-eabi-gcc" "ARCHIVER=arm-none-eabi-ar" "COMPILER_FLAGS=  -O2 -c" "EXTRA_COMPILER_FLAGS=-mcpu=cortex-a9 -mfpu=vfpv3 -mfloat-abi=hard -nostartfiles -g -Wall -Wextra"
"Running Make include in ps7_cortexa9_0/libsrc/scutimer_v2_1/src"
make -C ps7_cortexa9_0/libsrc/scutimer_v2_1/src -s include  "SHELL=CMD" "COMPILER=arm-none-eabi-gcc" "ARCHIVER=arm-none-eabi-ar" "COMPILER_FLAGS=  -O2 -c" "EXTRA_COMPILER_FLAGS=-mcpu=cortex-a9 -mfpu=vfpv3 -mfloat-abi=hard -nostartfiles -g -Wall -Wextra"
"Running Make include in ps7_cortexa9_0/libsrc/scuwdt_v2_1/src"
make -C ps7_cortexa9_0/libsrc/scuwdt_v2_1/src -s include  "SHELL=CMD" "COMPILER=arm-none-eabi-gcc" "ARCHIVER=arm-none-eabi-ar" "COMPILER_FLAGS=  -O2 -c" "EXTRA_COMPILER_FLAGS=-mcpu=cortex-a9 -mfpu=vfpv3 -mfloat-abi=hard -nostartfiles -g -Wall -Wextra"
"Running Make include in ps7_cortexa9_0/libsrc/sdps_v3_6/src"
make -C ps7_cortexa9_0/libsrc/sdps_v3_6/src -s include  "SHELL=CMD" "COMPILER=arm-none-eabi-gcc" "ARCHIVER=arm-none-eabi-ar" "COMPILER_FLAGS=  -O2 -c" "EXTRA_COMPILER_FLAGS=-mcpu=cortex-a9 -mfpu=vfpv3 -mfloat-abi=hard -nostartfiles -g -Wall -Wextra"
"Running Make include in ps7_cortexa9_0/libsrc/standalone_v6_8/src"
make -C ps7_cortexa9_0/libsrc/standalone_v6_8/src -s include  "SHELL=CMD" "COMPILER=arm-none-eabi-gcc" "ARCHIVER=arm-none-eabi-ar" "COMPILER_FLAGS=  -O2 -c" "EXTRA_COMPILER_FLAGS=-mcpu=cortex-a9 -mfpu=vfpv3 -mfloat-abi=hard -nostartfiles -g -Wall -Wextra"
"Running Make include in ps7_cortexa9_0/libsrc/uartps_v3_7/src"
make -C ps7_cortexa9_0/libsrc/uartps_v3_7/src -s include  "SHELL=CMD" "COMPILER=arm-none-eabi-gcc" "ARCHIVER=arm-none-eabi-ar" "COMPILER_FLAGS=  -O2 -c" "EXTRA_COMPILER_FLAGS=-mcpu=cortex-a9 -mfpu=vfpv3 -mfloat-abi=hard -nostartfiles -g -Wall -Wextra"
"Running Make include in ps7_cortexa9_0/libsrc/usbps_v2_4/src"
make -C ps7_cortexa9_0/libsrc/usbps_v2_4/src -s include  "SHELL=CMD" "COMPILER=arm-none-eabi-gcc" "ARCHIVER=arm-none-eabi-ar" "COMPILER_FLAGS=  -O2 -c" "EXTRA_COMPILER_FLAGS=-mcpu=cortex-a9 -mfpu=vfpv3 -mfloat-abi=hard -nostartfiles -g -Wall -Wextra"
"Running Make include in ps7_cortexa9_0/libsrc/wdtps_v3_1/src"
make -C ps7_cortexa9_0/libsrc/wdtps_v3_1/src -s include  "SHELL=CMD" "COMPILER=arm-none-eabi-gcc" "ARCHIVER=arm-none-eabi-ar" "COMPILER_FLAGS=  -O2 -c" "EXTRA_COMPILER_FLAGS=-mcpu=cortex-a9 -mfpu=vfpv3 -mfloat-abi=hard -nostartfiles -g -Wall -Wextra"
"Running Make include in ps7_cortexa9_0/libsrc/xadcps_v2_3/src"
make -C ps7_cortexa9_0/libsrc/xadcps_v2_3/src -s include  "SHELL=CMD" "COMPILER=arm-none-eabi-gcc" "ARCHIVER=arm-none-eabi-ar" "COMPILER_FLAGS=  -O2 -c" "EXTRA_COMPILER_FLAGS=-mcpu=cortex-a9 -mfpu=vfpv3 -mfloat-abi=hard -nostartfiles -g -Wall -Wextra"
"Running Make libs in ps7_cortexa9_0/libsrc/coresightps_dcc_v1_4/src"
make -C ps7_cortexa9_0/libsrc/coresightps_dcc_v1_4/src -s libs  "SHELL=CMD" "COMPILER=arm-none-eabi-gcc" "ARCHIVER=arm-none-eabi-ar" "COMPILER_FLAGS=  -O2 -c" "EXTRA_COMPILER_FLAGS=-mcpu=cortex-a9 -mfpu=vfpv3 -mfloat-abi=hard -nostartfiles -g -Wall -Wextra"
"Compiling coresightps_dcc"
"Running Make libs in ps7_cortexa9_0/libsrc/cpu_cortexa9_v2_7/src"
make -C ps7_cortexa9_0/libsrc/cpu_cortexa9_v2_7/src -s libs  "SHELL=CMD" "COMPILER=arm-none-eabi-gcc" "ARCHIVER=arm-none-eabi-ar" "COMPILER_FLAGS=  -O2 -c" "EXTRA_COMPILER_FLAGS=-mcpu=cortex-a9 -mfpu=vfpv3 -mfloat-abi=hard -nostartfiles -g -Wall -Wextra"
"Compiling cpu_cortexa9"
"Running Make libs in ps7_cortexa9_0/libsrc/ddrps_v1_0/src"
make -C ps7_cortexa9_0/libsrc/ddrps_v1_0/src -s libs  "SHELL=CMD" "COMPILER=arm-none-eabi-gcc" "ARCHIVER=arm-none-eabi-ar" "COMPILER_FLAGS=  -O2 -c" "EXTRA_COMPILER_FLAGS=-mcpu=cortex-a9 -mfpu=vfpv3 -mfloat-abi=hard -nostartfiles -g -Wall -Wextra"
"Compiling ddrps"
"Running Make libs in ps7_cortexa9_0/libsrc/devcfg_v3_5/src"
make -C ps7_cortexa9_0/libsrc/devcfg_v3_5/src -s libs  "SHELL=CMD" "COMPILER=arm-none-eabi-gcc" "ARCHIVER=arm-none-eabi-ar" "COMPILER_FLAGS=  -O2 -c" "EXTRA_COMPILER_FLAGS=-mcpu=cortex-a9 -mfpu=vfpv3 -mfloat-abi=hard -nostartfiles -g -Wall -Wextra"
"Compiling devcfg"
"Running Make libs in ps7_cortexa9_0/libsrc/dmaps_v2_4/src"
make -C ps7_cortexa9_0/libsrc/dmaps_v2_4/src -s libs  "SHELL=CMD" "COMPILER=arm-none-eabi-gcc" "ARCHIVER=arm-none-eabi-ar" "COMPILER_FLAGS=  -O2 -c" "EXTRA_COMPILER_FLAGS=-mcpu=cortex-a9 -mfpu=vfpv3 -mfloat-abi=hard -nostartfiles -g -Wall -Wextra"
"Compiling dmaps"
"Running Make libs in ps7_cortexa9_0/libsrc/emacps_v3_8/src"
make -C ps7_cortexa9_0/libsrc/emacps_v3_8/src -s libs  "SHELL=CMD" "COMPILER=arm-none-eabi-gcc" "ARCHIVER=arm-none-eabi-ar" "COMPILER_FLAGS=  -O2 -c" "EXTRA_COMPILER_FLAGS=-mcpu=cortex-a9 -mfpu=vfpv3 -mfloat-abi=hard -nostartfiles -g -Wall -Wextra"
"Compiling emacps"
"Running Make libs in ps7_cortexa9_0/libsrc/final_v1_0/src"
make -C ps7_cortexa9_0/libsrc/final_v1_0/src -s libs  "SHELL=CMD" "COMPILER=arm-none-eabi-gcc" "ARCHIVER=arm-none-eabi-ar" "COMPILER_FLAGS=  -O2 -c" "EXTRA_COMPILER_FLAGS=-mcpu=cortex-a9 -mfpu=vfpv3 -mfloat-abi=hard -nostartfiles -g -Wall -Wextra"
"Compiling final..."
final_selftest.c: In function 'FINAL_Reg_SelfTest':
final_selftest.c:52:54: warning: comparison between signed and unsigned integer expressions [-Wsign-compare]
    if ( FINAL_mReadReg (baseaddr, read_loop_index*4) != (read_loop_index+1)*READ_WRITE_MUL_FACTOR){
                                                      ^~
final_selftest.c:36:6: warning: unused variable 'Index' [-Wunused-variable]
  int Index;
      ^~~~~
"Running Make libs in ps7_cortexa9_0/libsrc/qspips_v3_5/src"
make -C ps7_cortexa9_0/libsrc/qspips_v3_5/src -s libs  "SHELL=CMD" "COMPILER=arm-none-eabi-gcc" "ARCHIVER=arm-none-eabi-ar" "COMPILER_FLAGS=  -O2 -c" "EXTRA_COMPILER_FLAGS=-mcpu=cortex-a9 -mfpu=vfpv3 -mfloat-abi=hard -nostartfiles -g -Wall -Wextra"
"Compiling qspips"
"Running Make libs in ps7_cortexa9_0/libsrc/scugic_v3_10/src"
make -C ps7_cortexa9_0/libsrc/scugic_v3_10/src -s libs  "SHELL=CMD" "COMPILER=arm-none-eabi-gcc" "ARCHIVER=arm-none-eabi-ar" "COMPILER_FLAGS=  -O2 -c" "EXTRA_COMPILER_FLAGS=-mcpu=cortex-a9 -mfpu=vfpv3 -mfloat-abi=hard -nostartfiles -g -Wall -Wextra"
"Compiling scugic"
"Running Make libs in ps7_cortexa9_0/libsrc/scutimer_v2_1/src"
make -C ps7_cortexa9_0/libsrc/scutimer_v2_1/src -s libs  "SHELL=CMD" "COMPILER=arm-none-eabi-gcc" "ARCHIVER=arm-none-eabi-ar" "COMPILER_FLAGS=  -O2 -c" "EXTRA_COMPILER_FLAGS=-mcpu=cortex-a9 -mfpu=vfpv3 -mfloat-abi=hard -nostartfiles -g -Wall -Wextra"
"Compiling scutimer"
"Running Make libs in ps7_cortexa9_0/libsrc/scuwdt_v2_1/src"
make -C ps7_cortexa9_0/libsrc/scuwdt_v2_1/src -s libs  "SHELL=CMD" "COMPILER=arm-none-eabi-gcc" "ARCHIVER=arm-none-eabi-ar" "COMPILER_FLAGS=  -O2 -c" "EXTRA_COMPILER_FLAGS=-mcpu=cortex-a9 -mfpu=vfpv3 -mfloat-abi=hard -nostartfiles -g -Wall -Wextra"
"Compiling scuwdt"
"Running Make libs in ps7_cortexa9_0/libsrc/sdps_v3_6/src"
make -C ps7_cortexa9_0/libsrc/sdps_v3_6/src -s libs  "SHELL=CMD" "COMPILER=arm-none-eabi-gcc" "ARCHIVER=arm-none-eabi-ar" "COMPILER_FLAGS=  -O2 -c" "EXTRA_COMPILER_FLAGS=-mcpu=cortex-a9 -mfpu=vfpv3 -mfloat-abi=hard -nostartfiles -g -Wall -Wextra"
"Compiling sdps"
"Running Make libs in ps7_cortexa9_0/libsrc/standalone_v6_8/src"
make -C ps7_cortexa9_0/libsrc/standalone_v6_8/src -s libs  "SHELL=CMD" "COMPILER=arm-none-eabi-gcc" "ARCHIVER=arm-none-eabi-ar" "COMPILER_FLAGS=  -O2 -c" "EXTRA_COMPILER_FLAGS=-mcpu=cortex-a9 -mfpu=vfpv3 -mfloat-abi=hard -nostartfiles -g -Wall -Wextra"
"Compiling standalone"
In file included from usleep.c:56:0:
xtime_l.h:87:9: note: #pragma message: For the sleep routines, Global timer is being used
 #pragma message ("For the sleep routines, Global timer is being used")
         ^~~~~~~
In file included from xil_sleeptimer.c:51:0:
xtime_l.h:87:9: note: #pragma message: For the sleep routines, Global timer is being used
 #pragma message ("For the sleep routines, Global timer is being used")
         ^~~~~~~
In file included from xtime_l.c:49:0:
xtime_l.h:87:9: note: #pragma message: For the sleep routines, Global timer is being used
 #pragma message ("For the sleep routines, Global timer is being used")
         ^~~~~~~
In file included from sleep.c:53:0:
xtime_l.h:87:9: note: #pragma message: For the sleep routines, Global timer is being used
 #pragma message ("For the sleep routines, Global timer is being used")
         ^~~~~~~
"Running Make libs in ps7_cortexa9_0/libsrc/uartps_v3_7/src"
make -C ps7_cortexa9_0/libsrc/uartps_v3_7/src -s libs  "SHELL=CMD" "COMPILER=arm-none-eabi-gcc" "ARCHIVER=arm-none-eabi-ar" "COMPILER_FLAGS=  -O2 -c" "EXTRA_COMPILER_FLAGS=-mcpu=cortex-a9 -mfpu=vfpv3 -mfloat-abi=hard -nostartfiles -g -Wall -Wextra"
"Compiling uartps"
"Running Make libs in ps7_cortexa9_0/libsrc/usbps_v2_4/src"
make -C ps7_cortexa9_0/libsrc/usbps_v2_4/src -s libs  "SHELL=CMD" "COMPILER=arm-none-eabi-gcc" "ARCHIVER=arm-none-eabi-ar" "COMPILER_FLAGS=  -O2 -c" "EXTRA_COMPILER_FLAGS=-mcpu=cortex-a9 -mfpu=vfpv3 -mfloat-abi=hard -nostartfiles -g -Wall -Wextra"
"Compiling usbps"
"Running Make libs in ps7_cortexa9_0/libsrc/wdtps_v3_1/src"
make -C ps7_cortexa9_0/libsrc/wdtps_v3_1/src -s libs  "SHELL=CMD" "COMPILER=arm-none-eabi-gcc" "ARCHIVER=arm-none-eabi-ar" "COMPILER_FLAGS=  -O2 -c" "EXTRA_COMPILER_FLAGS=-mcpu=cortex-a9 -mfpu=vfpv3 -mfloat-abi=hard -nostartfiles -g -Wall -Wextra"
"Compiling wdtps"
"Running Make libs in ps7_cortexa9_0/libsrc/xadcps_v2_3/src"
make -C ps7_cortexa9_0/libsrc/xadcps_v2_3/src -s libs  "SHELL=CMD" "COMPILER=arm-none-eabi-gcc" "ARCHIVER=arm-none-eabi-ar" "COMPILER_FLAGS=  -O2 -c" "EXTRA_COMPILER_FLAGS=-mcpu=cortex-a9 -mfpu=vfpv3 -mfloat-abi=hard -nostartfiles -g -Wall -Wextra"
"Compiling xadcps"
'Finished building libraries'
23:52:33 **** Build of configuration Debug for project fianl ****
make pre-build main-build 
a9-linaro-pre-build-step
' '
'Building file: ../src/helloworld.c'
'Invoking: ARM v7 gcc compiler'
arm-none-eabi-gcc -Wall -O0 -g3 -c -fmessage-length=0 -MT"src/helloworld.o" -mcpu=cortex-a9 -mfpu=vfpv3 -mfloat-abi=hard -I../../fianl_bsp/ps7_cortexa9_0/include -MMD -MP -MF"src/helloworld.d" -MT"src/helloworld.o" -o "src/helloworld.o" "../src/helloworld.c"
'Finished building: ../src/helloworld.c'
' '
'Building file: ../src/platform.c'
'Invoking: ARM v7 gcc compiler'
arm-none-eabi-gcc -Wall -O0 -g3 -c -fmessage-length=0 -MT"src/platform.o" -mcpu=cortex-a9 -mfpu=vfpv3 -mfloat-abi=hard -I../../fianl_bsp/ps7_cortexa9_0/include -MMD -MP -MF"src/platform.d" -MT"src/platform.o" -o "src/platform.o" "../src/platform.c"
'Finished building: ../src/platform.c'
' '
'Building target: fianl.elf'
'Invoking: ARM v7 gcc linker'
arm-none-eabi-gcc -mcpu=cortex-a9 -mfpu=vfpv3 -mfloat-abi=hard -Wl,-build-id=none -specs=Xilinx.spec -Wl,-T -Wl,../src/lscript.ld -L../../fianl_bsp/ps7_cortexa9_0/lib -o "fianl.elf"  ./src/helloworld.o ./src/platform.o   -Wl,--start-group,-lxil,-lgcc,-lc,--end-group
'Finished building target: fianl.elf'
' '
'Invoking: ARM v7 Print Size'
arm-none-eabi-size fianl.elf  |tee "fianl.elf.size"
   text	   data	    bss	    dec	    hex	filename
  24656	   1184	  22712	  48552	   bda8	fianl.elf
'Finished building: fianl.elf.size'
' '
23:53:07 **** Incremental Build of configuration Debug for project fianl ****
make pre-build main-build 
a9-linaro-pre-build-step
' '
make: Nothing to be done for 'main-build'.
23:53:29 **** Incremental Build of configuration Debug for project fianl ****
make pre-build main-build 
a9-linaro-pre-build-step
' '
make: Nothing to be done for 'main-build'.
23:53:47 **** Incremental Build of configuration Debug for project fianl ****
make pre-build main-build 
a9-linaro-pre-build-step
' '
make: Nothing to be done for 'main-build'.
14:46:20 **** Incremental Build of configuration Debug for project fianl ****
make pre-build main-build 
a9-linaro-pre-build-step
' '
'Building file: ../src/helloworld.c'
'Invoking: ARM v7 gcc compiler'
arm-none-eabi-gcc -Wall -O0 -g3 -c -fmessage-length=0 -MT"src/helloworld.o" -mcpu=cortex-a9 -mfpu=vfpv3 -mfloat-abi=hard -I../../fianl_bsp/ps7_cortexa9_0/include -MMD -MP -MF"src/helloworld.d" -MT"src/helloworld.o" -o "src/helloworld.o" "../src/helloworld.c"
In file included from ../src/helloworld.c:1:0:
../../fianl_bsp/ps7_cortexa9_0/include/xparameters.h:19:10: fatal error: xparameters_ps.h: No such file or directory
 #include "xparameters_ps.h"
          ^~~~~~~~~~~~~~~~~~
compilation terminated.
make: *** [src/subdir.mk:26: src/helloworld.o] Error 1
14:46:36 **** Clean-only build of configuration Debug for project fianl ****
make clean 
rm -rf  ./src/helloworld.o ./src/platform.o  ./src/helloworld.d ./src/platform.d  fianl.elf.size  fianl.elf
' '
14:46:36 **** Clean-only build of project fianl_bsp ****
make -k clean 
make -C ps7_cortexa9_0/libsrc/coresightps_dcc_v1_4/src -s clean 
make -C ps7_cortexa9_0/libsrc/cpu_cortexa9_v2_7/src -s clean 
make -C ps7_cortexa9_0/libsrc/ddrps_v1_0/src -s clean 
make -C ps7_cortexa9_0/libsrc/devcfg_v3_5/src -s clean 
make -C ps7_cortexa9_0/libsrc/dmaps_v2_4/src -s clean 
make -C ps7_cortexa9_0/libsrc/emacps_v3_8/src -s clean 
make -C ps7_cortexa9_0/libsrc/final_v1_0/src -s clean 
rm: lstat．*.o・ア英: Invalid argument
make[1]: *** [Makefile:26: clean] Error 1
make: *** [Makefile:33: ps7_cortexa9_0/libsrc/final_v1_0/src/make.clean] Error 2
make -C ps7_cortexa9_0/libsrc/qspips_v3_5/src -s clean 
make -C ps7_cortexa9_0/libsrc/scugic_v3_10/src -s clean 
make -C ps7_cortexa9_0/libsrc/scutimer_v2_1/src -s clean 
make -C ps7_cortexa9_0/libsrc/scuwdt_v2_1/src -s clean 
make -C ps7_cortexa9_0/libsrc/sdps_v3_6/src -s clean 
make -C ps7_cortexa9_0/libsrc/standalone_v6_8/src -s clean 
make -C ps7_cortexa9_0/libsrc/uartps_v3_7/src -s clean 
make -C ps7_cortexa9_0/libsrc/usbps_v2_4/src -s clean 
make -C ps7_cortexa9_0/libsrc/wdtps_v3_1/src -s clean 
make -C ps7_cortexa9_0/libsrc/xadcps_v2_3/src -s clean 
make: Target 'clean' not remade because of errors.
14:46:37 **** Build of project fianl_bsp ****
make -k all 
"Running Make include in ps7_cortexa9_0/libsrc/coresightps_dcc_v1_4/src"
make -C ps7_cortexa9_0/libsrc/coresightps_dcc_v1_4/src -s include  "SHELL=CMD" "COMPILER=arm-none-eabi-gcc" "ARCHIVER=arm-none-eabi-ar" "COMPILER_FLAGS=  -O2 -c" "EXTRA_COMPILER_FLAGS=-mcpu=cortex-a9 -mfpu=vfpv3 -mfloat-abi=hard -nostartfiles -g -Wall -Wextra"
"Running Make include in ps7_cortexa9_0/libsrc/cpu_cortexa9_v2_7/src"
make -C ps7_cortexa9_0/libsrc/cpu_cortexa9_v2_7/src -s include  "SHELL=CMD" "COMPILER=arm-none-eabi-gcc" "ARCHIVER=arm-none-eabi-ar" "COMPILER_FLAGS=  -O2 -c" "EXTRA_COMPILER_FLAGS=-mcpu=cortex-a9 -mfpu=vfpv3 -mfloat-abi=hard -nostartfiles -g -Wall -Wextra"
"Running Make include in ps7_cortexa9_0/libsrc/ddrps_v1_0/src"
make -C ps7_cortexa9_0/libsrc/ddrps_v1_0/src -s include  "SHELL=CMD" "COMPILER=arm-none-eabi-gcc" "ARCHIVER=arm-none-eabi-ar" "COMPILER_FLAGS=  -O2 -c" "EXTRA_COMPILER_FLAGS=-mcpu=cortex-a9 -mfpu=vfpv3 -mfloat-abi=hard -nostartfiles -g -Wall -Wextra"
"Running Make include in ps7_cortexa9_0/libsrc/devcfg_v3_5/src"
make -C ps7_cortexa9_0/libsrc/devcfg_v3_5/src -s include  "SHELL=CMD" "COMPILER=arm-none-eabi-gcc" "ARCHIVER=arm-none-eabi-ar" "COMPILER_FLAGS=  -O2 -c" "EXTRA_COMPILER_FLAGS=-mcpu=cortex-a9 -mfpu=vfpv3 -mfloat-abi=hard -nostartfiles -g -Wall -Wextra"
"Running Make include in ps7_cortexa9_0/libsrc/dmaps_v2_4/src"
make -C ps7_cortexa9_0/libsrc/dmaps_v2_4/src -s include  "SHELL=CMD" "COMPILER=arm-none-eabi-gcc" "ARCHIVER=arm-none-eabi-ar" "COMPILER_FLAGS=  -O2 -c" "EXTRA_COMPILER_FLAGS=-mcpu=cortex-a9 -mfpu=vfpv3 -mfloat-abi=hard -nostartfiles -g -Wall -Wextra"
"Running Make include in ps7_cortexa9_0/libsrc/emacps_v3_8/src"
make -C ps7_cortexa9_0/libsrc/emacps_v3_8/src -s include  "SHELL=CMD" "COMPILER=arm-none-eabi-gcc" "ARCHIVER=arm-none-eabi-ar" "COMPILER_FLAGS=  -O2 -c" "EXTRA_COMPILER_FLAGS=-mcpu=cortex-a9 -mfpu=vfpv3 -mfloat-abi=hard -nostartfiles -g -Wall -Wextra"
"Running Make include in ps7_cortexa9_0/libsrc/final_v1_0/src"
make -C ps7_cortexa9_0/libsrc/final_v1_0/src -s include  "SHELL=CMD" "COMPILER=arm-none-eabi-gcc" "ARCHIVER=arm-none-eabi-ar" "COMPILER_FLAGS=  -O2 -c" "EXTRA_COMPILER_FLAGS=-mcpu=cortex-a9 -mfpu=vfpv3 -mfloat-abi=hard -nostartfiles -g -Wall -Wextra"
"Running Make include in ps7_cortexa9_0/libsrc/qspips_v3_5/src"
make -C ps7_cortexa9_0/libsrc/qspips_v3_5/src -s include  "SHELL=CMD" "COMPILER=arm-none-eabi-gcc" "ARCHIVER=arm-none-eabi-ar" "COMPILER_FLAGS=  -O2 -c" "EXTRA_COMPILER_FLAGS=-mcpu=cortex-a9 -mfpu=vfpv3 -mfloat-abi=hard -nostartfiles -g -Wall -Wextra"
"Running Make include in ps7_cortexa9_0/libsrc/scugic_v3_10/src"
make -C ps7_cortexa9_0/libsrc/scugic_v3_10/src -s include  "SHELL=CMD" "COMPILER=arm-none-eabi-gcc" "ARCHIVER=arm-none-eabi-ar" "COMPILER_FLAGS=  -O2 -c" "EXTRA_COMPILER_FLAGS=-mcpu=cortex-a9 -mfpu=vfpv3 -mfloat-abi=hard -nostartfiles -g -Wall -Wextra"
"Running Make include in ps7_cortexa9_0/libsrc/scutimer_v2_1/src"
make -C ps7_cortexa9_0/libsrc/scutimer_v2_1/src -s include  "SHELL=CMD" "COMPILER=arm-none-eabi-gcc" "ARCHIVER=arm-none-eabi-ar" "COMPILER_FLAGS=  -O2 -c" "EXTRA_COMPILER_FLAGS=-mcpu=cortex-a9 -mfpu=vfpv3 -mfloat-abi=hard -nostartfiles -g -Wall -Wextra"
"Running Make include in ps7_cortexa9_0/libsrc/scuwdt_v2_1/src"
make -C ps7_cortexa9_0/libsrc/scuwdt_v2_1/src -s include  "SHELL=CMD" "COMPILER=arm-none-eabi-gcc" "ARCHIVER=arm-none-eabi-ar" "COMPILER_FLAGS=  -O2 -c" "EXTRA_COMPILER_FLAGS=-mcpu=cortex-a9 -mfpu=vfpv3 -mfloat-abi=hard -nostartfiles -g -Wall -Wextra"
"Running Make include in ps7_cortexa9_0/libsrc/sdps_v3_6/src"
make -C ps7_cortexa9_0/libsrc/sdps_v3_6/src -s include  "SHELL=CMD" "COMPILER=arm-none-eabi-gcc" "ARCHIVER=arm-none-eabi-ar" "COMPILER_FLAGS=  -O2 -c" "EXTRA_COMPILER_FLAGS=-mcpu=cortex-a9 -mfpu=vfpv3 -mfloat-abi=hard -nostartfiles -g -Wall -Wextra"
"Running Make include in ps7_cortexa9_0/libsrc/standalone_v6_8/src"
make -C ps7_cortexa9_0/libsrc/standalone_v6_8/src -s include  "SHELL=CMD" "COMPILER=arm-none-eabi-gcc" "ARCHIVER=arm-none-eabi-ar" "COMPILER_FLAGS=  -O2 -c" "EXTRA_COMPILER_FLAGS=-mcpu=cortex-a9 -mfpu=vfpv3 -mfloat-abi=hard -nostartfiles -g -Wall -Wextra"
"Running Make include in ps7_cortexa9_0/libsrc/uartps_v3_7/src"
make -C ps7_cortexa9_0/libsrc/uartps_v3_7/src -s include  "SHELL=CMD" "COMPILER=arm-none-eabi-gcc" "ARCHIVER=arm-none-eabi-ar" "COMPILER_FLAGS=  -O2 -c" "EXTRA_COMPILER_FLAGS=-mcpu=cortex-a9 -mfpu=vfpv3 -mfloat-abi=hard -nostartfiles -g -Wall -Wextra"
"Running Make include in ps7_cortexa9_0/libsrc/usbps_v2_4/src"
make -C ps7_cortexa9_0/libsrc/usbps_v2_4/src -s include  "SHELL=CMD" "COMPILER=arm-none-eabi-gcc" "ARCHIVER=arm-none-eabi-ar" "COMPILER_FLAGS=  -O2 -c" "EXTRA_COMPILER_FLAGS=-mcpu=cortex-a9 -mfpu=vfpv3 -mfloat-abi=hard -nostartfiles -g -Wall -Wextra"
"Running Make include in ps7_cortexa9_0/libsrc/wdtps_v3_1/src"
make -C ps7_cortexa9_0/libsrc/wdtps_v3_1/src -s include  "SHELL=CMD" "COMPILER=arm-none-eabi-gcc" "ARCHIVER=arm-none-eabi-ar" "COMPILER_FLAGS=  -O2 -c" "EXTRA_COMPILER_FLAGS=-mcpu=cortex-a9 -mfpu=vfpv3 -mfloat-abi=hard -nostartfiles -g -Wall -Wextra"
"Running Make include in ps7_cortexa9_0/libsrc/xadcps_v2_3/src"
make -C ps7_cortexa9_0/libsrc/xadcps_v2_3/src -s include  "SHELL=CMD" "COMPILER=arm-none-eabi-gcc" "ARCHIVER=arm-none-eabi-ar" "COMPILER_FLAGS=  -O2 -c" "EXTRA_COMPILER_FLAGS=-mcpu=cortex-a9 -mfpu=vfpv3 -mfloat-abi=hard -nostartfiles -g -Wall -Wextra"
"Running Make libs in ps7_cortexa9_0/libsrc/coresightps_dcc_v1_4/src"
make -C ps7_cortexa9_0/libsrc/coresightps_dcc_v1_4/src -s libs  "SHELL=CMD" "COMPILER=arm-none-eabi-gcc" "ARCHIVER=arm-none-eabi-ar" "COMPILER_FLAGS=  -O2 -c" "EXTRA_COMPILER_FLAGS=-mcpu=cortex-a9 -mfpu=vfpv3 -mfloat-abi=hard -nostartfiles -g -Wall -Wextra"
"Compiling coresightps_dcc"
arm-none-eabi-ar: creating ../../../lib/libxil.a
"Running Make libs in ps7_cortexa9_0/libsrc/cpu_cortexa9_v2_7/src"
make -C ps7_cortexa9_0/libsrc/cpu_cortexa9_v2_7/src -s libs  "SHELL=CMD" "COMPILER=arm-none-eabi-gcc" "ARCHIVER=arm-none-eabi-ar" "COMPILER_FLAGS=  -O2 -c" "EXTRA_COMPILER_FLAGS=-mcpu=cortex-a9 -mfpu=vfpv3 -mfloat-abi=hard -nostartfiles -g -Wall -Wextra"
"Compiling cpu_cortexa9"
"Running Make libs in ps7_cortexa9_0/libsrc/ddrps_v1_0/src"
make -C ps7_cortexa9_0/libsrc/ddrps_v1_0/src -s libs  "SHELL=CMD" "COMPILER=arm-none-eabi-gcc" "ARCHIVER=arm-none-eabi-ar" "COMPILER_FLAGS=  -O2 -c" "EXTRA_COMPILER_FLAGS=-mcpu=cortex-a9 -mfpu=vfpv3 -mfloat-abi=hard -nostartfiles -g -Wall -Wextra"
"Compiling ddrps"
"Running Make libs in ps7_cortexa9_0/libsrc/devcfg_v3_5/src"
make -C ps7_cortexa9_0/libsrc/devcfg_v3_5/src -s libs  "SHELL=CMD" "COMPILER=arm-none-eabi-gcc" "ARCHIVER=arm-none-eabi-ar" "COMPILER_FLAGS=  -O2 -c" "EXTRA_COMPILER_FLAGS=-mcpu=cortex-a9 -mfpu=vfpv3 -mfloat-abi=hard -nostartfiles -g -Wall -Wextra"
"Compiling devcfg"
"Running Make libs in ps7_cortexa9_0/libsrc/dmaps_v2_4/src"
make -C ps7_cortexa9_0/libsrc/dmaps_v2_4/src -s libs  "SHELL=CMD" "COMPILER=arm-none-eabi-gcc" "ARCHIVER=arm-none-eabi-ar" "COMPILER_FLAGS=  -O2 -c" "EXTRA_COMPILER_FLAGS=-mcpu=cortex-a9 -mfpu=vfpv3 -mfloat-abi=hard -nostartfiles -g -Wall -Wextra"
"Compiling dmaps"
"Running Make libs in ps7_cortexa9_0/libsrc/emacps_v3_8/src"
make -C ps7_cortexa9_0/libsrc/emacps_v3_8/src -s libs  "SHELL=CMD" "COMPILER=arm-none-eabi-gcc" "ARCHIVER=arm-none-eabi-ar" "COMPILER_FLAGS=  -O2 -c" "EXTRA_COMPILER_FLAGS=-mcpu=cortex-a9 -mfpu=vfpv3 -mfloat-abi=hard -nostartfiles -g -Wall -Wextra"
"Compiling emacps"
"Running Make libs in ps7_cortexa9_0/libsrc/final_v1_0/src"
make -C ps7_cortexa9_0/libsrc/final_v1_0/src -s libs  "SHELL=CMD" "COMPILER=arm-none-eabi-gcc" "ARCHIVER=arm-none-eabi-ar" "COMPILER_FLAGS=  -O2 -c" "EXTRA_COMPILER_FLAGS=-mcpu=cortex-a9 -mfpu=vfpv3 -mfloat-abi=hard -nostartfiles -g -Wall -Wextra"
"Compiling final..."
final_selftest.c: In function 'FINAL_Reg_SelfTest':
final_selftest.c:52:54: warning: comparison between signed and unsigned integer expressions [-Wsign-compare]
    if ( FINAL_mReadReg (baseaddr, read_loop_index*4) != (read_loop_index+1)*READ_WRITE_MUL_FACTOR){
                                                      ^~
final_selftest.c:36:6: warning: unused variable 'Index' [-Wunused-variable]
  int Index;
      ^~~~~
"Running Make libs in ps7_cortexa9_0/libsrc/qspips_v3_5/src"
make -C ps7_cortexa9_0/libsrc/qspips_v3_5/src -s libs  "SHELL=CMD" "COMPILER=arm-none-eabi-gcc" "ARCHIVER=arm-none-eabi-ar" "COMPILER_FLAGS=  -O2 -c" "EXTRA_COMPILER_FLAGS=-mcpu=cortex-a9 -mfpu=vfpv3 -mfloat-abi=hard -nostartfiles -g -Wall -Wextra"
"Compiling qspips"
"Running Make libs in ps7_cortexa9_0/libsrc/scugic_v3_10/src"
make -C ps7_cortexa9_0/libsrc/scugic_v3_10/src -s libs  "SHELL=CMD" "COMPILER=arm-none-eabi-gcc" "ARCHIVER=arm-none-eabi-ar" "COMPILER_FLAGS=  -O2 -c" "EXTRA_COMPILER_FLAGS=-mcpu=cortex-a9 -mfpu=vfpv3 -mfloat-abi=hard -nostartfiles -g -Wall -Wextra"
"Compiling scugic"
"Running Make libs in ps7_cortexa9_0/libsrc/scutimer_v2_1/src"
make -C ps7_cortexa9_0/libsrc/scutimer_v2_1/src -s libs  "SHELL=CMD" "COMPILER=arm-none-eabi-gcc" "ARCHIVER=arm-none-eabi-ar" "COMPILER_FLAGS=  -O2 -c" "EXTRA_COMPILER_FLAGS=-mcpu=cortex-a9 -mfpu=vfpv3 -mfloat-abi=hard -nostartfiles -g -Wall -Wextra"
"Compiling scutimer"
"Running Make libs in ps7_cortexa9_0/libsrc/scuwdt_v2_1/src"
make -C ps7_cortexa9_0/libsrc/scuwdt_v2_1/src -s libs  "SHELL=CMD" "COMPILER=arm-none-eabi-gcc" "ARCHIVER=arm-none-eabi-ar" "COMPILER_FLAGS=  -O2 -c" "EXTRA_COMPILER_FLAGS=-mcpu=cortex-a9 -mfpu=vfpv3 -mfloat-abi=hard -nostartfiles -g -Wall -Wextra"
"Compiling scuwdt"
"Running Make libs in ps7_cortexa9_0/libsrc/sdps_v3_6/src"
make -C ps7_cortexa9_0/libsrc/sdps_v3_6/src -s libs  "SHELL=CMD" "COMPILER=arm-none-eabi-gcc" "ARCHIVER=arm-none-eabi-ar" "COMPILER_FLAGS=  -O2 -c" "EXTRA_COMPILER_FLAGS=-mcpu=cortex-a9 -mfpu=vfpv3 -mfloat-abi=hard -nostartfiles -g -Wall -Wextra"
"Compiling sdps"
"Running Make libs in ps7_cortexa9_0/libsrc/standalone_v6_8/src"
make -C ps7_cortexa9_0/libsrc/standalone_v6_8/src -s libs  "SHELL=CMD" "COMPILER=arm-none-eabi-gcc" "ARCHIVER=arm-none-eabi-ar" "COMPILER_FLAGS=  -O2 -c" "EXTRA_COMPILER_FLAGS=-mcpu=cortex-a9 -mfpu=vfpv3 -mfloat-abi=hard -nostartfiles -g -Wall -Wextra"
"Compiling standalone"
In file included from usleep.c:56:0:
xtime_l.h:87:9: note: #pragma message: For the sleep routines, Global timer is being used
 #pragma message ("For the sleep routines, Global timer is being used")
         ^~~~~~~
In file included from xil_sleeptimer.c:51:0:
xtime_l.h:87:9: note: #pragma message: For the sleep routines, Global timer is being used
 #pragma message ("For the sleep routines, Global timer is being used")
         ^~~~~~~
In file included from xtime_l.c:49:0:
xtime_l.h:87:9: note: #pragma message: For the sleep routines, Global timer is being used
 #pragma message ("For the sleep routines, Global timer is being used")
         ^~~~~~~
In file included from sleep.c:53:0:
xtime_l.h:87:9: note: #pragma message: For the sleep routines, Global timer is being used
 #pragma message ("For the sleep routines, Global timer is being used")
         ^~~~~~~
"Running Make libs in ps7_cortexa9_0/libsrc/uartps_v3_7/src"
make -C ps7_cortexa9_0/libsrc/uartps_v3_7/src -s libs  "SHELL=CMD" "COMPILER=arm-none-eabi-gcc" "ARCHIVER=arm-none-eabi-ar" "COMPILER_FLAGS=  -O2 -c" "EXTRA_COMPILER_FLAGS=-mcpu=cortex-a9 -mfpu=vfpv3 -mfloat-abi=hard -nostartfiles -g -Wall -Wextra"
"Compiling uartps"
"Running Make libs in ps7_cortexa9_0/libsrc/usbps_v2_4/src"
make -C ps7_cortexa9_0/libsrc/usbps_v2_4/src -s libs  "SHELL=CMD" "COMPILER=arm-none-eabi-gcc" "ARCHIVER=arm-none-eabi-ar" "COMPILER_FLAGS=  -O2 -c" "EXTRA_COMPILER_FLAGS=-mcpu=cortex-a9 -mfpu=vfpv3 -mfloat-abi=hard -nostartfiles -g -Wall -Wextra"
"Compiling usbps"
"Running Make libs in ps7_cortexa9_0/libsrc/wdtps_v3_1/src"
make -C ps7_cortexa9_0/libsrc/wdtps_v3_1/src -s libs  "SHELL=CMD" "COMPILER=arm-none-eabi-gcc" "ARCHIVER=arm-none-eabi-ar" "COMPILER_FLAGS=  -O2 -c" "EXTRA_COMPILER_FLAGS=-mcpu=cortex-a9 -mfpu=vfpv3 -mfloat-abi=hard -nostartfiles -g -Wall -Wextra"
"Compiling wdtps"
"Running Make libs in ps7_cortexa9_0/libsrc/xadcps_v2_3/src"
make -C ps7_cortexa9_0/libsrc/xadcps_v2_3/src -s libs  "SHELL=CMD" "COMPILER=arm-none-eabi-gcc" "ARCHIVER=arm-none-eabi-ar" "COMPILER_FLAGS=  -O2 -c" "EXTRA_COMPILER_FLAGS=-mcpu=cortex-a9 -mfpu=vfpv3 -mfloat-abi=hard -nostartfiles -g -Wall -Wextra"
"Compiling xadcps"
'Finished building libraries'
14:46:56 **** Build of configuration Debug for project fianl ****
make pre-build main-build 
a9-linaro-pre-build-step
' '
'Building file: ../src/helloworld.c'
'Invoking: ARM v7 gcc compiler'
arm-none-eabi-gcc -Wall -O0 -g3 -c -fmessage-length=0 -MT"src/helloworld.o" -mcpu=cortex-a9 -mfpu=vfpv3 -mfloat-abi=hard -I../../fianl_bsp/ps7_cortexa9_0/include -MMD -MP -MF"src/helloworld.d" -MT"src/helloworld.o" -o "src/helloworld.o" "../src/helloworld.c"
'Finished building: ../src/helloworld.c'
' '
'Building file: ../src/platform.c'
'Invoking: ARM v7 gcc compiler'
arm-none-eabi-gcc -Wall -O0 -g3 -c -fmessage-length=0 -MT"src/platform.o" -mcpu=cortex-a9 -mfpu=vfpv3 -mfloat-abi=hard -I../../fianl_bsp/ps7_cortexa9_0/include -MMD -MP -MF"src/platform.d" -MT"src/platform.o" -o "src/platform.o" "../src/platform.c"
'Finished building: ../src/platform.c'
' '
'Building target: fianl.elf'
'Invoking: ARM v7 gcc linker'
arm-none-eabi-gcc -mcpu=cortex-a9 -mfpu=vfpv3 -mfloat-abi=hard -Wl,-build-id=none -specs=Xilinx.spec -Wl,-T -Wl,../src/lscript.ld -L../../fianl_bsp/ps7_cortexa9_0/lib -o "fianl.elf"  ./src/helloworld.o ./src/platform.o   -Wl,--start-group,-lxil,-lgcc,-lc,--end-group
'Finished building target: fianl.elf'
' '
'Invoking: ARM v7 Print Size'
arm-none-eabi-size fianl.elf  |tee "fianl.elf.size"
   text	   data	    bss	    dec	    hex	filename
  24656	   1184	  22712	  48552	   bda8	fianl.elf
'Finished building: fianl.elf.size'
' '
14:47:05 **** Incremental Build of configuration Debug for project fianl ****
make pre-build main-build 
a9-linaro-pre-build-step
' '
make: Nothing to be done for 'main-build'.
14:48:53 **** Auto Build of configuration Debug for project fianl ****
make pre-build main-build 
a9-linaro-pre-build-step
' '
'Building file: ../src/helloworld.c'
'Invoking: ARM v7 gcc compiler'
arm-none-eabi-gcc -Wall -O0 -g3 -c -fmessage-length=0 -MT"src/helloworld.o" -mcpu=cortex-a9 -mfpu=vfpv3 -mfloat-abi=hard -I../../fianl_bsp/ps7_cortexa9_0/include -MMD -MP -MF"src/helloworld.d" -MT"src/helloworld.o" -o "src/helloworld.o" "../src/helloworld.c"
'Finished building: ../src/helloworld.c'
' '
'Building target: fianl.elf'
'Invoking: ARM v7 gcc linker'
arm-none-eabi-gcc -mcpu=cortex-a9 -mfpu=vfpv3 -mfloat-abi=hard -Wl,-build-id=none -specs=Xilinx.spec -Wl,-T -Wl,../src/lscript.ld -L../../fianl_bsp/ps7_cortexa9_0/lib -o "fianl.elf"  ./src/helloworld.o ./src/platform.o   -Wl,--start-group,-lxil,-lgcc,-lc,--end-group
'Finished building target: fianl.elf'
' '
'Invoking: ARM v7 Print Size'
arm-none-eabi-size fianl.elf  |tee "fianl.elf.size"
   text	   data	    bss	    dec	    hex	filename
  24592	   1184	  22712	  48488	   bd68	fianl.elf
'Finished building: fianl.elf.size'
' '
14:48:59 **** Incremental Build of configuration Debug for project fianl ****
make pre-build main-build 
a9-linaro-pre-build-step
' '
make: Nothing to be done for 'main-build'.
14:49:26 **** Incremental Build of configuration Debug for project fianl ****
make pre-build main-build 
a9-linaro-pre-build-step
' '
make: Nothing to be done for 'main-build'.
14:50:10 **** Incremental Build of configuration Debug for project fianl ****
make pre-build main-build 
a9-linaro-pre-build-step
' '
make: Nothing to be done for 'main-build'.
14:50:27 **** Auto Build of configuration Debug for project fianl ****
make pre-build main-build 
a9-linaro-pre-build-step
' '
'Building file: ../src/helloworld.c'
'Invoking: ARM v7 gcc compiler'
arm-none-eabi-gcc -Wall -O0 -g3 -c -fmessage-length=0 -MT"src/helloworld.o" -mcpu=cortex-a9 -mfpu=vfpv3 -mfloat-abi=hard -I../../fianl_bsp/ps7_cortexa9_0/include -MMD -MP -MF"src/helloworld.d" -MT"src/helloworld.o" -o "src/helloworld.o" "../src/helloworld.c"
'Finished building: ../src/helloworld.c'
' '
'Building target: fianl.elf'
'Invoking: ARM v7 gcc linker'
arm-none-eabi-gcc -mcpu=cortex-a9 -mfpu=vfpv3 -mfloat-abi=hard -Wl,-build-id=none -specs=Xilinx.spec -Wl,-T -Wl,../src/lscript.ld -L../../fianl_bsp/ps7_cortexa9_0/lib -o "fianl.elf"  ./src/helloworld.o ./src/platform.o   -Wl,--start-group,-lxil,-lgcc,-lc,--end-group
'Finished building target: fianl.elf'
' '
'Invoking: ARM v7 Print Size'
arm-none-eabi-size fianl.elf  |tee "fianl.elf.size"
   text	   data	    bss	    dec	    hex	filename
  24656	   1184	  22712	  48552	   bda8	fianl.elf
'Finished building: fianl.elf.size'
' '
14:54:06 **** Auto Build of configuration Debug for project fianl ****
make pre-build main-build 
a9-linaro-pre-build-step
' '
'Building file: ../src/helloworld.c'
'Invoking: ARM v7 gcc compiler'
arm-none-eabi-gcc -Wall -O0 -g3 -c -fmessage-length=0 -MT"src/helloworld.o" -mcpu=cortex-a9 -mfpu=vfpv3 -mfloat-abi=hard -I../../fianl_bsp/ps7_cortexa9_0/include -MMD -MP -MF"src/helloworld.d" -MT"src/helloworld.o" -o "src/helloworld.o" "../src/helloworld.c"
../src/helloworld.c: In function 'main':
../src/helloworld.c:63:32: error: 'value' undeclared (first use in this function); did you mean '_glue'?
          XUartPs_Send(&Uart0, &value, 1);
                                ^~~~~
                                _glue
../src/helloworld.c:63:32: note: each undeclared identifier is reported only once for each function it appears in
make: *** [src/subdir.mk:26: src/helloworld.o] Error 1
14:54:59 **** Auto Build of configuration Debug for project fianl ****
make pre-build main-build 
a9-linaro-pre-build-step
' '
'Building file: ../src/helloworld.c'
'Invoking: ARM v7 gcc compiler'
arm-none-eabi-gcc -Wall -O0 -g3 -c -fmessage-length=0 -MT"src/helloworld.o" -mcpu=cortex-a9 -mfpu=vfpv3 -mfloat-abi=hard -I../../fianl_bsp/ps7_cortexa9_0/include -MMD -MP -MF"src/helloworld.d" -MT"src/helloworld.o" -o "src/helloworld.o" "../src/helloworld.c"
../src/helloworld.c: In function 'main':
../src/helloworld.c:63:31: warning: passing argument 2 of 'XUartPs_Send' makes pointer from integer without a cast [-Wint-conversion]
          XUartPs_Send(&Uart0, 'S', 1);
                               ^~~
In file included from ../src/helloworld.c:2:0:
../../fianl_bsp/ps7_cortexa9_0/include/xuartps.h:462:5: note: expected 'u8 * {aka unsigned char *}' but argument is of type 'int'
 u32 XUartPs_Send(XUartPs *InstancePtr,u8 *BufferPtr,
     ^~~~~~~~~~~~
'Finished building: ../src/helloworld.c'
' '
'Building target: fianl.elf'
'Invoking: ARM v7 gcc linker'
arm-none-eabi-gcc -mcpu=cortex-a9 -mfpu=vfpv3 -mfloat-abi=hard -Wl,-build-id=none -specs=Xilinx.spec -Wl,-T -Wl,../src/lscript.ld -L../../fianl_bsp/ps7_cortexa9_0/lib -o "fianl.elf"  ./src/helloworld.o ./src/platform.o   -Wl,--start-group,-lxil,-lgcc,-lc,--end-group
'Finished building target: fianl.elf'
' '
'Invoking: ARM v7 Print Size'
arm-none-eabi-size fianl.elf  |tee "fianl.elf.size"
   text	   data	    bss	    dec	    hex	filename
  24592	   1184	  22712	  48488	   bd68	fianl.elf
'Finished building: fianl.elf.size'
' '
14:56:15 **** Auto Build of configuration Debug for project fianl ****
make pre-build main-build 
a9-linaro-pre-build-step
' '
'Building file: ../src/helloworld.c'
'Invoking: ARM v7 gcc compiler'
arm-none-eabi-gcc -Wall -O0 -g3 -c -fmessage-length=0 -MT"src/helloworld.o" -mcpu=cortex-a9 -mfpu=vfpv3 -mfloat-abi=hard -I../../fianl_bsp/ps7_cortexa9_0/include -MMD -MP -MF"src/helloworld.d" -MT"src/helloworld.o" -o "src/helloworld.o" "../src/helloworld.c"
'Finished building: ../src/helloworld.c'
' '
'Building target: fianl.elf'
'Invoking: ARM v7 gcc linker'
arm-none-eabi-gcc -mcpu=cortex-a9 -mfpu=vfpv3 -mfloat-abi=hard -Wl,-build-id=none -specs=Xilinx.spec -Wl,-T -Wl,../src/lscript.ld -L../../fianl_bsp/ps7_cortexa9_0/lib -o "fianl.elf"  ./src/helloworld.o ./src/platform.o   -Wl,--start-group,-lxil,-lgcc,-lc,--end-group
'Finished building target: fianl.elf'
' '
'Invoking: ARM v7 Print Size'
arm-none-eabi-size fianl.elf  |tee "fianl.elf.size"
   text	   data	    bss	    dec	    hex	filename
  24168	   1184	  22712	  48064	   bbc0	fianl.elf
'Finished building: fianl.elf.size'
' '
14:56:27 **** Incremental Build of configuration Debug for project fianl ****
make pre-build main-build 
a9-linaro-pre-build-step
' '
make: Nothing to be done for 'main-build'.
14:56:50 **** Incremental Build of configuration Debug for project fianl ****
make pre-build main-build 
a9-linaro-pre-build-step
' '
make: Nothing to be done for 'main-build'.
14:59:34 **** Auto Build of configuration Debug for project fianl ****
make pre-build main-build 
a9-linaro-pre-build-step
' '
'Building file: ../src/helloworld.c'
'Invoking: ARM v7 gcc compiler'
arm-none-eabi-gcc -Wall -O0 -g3 -c -fmessage-length=0 -MT"src/helloworld.o" -mcpu=cortex-a9 -mfpu=vfpv3 -mfloat-abi=hard -I../../fianl_bsp/ps7_cortexa9_0/include -MMD -MP -MF"src/helloworld.d" -MT"src/helloworld.o" -o "src/helloworld.o" "../src/helloworld.c"
../src/helloworld.c: In function 'main':
../src/helloworld.c:60:35: error: 'XUartPs {aka struct <anonymous>}' has no member named 'BaseAddress'
             XUartPs_SendByte(Uart0.BaseAddress, 'A');
                                   ^
make: *** [src/subdir.mk:26: src/helloworld.o] Error 1
15:02:36 **** Auto Build of configuration Debug for project fianl ****
make pre-build main-build 
a9-linaro-pre-build-step
' '
'Building file: ../src/helloworld.c'
'Invoking: ARM v7 gcc compiler'
arm-none-eabi-gcc -Wall -O0 -g3 -c -fmessage-length=0 -MT"src/helloworld.o" -mcpu=cortex-a9 -mfpu=vfpv3 -mfloat-abi=hard -I../../fianl_bsp/ps7_cortexa9_0/include -MMD -MP -MF"src/helloworld.d" -MT"src/helloworld.o" -o "src/helloworld.o" "../src/helloworld.c"
../src/helloworld.c: In function 'main':
../src/helloworld.c:53:5: warning: implicit declaration of function 'Xil_SetStdoutUart' [-Wimplicit-function-declaration]
     Xil_SetStdoutUart(Uart1.Config.BaseAddress);
     ^~~~~~~~~~~~~~~~~
'Finished building: ../src/helloworld.c'
' '
'Building target: fianl.elf'
'Invoking: ARM v7 gcc linker'
arm-none-eabi-gcc -mcpu=cortex-a9 -mfpu=vfpv3 -mfloat-abi=hard -Wl,-build-id=none -specs=Xilinx.spec -Wl,-T -Wl,../src/lscript.ld -L../../fianl_bsp/ps7_cortexa9_0/lib -o "fianl.elf"  ./src/helloworld.o ./src/platform.o   -Wl,--start-group,-lxil,-lgcc,-lc,--end-group
./src/helloworld.o: In function `main':
C:\soc\final\final.sdk\fianl\Debug/../src/helloworld.c:53: undefined reference to `Xil_SetStdoutUart'
collect2.exe: error: ld returned 1 exit status
make: *** [makefile:41: fianl.elf] Error 1
15:07:02 **** Auto Build of project fianl_bsp ****
make -k all 
"Running Make include in ps7_cortexa9_0/libsrc/coresightps_dcc_v1_4/src"
make -C ps7_cortexa9_0/libsrc/coresightps_dcc_v1_4/src -s include  "SHELL=CMD" "COMPILER=arm-none-eabi-gcc" "ARCHIVER=arm-none-eabi-ar" "COMPILER_FLAGS=  -O2 -c" "EXTRA_COMPILER_FLAGS=-mcpu=cortex-a9 -mfpu=vfpv3 -mfloat-abi=hard -nostartfiles -g -Wall -Wextra"
"Running Make include in ps7_cortexa9_0/libsrc/cpu_cortexa9_v2_7/src"
make -C ps7_cortexa9_0/libsrc/cpu_cortexa9_v2_7/src -s include  "SHELL=CMD" "COMPILER=arm-none-eabi-gcc" "ARCHIVER=arm-none-eabi-ar" "COMPILER_FLAGS=  -O2 -c" "EXTRA_COMPILER_FLAGS=-mcpu=cortex-a9 -mfpu=vfpv3 -mfloat-abi=hard -nostartfiles -g -Wall -Wextra"
"Running Make include in ps7_cortexa9_0/libsrc/ddrps_v1_0/src"
make -C ps7_cortexa9_0/libsrc/ddrps_v1_0/src -s include  "SHELL=CMD" "COMPILER=arm-none-eabi-gcc" "ARCHIVER=arm-none-eabi-ar" "COMPILER_FLAGS=  -O2 -c" "EXTRA_COMPILER_FLAGS=-mcpu=cortex-a9 -mfpu=vfpv3 -mfloat-abi=hard -nostartfiles -g -Wall -Wextra"
"Running Make include in ps7_cortexa9_0/libsrc/devcfg_v3_5/src"
make -C ps7_cortexa9_0/libsrc/devcfg_v3_5/src -s include  "SHELL=CMD" "COMPILER=arm-none-eabi-gcc" "ARCHIVER=arm-none-eabi-ar" "COMPILER_FLAGS=  -O2 -c" "EXTRA_COMPILER_FLAGS=-mcpu=cortex-a9 -mfpu=vfpv3 -mfloat-abi=hard -nostartfiles -g -Wall -Wextra"
"Running Make include in ps7_cortexa9_0/libsrc/dmaps_v2_4/src"
make -C ps7_cortexa9_0/libsrc/dmaps_v2_4/src -s include  "SHELL=CMD" "COMPILER=arm-none-eabi-gcc" "ARCHIVER=arm-none-eabi-ar" "COMPILER_FLAGS=  -O2 -c" "EXTRA_COMPILER_FLAGS=-mcpu=cortex-a9 -mfpu=vfpv3 -mfloat-abi=hard -nostartfiles -g -Wall -Wextra"
"Running Make include in ps7_cortexa9_0/libsrc/emacps_v3_8/src"
make -C ps7_cortexa9_0/libsrc/emacps_v3_8/src -s include  "SHELL=CMD" "COMPILER=arm-none-eabi-gcc" "ARCHIVER=arm-none-eabi-ar" "COMPILER_FLAGS=  -O2 -c" "EXTRA_COMPILER_FLAGS=-mcpu=cortex-a9 -mfpu=vfpv3 -mfloat-abi=hard -nostartfiles -g -Wall -Wextra"
"Running Make include in ps7_cortexa9_0/libsrc/final_v1_0/src"
make -C ps7_cortexa9_0/libsrc/final_v1_0/src -s include  "SHELL=CMD" "COMPILER=arm-none-eabi-gcc" "ARCHIVER=arm-none-eabi-ar" "COMPILER_FLAGS=  -O2 -c" "EXTRA_COMPILER_FLAGS=-mcpu=cortex-a9 -mfpu=vfpv3 -mfloat-abi=hard -nostartfiles -g -Wall -Wextra"
"Running Make include in ps7_cortexa9_0/libsrc/qspips_v3_5/src"
make -C ps7_cortexa9_0/libsrc/qspips_v3_5/src -s include  "SHELL=CMD" "COMPILER=arm-none-eabi-gcc" "ARCHIVER=arm-none-eabi-ar" "COMPILER_FLAGS=  -O2 -c" "EXTRA_COMPILER_FLAGS=-mcpu=cortex-a9 -mfpu=vfpv3 -mfloat-abi=hard -nostartfiles -g -Wall -Wextra"
"Running Make include in ps7_cortexa9_0/libsrc/scugic_v3_10/src"
make -C ps7_cortexa9_0/libsrc/scugic_v3_10/src -s include  "SHELL=CMD" "COMPILER=arm-none-eabi-gcc" "ARCHIVER=arm-none-eabi-ar" "COMPILER_FLAGS=  -O2 -c" "EXTRA_COMPILER_FLAGS=-mcpu=cortex-a9 -mfpu=vfpv3 -mfloat-abi=hard -nostartfiles -g -Wall -Wextra"
"Running Make include in ps7_cortexa9_0/libsrc/scutimer_v2_1/src"
make -C ps7_cortexa9_0/libsrc/scutimer_v2_1/src -s include  "SHELL=CMD" "COMPILER=arm-none-eabi-gcc" "ARCHIVER=arm-none-eabi-ar" "COMPILER_FLAGS=  -O2 -c" "EXTRA_COMPILER_FLAGS=-mcpu=cortex-a9 -mfpu=vfpv3 -mfloat-abi=hard -nostartfiles -g -Wall -Wextra"
"Running Make include in ps7_cortexa9_0/libsrc/scuwdt_v2_1/src"
make -C ps7_cortexa9_0/libsrc/scuwdt_v2_1/src -s include  "SHELL=CMD" "COMPILER=arm-none-eabi-gcc" "ARCHIVER=arm-none-eabi-ar" "COMPILER_FLAGS=  -O2 -c" "EXTRA_COMPILER_FLAGS=-mcpu=cortex-a9 -mfpu=vfpv3 -mfloat-abi=hard -nostartfiles -g -Wall -Wextra"
"Running Make include in ps7_cortexa9_0/libsrc/sdps_v3_6/src"
make -C ps7_cortexa9_0/libsrc/sdps_v3_6/src -s include  "SHELL=CMD" "COMPILER=arm-none-eabi-gcc" "ARCHIVER=arm-none-eabi-ar" "COMPILER_FLAGS=  -O2 -c" "EXTRA_COMPILER_FLAGS=-mcpu=cortex-a9 -mfpu=vfpv3 -mfloat-abi=hard -nostartfiles -g -Wall -Wextra"
"Running Make include in ps7_cortexa9_0/libsrc/standalone_v6_8/src"
make -C ps7_cortexa9_0/libsrc/standalone_v6_8/src -s include  "SHELL=CMD" "COMPILER=arm-none-eabi-gcc" "ARCHIVER=arm-none-eabi-ar" "COMPILER_FLAGS=  -O2 -c" "EXTRA_COMPILER_FLAGS=-mcpu=cortex-a9 -mfpu=vfpv3 -mfloat-abi=hard -nostartfiles -g -Wall -Wextra"
"Running Make include in ps7_cortexa9_0/libsrc/uartps_v3_7/src"
make -C ps7_cortexa9_0/libsrc/uartps_v3_7/src -s include  "SHELL=CMD" "COMPILER=arm-none-eabi-gcc" "ARCHIVER=arm-none-eabi-ar" "COMPILER_FLAGS=  -O2 -c" "EXTRA_COMPILER_FLAGS=-mcpu=cortex-a9 -mfpu=vfpv3 -mfloat-abi=hard -nostartfiles -g -Wall -Wextra"
"Running Make include in ps7_cortexa9_0/libsrc/usbps_v2_4/src"
make -C ps7_cortexa9_0/libsrc/usbps_v2_4/src -s include  "SHELL=CMD" "COMPILER=arm-none-eabi-gcc" "ARCHIVER=arm-none-eabi-ar" "COMPILER_FLAGS=  -O2 -c" "EXTRA_COMPILER_FLAGS=-mcpu=cortex-a9 -mfpu=vfpv3 -mfloat-abi=hard -nostartfiles -g -Wall -Wextra"
"Running Make include in ps7_cortexa9_0/libsrc/wdtps_v3_1/src"
make -C ps7_cortexa9_0/libsrc/wdtps_v3_1/src -s include  "SHELL=CMD" "COMPILER=arm-none-eabi-gcc" "ARCHIVER=arm-none-eabi-ar" "COMPILER_FLAGS=  -O2 -c" "EXTRA_COMPILER_FLAGS=-mcpu=cortex-a9 -mfpu=vfpv3 -mfloat-abi=hard -nostartfiles -g -Wall -Wextra"
"Running Make include in ps7_cortexa9_0/libsrc/xadcps_v2_3/src"
make -C ps7_cortexa9_0/libsrc/xadcps_v2_3/src -s include  "SHELL=CMD" "COMPILER=arm-none-eabi-gcc" "ARCHIVER=arm-none-eabi-ar" "COMPILER_FLAGS=  -O2 -c" "EXTRA_COMPILER_FLAGS=-mcpu=cortex-a9 -mfpu=vfpv3 -mfloat-abi=hard -nostartfiles -g -Wall -Wextra"
"Running Make libs in ps7_cortexa9_0/libsrc/coresightps_dcc_v1_4/src"
make -C ps7_cortexa9_0/libsrc/coresightps_dcc_v1_4/src -s libs  "SHELL=CMD" "COMPILER=arm-none-eabi-gcc" "ARCHIVER=arm-none-eabi-ar" "COMPILER_FLAGS=  -O2 -c" "EXTRA_COMPILER_FLAGS=-mcpu=cortex-a9 -mfpu=vfpv3 -mfloat-abi=hard -nostartfiles -g -Wall -Wextra"
"Compiling coresightps_dcc"
arm-none-eabi-ar: creating ../../../lib/libxil.a
"Running Make libs in ps7_cortexa9_0/libsrc/cpu_cortexa9_v2_7/src"
make -C ps7_cortexa9_0/libsrc/cpu_cortexa9_v2_7/src -s libs  "SHELL=CMD" "COMPILER=arm-none-eabi-gcc" "ARCHIVER=arm-none-eabi-ar" "COMPILER_FLAGS=  -O2 -c" "EXTRA_COMPILER_FLAGS=-mcpu=cortex-a9 -mfpu=vfpv3 -mfloat-abi=hard -nostartfiles -g -Wall -Wextra"
"Compiling cpu_cortexa9"
"Running Make libs in ps7_cortexa9_0/libsrc/ddrps_v1_0/src"
make -C ps7_cortexa9_0/libsrc/ddrps_v1_0/src -s libs  "SHELL=CMD" "COMPILER=arm-none-eabi-gcc" "ARCHIVER=arm-none-eabi-ar" "COMPILER_FLAGS=  -O2 -c" "EXTRA_COMPILER_FLAGS=-mcpu=cortex-a9 -mfpu=vfpv3 -mfloat-abi=hard -nostartfiles -g -Wall -Wextra"
"Compiling ddrps"
"Running Make libs in ps7_cortexa9_0/libsrc/devcfg_v3_5/src"
make -C ps7_cortexa9_0/libsrc/devcfg_v3_5/src -s libs  "SHELL=CMD" "COMPILER=arm-none-eabi-gcc" "ARCHIVER=arm-none-eabi-ar" "COMPILER_FLAGS=  -O2 -c" "EXTRA_COMPILER_FLAGS=-mcpu=cortex-a9 -mfpu=vfpv3 -mfloat-abi=hard -nostartfiles -g -Wall -Wextra"
"Compiling devcfg"
"Running Make libs in ps7_cortexa9_0/libsrc/dmaps_v2_4/src"
make -C ps7_cortexa9_0/libsrc/dmaps_v2_4/src -s libs  "SHELL=CMD" "COMPILER=arm-none-eabi-gcc" "ARCHIVER=arm-none-eabi-ar" "COMPILER_FLAGS=  -O2 -c" "EXTRA_COMPILER_FLAGS=-mcpu=cortex-a9 -mfpu=vfpv3 -mfloat-abi=hard -nostartfiles -g -Wall -Wextra"
"Compiling dmaps"
"Running Make libs in ps7_cortexa9_0/libsrc/emacps_v3_8/src"
make -C ps7_cortexa9_0/libsrc/emacps_v3_8/src -s libs  "SHELL=CMD" "COMPILER=arm-none-eabi-gcc" "ARCHIVER=arm-none-eabi-ar" "COMPILER_FLAGS=  -O2 -c" "EXTRA_COMPILER_FLAGS=-mcpu=cortex-a9 -mfpu=vfpv3 -mfloat-abi=hard -nostartfiles -g -Wall -Wextra"
"Compiling emacps"
"Running Make libs in ps7_cortexa9_0/libsrc/final_v1_0/src"
make -C ps7_cortexa9_0/libsrc/final_v1_0/src -s libs  "SHELL=CMD" "COMPILER=arm-none-eabi-gcc" "ARCHIVER=arm-none-eabi-ar" "COMPILER_FLAGS=  -O2 -c" "EXTRA_COMPILER_FLAGS=-mcpu=cortex-a9 -mfpu=vfpv3 -mfloat-abi=hard -nostartfiles -g -Wall -Wextra"
"Compiling final..."
final_selftest.c: In function 'FINAL_Reg_SelfTest':
final_selftest.c:52:54: warning: comparison between signed and unsigned integer expressions [-Wsign-compare]
    if ( FINAL_mReadReg (baseaddr, read_loop_index*4) != (read_loop_index+1)*READ_WRITE_MUL_FACTOR){
                                                      ^~
final_selftest.c:36:6: warning: unused variable 'Index' [-Wunused-variable]
  int Index;
      ^~~~~
"Running Make libs in ps7_cortexa9_0/libsrc/qspips_v3_5/src"
make -C ps7_cortexa9_0/libsrc/qspips_v3_5/src -s libs  "SHELL=CMD" "COMPILER=arm-none-eabi-gcc" "ARCHIVER=arm-none-eabi-ar" "COMPILER_FLAGS=  -O2 -c" "EXTRA_COMPILER_FLAGS=-mcpu=cortex-a9 -mfpu=vfpv3 -mfloat-abi=hard -nostartfiles -g -Wall -Wextra"
"Compiling qspips"
"Running Make libs in ps7_cortexa9_0/libsrc/scugic_v3_10/src"
make -C ps7_cortexa9_0/libsrc/scugic_v3_10/src -s libs  "SHELL=CMD" "COMPILER=arm-none-eabi-gcc" "ARCHIVER=arm-none-eabi-ar" "COMPILER_FLAGS=  -O2 -c" "EXTRA_COMPILER_FLAGS=-mcpu=cortex-a9 -mfpu=vfpv3 -mfloat-abi=hard -nostartfiles -g -Wall -Wextra"
"Compiling scugic"
"Running Make libs in ps7_cortexa9_0/libsrc/scutimer_v2_1/src"
make -C ps7_cortexa9_0/libsrc/scutimer_v2_1/src -s libs  "SHELL=CMD" "COMPILER=arm-none-eabi-gcc" "ARCHIVER=arm-none-eabi-ar" "COMPILER_FLAGS=  -O2 -c" "EXTRA_COMPILER_FLAGS=-mcpu=cortex-a9 -mfpu=vfpv3 -mfloat-abi=hard -nostartfiles -g -Wall -Wextra"
"Compiling scutimer"
"Running Make libs in ps7_cortexa9_0/libsrc/scuwdt_v2_1/src"
make -C ps7_cortexa9_0/libsrc/scuwdt_v2_1/src -s libs  "SHELL=CMD" "COMPILER=arm-none-eabi-gcc" "ARCHIVER=arm-none-eabi-ar" "COMPILER_FLAGS=  -O2 -c" "EXTRA_COMPILER_FLAGS=-mcpu=cortex-a9 -mfpu=vfpv3 -mfloat-abi=hard -nostartfiles -g -Wall -Wextra"
"Compiling scuwdt"
"Running Make libs in ps7_cortexa9_0/libsrc/sdps_v3_6/src"
make -C ps7_cortexa9_0/libsrc/sdps_v3_6/src -s libs  "SHELL=CMD" "COMPILER=arm-none-eabi-gcc" "ARCHIVER=arm-none-eabi-ar" "COMPILER_FLAGS=  -O2 -c" "EXTRA_COMPILER_FLAGS=-mcpu=cortex-a9 -mfpu=vfpv3 -mfloat-abi=hard -nostartfiles -g -Wall -Wextra"
"Compiling sdps"
"Running Make libs in ps7_cortexa9_0/libsrc/standalone_v6_8/src"
make -C ps7_cortexa9_0/libsrc/standalone_v6_8/src -s libs  "SHELL=CMD" "COMPILER=arm-none-eabi-gcc" "ARCHIVER=arm-none-eabi-ar" "COMPILER_FLAGS=  -O2 -c" "EXTRA_COMPILER_FLAGS=-mcpu=cortex-a9 -mfpu=vfpv3 -mfloat-abi=hard -nostartfiles -g -Wall -Wextra"
"Compiling standalone"
In file included from usleep.c:56:0:
xtime_l.h:87:9: note: #pragma message: For the sleep routines, Global timer is being used
 #pragma message ("For the sleep routines, Global timer is being used")
         ^~~~~~~
In file included from xil_sleeptimer.c:51:0:
xtime_l.h:87:9: note: #pragma message: For the sleep routines, Global timer is being used
 #pragma message ("For the sleep routines, Global timer is being used")
         ^~~~~~~
In file included from xtime_l.c:49:0:
xtime_l.h:87:9: note: #pragma message: For the sleep routines, Global timer is being used
 #pragma message ("For the sleep routines, Global timer is being used")
         ^~~~~~~
In file included from sleep.c:53:0:
xtime_l.h:87:9: note: #pragma message: For the sleep routines, Global timer is being used
 #pragma message ("For the sleep routines, Global timer is being used")
         ^~~~~~~
"Running Make libs in ps7_cortexa9_0/libsrc/uartps_v3_7/src"
make -C ps7_cortexa9_0/libsrc/uartps_v3_7/src -s libs  "SHELL=CMD" "COMPILER=arm-none-eabi-gcc" "ARCHIVER=arm-none-eabi-ar" "COMPILER_FLAGS=  -O2 -c" "EXTRA_COMPILER_FLAGS=-mcpu=cortex-a9 -mfpu=vfpv3 -mfloat-abi=hard -nostartfiles -g -Wall -Wextra"
"Compiling uartps"
"Running Make libs in ps7_cortexa9_0/libsrc/usbps_v2_4/src"
make -C ps7_cortexa9_0/libsrc/usbps_v2_4/src -s libs  "SHELL=CMD" "COMPILER=arm-none-eabi-gcc" "ARCHIVER=arm-none-eabi-ar" "COMPILER_FLAGS=  -O2 -c" "EXTRA_COMPILER_FLAGS=-mcpu=cortex-a9 -mfpu=vfpv3 -mfloat-abi=hard -nostartfiles -g -Wall -Wextra"
"Compiling usbps"
"Running Make libs in ps7_cortexa9_0/libsrc/wdtps_v3_1/src"
make -C ps7_cortexa9_0/libsrc/wdtps_v3_1/src -s libs  "SHELL=CMD" "COMPILER=arm-none-eabi-gcc" "ARCHIVER=arm-none-eabi-ar" "COMPILER_FLAGS=  -O2 -c" "EXTRA_COMPILER_FLAGS=-mcpu=cortex-a9 -mfpu=vfpv3 -mfloat-abi=hard -nostartfiles -g -Wall -Wextra"
"Compiling wdtps"
"Running Make libs in ps7_cortexa9_0/libsrc/xadcps_v2_3/src"
make -C ps7_cortexa9_0/libsrc/xadcps_v2_3/src -s libs  "SHELL=CMD" "COMPILER=arm-none-eabi-gcc" "ARCHIVER=arm-none-eabi-ar" "COMPILER_FLAGS=  -O2 -c" "EXTRA_COMPILER_FLAGS=-mcpu=cortex-a9 -mfpu=vfpv3 -mfloat-abi=hard -nostartfiles -g -Wall -Wextra"
"Compiling xadcps"
'Finished building libraries'
15:07:21 **** Auto Build of configuration Debug for project fianl ****
make pre-build main-build 
a9-linaro-pre-build-step
' '
'Building file: ../src/helloworld.c'
'Invoking: ARM v7 gcc compiler'
arm-none-eabi-gcc -Wall -O0 -g3 -c -fmessage-length=0 -MT"src/helloworld.o" -mcpu=cortex-a9 -mfpu=vfpv3 -mfloat-abi=hard -I../../fianl_bsp/ps7_cortexa9_0/include -MMD -MP -MF"src/helloworld.d" -MT"src/helloworld.o" -o "src/helloworld.o" "../src/helloworld.c"
'Finished building: ../src/helloworld.c'
' '
'Building file: ../src/platform.c'
'Invoking: ARM v7 gcc compiler'
arm-none-eabi-gcc -Wall -O0 -g3 -c -fmessage-length=0 -MT"src/platform.o" -mcpu=cortex-a9 -mfpu=vfpv3 -mfloat-abi=hard -I../../fianl_bsp/ps7_cortexa9_0/include -MMD -MP -MF"src/platform.d" -MT"src/platform.o" -o "src/platform.o" "../src/platform.c"
'Finished building: ../src/platform.c'
' '
'Building target: fianl.elf'
'Invoking: ARM v7 gcc linker'
arm-none-eabi-gcc -mcpu=cortex-a9 -mfpu=vfpv3 -mfloat-abi=hard -Wl,-build-id=none -specs=Xilinx.spec -Wl,-T -Wl,../src/lscript.ld -L../../fianl_bsp/ps7_cortexa9_0/lib -o "fianl.elf"  ./src/helloworld.o ./src/platform.o   -Wl,--start-group,-lxil,-lgcc,-lc,--end-group
'Finished building target: fianl.elf'
' '
'Invoking: ARM v7 Print Size'
arm-none-eabi-size fianl.elf  |tee "fianl.elf.size"
   text	   data	    bss	    dec	    hex	filename
  24656	   1184	  22712	  48552	   bda8	fianl.elf
'Finished building: fianl.elf.size'
' '
15:08:43 **** Clean-only build of configuration Debug for project fianl ****
make clean 
rm -rf  ./src/helloworld.o ./src/platform.o  ./src/helloworld.d ./src/platform.d  fianl.elf.size  fianl.elf
' '
15:08:43 **** Clean-only build of project fianl_bsp ****
make -k clean 
make -C ps7_cortexa9_0/libsrc/coresightps_dcc_v1_4/src -s clean 
make -C ps7_cortexa9_0/libsrc/cpu_cortexa9_v2_7/src -s clean 
make -C ps7_cortexa9_0/libsrc/ddrps_v1_0/src -s clean 
make -C ps7_cortexa9_0/libsrc/devcfg_v3_5/src -s clean 
make -C ps7_cortexa9_0/libsrc/dmaps_v2_4/src -s clean 
make -C ps7_cortexa9_0/libsrc/emacps_v3_8/src -s clean 
make -C ps7_cortexa9_0/libsrc/final_v1_0/src -s clean 
rm: lstat．*.o・ア英: Invalid argument
make[1]: *** [Makefile:26: clean] Error 1
make: *** [Makefile:33: ps7_cortexa9_0/libsrc/final_v1_0/src/make.clean] Error 2
make -C ps7_cortexa9_0/libsrc/qspips_v3_5/src -s clean 
make -C ps7_cortexa9_0/libsrc/scugic_v3_10/src -s clean 
make -C ps7_cortexa9_0/libsrc/scutimer_v2_1/src -s clean 
make -C ps7_cortexa9_0/libsrc/scuwdt_v2_1/src -s clean 
make -C ps7_cortexa9_0/libsrc/sdps_v3_6/src -s clean 
make -C ps7_cortexa9_0/libsrc/standalone_v6_8/src -s clean 
make -C ps7_cortexa9_0/libsrc/uartps_v3_7/src -s clean 
make -C ps7_cortexa9_0/libsrc/usbps_v2_4/src -s clean 
make -C ps7_cortexa9_0/libsrc/wdtps_v3_1/src -s clean 
make -C ps7_cortexa9_0/libsrc/xadcps_v2_3/src -s clean 
make: Target 'clean' not remade because of errors.
15:08:44 **** Build of project fianl_bsp ****
make -k all 
"Running Make include in ps7_cortexa9_0/libsrc/coresightps_dcc_v1_4/src"
make -C ps7_cortexa9_0/libsrc/coresightps_dcc_v1_4/src -s include  "SHELL=CMD" "COMPILER=arm-none-eabi-gcc" "ARCHIVER=arm-none-eabi-ar" "COMPILER_FLAGS=  -O2 -c" "EXTRA_COMPILER_FLAGS=-mcpu=cortex-a9 -mfpu=vfpv3 -mfloat-abi=hard -nostartfiles -g -Wall -Wextra"
"Running Make include in ps7_cortexa9_0/libsrc/cpu_cortexa9_v2_7/src"
make -C ps7_cortexa9_0/libsrc/cpu_cortexa9_v2_7/src -s include  "SHELL=CMD" "COMPILER=arm-none-eabi-gcc" "ARCHIVER=arm-none-eabi-ar" "COMPILER_FLAGS=  -O2 -c" "EXTRA_COMPILER_FLAGS=-mcpu=cortex-a9 -mfpu=vfpv3 -mfloat-abi=hard -nostartfiles -g -Wall -Wextra"
"Running Make include in ps7_cortexa9_0/libsrc/ddrps_v1_0/src"
make -C ps7_cortexa9_0/libsrc/ddrps_v1_0/src -s include  "SHELL=CMD" "COMPILER=arm-none-eabi-gcc" "ARCHIVER=arm-none-eabi-ar" "COMPILER_FLAGS=  -O2 -c" "EXTRA_COMPILER_FLAGS=-mcpu=cortex-a9 -mfpu=vfpv3 -mfloat-abi=hard -nostartfiles -g -Wall -Wextra"
"Running Make include in ps7_cortexa9_0/libsrc/devcfg_v3_5/src"
make -C ps7_cortexa9_0/libsrc/devcfg_v3_5/src -s include  "SHELL=CMD" "COMPILER=arm-none-eabi-gcc" "ARCHIVER=arm-none-eabi-ar" "COMPILER_FLAGS=  -O2 -c" "EXTRA_COMPILER_FLAGS=-mcpu=cortex-a9 -mfpu=vfpv3 -mfloat-abi=hard -nostartfiles -g -Wall -Wextra"
"Running Make include in ps7_cortexa9_0/libsrc/dmaps_v2_4/src"
make -C ps7_cortexa9_0/libsrc/dmaps_v2_4/src -s include  "SHELL=CMD" "COMPILER=arm-none-eabi-gcc" "ARCHIVER=arm-none-eabi-ar" "COMPILER_FLAGS=  -O2 -c" "EXTRA_COMPILER_FLAGS=-mcpu=cortex-a9 -mfpu=vfpv3 -mfloat-abi=hard -nostartfiles -g -Wall -Wextra"
"Running Make include in ps7_cortexa9_0/libsrc/emacps_v3_8/src"
make -C ps7_cortexa9_0/libsrc/emacps_v3_8/src -s include  "SHELL=CMD" "COMPILER=arm-none-eabi-gcc" "ARCHIVER=arm-none-eabi-ar" "COMPILER_FLAGS=  -O2 -c" "EXTRA_COMPILER_FLAGS=-mcpu=cortex-a9 -mfpu=vfpv3 -mfloat-abi=hard -nostartfiles -g -Wall -Wextra"
"Running Make include in ps7_cortexa9_0/libsrc/final_v1_0/src"
make -C ps7_cortexa9_0/libsrc/final_v1_0/src -s include  "SHELL=CMD" "COMPILER=arm-none-eabi-gcc" "ARCHIVER=arm-none-eabi-ar" "COMPILER_FLAGS=  -O2 -c" "EXTRA_COMPILER_FLAGS=-mcpu=cortex-a9 -mfpu=vfpv3 -mfloat-abi=hard -nostartfiles -g -Wall -Wextra"
"Running Make include in ps7_cortexa9_0/libsrc/qspips_v3_5/src"
make -C ps7_cortexa9_0/libsrc/qspips_v3_5/src -s include  "SHELL=CMD" "COMPILER=arm-none-eabi-gcc" "ARCHIVER=arm-none-eabi-ar" "COMPILER_FLAGS=  -O2 -c" "EXTRA_COMPILER_FLAGS=-mcpu=cortex-a9 -mfpu=vfpv3 -mfloat-abi=hard -nostartfiles -g -Wall -Wextra"
"Running Make include in ps7_cortexa9_0/libsrc/scugic_v3_10/src"
make -C ps7_cortexa9_0/libsrc/scugic_v3_10/src -s include  "SHELL=CMD" "COMPILER=arm-none-eabi-gcc" "ARCHIVER=arm-none-eabi-ar" "COMPILER_FLAGS=  -O2 -c" "EXTRA_COMPILER_FLAGS=-mcpu=cortex-a9 -mfpu=vfpv3 -mfloat-abi=hard -nostartfiles -g -Wall -Wextra"
"Running Make include in ps7_cortexa9_0/libsrc/scutimer_v2_1/src"
make -C ps7_cortexa9_0/libsrc/scutimer_v2_1/src -s include  "SHELL=CMD" "COMPILER=arm-none-eabi-gcc" "ARCHIVER=arm-none-eabi-ar" "COMPILER_FLAGS=  -O2 -c" "EXTRA_COMPILER_FLAGS=-mcpu=cortex-a9 -mfpu=vfpv3 -mfloat-abi=hard -nostartfiles -g -Wall -Wextra"
"Running Make include in ps7_cortexa9_0/libsrc/scuwdt_v2_1/src"
make -C ps7_cortexa9_0/libsrc/scuwdt_v2_1/src -s include  "SHELL=CMD" "COMPILER=arm-none-eabi-gcc" "ARCHIVER=arm-none-eabi-ar" "COMPILER_FLAGS=  -O2 -c" "EXTRA_COMPILER_FLAGS=-mcpu=cortex-a9 -mfpu=vfpv3 -mfloat-abi=hard -nostartfiles -g -Wall -Wextra"
"Running Make include in ps7_cortexa9_0/libsrc/sdps_v3_6/src"
make -C ps7_cortexa9_0/libsrc/sdps_v3_6/src -s include  "SHELL=CMD" "COMPILER=arm-none-eabi-gcc" "ARCHIVER=arm-none-eabi-ar" "COMPILER_FLAGS=  -O2 -c" "EXTRA_COMPILER_FLAGS=-mcpu=cortex-a9 -mfpu=vfpv3 -mfloat-abi=hard -nostartfiles -g -Wall -Wextra"
"Running Make include in ps7_cortexa9_0/libsrc/standalone_v6_8/src"
make -C ps7_cortexa9_0/libsrc/standalone_v6_8/src -s include  "SHELL=CMD" "COMPILER=arm-none-eabi-gcc" "ARCHIVER=arm-none-eabi-ar" "COMPILER_FLAGS=  -O2 -c" "EXTRA_COMPILER_FLAGS=-mcpu=cortex-a9 -mfpu=vfpv3 -mfloat-abi=hard -nostartfiles -g -Wall -Wextra"
"Running Make include in ps7_cortexa9_0/libsrc/uartps_v3_7/src"
make -C ps7_cortexa9_0/libsrc/uartps_v3_7/src -s include  "SHELL=CMD" "COMPILER=arm-none-eabi-gcc" "ARCHIVER=arm-none-eabi-ar" "COMPILER_FLAGS=  -O2 -c" "EXTRA_COMPILER_FLAGS=-mcpu=cortex-a9 -mfpu=vfpv3 -mfloat-abi=hard -nostartfiles -g -Wall -Wextra"
"Running Make include in ps7_cortexa9_0/libsrc/usbps_v2_4/src"
make -C ps7_cortexa9_0/libsrc/usbps_v2_4/src -s include  "SHELL=CMD" "COMPILER=arm-none-eabi-gcc" "ARCHIVER=arm-none-eabi-ar" "COMPILER_FLAGS=  -O2 -c" "EXTRA_COMPILER_FLAGS=-mcpu=cortex-a9 -mfpu=vfpv3 -mfloat-abi=hard -nostartfiles -g -Wall -Wextra"
"Running Make include in ps7_cortexa9_0/libsrc/wdtps_v3_1/src"
make -C ps7_cortexa9_0/libsrc/wdtps_v3_1/src -s include  "SHELL=CMD" "COMPILER=arm-none-eabi-gcc" "ARCHIVER=arm-none-eabi-ar" "COMPILER_FLAGS=  -O2 -c" "EXTRA_COMPILER_FLAGS=-mcpu=cortex-a9 -mfpu=vfpv3 -mfloat-abi=hard -nostartfiles -g -Wall -Wextra"
"Running Make include in ps7_cortexa9_0/libsrc/xadcps_v2_3/src"
make -C ps7_cortexa9_0/libsrc/xadcps_v2_3/src -s include  "SHELL=CMD" "COMPILER=arm-none-eabi-gcc" "ARCHIVER=arm-none-eabi-ar" "COMPILER_FLAGS=  -O2 -c" "EXTRA_COMPILER_FLAGS=-mcpu=cortex-a9 -mfpu=vfpv3 -mfloat-abi=hard -nostartfiles -g -Wall -Wextra"
"Running Make libs in ps7_cortexa9_0/libsrc/coresightps_dcc_v1_4/src"
make -C ps7_cortexa9_0/libsrc/coresightps_dcc_v1_4/src -s libs  "SHELL=CMD" "COMPILER=arm-none-eabi-gcc" "ARCHIVER=arm-none-eabi-ar" "COMPILER_FLAGS=  -O2 -c" "EXTRA_COMPILER_FLAGS=-mcpu=cortex-a9 -mfpu=vfpv3 -mfloat-abi=hard -nostartfiles -g -Wall -Wextra"
"Compiling coresightps_dcc"
"Running Make libs in ps7_cortexa9_0/libsrc/cpu_cortexa9_v2_7/src"
make -C ps7_cortexa9_0/libsrc/cpu_cortexa9_v2_7/src -s libs  "SHELL=CMD" "COMPILER=arm-none-eabi-gcc" "ARCHIVER=arm-none-eabi-ar" "COMPILER_FLAGS=  -O2 -c" "EXTRA_COMPILER_FLAGS=-mcpu=cortex-a9 -mfpu=vfpv3 -mfloat-abi=hard -nostartfiles -g -Wall -Wextra"
"Compiling cpu_cortexa9"
"Running Make libs in ps7_cortexa9_0/libsrc/ddrps_v1_0/src"
make -C ps7_cortexa9_0/libsrc/ddrps_v1_0/src -s libs  "SHELL=CMD" "COMPILER=arm-none-eabi-gcc" "ARCHIVER=arm-none-eabi-ar" "COMPILER_FLAGS=  -O2 -c" "EXTRA_COMPILER_FLAGS=-mcpu=cortex-a9 -mfpu=vfpv3 -mfloat-abi=hard -nostartfiles -g -Wall -Wextra"
"Compiling ddrps"
"Running Make libs in ps7_cortexa9_0/libsrc/devcfg_v3_5/src"
make -C ps7_cortexa9_0/libsrc/devcfg_v3_5/src -s libs  "SHELL=CMD" "COMPILER=arm-none-eabi-gcc" "ARCHIVER=arm-none-eabi-ar" "COMPILER_FLAGS=  -O2 -c" "EXTRA_COMPILER_FLAGS=-mcpu=cortex-a9 -mfpu=vfpv3 -mfloat-abi=hard -nostartfiles -g -Wall -Wextra"
"Compiling devcfg"
"Running Make libs in ps7_cortexa9_0/libsrc/dmaps_v2_4/src"
make -C ps7_cortexa9_0/libsrc/dmaps_v2_4/src -s libs  "SHELL=CMD" "COMPILER=arm-none-eabi-gcc" "ARCHIVER=arm-none-eabi-ar" "COMPILER_FLAGS=  -O2 -c" "EXTRA_COMPILER_FLAGS=-mcpu=cortex-a9 -mfpu=vfpv3 -mfloat-abi=hard -nostartfiles -g -Wall -Wextra"
"Compiling dmaps"
"Running Make libs in ps7_cortexa9_0/libsrc/emacps_v3_8/src"
make -C ps7_cortexa9_0/libsrc/emacps_v3_8/src -s libs  "SHELL=CMD" "COMPILER=arm-none-eabi-gcc" "ARCHIVER=arm-none-eabi-ar" "COMPILER_FLAGS=  -O2 -c" "EXTRA_COMPILER_FLAGS=-mcpu=cortex-a9 -mfpu=vfpv3 -mfloat-abi=hard -nostartfiles -g -Wall -Wextra"
"Compiling emacps"
"Running Make libs in ps7_cortexa9_0/libsrc/final_v1_0/src"
make -C ps7_cortexa9_0/libsrc/final_v1_0/src -s libs  "SHELL=CMD" "COMPILER=arm-none-eabi-gcc" "ARCHIVER=arm-none-eabi-ar" "COMPILER_FLAGS=  -O2 -c" "EXTRA_COMPILER_FLAGS=-mcpu=cortex-a9 -mfpu=vfpv3 -mfloat-abi=hard -nostartfiles -g -Wall -Wextra"
"Compiling final..."
final_selftest.c: In function 'FINAL_Reg_SelfTest':
final_selftest.c:52:54: warning: comparison between signed and unsigned integer expressions [-Wsign-compare]
    if ( FINAL_mReadReg (baseaddr, read_loop_index*4) != (read_loop_index+1)*READ_WRITE_MUL_FACTOR){
                                                      ^~
final_selftest.c:36:6: warning: unused variable 'Index' [-Wunused-variable]
  int Index;
      ^~~~~
"Running Make libs in ps7_cortexa9_0/libsrc/qspips_v3_5/src"
make -C ps7_cortexa9_0/libsrc/qspips_v3_5/src -s libs  "SHELL=CMD" "COMPILER=arm-none-eabi-gcc" "ARCHIVER=arm-none-eabi-ar" "COMPILER_FLAGS=  -O2 -c" "EXTRA_COMPILER_FLAGS=-mcpu=cortex-a9 -mfpu=vfpv3 -mfloat-abi=hard -nostartfiles -g -Wall -Wextra"
"Compiling qspips"
"Running Make libs in ps7_cortexa9_0/libsrc/scugic_v3_10/src"
make -C ps7_cortexa9_0/libsrc/scugic_v3_10/src -s libs  "SHELL=CMD" "COMPILER=arm-none-eabi-gcc" "ARCHIVER=arm-none-eabi-ar" "COMPILER_FLAGS=  -O2 -c" "EXTRA_COMPILER_FLAGS=-mcpu=cortex-a9 -mfpu=vfpv3 -mfloat-abi=hard -nostartfiles -g -Wall -Wextra"
"Compiling scugic"
"Running Make libs in ps7_cortexa9_0/libsrc/scutimer_v2_1/src"
make -C ps7_cortexa9_0/libsrc/scutimer_v2_1/src -s libs  "SHELL=CMD" "COMPILER=arm-none-eabi-gcc" "ARCHIVER=arm-none-eabi-ar" "COMPILER_FLAGS=  -O2 -c" "EXTRA_COMPILER_FLAGS=-mcpu=cortex-a9 -mfpu=vfpv3 -mfloat-abi=hard -nostartfiles -g -Wall -Wextra"
"Compiling scutimer"
"Running Make libs in ps7_cortexa9_0/libsrc/scuwdt_v2_1/src"
make -C ps7_cortexa9_0/libsrc/scuwdt_v2_1/src -s libs  "SHELL=CMD" "COMPILER=arm-none-eabi-gcc" "ARCHIVER=arm-none-eabi-ar" "COMPILER_FLAGS=  -O2 -c" "EXTRA_COMPILER_FLAGS=-mcpu=cortex-a9 -mfpu=vfpv3 -mfloat-abi=hard -nostartfiles -g -Wall -Wextra"
"Compiling scuwdt"
"Running Make libs in ps7_cortexa9_0/libsrc/sdps_v3_6/src"
make -C ps7_cortexa9_0/libsrc/sdps_v3_6/src -s libs  "SHELL=CMD" "COMPILER=arm-none-eabi-gcc" "ARCHIVER=arm-none-eabi-ar" "COMPILER_FLAGS=  -O2 -c" "EXTRA_COMPILER_FLAGS=-mcpu=cortex-a9 -mfpu=vfpv3 -mfloat-abi=hard -nostartfiles -g -Wall -Wextra"
"Compiling sdps"
"Running Make libs in ps7_cortexa9_0/libsrc/standalone_v6_8/src"
make -C ps7_cortexa9_0/libsrc/standalone_v6_8/src -s libs  "SHELL=CMD" "COMPILER=arm-none-eabi-gcc" "ARCHIVER=arm-none-eabi-ar" "COMPILER_FLAGS=  -O2 -c" "EXTRA_COMPILER_FLAGS=-mcpu=cortex-a9 -mfpu=vfpv3 -mfloat-abi=hard -nostartfiles -g -Wall -Wextra"
"Compiling standalone"
In file included from usleep.c:56:0:
xtime_l.h:87:9: note: #pragma message: For the sleep routines, Global timer is being used
 #pragma message ("For the sleep routines, Global timer is being used")
         ^~~~~~~
In file included from xil_sleeptimer.c:51:0:
xtime_l.h:87:9: note: #pragma message: For the sleep routines, Global timer is being used
 #pragma message ("For the sleep routines, Global timer is being used")
         ^~~~~~~
In file included from xtime_l.c:49:0:
xtime_l.h:87:9: note: #pragma message: For the sleep routines, Global timer is being used
 #pragma message ("For the sleep routines, Global timer is being used")
         ^~~~~~~
In file included from sleep.c:53:0:
xtime_l.h:87:9: note: #pragma message: For the sleep routines, Global timer is being used
 #pragma message ("For the sleep routines, Global timer is being used")
         ^~~~~~~
"Running Make libs in ps7_cortexa9_0/libsrc/uartps_v3_7/src"
make -C ps7_cortexa9_0/libsrc/uartps_v3_7/src -s libs  "SHELL=CMD" "COMPILER=arm-none-eabi-gcc" "ARCHIVER=arm-none-eabi-ar" "COMPILER_FLAGS=  -O2 -c" "EXTRA_COMPILER_FLAGS=-mcpu=cortex-a9 -mfpu=vfpv3 -mfloat-abi=hard -nostartfiles -g -Wall -Wextra"
"Compiling uartps"
"Running Make libs in ps7_cortexa9_0/libsrc/usbps_v2_4/src"
make -C ps7_cortexa9_0/libsrc/usbps_v2_4/src -s libs  "SHELL=CMD" "COMPILER=arm-none-eabi-gcc" "ARCHIVER=arm-none-eabi-ar" "COMPILER_FLAGS=  -O2 -c" "EXTRA_COMPILER_FLAGS=-mcpu=cortex-a9 -mfpu=vfpv3 -mfloat-abi=hard -nostartfiles -g -Wall -Wextra"
"Compiling usbps"
"Running Make libs in ps7_cortexa9_0/libsrc/wdtps_v3_1/src"
make -C ps7_cortexa9_0/libsrc/wdtps_v3_1/src -s libs  "SHELL=CMD" "COMPILER=arm-none-eabi-gcc" "ARCHIVER=arm-none-eabi-ar" "COMPILER_FLAGS=  -O2 -c" "EXTRA_COMPILER_FLAGS=-mcpu=cortex-a9 -mfpu=vfpv3 -mfloat-abi=hard -nostartfiles -g -Wall -Wextra"
"Compiling wdtps"
"Running Make libs in ps7_cortexa9_0/libsrc/xadcps_v2_3/src"
make -C ps7_cortexa9_0/libsrc/xadcps_v2_3/src -s libs  "SHELL=CMD" "COMPILER=arm-none-eabi-gcc" "ARCHIVER=arm-none-eabi-ar" "COMPILER_FLAGS=  -O2 -c" "EXTRA_COMPILER_FLAGS=-mcpu=cortex-a9 -mfpu=vfpv3 -mfloat-abi=hard -nostartfiles -g -Wall -Wextra"
"Compiling xadcps"
'Finished building libraries'
15:09:01 **** Build of configuration Debug for project fianl ****
make pre-build main-build 
a9-linaro-pre-build-step
' '
'Building file: ../src/helloworld.c'
'Invoking: ARM v7 gcc compiler'
arm-none-eabi-gcc -Wall -O0 -g3 -c -fmessage-length=0 -MT"src/helloworld.o" -mcpu=cortex-a9 -mfpu=vfpv3 -mfloat-abi=hard -I../../fianl_bsp/ps7_cortexa9_0/include -MMD -MP -MF"src/helloworld.d" -MT"src/helloworld.o" -o "src/helloworld.o" "../src/helloworld.c"
'Finished building: ../src/helloworld.c'
' '
'Building file: ../src/platform.c'
'Invoking: ARM v7 gcc compiler'
arm-none-eabi-gcc -Wall -O0 -g3 -c -fmessage-length=0 -MT"src/platform.o" -mcpu=cortex-a9 -mfpu=vfpv3 -mfloat-abi=hard -I../../fianl_bsp/ps7_cortexa9_0/include -MMD -MP -MF"src/platform.d" -MT"src/platform.o" -o "src/platform.o" "../src/platform.c"
'Finished building: ../src/platform.c'
' '
'Building target: fianl.elf'
'Invoking: ARM v7 gcc linker'
arm-none-eabi-gcc -mcpu=cortex-a9 -mfpu=vfpv3 -mfloat-abi=hard -Wl,-build-id=none -specs=Xilinx.spec -Wl,-T -Wl,../src/lscript.ld -L../../fianl_bsp/ps7_cortexa9_0/lib -o "fianl.elf"  ./src/helloworld.o ./src/platform.o   -Wl,--start-group,-lxil,-lgcc,-lc,--end-group
'Finished building target: fianl.elf'
' '
'Invoking: ARM v7 Print Size'
arm-none-eabi-size fianl.elf  |tee "fianl.elf.size"
   text	   data	    bss	    dec	    hex	filename
  24656	   1184	  22712	  48552	   bda8	fianl.elf
'Finished building: fianl.elf.size'
' '
15:09:41 **** Incremental Build of configuration Debug for project fianl ****
make pre-build main-build 
a9-linaro-pre-build-step
' '
make: Nothing to be done for 'main-build'.
15:09:54 **** Incremental Build of configuration Debug for project fianl ****
make pre-build main-build 
a9-linaro-pre-build-step
' '
make: Nothing to be done for 'main-build'.
15:17:55 **** Clean-only build of configuration Debug for project fianl ****
make clean 
rm -rf  ./src/helloworld.o ./src/platform.o  ./src/helloworld.d ./src/platform.d  fianl.elf.size  fianl.elf
' '
15:17:55 **** Clean-only build of project fianl_bsp ****
make -k clean 
make -C ps7_cortexa9_0/libsrc/coresightps_dcc_v1_4/src -s clean 
make -C ps7_cortexa9_0/libsrc/cpu_cortexa9_v2_7/src -s clean 
make -C ps7_cortexa9_0/libsrc/ddrps_v1_0/src -s clean 
make -C ps7_cortexa9_0/libsrc/devcfg_v3_5/src -s clean 
make -C ps7_cortexa9_0/libsrc/dmaps_v2_4/src -s clean 
make -C ps7_cortexa9_0/libsrc/emacps_v3_8/src -s clean 
make -C ps7_cortexa9_0/libsrc/final_v1_0/src -s clean 
rm: lstat．*.o・ア英: Invalid argument
make[1]: *** [Makefile:26: clean] Error 1
make: *** [Makefile:33: ps7_cortexa9_0/libsrc/final_v1_0/src/make.clean] Error 2
make -C ps7_cortexa9_0/libsrc/qspips_v3_5/src -s clean 
make -C ps7_cortexa9_0/libsrc/scugic_v3_10/src -s clean 
make -C ps7_cortexa9_0/libsrc/scutimer_v2_1/src -s clean 
make -C ps7_cortexa9_0/libsrc/scuwdt_v2_1/src -s clean 
make -C ps7_cortexa9_0/libsrc/sdps_v3_6/src -s clean 
make -C ps7_cortexa9_0/libsrc/standalone_v6_8/src -s clean 
make -C ps7_cortexa9_0/libsrc/uartps_v3_7/src -s clean 
make -C ps7_cortexa9_0/libsrc/usbps_v2_4/src -s clean 
make -C ps7_cortexa9_0/libsrc/wdtps_v3_1/src -s clean 
make -C ps7_cortexa9_0/libsrc/xadcps_v2_3/src -s clean 
make: Target 'clean' not remade because of errors.
15:17:56 **** Build of project fianl_bsp ****
make -k all 
"Running Make include in ps7_cortexa9_0/libsrc/coresightps_dcc_v1_4/src"
make -C ps7_cortexa9_0/libsrc/coresightps_dcc_v1_4/src -s include  "SHELL=CMD" "COMPILER=arm-none-eabi-gcc" "ARCHIVER=arm-none-eabi-ar" "COMPILER_FLAGS=  -O2 -c" "EXTRA_COMPILER_FLAGS=-mcpu=cortex-a9 -mfpu=vfpv3 -mfloat-abi=hard -nostartfiles -g -Wall -Wextra"
"Running Make include in ps7_cortexa9_0/libsrc/cpu_cortexa9_v2_7/src"
make -C ps7_cortexa9_0/libsrc/cpu_cortexa9_v2_7/src -s include  "SHELL=CMD" "COMPILER=arm-none-eabi-gcc" "ARCHIVER=arm-none-eabi-ar" "COMPILER_FLAGS=  -O2 -c" "EXTRA_COMPILER_FLAGS=-mcpu=cortex-a9 -mfpu=vfpv3 -mfloat-abi=hard -nostartfiles -g -Wall -Wextra"
"Running Make include in ps7_cortexa9_0/libsrc/ddrps_v1_0/src"
make -C ps7_cortexa9_0/libsrc/ddrps_v1_0/src -s include  "SHELL=CMD" "COMPILER=arm-none-eabi-gcc" "ARCHIVER=arm-none-eabi-ar" "COMPILER_FLAGS=  -O2 -c" "EXTRA_COMPILER_FLAGS=-mcpu=cortex-a9 -mfpu=vfpv3 -mfloat-abi=hard -nostartfiles -g -Wall -Wextra"
"Running Make include in ps7_cortexa9_0/libsrc/devcfg_v3_5/src"
make -C ps7_cortexa9_0/libsrc/devcfg_v3_5/src -s include  "SHELL=CMD" "COMPILER=arm-none-eabi-gcc" "ARCHIVER=arm-none-eabi-ar" "COMPILER_FLAGS=  -O2 -c" "EXTRA_COMPILER_FLAGS=-mcpu=cortex-a9 -mfpu=vfpv3 -mfloat-abi=hard -nostartfiles -g -Wall -Wextra"
"Running Make include in ps7_cortexa9_0/libsrc/dmaps_v2_4/src"
make -C ps7_cortexa9_0/libsrc/dmaps_v2_4/src -s include  "SHELL=CMD" "COMPILER=arm-none-eabi-gcc" "ARCHIVER=arm-none-eabi-ar" "COMPILER_FLAGS=  -O2 -c" "EXTRA_COMPILER_FLAGS=-mcpu=cortex-a9 -mfpu=vfpv3 -mfloat-abi=hard -nostartfiles -g -Wall -Wextra"
"Running Make include in ps7_cortexa9_0/libsrc/emacps_v3_8/src"
make -C ps7_cortexa9_0/libsrc/emacps_v3_8/src -s include  "SHELL=CMD" "COMPILER=arm-none-eabi-gcc" "ARCHIVER=arm-none-eabi-ar" "COMPILER_FLAGS=  -O2 -c" "EXTRA_COMPILER_FLAGS=-mcpu=cortex-a9 -mfpu=vfpv3 -mfloat-abi=hard -nostartfiles -g -Wall -Wextra"
"Running Make include in ps7_cortexa9_0/libsrc/final_v1_0/src"
make -C ps7_cortexa9_0/libsrc/final_v1_0/src -s include  "SHELL=CMD" "COMPILER=arm-none-eabi-gcc" "ARCHIVER=arm-none-eabi-ar" "COMPILER_FLAGS=  -O2 -c" "EXTRA_COMPILER_FLAGS=-mcpu=cortex-a9 -mfpu=vfpv3 -mfloat-abi=hard -nostartfiles -g -Wall -Wextra"
"Running Make include in ps7_cortexa9_0/libsrc/qspips_v3_5/src"
make -C ps7_cortexa9_0/libsrc/qspips_v3_5/src -s include  "SHELL=CMD" "COMPILER=arm-none-eabi-gcc" "ARCHIVER=arm-none-eabi-ar" "COMPILER_FLAGS=  -O2 -c" "EXTRA_COMPILER_FLAGS=-mcpu=cortex-a9 -mfpu=vfpv3 -mfloat-abi=hard -nostartfiles -g -Wall -Wextra"
"Running Make include in ps7_cortexa9_0/libsrc/scugic_v3_10/src"
make -C ps7_cortexa9_0/libsrc/scugic_v3_10/src -s include  "SHELL=CMD" "COMPILER=arm-none-eabi-gcc" "ARCHIVER=arm-none-eabi-ar" "COMPILER_FLAGS=  -O2 -c" "EXTRA_COMPILER_FLAGS=-mcpu=cortex-a9 -mfpu=vfpv3 -mfloat-abi=hard -nostartfiles -g -Wall -Wextra"
"Running Make include in ps7_cortexa9_0/libsrc/scutimer_v2_1/src"
make -C ps7_cortexa9_0/libsrc/scutimer_v2_1/src -s include  "SHELL=CMD" "COMPILER=arm-none-eabi-gcc" "ARCHIVER=arm-none-eabi-ar" "COMPILER_FLAGS=  -O2 -c" "EXTRA_COMPILER_FLAGS=-mcpu=cortex-a9 -mfpu=vfpv3 -mfloat-abi=hard -nostartfiles -g -Wall -Wextra"
"Running Make include in ps7_cortexa9_0/libsrc/scuwdt_v2_1/src"
make -C ps7_cortexa9_0/libsrc/scuwdt_v2_1/src -s include  "SHELL=CMD" "COMPILER=arm-none-eabi-gcc" "ARCHIVER=arm-none-eabi-ar" "COMPILER_FLAGS=  -O2 -c" "EXTRA_COMPILER_FLAGS=-mcpu=cortex-a9 -mfpu=vfpv3 -mfloat-abi=hard -nostartfiles -g -Wall -Wextra"
"Running Make include in ps7_cortexa9_0/libsrc/sdps_v3_6/src"
make -C ps7_cortexa9_0/libsrc/sdps_v3_6/src -s include  "SHELL=CMD" "COMPILER=arm-none-eabi-gcc" "ARCHIVER=arm-none-eabi-ar" "COMPILER_FLAGS=  -O2 -c" "EXTRA_COMPILER_FLAGS=-mcpu=cortex-a9 -mfpu=vfpv3 -mfloat-abi=hard -nostartfiles -g -Wall -Wextra"
"Running Make include in ps7_cortexa9_0/libsrc/standalone_v6_8/src"
make -C ps7_cortexa9_0/libsrc/standalone_v6_8/src -s include  "SHELL=CMD" "COMPILER=arm-none-eabi-gcc" "ARCHIVER=arm-none-eabi-ar" "COMPILER_FLAGS=  -O2 -c" "EXTRA_COMPILER_FLAGS=-mcpu=cortex-a9 -mfpu=vfpv3 -mfloat-abi=hard -nostartfiles -g -Wall -Wextra"
"Running Make include in ps7_cortexa9_0/libsrc/uartps_v3_7/src"
make -C ps7_cortexa9_0/libsrc/uartps_v3_7/src -s include  "SHELL=CMD" "COMPILER=arm-none-eabi-gcc" "ARCHIVER=arm-none-eabi-ar" "COMPILER_FLAGS=  -O2 -c" "EXTRA_COMPILER_FLAGS=-mcpu=cortex-a9 -mfpu=vfpv3 -mfloat-abi=hard -nostartfiles -g -Wall -Wextra"
"Running Make include in ps7_cortexa9_0/libsrc/usbps_v2_4/src"
make -C ps7_cortexa9_0/libsrc/usbps_v2_4/src -s include  "SHELL=CMD" "COMPILER=arm-none-eabi-gcc" "ARCHIVER=arm-none-eabi-ar" "COMPILER_FLAGS=  -O2 -c" "EXTRA_COMPILER_FLAGS=-mcpu=cortex-a9 -mfpu=vfpv3 -mfloat-abi=hard -nostartfiles -g -Wall -Wextra"
"Running Make include in ps7_cortexa9_0/libsrc/wdtps_v3_1/src"
make -C ps7_cortexa9_0/libsrc/wdtps_v3_1/src -s include  "SHELL=CMD" "COMPILER=arm-none-eabi-gcc" "ARCHIVER=arm-none-eabi-ar" "COMPILER_FLAGS=  -O2 -c" "EXTRA_COMPILER_FLAGS=-mcpu=cortex-a9 -mfpu=vfpv3 -mfloat-abi=hard -nostartfiles -g -Wall -Wextra"
"Running Make include in ps7_cortexa9_0/libsrc/xadcps_v2_3/src"
make -C ps7_cortexa9_0/libsrc/xadcps_v2_3/src -s include  "SHELL=CMD" "COMPILER=arm-none-eabi-gcc" "ARCHIVER=arm-none-eabi-ar" "COMPILER_FLAGS=  -O2 -c" "EXTRA_COMPILER_FLAGS=-mcpu=cortex-a9 -mfpu=vfpv3 -mfloat-abi=hard -nostartfiles -g -Wall -Wextra"
"Running Make libs in ps7_cortexa9_0/libsrc/coresightps_dcc_v1_4/src"
make -C ps7_cortexa9_0/libsrc/coresightps_dcc_v1_4/src -s libs  "SHELL=CMD" "COMPILER=arm-none-eabi-gcc" "ARCHIVER=arm-none-eabi-ar" "COMPILER_FLAGS=  -O2 -c" "EXTRA_COMPILER_FLAGS=-mcpu=cortex-a9 -mfpu=vfpv3 -mfloat-abi=hard -nostartfiles -g -Wall -Wextra"
"Compiling coresightps_dcc"
arm-none-eabi-ar: creating ../../../lib/libxil.a
"Running Make libs in ps7_cortexa9_0/libsrc/cpu_cortexa9_v2_7/src"
make -C ps7_cortexa9_0/libsrc/cpu_cortexa9_v2_7/src -s libs  "SHELL=CMD" "COMPILER=arm-none-eabi-gcc" "ARCHIVER=arm-none-eabi-ar" "COMPILER_FLAGS=  -O2 -c" "EXTRA_COMPILER_FLAGS=-mcpu=cortex-a9 -mfpu=vfpv3 -mfloat-abi=hard -nostartfiles -g -Wall -Wextra"
"Compiling cpu_cortexa9"
"Running Make libs in ps7_cortexa9_0/libsrc/ddrps_v1_0/src"
make -C ps7_cortexa9_0/libsrc/ddrps_v1_0/src -s libs  "SHELL=CMD" "COMPILER=arm-none-eabi-gcc" "ARCHIVER=arm-none-eabi-ar" "COMPILER_FLAGS=  -O2 -c" "EXTRA_COMPILER_FLAGS=-mcpu=cortex-a9 -mfpu=vfpv3 -mfloat-abi=hard -nostartfiles -g -Wall -Wextra"
"Compiling ddrps"
"Running Make libs in ps7_cortexa9_0/libsrc/devcfg_v3_5/src"
make -C ps7_cortexa9_0/libsrc/devcfg_v3_5/src -s libs  "SHELL=CMD" "COMPILER=arm-none-eabi-gcc" "ARCHIVER=arm-none-eabi-ar" "COMPILER_FLAGS=  -O2 -c" "EXTRA_COMPILER_FLAGS=-mcpu=cortex-a9 -mfpu=vfpv3 -mfloat-abi=hard -nostartfiles -g -Wall -Wextra"
"Compiling devcfg"
"Running Make libs in ps7_cortexa9_0/libsrc/dmaps_v2_4/src"
make -C ps7_cortexa9_0/libsrc/dmaps_v2_4/src -s libs  "SHELL=CMD" "COMPILER=arm-none-eabi-gcc" "ARCHIVER=arm-none-eabi-ar" "COMPILER_FLAGS=  -O2 -c" "EXTRA_COMPILER_FLAGS=-mcpu=cortex-a9 -mfpu=vfpv3 -mfloat-abi=hard -nostartfiles -g -Wall -Wextra"
"Compiling dmaps"
"Running Make libs in ps7_cortexa9_0/libsrc/emacps_v3_8/src"
make -C ps7_cortexa9_0/libsrc/emacps_v3_8/src -s libs  "SHELL=CMD" "COMPILER=arm-none-eabi-gcc" "ARCHIVER=arm-none-eabi-ar" "COMPILER_FLAGS=  -O2 -c" "EXTRA_COMPILER_FLAGS=-mcpu=cortex-a9 -mfpu=vfpv3 -mfloat-abi=hard -nostartfiles -g -Wall -Wextra"
"Compiling emacps"
"Running Make libs in ps7_cortexa9_0/libsrc/final_v1_0/src"
make -C ps7_cortexa9_0/libsrc/final_v1_0/src -s libs  "SHELL=CMD" "COMPILER=arm-none-eabi-gcc" "ARCHIVER=arm-none-eabi-ar" "COMPILER_FLAGS=  -O2 -c" "EXTRA_COMPILER_FLAGS=-mcpu=cortex-a9 -mfpu=vfpv3 -mfloat-abi=hard -nostartfiles -g -Wall -Wextra"
"Compiling final..."
final_selftest.c: In function 'FINAL_Reg_SelfTest':
final_selftest.c:52:54: warning: comparison between signed and unsigned integer expressions [-Wsign-compare]
    if ( FINAL_mReadReg (baseaddr, read_loop_index*4) != (read_loop_index+1)*READ_WRITE_MUL_FACTOR){
                                                      ^~
final_selftest.c:36:6: warning: unused variable 'Index' [-Wunused-variable]
  int Index;
      ^~~~~
"Running Make libs in ps7_cortexa9_0/libsrc/qspips_v3_5/src"
make -C ps7_cortexa9_0/libsrc/qspips_v3_5/src -s libs  "SHELL=CMD" "COMPILER=arm-none-eabi-gcc" "ARCHIVER=arm-none-eabi-ar" "COMPILER_FLAGS=  -O2 -c" "EXTRA_COMPILER_FLAGS=-mcpu=cortex-a9 -mfpu=vfpv3 -mfloat-abi=hard -nostartfiles -g -Wall -Wextra"
"Compiling qspips"
"Running Make libs in ps7_cortexa9_0/libsrc/scugic_v3_10/src"
make -C ps7_cortexa9_0/libsrc/scugic_v3_10/src -s libs  "SHELL=CMD" "COMPILER=arm-none-eabi-gcc" "ARCHIVER=arm-none-eabi-ar" "COMPILER_FLAGS=  -O2 -c" "EXTRA_COMPILER_FLAGS=-mcpu=cortex-a9 -mfpu=vfpv3 -mfloat-abi=hard -nostartfiles -g -Wall -Wextra"
"Compiling scugic"
"Running Make libs in ps7_cortexa9_0/libsrc/scutimer_v2_1/src"
make -C ps7_cortexa9_0/libsrc/scutimer_v2_1/src -s libs  "SHELL=CMD" "COMPILER=arm-none-eabi-gcc" "ARCHIVER=arm-none-eabi-ar" "COMPILER_FLAGS=  -O2 -c" "EXTRA_COMPILER_FLAGS=-mcpu=cortex-a9 -mfpu=vfpv3 -mfloat-abi=hard -nostartfiles -g -Wall -Wextra"
"Compiling scutimer"
"Running Make libs in ps7_cortexa9_0/libsrc/scuwdt_v2_1/src"
make -C ps7_cortexa9_0/libsrc/scuwdt_v2_1/src -s libs  "SHELL=CMD" "COMPILER=arm-none-eabi-gcc" "ARCHIVER=arm-none-eabi-ar" "COMPILER_FLAGS=  -O2 -c" "EXTRA_COMPILER_FLAGS=-mcpu=cortex-a9 -mfpu=vfpv3 -mfloat-abi=hard -nostartfiles -g -Wall -Wextra"
"Compiling scuwdt"
"Running Make libs in ps7_cortexa9_0/libsrc/sdps_v3_6/src"
make -C ps7_cortexa9_0/libsrc/sdps_v3_6/src -s libs  "SHELL=CMD" "COMPILER=arm-none-eabi-gcc" "ARCHIVER=arm-none-eabi-ar" "COMPILER_FLAGS=  -O2 -c" "EXTRA_COMPILER_FLAGS=-mcpu=cortex-a9 -mfpu=vfpv3 -mfloat-abi=hard -nostartfiles -g -Wall -Wextra"
"Compiling sdps"
"Running Make libs in ps7_cortexa9_0/libsrc/standalone_v6_8/src"
make -C ps7_cortexa9_0/libsrc/standalone_v6_8/src -s libs  "SHELL=CMD" "COMPILER=arm-none-eabi-gcc" "ARCHIVER=arm-none-eabi-ar" "COMPILER_FLAGS=  -O2 -c" "EXTRA_COMPILER_FLAGS=-mcpu=cortex-a9 -mfpu=vfpv3 -mfloat-abi=hard -nostartfiles -g -Wall -Wextra"
"Compiling standalone"
In file included from usleep.c:56:0:
xtime_l.h:87:9: note: #pragma message: For the sleep routines, Global timer is being used
 #pragma message ("For the sleep routines, Global timer is being used")
         ^~~~~~~
In file included from xil_sleeptimer.c:51:0:
xtime_l.h:87:9: note: #pragma message: For the sleep routines, Global timer is being used
 #pragma message ("For the sleep routines, Global timer is being used")
         ^~~~~~~
In file included from xtime_l.c:49:0:
xtime_l.h:87:9: note: #pragma message: For the sleep routines, Global timer is being used
 #pragma message ("For the sleep routines, Global timer is being used")
         ^~~~~~~
In file included from sleep.c:53:0:
xtime_l.h:87:9: note: #pragma message: For the sleep routines, Global timer is being used
 #pragma message ("For the sleep routines, Global timer is being used")
         ^~~~~~~
"Running Make libs in ps7_cortexa9_0/libsrc/uartps_v3_7/src"
make -C ps7_cortexa9_0/libsrc/uartps_v3_7/src -s libs  "SHELL=CMD" "COMPILER=arm-none-eabi-gcc" "ARCHIVER=arm-none-eabi-ar" "COMPILER_FLAGS=  -O2 -c" "EXTRA_COMPILER_FLAGS=-mcpu=cortex-a9 -mfpu=vfpv3 -mfloat-abi=hard -nostartfiles -g -Wall -Wextra"
"Compiling uartps"
"Running Make libs in ps7_cortexa9_0/libsrc/usbps_v2_4/src"
make -C ps7_cortexa9_0/libsrc/usbps_v2_4/src -s libs  "SHELL=CMD" "COMPILER=arm-none-eabi-gcc" "ARCHIVER=arm-none-eabi-ar" "COMPILER_FLAGS=  -O2 -c" "EXTRA_COMPILER_FLAGS=-mcpu=cortex-a9 -mfpu=vfpv3 -mfloat-abi=hard -nostartfiles -g -Wall -Wextra"
"Compiling usbps"
"Running Make libs in ps7_cortexa9_0/libsrc/wdtps_v3_1/src"
make -C ps7_cortexa9_0/libsrc/wdtps_v3_1/src -s libs  "SHELL=CMD" "COMPILER=arm-none-eabi-gcc" "ARCHIVER=arm-none-eabi-ar" "COMPILER_FLAGS=  -O2 -c" "EXTRA_COMPILER_FLAGS=-mcpu=cortex-a9 -mfpu=vfpv3 -mfloat-abi=hard -nostartfiles -g -Wall -Wextra"
"Compiling wdtps"
"Running Make libs in ps7_cortexa9_0/libsrc/xadcps_v2_3/src"
make -C ps7_cortexa9_0/libsrc/xadcps_v2_3/src -s libs  "SHELL=CMD" "COMPILER=arm-none-eabi-gcc" "ARCHIVER=arm-none-eabi-ar" "COMPILER_FLAGS=  -O2 -c" "EXTRA_COMPILER_FLAGS=-mcpu=cortex-a9 -mfpu=vfpv3 -mfloat-abi=hard -nostartfiles -g -Wall -Wextra"
"Compiling xadcps"
'Finished building libraries'
15:18:16 **** Build of configuration Debug for project fianl ****
make pre-build main-build 
a9-linaro-pre-build-step
' '
'Building file: ../src/helloworld.c'
'Invoking: ARM v7 gcc compiler'
arm-none-eabi-gcc -Wall -O0 -g3 -c -fmessage-length=0 -MT"src/helloworld.o" -mcpu=cortex-a9 -mfpu=vfpv3 -mfloat-abi=hard -I../../fianl_bsp/ps7_cortexa9_0/include -MMD -MP -MF"src/helloworld.d" -MT"src/helloworld.o" -o "src/helloworld.o" "../src/helloworld.c"
'Finished building: ../src/helloworld.c'
' '
'Building file: ../src/platform.c'
'Invoking: ARM v7 gcc compiler'
arm-none-eabi-gcc -Wall -O0 -g3 -c -fmessage-length=0 -MT"src/platform.o" -mcpu=cortex-a9 -mfpu=vfpv3 -mfloat-abi=hard -I../../fianl_bsp/ps7_cortexa9_0/include -MMD -MP -MF"src/platform.d" -MT"src/platform.o" -o "src/platform.o" "../src/platform.c"
'Finished building: ../src/platform.c'
' '
'Building target: fianl.elf'
'Invoking: ARM v7 gcc linker'
arm-none-eabi-gcc -mcpu=cortex-a9 -mfpu=vfpv3 -mfloat-abi=hard -Wl,-build-id=none -specs=Xilinx.spec -Wl,-T -Wl,../src/lscript.ld -L../../fianl_bsp/ps7_cortexa9_0/lib -o "fianl.elf"  ./src/helloworld.o ./src/platform.o   -Wl,--start-group,-lxil,-lgcc,-lc,--end-group
'Finished building target: fianl.elf'
' '
'Invoking: ARM v7 Print Size'
arm-none-eabi-size fianl.elf  |tee "fianl.elf.size"
   text	   data	    bss	    dec	    hex	filename
  24656	   1184	  22712	  48552	   bda8	fianl.elf
'Finished building: fianl.elf.size'
' '
15:19:43 **** Incremental Build of configuration Debug for project fianl ****
make pre-build main-build 
a9-linaro-pre-build-step
' '
make: Nothing to be done for 'main-build'.
15:20:09 **** Incremental Build of configuration Debug for project fianl ****
make pre-build main-build 
a9-linaro-pre-build-step
' '
make: Nothing to be done for 'main-build'.
15:22:42 **** Auto Build of configuration Debug for project fianl ****
make pre-build main-build 
a9-linaro-pre-build-step
' '
'Building file: ../src/helloworld.c'
'Invoking: ARM v7 gcc compiler'
arm-none-eabi-gcc -Wall -O0 -g3 -c -fmessage-length=0 -MT"src/helloworld.o" -mcpu=cortex-a9 -mfpu=vfpv3 -mfloat-abi=hard -I../../fianl_bsp/ps7_cortexa9_0/include -MMD -MP -MF"src/helloworld.d" -MT"src/helloworld.o" -o "src/helloworld.o" "../src/helloworld.c"
'Finished building: ../src/helloworld.c'
' '
'Building target: fianl.elf'
'Invoking: ARM v7 gcc linker'
arm-none-eabi-gcc -mcpu=cortex-a9 -mfpu=vfpv3 -mfloat-abi=hard -Wl,-build-id=none -specs=Xilinx.spec -Wl,-T -Wl,../src/lscript.ld -L../../fianl_bsp/ps7_cortexa9_0/lib -o "fianl.elf"  ./src/helloworld.o ./src/platform.o   -Wl,--start-group,-lxil,-lgcc,-lc,--end-group
'Finished building target: fianl.elf'
' '
'Invoking: ARM v7 Print Size'
arm-none-eabi-size fianl.elf  |tee "fianl.elf.size"
   text	   data	    bss	    dec	    hex	filename
  24656	   1184	  22712	  48552	   bda8	fianl.elf
'Finished building: fianl.elf.size'
' '
15:22:52 **** Incremental Build of configuration Debug for project fianl ****
make pre-build main-build 
a9-linaro-pre-build-step
' '
make: Nothing to be done for 'main-build'.
15:28:12 **** Auto Build of configuration Debug for project fianl ****
make pre-build main-build 
a9-linaro-pre-build-step
' '
'Building file: ../src/helloworld.c'
'Invoking: ARM v7 gcc compiler'
arm-none-eabi-gcc -Wall -O0 -g3 -c -fmessage-length=0 -MT"src/helloworld.o" -mcpu=cortex-a9 -mfpu=vfpv3 -mfloat-abi=hard -I../../fianl_bsp/ps7_cortexa9_0/include -MMD -MP -MF"src/helloworld.d" -MT"src/helloworld.o" -o "src/helloworld.o" "../src/helloworld.c"
../src/helloworld.c: In function 'main':
../src/helloworld.c:37:9: warning: unused variable 'prev_lower_bits' [-Wunused-variable]
     u32 prev_lower_bits = 0xFFFFFFFF; // �讒l�阿��i�爿�
         ^~~~~~~~~~~~~~~
'Finished building: ../src/helloworld.c'
' '
'Building target: fianl.elf'
'Invoking: ARM v7 gcc linker'
arm-none-eabi-gcc -mcpu=cortex-a9 -mfpu=vfpv3 -mfloat-abi=hard -Wl,-build-id=none -specs=Xilinx.spec -Wl,-T -Wl,../src/lscript.ld -L../../fianl_bsp/ps7_cortexa9_0/lib -o "fianl.elf"  ./src/helloworld.o ./src/platform.o   -Wl,--start-group,-lxil,-lgcc,-lc,--end-group
'Finished building target: fianl.elf'
' '
'Invoking: ARM v7 Print Size'
arm-none-eabi-size fianl.elf  |tee "fianl.elf.size"
   text	   data	    bss	    dec	    hex	filename
  24336	   1184	  22712	  48232	   bc68	fianl.elf
'Finished building: fianl.elf.size'
' '
15:28:28 **** Incremental Build of configuration Debug for project fianl ****
make pre-build main-build 
a9-linaro-pre-build-step
' '
make: Nothing to be done for 'main-build'.
15:31:50 **** Incremental Build of configuration Debug for project fianl ****
make pre-build main-build 
a9-linaro-pre-build-step
' '
make: Nothing to be done for 'main-build'.
15:41:07 **** Clean-only build of configuration Debug for project fianl ****
make clean 
rm -rf  ./src/helloworld.o ./src/platform.o  ./src/helloworld.d ./src/platform.d  fianl.elf.size  fianl.elf
' '
15:41:08 **** Clean-only build of project fianl_bsp ****
make -k clean 
make -C ps7_cortexa9_0/libsrc/coresightps_dcc_v1_4/src -s clean 
make -C ps7_cortexa9_0/libsrc/cpu_cortexa9_v2_7/src -s clean 
make -C ps7_cortexa9_0/libsrc/ddrps_v1_0/src -s clean 
make -C ps7_cortexa9_0/libsrc/devcfg_v3_5/src -s clean 
make -C ps7_cortexa9_0/libsrc/dmaps_v2_4/src -s clean 
make -C ps7_cortexa9_0/libsrc/emacps_v3_8/src -s clean 
make -C ps7_cortexa9_0/libsrc/final_v1_0/src -s clean 
rm: lstat．*.o・ア英: Invalid argument
make[1]: *** [Makefile:26: clean] Error 1
make -C ps7_cortexa9_0/libsrc/qspips_v3_5/src -s clean 
make: *** [Makefile:33: ps7_cortexa9_0/libsrc/final_v1_0/src/make.clean] Error 2
make -C ps7_cortexa9_0/libsrc/scugic_v3_10/src -s clean 
make -C ps7_cortexa9_0/libsrc/scutimer_v2_1/src -s clean 
make -C ps7_cortexa9_0/libsrc/scuwdt_v2_1/src -s clean 
make -C ps7_cortexa9_0/libsrc/sdps_v3_6/src -s clean 
make -C ps7_cortexa9_0/libsrc/standalone_v6_8/src -s clean 
make -C ps7_cortexa9_0/libsrc/uartps_v3_7/src -s clean 
make -C ps7_cortexa9_0/libsrc/usbps_v2_4/src -s clean 
make -C ps7_cortexa9_0/libsrc/wdtps_v3_1/src -s clean 
make -C ps7_cortexa9_0/libsrc/xadcps_v2_3/src -s clean 
make: Target 'clean' not remade because of errors.
15:41:09 **** Build of project fianl_bsp ****
make -k all 
"Running Make include in ps7_cortexa9_0/libsrc/coresightps_dcc_v1_4/src"
make -C ps7_cortexa9_0/libsrc/coresightps_dcc_v1_4/src -s include  "SHELL=CMD" "COMPILER=arm-none-eabi-gcc" "ARCHIVER=arm-none-eabi-ar" "COMPILER_FLAGS=  -O2 -c" "EXTRA_COMPILER_FLAGS=-mcpu=cortex-a9 -mfpu=vfpv3 -mfloat-abi=hard -nostartfiles -g -Wall -Wextra"
"Running Make include in ps7_cortexa9_0/libsrc/cpu_cortexa9_v2_7/src"
make -C ps7_cortexa9_0/libsrc/cpu_cortexa9_v2_7/src -s include  "SHELL=CMD" "COMPILER=arm-none-eabi-gcc" "ARCHIVER=arm-none-eabi-ar" "COMPILER_FLAGS=  -O2 -c" "EXTRA_COMPILER_FLAGS=-mcpu=cortex-a9 -mfpu=vfpv3 -mfloat-abi=hard -nostartfiles -g -Wall -Wextra"
"Running Make include in ps7_cortexa9_0/libsrc/ddrps_v1_0/src"
make -C ps7_cortexa9_0/libsrc/ddrps_v1_0/src -s include  "SHELL=CMD" "COMPILER=arm-none-eabi-gcc" "ARCHIVER=arm-none-eabi-ar" "COMPILER_FLAGS=  -O2 -c" "EXTRA_COMPILER_FLAGS=-mcpu=cortex-a9 -mfpu=vfpv3 -mfloat-abi=hard -nostartfiles -g -Wall -Wextra"
"Running Make include in ps7_cortexa9_0/libsrc/devcfg_v3_5/src"
make -C ps7_cortexa9_0/libsrc/devcfg_v3_5/src -s include  "SHELL=CMD" "COMPILER=arm-none-eabi-gcc" "ARCHIVER=arm-none-eabi-ar" "COMPILER_FLAGS=  -O2 -c" "EXTRA_COMPILER_FLAGS=-mcpu=cortex-a9 -mfpu=vfpv3 -mfloat-abi=hard -nostartfiles -g -Wall -Wextra"
"Running Make include in ps7_cortexa9_0/libsrc/dmaps_v2_4/src"
make -C ps7_cortexa9_0/libsrc/dmaps_v2_4/src -s include  "SHELL=CMD" "COMPILER=arm-none-eabi-gcc" "ARCHIVER=arm-none-eabi-ar" "COMPILER_FLAGS=  -O2 -c" "EXTRA_COMPILER_FLAGS=-mcpu=cortex-a9 -mfpu=vfpv3 -mfloat-abi=hard -nostartfiles -g -Wall -Wextra"
"Running Make include in ps7_cortexa9_0/libsrc/emacps_v3_8/src"
make -C ps7_cortexa9_0/libsrc/emacps_v3_8/src -s include  "SHELL=CMD" "COMPILER=arm-none-eabi-gcc" "ARCHIVER=arm-none-eabi-ar" "COMPILER_FLAGS=  -O2 -c" "EXTRA_COMPILER_FLAGS=-mcpu=cortex-a9 -mfpu=vfpv3 -mfloat-abi=hard -nostartfiles -g -Wall -Wextra"
"Running Make include in ps7_cortexa9_0/libsrc/final_v1_0/src"
make -C ps7_cortexa9_0/libsrc/final_v1_0/src -s include  "SHELL=CMD" "COMPILER=arm-none-eabi-gcc" "ARCHIVER=arm-none-eabi-ar" "COMPILER_FLAGS=  -O2 -c" "EXTRA_COMPILER_FLAGS=-mcpu=cortex-a9 -mfpu=vfpv3 -mfloat-abi=hard -nostartfiles -g -Wall -Wextra"
"Running Make include in ps7_cortexa9_0/libsrc/qspips_v3_5/src"
make -C ps7_cortexa9_0/libsrc/qspips_v3_5/src -s include  "SHELL=CMD" "COMPILER=arm-none-eabi-gcc" "ARCHIVER=arm-none-eabi-ar" "COMPILER_FLAGS=  -O2 -c" "EXTRA_COMPILER_FLAGS=-mcpu=cortex-a9 -mfpu=vfpv3 -mfloat-abi=hard -nostartfiles -g -Wall -Wextra"
"Running Make include in ps7_cortexa9_0/libsrc/scugic_v3_10/src"
make -C ps7_cortexa9_0/libsrc/scugic_v3_10/src -s include  "SHELL=CMD" "COMPILER=arm-none-eabi-gcc" "ARCHIVER=arm-none-eabi-ar" "COMPILER_FLAGS=  -O2 -c" "EXTRA_COMPILER_FLAGS=-mcpu=cortex-a9 -mfpu=vfpv3 -mfloat-abi=hard -nostartfiles -g -Wall -Wextra"
"Running Make include in ps7_cortexa9_0/libsrc/scutimer_v2_1/src"
make -C ps7_cortexa9_0/libsrc/scutimer_v2_1/src -s include  "SHELL=CMD" "COMPILER=arm-none-eabi-gcc" "ARCHIVER=arm-none-eabi-ar" "COMPILER_FLAGS=  -O2 -c" "EXTRA_COMPILER_FLAGS=-mcpu=cortex-a9 -mfpu=vfpv3 -mfloat-abi=hard -nostartfiles -g -Wall -Wextra"
"Running Make include in ps7_cortexa9_0/libsrc/scuwdt_v2_1/src"
make -C ps7_cortexa9_0/libsrc/scuwdt_v2_1/src -s include  "SHELL=CMD" "COMPILER=arm-none-eabi-gcc" "ARCHIVER=arm-none-eabi-ar" "COMPILER_FLAGS=  -O2 -c" "EXTRA_COMPILER_FLAGS=-mcpu=cortex-a9 -mfpu=vfpv3 -mfloat-abi=hard -nostartfiles -g -Wall -Wextra"
"Running Make include in ps7_cortexa9_0/libsrc/sdps_v3_6/src"
make -C ps7_cortexa9_0/libsrc/sdps_v3_6/src -s include  "SHELL=CMD" "COMPILER=arm-none-eabi-gcc" "ARCHIVER=arm-none-eabi-ar" "COMPILER_FLAGS=  -O2 -c" "EXTRA_COMPILER_FLAGS=-mcpu=cortex-a9 -mfpu=vfpv3 -mfloat-abi=hard -nostartfiles -g -Wall -Wextra"
"Running Make include in ps7_cortexa9_0/libsrc/standalone_v6_8/src"
make -C ps7_cortexa9_0/libsrc/standalone_v6_8/src -s include  "SHELL=CMD" "COMPILER=arm-none-eabi-gcc" "ARCHIVER=arm-none-eabi-ar" "COMPILER_FLAGS=  -O2 -c" "EXTRA_COMPILER_FLAGS=-mcpu=cortex-a9 -mfpu=vfpv3 -mfloat-abi=hard -nostartfiles -g -Wall -Wextra"
"Running Make include in ps7_cortexa9_0/libsrc/uartps_v3_7/src"
make -C ps7_cortexa9_0/libsrc/uartps_v3_7/src -s include  "SHELL=CMD" "COMPILER=arm-none-eabi-gcc" "ARCHIVER=arm-none-eabi-ar" "COMPILER_FLAGS=  -O2 -c" "EXTRA_COMPILER_FLAGS=-mcpu=cortex-a9 -mfpu=vfpv3 -mfloat-abi=hard -nostartfiles -g -Wall -Wextra"
"Running Make include in ps7_cortexa9_0/libsrc/usbps_v2_4/src"
make -C ps7_cortexa9_0/libsrc/usbps_v2_4/src -s include  "SHELL=CMD" "COMPILER=arm-none-eabi-gcc" "ARCHIVER=arm-none-eabi-ar" "COMPILER_FLAGS=  -O2 -c" "EXTRA_COMPILER_FLAGS=-mcpu=cortex-a9 -mfpu=vfpv3 -mfloat-abi=hard -nostartfiles -g -Wall -Wextra"
"Running Make include in ps7_cortexa9_0/libsrc/wdtps_v3_1/src"
make -C ps7_cortexa9_0/libsrc/wdtps_v3_1/src -s include  "SHELL=CMD" "COMPILER=arm-none-eabi-gcc" "ARCHIVER=arm-none-eabi-ar" "COMPILER_FLAGS=  -O2 -c" "EXTRA_COMPILER_FLAGS=-mcpu=cortex-a9 -mfpu=vfpv3 -mfloat-abi=hard -nostartfiles -g -Wall -Wextra"
"Running Make include in ps7_cortexa9_0/libsrc/xadcps_v2_3/src"
make -C ps7_cortexa9_0/libsrc/xadcps_v2_3/src -s include  "SHELL=CMD" "COMPILER=arm-none-eabi-gcc" "ARCHIVER=arm-none-eabi-ar" "COMPILER_FLAGS=  -O2 -c" "EXTRA_COMPILER_FLAGS=-mcpu=cortex-a9 -mfpu=vfpv3 -mfloat-abi=hard -nostartfiles -g -Wall -Wextra"
"Running Make libs in ps7_cortexa9_0/libsrc/coresightps_dcc_v1_4/src"
make -C ps7_cortexa9_0/libsrc/coresightps_dcc_v1_4/src -s libs  "SHELL=CMD" "COMPILER=arm-none-eabi-gcc" "ARCHIVER=arm-none-eabi-ar" "COMPILER_FLAGS=  -O2 -c" "EXTRA_COMPILER_FLAGS=-mcpu=cortex-a9 -mfpu=vfpv3 -mfloat-abi=hard -nostartfiles -g -Wall -Wextra"
"Compiling coresightps_dcc"
arm-none-eabi-ar: creating ../../../lib/libxil.a
"Running Make libs in ps7_cortexa9_0/libsrc/cpu_cortexa9_v2_7/src"
make -C ps7_cortexa9_0/libsrc/cpu_cortexa9_v2_7/src -s libs  "SHELL=CMD" "COMPILER=arm-none-eabi-gcc" "ARCHIVER=arm-none-eabi-ar" "COMPILER_FLAGS=  -O2 -c" "EXTRA_COMPILER_FLAGS=-mcpu=cortex-a9 -mfpu=vfpv3 -mfloat-abi=hard -nostartfiles -g -Wall -Wextra"
"Compiling cpu_cortexa9"
"Running Make libs in ps7_cortexa9_0/libsrc/ddrps_v1_0/src"
make -C ps7_cortexa9_0/libsrc/ddrps_v1_0/src -s libs  "SHELL=CMD" "COMPILER=arm-none-eabi-gcc" "ARCHIVER=arm-none-eabi-ar" "COMPILER_FLAGS=  -O2 -c" "EXTRA_COMPILER_FLAGS=-mcpu=cortex-a9 -mfpu=vfpv3 -mfloat-abi=hard -nostartfiles -g -Wall -Wextra"
"Compiling ddrps"
"Running Make libs in ps7_cortexa9_0/libsrc/devcfg_v3_5/src"
make -C ps7_cortexa9_0/libsrc/devcfg_v3_5/src -s libs  "SHELL=CMD" "COMPILER=arm-none-eabi-gcc" "ARCHIVER=arm-none-eabi-ar" "COMPILER_FLAGS=  -O2 -c" "EXTRA_COMPILER_FLAGS=-mcpu=cortex-a9 -mfpu=vfpv3 -mfloat-abi=hard -nostartfiles -g -Wall -Wextra"
"Compiling devcfg"
"Running Make libs in ps7_cortexa9_0/libsrc/dmaps_v2_4/src"
make -C ps7_cortexa9_0/libsrc/dmaps_v2_4/src -s libs  "SHELL=CMD" "COMPILER=arm-none-eabi-gcc" "ARCHIVER=arm-none-eabi-ar" "COMPILER_FLAGS=  -O2 -c" "EXTRA_COMPILER_FLAGS=-mcpu=cortex-a9 -mfpu=vfpv3 -mfloat-abi=hard -nostartfiles -g -Wall -Wextra"
"Compiling dmaps"
"Running Make libs in ps7_cortexa9_0/libsrc/emacps_v3_8/src"
make -C ps7_cortexa9_0/libsrc/emacps_v3_8/src -s libs  "SHELL=CMD" "COMPILER=arm-none-eabi-gcc" "ARCHIVER=arm-none-eabi-ar" "COMPILER_FLAGS=  -O2 -c" "EXTRA_COMPILER_FLAGS=-mcpu=cortex-a9 -mfpu=vfpv3 -mfloat-abi=hard -nostartfiles -g -Wall -Wextra"
"Compiling emacps"
"Running Make libs in ps7_cortexa9_0/libsrc/final_v1_0/src"
make -C ps7_cortexa9_0/libsrc/final_v1_0/src -s libs  "SHELL=CMD" "COMPILER=arm-none-eabi-gcc" "ARCHIVER=arm-none-eabi-ar" "COMPILER_FLAGS=  -O2 -c" "EXTRA_COMPILER_FLAGS=-mcpu=cortex-a9 -mfpu=vfpv3 -mfloat-abi=hard -nostartfiles -g -Wall -Wextra"
"Compiling final..."
final_selftest.c: In function 'FINAL_Reg_SelfTest':
final_selftest.c:52:54: warning: comparison between signed and unsigned integer expressions [-Wsign-compare]
    if ( FINAL_mReadReg (baseaddr, read_loop_index*4) != (read_loop_index+1)*READ_WRITE_MUL_FACTOR){
                                                      ^~
final_selftest.c:36:6: warning: unused variable 'Index' [-Wunused-variable]
  int Index;
      ^~~~~
"Running Make libs in ps7_cortexa9_0/libsrc/qspips_v3_5/src"
make -C ps7_cortexa9_0/libsrc/qspips_v3_5/src -s libs  "SHELL=CMD" "COMPILER=arm-none-eabi-gcc" "ARCHIVER=arm-none-eabi-ar" "COMPILER_FLAGS=  -O2 -c" "EXTRA_COMPILER_FLAGS=-mcpu=cortex-a9 -mfpu=vfpv3 -mfloat-abi=hard -nostartfiles -g -Wall -Wextra"
"Compiling qspips"
"Running Make libs in ps7_cortexa9_0/libsrc/scugic_v3_10/src"
make -C ps7_cortexa9_0/libsrc/scugic_v3_10/src -s libs  "SHELL=CMD" "COMPILER=arm-none-eabi-gcc" "ARCHIVER=arm-none-eabi-ar" "COMPILER_FLAGS=  -O2 -c" "EXTRA_COMPILER_FLAGS=-mcpu=cortex-a9 -mfpu=vfpv3 -mfloat-abi=hard -nostartfiles -g -Wall -Wextra"
"Compiling scugic"
"Running Make libs in ps7_cortexa9_0/libsrc/scutimer_v2_1/src"
make -C ps7_cortexa9_0/libsrc/scutimer_v2_1/src -s libs  "SHELL=CMD" "COMPILER=arm-none-eabi-gcc" "ARCHIVER=arm-none-eabi-ar" "COMPILER_FLAGS=  -O2 -c" "EXTRA_COMPILER_FLAGS=-mcpu=cortex-a9 -mfpu=vfpv3 -mfloat-abi=hard -nostartfiles -g -Wall -Wextra"
"Compiling scutimer"
"Running Make libs in ps7_cortexa9_0/libsrc/scuwdt_v2_1/src"
make -C ps7_cortexa9_0/libsrc/scuwdt_v2_1/src -s libs  "SHELL=CMD" "COMPILER=arm-none-eabi-gcc" "ARCHIVER=arm-none-eabi-ar" "COMPILER_FLAGS=  -O2 -c" "EXTRA_COMPILER_FLAGS=-mcpu=cortex-a9 -mfpu=vfpv3 -mfloat-abi=hard -nostartfiles -g -Wall -Wextra"
"Compiling scuwdt"
"Running Make libs in ps7_cortexa9_0/libsrc/sdps_v3_6/src"
make -C ps7_cortexa9_0/libsrc/sdps_v3_6/src -s libs  "SHELL=CMD" "COMPILER=arm-none-eabi-gcc" "ARCHIVER=arm-none-eabi-ar" "COMPILER_FLAGS=  -O2 -c" "EXTRA_COMPILER_FLAGS=-mcpu=cortex-a9 -mfpu=vfpv3 -mfloat-abi=hard -nostartfiles -g -Wall -Wextra"
"Compiling sdps"
"Running Make libs in ps7_cortexa9_0/libsrc/standalone_v6_8/src"
make -C ps7_cortexa9_0/libsrc/standalone_v6_8/src -s libs  "SHELL=CMD" "COMPILER=arm-none-eabi-gcc" "ARCHIVER=arm-none-eabi-ar" "COMPILER_FLAGS=  -O2 -c" "EXTRA_COMPILER_FLAGS=-mcpu=cortex-a9 -mfpu=vfpv3 -mfloat-abi=hard -nostartfiles -g -Wall -Wextra"
"Compiling standalone"
In file included from usleep.c:56:0:
xtime_l.h:87:9: note: #pragma message: For the sleep routines, Global timer is being used
 #pragma message ("For the sleep routines, Global timer is being used")
         ^~~~~~~
In file included from xil_sleeptimer.c:51:0:
xtime_l.h:87:9: note: #pragma message: For the sleep routines, Global timer is being used
 #pragma message ("For the sleep routines, Global timer is being used")
         ^~~~~~~
In file included from xtime_l.c:49:0:
xtime_l.h:87:9: note: #pragma message: For the sleep routines, Global timer is being used
 #pragma message ("For the sleep routines, Global timer is being used")
         ^~~~~~~
In file included from sleep.c:53:0:
xtime_l.h:87:9: note: #pragma message: For the sleep routines, Global timer is being used
 #pragma message ("For the sleep routines, Global timer is being used")
         ^~~~~~~
"Running Make libs in ps7_cortexa9_0/libsrc/uartps_v3_7/src"
make -C ps7_cortexa9_0/libsrc/uartps_v3_7/src -s libs  "SHELL=CMD" "COMPILER=arm-none-eabi-gcc" "ARCHIVER=arm-none-eabi-ar" "COMPILER_FLAGS=  -O2 -c" "EXTRA_COMPILER_FLAGS=-mcpu=cortex-a9 -mfpu=vfpv3 -mfloat-abi=hard -nostartfiles -g -Wall -Wextra"
"Compiling uartps"
"Running Make libs in ps7_cortexa9_0/libsrc/usbps_v2_4/src"
make -C ps7_cortexa9_0/libsrc/usbps_v2_4/src -s libs  "SHELL=CMD" "COMPILER=arm-none-eabi-gcc" "ARCHIVER=arm-none-eabi-ar" "COMPILER_FLAGS=  -O2 -c" "EXTRA_COMPILER_FLAGS=-mcpu=cortex-a9 -mfpu=vfpv3 -mfloat-abi=hard -nostartfiles -g -Wall -Wextra"
"Compiling usbps"
"Running Make libs in ps7_cortexa9_0/libsrc/wdtps_v3_1/src"
make -C ps7_cortexa9_0/libsrc/wdtps_v3_1/src -s libs  "SHELL=CMD" "COMPILER=arm-none-eabi-gcc" "ARCHIVER=arm-none-eabi-ar" "COMPILER_FLAGS=  -O2 -c" "EXTRA_COMPILER_FLAGS=-mcpu=cortex-a9 -mfpu=vfpv3 -mfloat-abi=hard -nostartfiles -g -Wall -Wextra"
"Compiling wdtps"
"Running Make libs in ps7_cortexa9_0/libsrc/xadcps_v2_3/src"
make -C ps7_cortexa9_0/libsrc/xadcps_v2_3/src -s libs  "SHELL=CMD" "COMPILER=arm-none-eabi-gcc" "ARCHIVER=arm-none-eabi-ar" "COMPILER_FLAGS=  -O2 -c" "EXTRA_COMPILER_FLAGS=-mcpu=cortex-a9 -mfpu=vfpv3 -mfloat-abi=hard -nostartfiles -g -Wall -Wextra"
"Compiling xadcps"
'Finished building libraries'
15:41:38 **** Build of configuration Debug for project fianl ****
make pre-build main-build 
a9-linaro-pre-build-step
' '
'Building file: ../src/helloworld.c'
'Invoking: ARM v7 gcc compiler'
arm-none-eabi-gcc -Wall -O0 -g3 -c -fmessage-length=0 -MT"src/helloworld.o" -mcpu=cortex-a9 -mfpu=vfpv3 -mfloat-abi=hard -I../../fianl_bsp/ps7_cortexa9_0/include -MMD -MP -MF"src/helloworld.d" -MT"src/helloworld.o" -o "src/helloworld.o" "../src/helloworld.c"
../src/helloworld.c: In function 'main':
../src/helloworld.c:37:9: warning: unused variable 'prev_lower_bits' [-Wunused-variable]
     u32 prev_lower_bits = 0xFFFFFFFF; // �讒l�阿��i�爿�
         ^~~~~~~~~~~~~~~
'Finished building: ../src/helloworld.c'
' '
'Building file: ../src/platform.c'
'Invoking: ARM v7 gcc compiler'
arm-none-eabi-gcc -Wall -O0 -g3 -c -fmessage-length=0 -MT"src/platform.o" -mcpu=cortex-a9 -mfpu=vfpv3 -mfloat-abi=hard -I../../fianl_bsp/ps7_cortexa9_0/include -MMD -MP -MF"src/platform.d" -MT"src/platform.o" -o "src/platform.o" "../src/platform.c"
'Finished building: ../src/platform.c'
' '
'Building target: fianl.elf'
'Invoking: ARM v7 gcc linker'
arm-none-eabi-gcc -mcpu=cortex-a9 -mfpu=vfpv3 -mfloat-abi=hard -Wl,-build-id=none -specs=Xilinx.spec -Wl,-T -Wl,../src/lscript.ld -L../../fianl_bsp/ps7_cortexa9_0/lib -o "fianl.elf"  ./src/helloworld.o ./src/platform.o   -Wl,--start-group,-lxil,-lgcc,-lc,--end-group
'Finished building target: fianl.elf'
' '
'Invoking: ARM v7 Print Size'
arm-none-eabi-size fianl.elf  |tee "fianl.elf.size"
   text	   data	    bss	    dec	    hex	filename
  24336	   1184	  22712	  48232	   bc68	fianl.elf
'Finished building: fianl.elf.size'
' '
15:42:30 **** Incremental Build of configuration Debug for project fianl ****
make pre-build main-build 
a9-linaro-pre-build-step
' '
make: Nothing to be done for 'main-build'.
15:47:28 **** Clean-only build of configuration Debug for project fianl ****
make clean 
rm -rf  ./src/helloworld.o ./src/platform.o  ./src/helloworld.d ./src/platform.d  fianl.elf.size  fianl.elf
' '
15:47:28 **** Clean-only build of project fianl_bsp ****
make -k clean 
make -C ps7_cortexa9_0/libsrc/coresightps_dcc_v1_4/src -s clean 
make -C ps7_cortexa9_0/libsrc/cpu_cortexa9_v2_7/src -s clean 
make -C ps7_cortexa9_0/libsrc/ddrps_v1_0/src -s clean 
make -C ps7_cortexa9_0/libsrc/devcfg_v3_5/src -s clean 
make -C ps7_cortexa9_0/libsrc/dmaps_v2_4/src -s clean 
make -C ps7_cortexa9_0/libsrc/emacps_v3_8/src -s clean 
make -C ps7_cortexa9_0/libsrc/final_v1_0/src -s clean 
rm: lstat．*.o・ア英: Invalid argument
make[1]: *** [Makefile:26: clean] Error 1
make: *** [Makefile:33: ps7_cortexa9_0/libsrc/final_v1_0/src/make.clean] Error 2
make -C ps7_cortexa9_0/libsrc/qspips_v3_5/src -s clean 
make -C ps7_cortexa9_0/libsrc/scugic_v3_10/src -s clean 
make -C ps7_cortexa9_0/libsrc/scutimer_v2_1/src -s clean 
make -C ps7_cortexa9_0/libsrc/scuwdt_v2_1/src -s clean 
make -C ps7_cortexa9_0/libsrc/sdps_v3_6/src -s clean 
make -C ps7_cortexa9_0/libsrc/standalone_v6_8/src -s clean 
make -C ps7_cortexa9_0/libsrc/uartps_v3_7/src -s clean 
make -C ps7_cortexa9_0/libsrc/usbps_v2_4/src -s clean 
make -C ps7_cortexa9_0/libsrc/wdtps_v3_1/src -s clean 
make -C ps7_cortexa9_0/libsrc/xadcps_v2_3/src -s clean 
make: Target 'clean' not remade because of errors.
15:47:29 **** Build of project fianl_bsp ****
make -k all 
"Running Make include in ps7_cortexa9_0/libsrc/coresightps_dcc_v1_4/src"
make -C ps7_cortexa9_0/libsrc/coresightps_dcc_v1_4/src -s include  "SHELL=CMD" "COMPILER=arm-none-eabi-gcc" "ARCHIVER=arm-none-eabi-ar" "COMPILER_FLAGS=  -O2 -c" "EXTRA_COMPILER_FLAGS=-mcpu=cortex-a9 -mfpu=vfpv3 -mfloat-abi=hard -nostartfiles -g -Wall -Wextra"
"Running Make include in ps7_cortexa9_0/libsrc/cpu_cortexa9_v2_7/src"
make -C ps7_cortexa9_0/libsrc/cpu_cortexa9_v2_7/src -s include  "SHELL=CMD" "COMPILER=arm-none-eabi-gcc" "ARCHIVER=arm-none-eabi-ar" "COMPILER_FLAGS=  -O2 -c" "EXTRA_COMPILER_FLAGS=-mcpu=cortex-a9 -mfpu=vfpv3 -mfloat-abi=hard -nostartfiles -g -Wall -Wextra"
"Running Make include in ps7_cortexa9_0/libsrc/ddrps_v1_0/src"
make -C ps7_cortexa9_0/libsrc/ddrps_v1_0/src -s include  "SHELL=CMD" "COMPILER=arm-none-eabi-gcc" "ARCHIVER=arm-none-eabi-ar" "COMPILER_FLAGS=  -O2 -c" "EXTRA_COMPILER_FLAGS=-mcpu=cortex-a9 -mfpu=vfpv3 -mfloat-abi=hard -nostartfiles -g -Wall -Wextra"
"Running Make include in ps7_cortexa9_0/libsrc/devcfg_v3_5/src"
make -C ps7_cortexa9_0/libsrc/devcfg_v3_5/src -s include  "SHELL=CMD" "COMPILER=arm-none-eabi-gcc" "ARCHIVER=arm-none-eabi-ar" "COMPILER_FLAGS=  -O2 -c" "EXTRA_COMPILER_FLAGS=-mcpu=cortex-a9 -mfpu=vfpv3 -mfloat-abi=hard -nostartfiles -g -Wall -Wextra"
"Running Make include in ps7_cortexa9_0/libsrc/dmaps_v2_4/src"
make -C ps7_cortexa9_0/libsrc/dmaps_v2_4/src -s include  "SHELL=CMD" "COMPILER=arm-none-eabi-gcc" "ARCHIVER=arm-none-eabi-ar" "COMPILER_FLAGS=  -O2 -c" "EXTRA_COMPILER_FLAGS=-mcpu=cortex-a9 -mfpu=vfpv3 -mfloat-abi=hard -nostartfiles -g -Wall -Wextra"
"Running Make include in ps7_cortexa9_0/libsrc/emacps_v3_8/src"
make -C ps7_cortexa9_0/libsrc/emacps_v3_8/src -s include  "SHELL=CMD" "COMPILER=arm-none-eabi-gcc" "ARCHIVER=arm-none-eabi-ar" "COMPILER_FLAGS=  -O2 -c" "EXTRA_COMPILER_FLAGS=-mcpu=cortex-a9 -mfpu=vfpv3 -mfloat-abi=hard -nostartfiles -g -Wall -Wextra"
"Running Make include in ps7_cortexa9_0/libsrc/final_v1_0/src"
make -C ps7_cortexa9_0/libsrc/final_v1_0/src -s include  "SHELL=CMD" "COMPILER=arm-none-eabi-gcc" "ARCHIVER=arm-none-eabi-ar" "COMPILER_FLAGS=  -O2 -c" "EXTRA_COMPILER_FLAGS=-mcpu=cortex-a9 -mfpu=vfpv3 -mfloat-abi=hard -nostartfiles -g -Wall -Wextra"
"Running Make include in ps7_cortexa9_0/libsrc/qspips_v3_5/src"
make -C ps7_cortexa9_0/libsrc/qspips_v3_5/src -s include  "SHELL=CMD" "COMPILER=arm-none-eabi-gcc" "ARCHIVER=arm-none-eabi-ar" "COMPILER_FLAGS=  -O2 -c" "EXTRA_COMPILER_FLAGS=-mcpu=cortex-a9 -mfpu=vfpv3 -mfloat-abi=hard -nostartfiles -g -Wall -Wextra"
"Running Make include in ps7_cortexa9_0/libsrc/scugic_v3_10/src"
make -C ps7_cortexa9_0/libsrc/scugic_v3_10/src -s include  "SHELL=CMD" "COMPILER=arm-none-eabi-gcc" "ARCHIVER=arm-none-eabi-ar" "COMPILER_FLAGS=  -O2 -c" "EXTRA_COMPILER_FLAGS=-mcpu=cortex-a9 -mfpu=vfpv3 -mfloat-abi=hard -nostartfiles -g -Wall -Wextra"
"Running Make include in ps7_cortexa9_0/libsrc/scutimer_v2_1/src"
make -C ps7_cortexa9_0/libsrc/scutimer_v2_1/src -s include  "SHELL=CMD" "COMPILER=arm-none-eabi-gcc" "ARCHIVER=arm-none-eabi-ar" "COMPILER_FLAGS=  -O2 -c" "EXTRA_COMPILER_FLAGS=-mcpu=cortex-a9 -mfpu=vfpv3 -mfloat-abi=hard -nostartfiles -g -Wall -Wextra"
"Running Make include in ps7_cortexa9_0/libsrc/scuwdt_v2_1/src"
make -C ps7_cortexa9_0/libsrc/scuwdt_v2_1/src -s include  "SHELL=CMD" "COMPILER=arm-none-eabi-gcc" "ARCHIVER=arm-none-eabi-ar" "COMPILER_FLAGS=  -O2 -c" "EXTRA_COMPILER_FLAGS=-mcpu=cortex-a9 -mfpu=vfpv3 -mfloat-abi=hard -nostartfiles -g -Wall -Wextra"
"Running Make include in ps7_cortexa9_0/libsrc/sdps_v3_6/src"
make -C ps7_cortexa9_0/libsrc/sdps_v3_6/src -s include  "SHELL=CMD" "COMPILER=arm-none-eabi-gcc" "ARCHIVER=arm-none-eabi-ar" "COMPILER_FLAGS=  -O2 -c" "EXTRA_COMPILER_FLAGS=-mcpu=cortex-a9 -mfpu=vfpv3 -mfloat-abi=hard -nostartfiles -g -Wall -Wextra"
"Running Make include in ps7_cortexa9_0/libsrc/standalone_v6_8/src"
make -C ps7_cortexa9_0/libsrc/standalone_v6_8/src -s include  "SHELL=CMD" "COMPILER=arm-none-eabi-gcc" "ARCHIVER=arm-none-eabi-ar" "COMPILER_FLAGS=  -O2 -c" "EXTRA_COMPILER_FLAGS=-mcpu=cortex-a9 -mfpu=vfpv3 -mfloat-abi=hard -nostartfiles -g -Wall -Wextra"
"Running Make include in ps7_cortexa9_0/libsrc/uartps_v3_7/src"
make -C ps7_cortexa9_0/libsrc/uartps_v3_7/src -s include  "SHELL=CMD" "COMPILER=arm-none-eabi-gcc" "ARCHIVER=arm-none-eabi-ar" "COMPILER_FLAGS=  -O2 -c" "EXTRA_COMPILER_FLAGS=-mcpu=cortex-a9 -mfpu=vfpv3 -mfloat-abi=hard -nostartfiles -g -Wall -Wextra"
"Running Make include in ps7_cortexa9_0/libsrc/usbps_v2_4/src"
make -C ps7_cortexa9_0/libsrc/usbps_v2_4/src -s include  "SHELL=CMD" "COMPILER=arm-none-eabi-gcc" "ARCHIVER=arm-none-eabi-ar" "COMPILER_FLAGS=  -O2 -c" "EXTRA_COMPILER_FLAGS=-mcpu=cortex-a9 -mfpu=vfpv3 -mfloat-abi=hard -nostartfiles -g -Wall -Wextra"
"Running Make include in ps7_cortexa9_0/libsrc/wdtps_v3_1/src"
make -C ps7_cortexa9_0/libsrc/wdtps_v3_1/src -s include  "SHELL=CMD" "COMPILER=arm-none-eabi-gcc" "ARCHIVER=arm-none-eabi-ar" "COMPILER_FLAGS=  -O2 -c" "EXTRA_COMPILER_FLAGS=-mcpu=cortex-a9 -mfpu=vfpv3 -mfloat-abi=hard -nostartfiles -g -Wall -Wextra"
"Running Make include in ps7_cortexa9_0/libsrc/xadcps_v2_3/src"
make -C ps7_cortexa9_0/libsrc/xadcps_v2_3/src -s include  "SHELL=CMD" "COMPILER=arm-none-eabi-gcc" "ARCHIVER=arm-none-eabi-ar" "COMPILER_FLAGS=  -O2 -c" "EXTRA_COMPILER_FLAGS=-mcpu=cortex-a9 -mfpu=vfpv3 -mfloat-abi=hard -nostartfiles -g -Wall -Wextra"
"Running Make libs in ps7_cortexa9_0/libsrc/coresightps_dcc_v1_4/src"
make -C ps7_cortexa9_0/libsrc/coresightps_dcc_v1_4/src -s libs  "SHELL=CMD" "COMPILER=arm-none-eabi-gcc" "ARCHIVER=arm-none-eabi-ar" "COMPILER_FLAGS=  -O2 -c" "EXTRA_COMPILER_FLAGS=-mcpu=cortex-a9 -mfpu=vfpv3 -mfloat-abi=hard -nostartfiles -g -Wall -Wextra"
"Compiling coresightps_dcc"
arm-none-eabi-ar: creating ../../../lib/libxil.a
"Running Make libs in ps7_cortexa9_0/libsrc/cpu_cortexa9_v2_7/src"
make -C ps7_cortexa9_0/libsrc/cpu_cortexa9_v2_7/src -s libs  "SHELL=CMD" "COMPILER=arm-none-eabi-gcc" "ARCHIVER=arm-none-eabi-ar" "COMPILER_FLAGS=  -O2 -c" "EXTRA_COMPILER_FLAGS=-mcpu=cortex-a9 -mfpu=vfpv3 -mfloat-abi=hard -nostartfiles -g -Wall -Wextra"
"Compiling cpu_cortexa9"
"Running Make libs in ps7_cortexa9_0/libsrc/ddrps_v1_0/src"
make -C ps7_cortexa9_0/libsrc/ddrps_v1_0/src -s libs  "SHELL=CMD" "COMPILER=arm-none-eabi-gcc" "ARCHIVER=arm-none-eabi-ar" "COMPILER_FLAGS=  -O2 -c" "EXTRA_COMPILER_FLAGS=-mcpu=cortex-a9 -mfpu=vfpv3 -mfloat-abi=hard -nostartfiles -g -Wall -Wextra"
"Compiling ddrps"
"Running Make libs in ps7_cortexa9_0/libsrc/devcfg_v3_5/src"
make -C ps7_cortexa9_0/libsrc/devcfg_v3_5/src -s libs  "SHELL=CMD" "COMPILER=arm-none-eabi-gcc" "ARCHIVER=arm-none-eabi-ar" "COMPILER_FLAGS=  -O2 -c" "EXTRA_COMPILER_FLAGS=-mcpu=cortex-a9 -mfpu=vfpv3 -mfloat-abi=hard -nostartfiles -g -Wall -Wextra"
"Compiling devcfg"
"Running Make libs in ps7_cortexa9_0/libsrc/dmaps_v2_4/src"
make -C ps7_cortexa9_0/libsrc/dmaps_v2_4/src -s libs  "SHELL=CMD" "COMPILER=arm-none-eabi-gcc" "ARCHIVER=arm-none-eabi-ar" "COMPILER_FLAGS=  -O2 -c" "EXTRA_COMPILER_FLAGS=-mcpu=cortex-a9 -mfpu=vfpv3 -mfloat-abi=hard -nostartfiles -g -Wall -Wextra"
"Compiling dmaps"
"Running Make libs in ps7_cortexa9_0/libsrc/emacps_v3_8/src"
make -C ps7_cortexa9_0/libsrc/emacps_v3_8/src -s libs  "SHELL=CMD" "COMPILER=arm-none-eabi-gcc" "ARCHIVER=arm-none-eabi-ar" "COMPILER_FLAGS=  -O2 -c" "EXTRA_COMPILER_FLAGS=-mcpu=cortex-a9 -mfpu=vfpv3 -mfloat-abi=hard -nostartfiles -g -Wall -Wextra"
"Compiling emacps"
"Running Make libs in ps7_cortexa9_0/libsrc/final_v1_0/src"
make -C ps7_cortexa9_0/libsrc/final_v1_0/src -s libs  "SHELL=CMD" "COMPILER=arm-none-eabi-gcc" "ARCHIVER=arm-none-eabi-ar" "COMPILER_FLAGS=  -O2 -c" "EXTRA_COMPILER_FLAGS=-mcpu=cortex-a9 -mfpu=vfpv3 -mfloat-abi=hard -nostartfiles -g -Wall -Wextra"
"Compiling final..."
final_selftest.c: In function 'FINAL_Reg_SelfTest':
final_selftest.c:52:54: warning: comparison between signed and unsigned integer expressions [-Wsign-compare]
    if ( FINAL_mReadReg (baseaddr, read_loop_index*4) != (read_loop_index+1)*READ_WRITE_MUL_FACTOR){
                                                      ^~
final_selftest.c:36:6: warning: unused variable 'Index' [-Wunused-variable]
  int Index;
      ^~~~~
"Running Make libs in ps7_cortexa9_0/libsrc/qspips_v3_5/src"
make -C ps7_cortexa9_0/libsrc/qspips_v3_5/src -s libs  "SHELL=CMD" "COMPILER=arm-none-eabi-gcc" "ARCHIVER=arm-none-eabi-ar" "COMPILER_FLAGS=  -O2 -c" "EXTRA_COMPILER_FLAGS=-mcpu=cortex-a9 -mfpu=vfpv3 -mfloat-abi=hard -nostartfiles -g -Wall -Wextra"
"Compiling qspips"
"Running Make libs in ps7_cortexa9_0/libsrc/scugic_v3_10/src"
make -C ps7_cortexa9_0/libsrc/scugic_v3_10/src -s libs  "SHELL=CMD" "COMPILER=arm-none-eabi-gcc" "ARCHIVER=arm-none-eabi-ar" "COMPILER_FLAGS=  -O2 -c" "EXTRA_COMPILER_FLAGS=-mcpu=cortex-a9 -mfpu=vfpv3 -mfloat-abi=hard -nostartfiles -g -Wall -Wextra"
"Compiling scugic"
"Running Make libs in ps7_cortexa9_0/libsrc/scutimer_v2_1/src"
make -C ps7_cortexa9_0/libsrc/scutimer_v2_1/src -s libs  "SHELL=CMD" "COMPILER=arm-none-eabi-gcc" "ARCHIVER=arm-none-eabi-ar" "COMPILER_FLAGS=  -O2 -c" "EXTRA_COMPILER_FLAGS=-mcpu=cortex-a9 -mfpu=vfpv3 -mfloat-abi=hard -nostartfiles -g -Wall -Wextra"
"Compiling scutimer"
"Running Make libs in ps7_cortexa9_0/libsrc/scuwdt_v2_1/src"
make -C ps7_cortexa9_0/libsrc/scuwdt_v2_1/src -s libs  "SHELL=CMD" "COMPILER=arm-none-eabi-gcc" "ARCHIVER=arm-none-eabi-ar" "COMPILER_FLAGS=  -O2 -c" "EXTRA_COMPILER_FLAGS=-mcpu=cortex-a9 -mfpu=vfpv3 -mfloat-abi=hard -nostartfiles -g -Wall -Wextra"
"Compiling scuwdt"
"Running Make libs in ps7_cortexa9_0/libsrc/sdps_v3_6/src"
make -C ps7_cortexa9_0/libsrc/sdps_v3_6/src -s libs  "SHELL=CMD" "COMPILER=arm-none-eabi-gcc" "ARCHIVER=arm-none-eabi-ar" "COMPILER_FLAGS=  -O2 -c" "EXTRA_COMPILER_FLAGS=-mcpu=cortex-a9 -mfpu=vfpv3 -mfloat-abi=hard -nostartfiles -g -Wall -Wextra"
"Compiling sdps"
"Running Make libs in ps7_cortexa9_0/libsrc/standalone_v6_8/src"
make -C ps7_cortexa9_0/libsrc/standalone_v6_8/src -s libs  "SHELL=CMD" "COMPILER=arm-none-eabi-gcc" "ARCHIVER=arm-none-eabi-ar" "COMPILER_FLAGS=  -O2 -c" "EXTRA_COMPILER_FLAGS=-mcpu=cortex-a9 -mfpu=vfpv3 -mfloat-abi=hard -nostartfiles -g -Wall -Wextra"
"Compiling standalone"
In file included from usleep.c:56:0:
xtime_l.h:87:9: note: #pragma message: For the sleep routines, Global timer is being used
 #pragma message ("For the sleep routines, Global timer is being used")
         ^~~~~~~
In file included from xil_sleeptimer.c:51:0:
xtime_l.h:87:9: note: #pragma message: For the sleep routines, Global timer is being used
 #pragma message ("For the sleep routines, Global timer is being used")
         ^~~~~~~
In file included from xtime_l.c:49:0:
xtime_l.h:87:9: note: #pragma message: For the sleep routines, Global timer is being used
 #pragma message ("For the sleep routines, Global timer is being used")
         ^~~~~~~
In file included from sleep.c:53:0:
xtime_l.h:87:9: note: #pragma message: For the sleep routines, Global timer is being used
 #pragma message ("For the sleep routines, Global timer is being used")
         ^~~~~~~
"Running Make libs in ps7_cortexa9_0/libsrc/uartps_v3_7/src"
make -C ps7_cortexa9_0/libsrc/uartps_v3_7/src -s libs  "SHELL=CMD" "COMPILER=arm-none-eabi-gcc" "ARCHIVER=arm-none-eabi-ar" "COMPILER_FLAGS=  -O2 -c" "EXTRA_COMPILER_FLAGS=-mcpu=cortex-a9 -mfpu=vfpv3 -mfloat-abi=hard -nostartfiles -g -Wall -Wextra"
"Compiling uartps"
"Running Make libs in ps7_cortexa9_0/libsrc/usbps_v2_4/src"
make -C ps7_cortexa9_0/libsrc/usbps_v2_4/src -s libs  "SHELL=CMD" "COMPILER=arm-none-eabi-gcc" "ARCHIVER=arm-none-eabi-ar" "COMPILER_FLAGS=  -O2 -c" "EXTRA_COMPILER_FLAGS=-mcpu=cortex-a9 -mfpu=vfpv3 -mfloat-abi=hard -nostartfiles -g -Wall -Wextra"
"Compiling usbps"
"Running Make libs in ps7_cortexa9_0/libsrc/wdtps_v3_1/src"
make -C ps7_cortexa9_0/libsrc/wdtps_v3_1/src -s libs  "SHELL=CMD" "COMPILER=arm-none-eabi-gcc" "ARCHIVER=arm-none-eabi-ar" "COMPILER_FLAGS=  -O2 -c" "EXTRA_COMPILER_FLAGS=-mcpu=cortex-a9 -mfpu=vfpv3 -mfloat-abi=hard -nostartfiles -g -Wall -Wextra"
"Compiling wdtps"
"Running Make libs in ps7_cortexa9_0/libsrc/xadcps_v2_3/src"
make -C ps7_cortexa9_0/libsrc/xadcps_v2_3/src -s libs  "SHELL=CMD" "COMPILER=arm-none-eabi-gcc" "ARCHIVER=arm-none-eabi-ar" "COMPILER_FLAGS=  -O2 -c" "EXTRA_COMPILER_FLAGS=-mcpu=cortex-a9 -mfpu=vfpv3 -mfloat-abi=hard -nostartfiles -g -Wall -Wextra"
"Compiling xadcps"
'Finished building libraries'
15:47:49 **** Build of configuration Debug for project fianl ****
make pre-build main-build 
a9-linaro-pre-build-step
' '
'Building file: ../src/helloworld.c'
'Invoking: ARM v7 gcc compiler'
arm-none-eabi-gcc -Wall -O0 -g3 -c -fmessage-length=0 -MT"src/helloworld.o" -mcpu=cortex-a9 -mfpu=vfpv3 -mfloat-abi=hard -I../../fianl_bsp/ps7_cortexa9_0/include -MMD -MP -MF"src/helloworld.d" -MT"src/helloworld.o" -o "src/helloworld.o" "../src/helloworld.c"
../src/helloworld.c: In function 'main':
../src/helloworld.c:37:9: warning: unused variable 'prev_lower_bits' [-Wunused-variable]
     u32 prev_lower_bits = 0xFFFFFFFF; // �讒l�阿��i�爿�
         ^~~~~~~~~~~~~~~
'Finished building: ../src/helloworld.c'
' '
'Building file: ../src/platform.c'
'Invoking: ARM v7 gcc compiler'
arm-none-eabi-gcc -Wall -O0 -g3 -c -fmessage-length=0 -MT"src/platform.o" -mcpu=cortex-a9 -mfpu=vfpv3 -mfloat-abi=hard -I../../fianl_bsp/ps7_cortexa9_0/include -MMD -MP -MF"src/platform.d" -MT"src/platform.o" -o "src/platform.o" "../src/platform.c"
'Finished building: ../src/platform.c'
' '
'Building target: fianl.elf'
'Invoking: ARM v7 gcc linker'
arm-none-eabi-gcc -mcpu=cortex-a9 -mfpu=vfpv3 -mfloat-abi=hard -Wl,-build-id=none -specs=Xilinx.spec -Wl,-T -Wl,../src/lscript.ld -L../../fianl_bsp/ps7_cortexa9_0/lib -o "fianl.elf"  ./src/helloworld.o ./src/platform.o   -Wl,--start-group,-lxil,-lgcc,-lc,--end-group
'Finished building target: fianl.elf'
' '
'Invoking: ARM v7 Print Size'
arm-none-eabi-size fianl.elf  |tee "fianl.elf.size"
   text	   data	    bss	    dec	    hex	filename
  24336	   1184	  22712	  48232	   bc68	fianl.elf
'Finished building: fianl.elf.size'
' '
15:48:07 **** Incremental Build of configuration Debug for project fianl ****
make pre-build main-build 
a9-linaro-pre-build-step
' '
make: Nothing to be done for 'main-build'.
15:53:35 **** Auto Build of configuration Debug for project fianl ****
make pre-build main-build 
a9-linaro-pre-build-step
' '
'Building file: ../src/helloworld.c'
'Invoking: ARM v7 gcc compiler'
arm-none-eabi-gcc -Wall -O0 -g3 -c -fmessage-length=0 -MT"src/helloworld.o" -mcpu=cortex-a9 -mfpu=vfpv3 -mfloat-abi=hard -I../../fianl_bsp/ps7_cortexa9_0/include -MMD -MP -MF"src/helloworld.d" -MT"src/helloworld.o" -o "src/helloworld.o" "../src/helloworld.c"
../src/helloworld.c: In function 'main':
../src/helloworld.c:37:9: warning: unused variable 'prev_lower_bits' [-Wunused-variable]
     u32 prev_lower_bits = 0xFFFFFFFF; // �讒l�阿��i�爿�
         ^~~~~~~~~~~~~~~
../src/helloworld.c: At top level:
../src/helloworld.c:73:5: error: expected identifier or '(' before 'return'
     return 0;
     ^~~~~~
../src/helloworld.c:74:1: error: expected identifier or '(' before '}' token
 }
 ^
make: *** [src/subdir.mk:26: src/helloworld.o] Error 1
15:53:52 **** Auto Build of configuration Debug for project fianl ****
make pre-build main-build 
a9-linaro-pre-build-step
' '
'Building file: ../src/helloworld.c'
'Invoking: ARM v7 gcc compiler'
arm-none-eabi-gcc -Wall -O0 -g3 -c -fmessage-length=0 -MT"src/helloworld.o" -mcpu=cortex-a9 -mfpu=vfpv3 -mfloat-abi=hard -I../../fianl_bsp/ps7_cortexa9_0/include -MMD -MP -MF"src/helloworld.d" -MT"src/helloworld.o" -o "src/helloworld.o" "../src/helloworld.c"
../src/helloworld.c: In function 'main':
../src/helloworld.c:37:9: warning: unused variable 'prev_lower_bits' [-Wunused-variable]
     u32 prev_lower_bits = 0xFFFFFFFF; // �讒l�阿��i�爿�
         ^~~~~~~~~~~~~~~
../src/helloworld.c: At top level:
../src/helloworld.c:73:5: error: expected identifier or '(' before 'return'
     return 0;
     ^~~~~~
../src/helloworld.c:74:1: error: expected identifier or '(' before '}' token
 }
 ^
make: *** [src/subdir.mk:26: src/helloworld.o] Error 1
15:54:01 **** Auto Build of configuration Debug for project fianl ****
make pre-build main-build 
a9-linaro-pre-build-step
' '
'Building file: ../src/helloworld.c'
'Invoking: ARM v7 gcc compiler'
arm-none-eabi-gcc -Wall -O0 -g3 -c -fmessage-length=0 -MT"src/helloworld.o" -mcpu=cortex-a9 -mfpu=vfpv3 -mfloat-abi=hard -I../../fianl_bsp/ps7_cortexa9_0/include -MMD -MP -MF"src/helloworld.d" -MT"src/helloworld.o" -o "src/helloworld.o" "../src/helloworld.c"
../src/helloworld.c: In function 'main':
../src/helloworld.c:37:9: warning: unused variable 'prev_lower_bits' [-Wunused-variable]
     u32 prev_lower_bits = 0xFFFFFFFF; // �讒l�阿��i�爿�
         ^~~~~~~~~~~~~~~
../src/helloworld.c: At top level:
../src/helloworld.c:73:1: error: expected identifier or '(' before 'return'
 return 0;
 ^~~~~~
../src/helloworld.c:74:1: error: expected identifier or '(' before '}' token
 }
 ^
make: *** [src/subdir.mk:26: src/helloworld.o] Error 1
15:54:15 **** Auto Build of configuration Debug for project fianl ****
make pre-build main-build 
a9-linaro-pre-build-step
' '
'Building file: ../src/helloworld.c'
'Invoking: ARM v7 gcc compiler'
arm-none-eabi-gcc -Wall -O0 -g3 -c -fmessage-length=0 -MT"src/helloworld.o" -mcpu=cortex-a9 -mfpu=vfpv3 -mfloat-abi=hard -I../../fianl_bsp/ps7_cortexa9_0/include -MMD -MP -MF"src/helloworld.d" -MT"src/helloworld.o" -o "src/helloworld.o" "../src/helloworld.c"
../src/helloworld.c: In function 'main':
../src/helloworld.c:37:9: warning: unused variable 'prev_lower_bits' [-Wunused-variable]
     u32 prev_lower_bits = 0xFFFFFFFF; // �讒l�阿��i�爿�
         ^~~~~~~~~~~~~~~
'Finished building: ../src/helloworld.c'
' '
'Building target: fianl.elf'
'Invoking: ARM v7 gcc linker'
arm-none-eabi-gcc -mcpu=cortex-a9 -mfpu=vfpv3 -mfloat-abi=hard -Wl,-build-id=none -specs=Xilinx.spec -Wl,-T -Wl,../src/lscript.ld -L../../fianl_bsp/ps7_cortexa9_0/lib -o "fianl.elf"  ./src/helloworld.o ./src/platform.o   -Wl,--start-group,-lxil,-lgcc,-lc,--end-group
'Finished building target: fianl.elf'
' '
'Invoking: ARM v7 Print Size'
arm-none-eabi-size fianl.elf  |tee "fianl.elf.size"
   text	   data	    bss	    dec	    hex	filename
  24336	   1184	  22712	  48232	   bc68	fianl.elf
'Finished building: fianl.elf.size'
' '
15:54:18 **** Auto Build of configuration Debug for project fianl ****
make pre-build main-build 
a9-linaro-pre-build-step
' '
'Building file: ../src/helloworld.c'
'Invoking: ARM v7 gcc compiler'
arm-none-eabi-gcc -Wall -O0 -g3 -c -fmessage-length=0 -MT"src/helloworld.o" -mcpu=cortex-a9 -mfpu=vfpv3 -mfloat-abi=hard -I../../fianl_bsp/ps7_cortexa9_0/include -MMD -MP -MF"src/helloworld.d" -MT"src/helloworld.o" -o "src/helloworld.o" "../src/helloworld.c"
../src/helloworld.c: In function 'main':
../src/helloworld.c:37:9: warning: unused variable 'prev_lower_bits' [-Wunused-variable]
     u32 prev_lower_bits = 0xFFFFFFFF; // �讒l�阿��i�爿�
         ^~~~~~~~~~~~~~~
'Finished building: ../src/helloworld.c'
' '
'Building target: fianl.elf'
'Invoking: ARM v7 gcc linker'
arm-none-eabi-gcc -mcpu=cortex-a9 -mfpu=vfpv3 -mfloat-abi=hard -Wl,-build-id=none -specs=Xilinx.spec -Wl,-T -Wl,../src/lscript.ld -L../../fianl_bsp/ps7_cortexa9_0/lib -o "fianl.elf"  ./src/helloworld.o ./src/platform.o   -Wl,--start-group,-lxil,-lgcc,-lc,--end-group
'Finished building target: fianl.elf'
' '
'Invoking: ARM v7 Print Size'
arm-none-eabi-size fianl.elf  |tee "fianl.elf.size"
   text	   data	    bss	    dec	    hex	filename
  24336	   1184	  22712	  48232	   bc68	fianl.elf
'Finished building: fianl.elf.size'
' '
15:54:36 **** Incremental Build of configuration Debug for project fianl ****
make pre-build main-build 
a9-linaro-pre-build-step
' '
make: Nothing to be done for 'main-build'.
15:55:35 **** Incremental Build of configuration Debug for project fianl ****
make pre-build main-build 
a9-linaro-pre-build-step
' '
make: Nothing to be done for 'main-build'.
16:12:38 **** Auto Build of configuration Debug for project fianl ****
make pre-build main-build 
a9-linaro-pre-build-step
' '
'Building file: ../src/helloworld.c'
'Invoking: ARM v7 gcc compiler'
arm-none-eabi-gcc -Wall -O0 -g3 -c -fmessage-length=0 -MT"src/helloworld.o" -mcpu=cortex-a9 -mfpu=vfpv3 -mfloat-abi=hard -I../../fianl_bsp/ps7_cortexa9_0/include -MMD -MP -MF"src/helloworld.d" -MT"src/helloworld.o" -o "src/helloworld.o" "../src/helloworld.c"
In file included from ../src/helloworld.c:1:0:
../../fianl_bsp/ps7_cortexa9_0/include/xparameters.h:19:10: fatal error: xparameters_ps.h: No such file or directory
 #include "xparameters_ps.h"
          ^~~~~~~~~~~~~~~~~~
compilation terminated.
make: *** [src/subdir.mk:26: src/helloworld.o] Error 1
16:14:22 **** Auto Build of configuration Debug for project fianl ****
make pre-build main-build 
a9-linaro-pre-build-step
' '
'Building file: ../src/helloworld.c'
'Invoking: ARM v7 gcc compiler'
arm-none-eabi-gcc -Wall -O0 -g3 -c -fmessage-length=0 -MT"src/helloworld.o" -mcpu=cortex-a9 -mfpu=vfpv3 -mfloat-abi=hard -I../../fianl_bsp/ps7_cortexa9_0/include -MMD -MP -MF"src/helloworld.d" -MT"src/helloworld.o" -o "src/helloworld.o" "../src/helloworld.c"
In file included from ../src/helloworld.c:1:0:
../../fianl_bsp/ps7_cortexa9_0/include/xparameters.h:19:10: fatal error: xparameters_ps.h: No such file or directory
 #include "xparameters_ps.h"
          ^~~~~~~~~~~~~~~~~~
compilation terminated.
make: *** [src/subdir.mk:26: src/helloworld.o] Error 1
16:14:31 **** Clean-only build of configuration Debug for project fianl ****
make clean 
rm -rf  ./src/helloworld.o ./src/platform.o  ./src/helloworld.d ./src/platform.d  fianl.elf.size  fianl.elf
' '
16:14:31 **** Clean-only build of project fianl_bsp ****
make -k clean 
make -C ps7_cortexa9_0/libsrc/coresightps_dcc_v1_4/src -s clean 
make -C ps7_cortexa9_0/libsrc/cpu_cortexa9_v2_7/src -s clean 
make -C ps7_cortexa9_0/libsrc/ddrps_v1_0/src -s clean 
make -C ps7_cortexa9_0/libsrc/devcfg_v3_5/src -s clean 
make -C ps7_cortexa9_0/libsrc/dmaps_v2_4/src -s clean 
make -C ps7_cortexa9_0/libsrc/emacps_v3_8/src -s clean 
make -C ps7_cortexa9_0/libsrc/final_v1_0/src -s clean 
rm: lstat．*.o・ア英: Invalid argument
make[1]: *** [Makefile:26: clean] Error 1
make: *** [Makefile:33: ps7_cortexa9_0/libsrc/final_v1_0/src/make.clean] Error 2
make -C ps7_cortexa9_0/libsrc/qspips_v3_5/src -s clean 
make -C ps7_cortexa9_0/libsrc/scugic_v3_10/src -s clean 
make -C ps7_cortexa9_0/libsrc/scutimer_v2_1/src -s clean 
make -C ps7_cortexa9_0/libsrc/scuwdt_v2_1/src -s clean 
make -C ps7_cortexa9_0/libsrc/sdps_v3_6/src -s clean 
make -C ps7_cortexa9_0/libsrc/standalone_v6_8/src -s clean 
make -C ps7_cortexa9_0/libsrc/uartps_v3_7/src -s clean 
make -C ps7_cortexa9_0/libsrc/usbps_v2_4/src -s clean 
make -C ps7_cortexa9_0/libsrc/wdtps_v3_1/src -s clean 
make -C ps7_cortexa9_0/libsrc/xadcps_v2_3/src -s clean 
make: Target 'clean' not remade because of errors.
16:14:32 **** Build of project fianl_bsp ****
make -k all 
"Running Make include in ps7_cortexa9_0/libsrc/coresightps_dcc_v1_4/src"
make -C ps7_cortexa9_0/libsrc/coresightps_dcc_v1_4/src -s include  "SHELL=CMD" "COMPILER=arm-none-eabi-gcc" "ARCHIVER=arm-none-eabi-ar" "COMPILER_FLAGS=  -O2 -c" "EXTRA_COMPILER_FLAGS=-mcpu=cortex-a9 -mfpu=vfpv3 -mfloat-abi=hard -nostartfiles -g -Wall -Wextra"
"Running Make include in ps7_cortexa9_0/libsrc/cpu_cortexa9_v2_7/src"
make -C ps7_cortexa9_0/libsrc/cpu_cortexa9_v2_7/src -s include  "SHELL=CMD" "COMPILER=arm-none-eabi-gcc" "ARCHIVER=arm-none-eabi-ar" "COMPILER_FLAGS=  -O2 -c" "EXTRA_COMPILER_FLAGS=-mcpu=cortex-a9 -mfpu=vfpv3 -mfloat-abi=hard -nostartfiles -g -Wall -Wextra"
"Running Make include in ps7_cortexa9_0/libsrc/ddrps_v1_0/src"
make -C ps7_cortexa9_0/libsrc/ddrps_v1_0/src -s include  "SHELL=CMD" "COMPILER=arm-none-eabi-gcc" "ARCHIVER=arm-none-eabi-ar" "COMPILER_FLAGS=  -O2 -c" "EXTRA_COMPILER_FLAGS=-mcpu=cortex-a9 -mfpu=vfpv3 -mfloat-abi=hard -nostartfiles -g -Wall -Wextra"
"Running Make include in ps7_cortexa9_0/libsrc/devcfg_v3_5/src"
make -C ps7_cortexa9_0/libsrc/devcfg_v3_5/src -s include  "SHELL=CMD" "COMPILER=arm-none-eabi-gcc" "ARCHIVER=arm-none-eabi-ar" "COMPILER_FLAGS=  -O2 -c" "EXTRA_COMPILER_FLAGS=-mcpu=cortex-a9 -mfpu=vfpv3 -mfloat-abi=hard -nostartfiles -g -Wall -Wextra"
"Running Make include in ps7_cortexa9_0/libsrc/dmaps_v2_4/src"
make -C ps7_cortexa9_0/libsrc/dmaps_v2_4/src -s include  "SHELL=CMD" "COMPILER=arm-none-eabi-gcc" "ARCHIVER=arm-none-eabi-ar" "COMPILER_FLAGS=  -O2 -c" "EXTRA_COMPILER_FLAGS=-mcpu=cortex-a9 -mfpu=vfpv3 -mfloat-abi=hard -nostartfiles -g -Wall -Wextra"
"Running Make include in ps7_cortexa9_0/libsrc/emacps_v3_8/src"
make -C ps7_cortexa9_0/libsrc/emacps_v3_8/src -s include  "SHELL=CMD" "COMPILER=arm-none-eabi-gcc" "ARCHIVER=arm-none-eabi-ar" "COMPILER_FLAGS=  -O2 -c" "EXTRA_COMPILER_FLAGS=-mcpu=cortex-a9 -mfpu=vfpv3 -mfloat-abi=hard -nostartfiles -g -Wall -Wextra"
"Running Make include in ps7_cortexa9_0/libsrc/final_v1_0/src"
make -C ps7_cortexa9_0/libsrc/final_v1_0/src -s include  "SHELL=CMD" "COMPILER=arm-none-eabi-gcc" "ARCHIVER=arm-none-eabi-ar" "COMPILER_FLAGS=  -O2 -c" "EXTRA_COMPILER_FLAGS=-mcpu=cortex-a9 -mfpu=vfpv3 -mfloat-abi=hard -nostartfiles -g -Wall -Wextra"
"Running Make include in ps7_cortexa9_0/libsrc/qspips_v3_5/src"
make -C ps7_cortexa9_0/libsrc/qspips_v3_5/src -s include  "SHELL=CMD" "COMPILER=arm-none-eabi-gcc" "ARCHIVER=arm-none-eabi-ar" "COMPILER_FLAGS=  -O2 -c" "EXTRA_COMPILER_FLAGS=-mcpu=cortex-a9 -mfpu=vfpv3 -mfloat-abi=hard -nostartfiles -g -Wall -Wextra"
"Running Make include in ps7_cortexa9_0/libsrc/scugic_v3_10/src"
make -C ps7_cortexa9_0/libsrc/scugic_v3_10/src -s include  "SHELL=CMD" "COMPILER=arm-none-eabi-gcc" "ARCHIVER=arm-none-eabi-ar" "COMPILER_FLAGS=  -O2 -c" "EXTRA_COMPILER_FLAGS=-mcpu=cortex-a9 -mfpu=vfpv3 -mfloat-abi=hard -nostartfiles -g -Wall -Wextra"
"Running Make include in ps7_cortexa9_0/libsrc/scutimer_v2_1/src"
make -C ps7_cortexa9_0/libsrc/scutimer_v2_1/src -s include  "SHELL=CMD" "COMPILER=arm-none-eabi-gcc" "ARCHIVER=arm-none-eabi-ar" "COMPILER_FLAGS=  -O2 -c" "EXTRA_COMPILER_FLAGS=-mcpu=cortex-a9 -mfpu=vfpv3 -mfloat-abi=hard -nostartfiles -g -Wall -Wextra"
"Running Make include in ps7_cortexa9_0/libsrc/scuwdt_v2_1/src"
make -C ps7_cortexa9_0/libsrc/scuwdt_v2_1/src -s include  "SHELL=CMD" "COMPILER=arm-none-eabi-gcc" "ARCHIVER=arm-none-eabi-ar" "COMPILER_FLAGS=  -O2 -c" "EXTRA_COMPILER_FLAGS=-mcpu=cortex-a9 -mfpu=vfpv3 -mfloat-abi=hard -nostartfiles -g -Wall -Wextra"
"Running Make include in ps7_cortexa9_0/libsrc/sdps_v3_6/src"
make -C ps7_cortexa9_0/libsrc/sdps_v3_6/src -s include  "SHELL=CMD" "COMPILER=arm-none-eabi-gcc" "ARCHIVER=arm-none-eabi-ar" "COMPILER_FLAGS=  -O2 -c" "EXTRA_COMPILER_FLAGS=-mcpu=cortex-a9 -mfpu=vfpv3 -mfloat-abi=hard -nostartfiles -g -Wall -Wextra"
"Running Make include in ps7_cortexa9_0/libsrc/standalone_v6_8/src"
make -C ps7_cortexa9_0/libsrc/standalone_v6_8/src -s include  "SHELL=CMD" "COMPILER=arm-none-eabi-gcc" "ARCHIVER=arm-none-eabi-ar" "COMPILER_FLAGS=  -O2 -c" "EXTRA_COMPILER_FLAGS=-mcpu=cortex-a9 -mfpu=vfpv3 -mfloat-abi=hard -nostartfiles -g -Wall -Wextra"
"Running Make include in ps7_cortexa9_0/libsrc/uartps_v3_7/src"
make -C ps7_cortexa9_0/libsrc/uartps_v3_7/src -s include  "SHELL=CMD" "COMPILER=arm-none-eabi-gcc" "ARCHIVER=arm-none-eabi-ar" "COMPILER_FLAGS=  -O2 -c" "EXTRA_COMPILER_FLAGS=-mcpu=cortex-a9 -mfpu=vfpv3 -mfloat-abi=hard -nostartfiles -g -Wall -Wextra"
"Running Make include in ps7_cortexa9_0/libsrc/usbps_v2_4/src"
make -C ps7_cortexa9_0/libsrc/usbps_v2_4/src -s include  "SHELL=CMD" "COMPILER=arm-none-eabi-gcc" "ARCHIVER=arm-none-eabi-ar" "COMPILER_FLAGS=  -O2 -c" "EXTRA_COMPILER_FLAGS=-mcpu=cortex-a9 -mfpu=vfpv3 -mfloat-abi=hard -nostartfiles -g -Wall -Wextra"
"Running Make include in ps7_cortexa9_0/libsrc/wdtps_v3_1/src"
make -C ps7_cortexa9_0/libsrc/wdtps_v3_1/src -s include  "SHELL=CMD" "COMPILER=arm-none-eabi-gcc" "ARCHIVER=arm-none-eabi-ar" "COMPILER_FLAGS=  -O2 -c" "EXTRA_COMPILER_FLAGS=-mcpu=cortex-a9 -mfpu=vfpv3 -mfloat-abi=hard -nostartfiles -g -Wall -Wextra"
"Running Make include in ps7_cortexa9_0/libsrc/xadcps_v2_3/src"
make -C ps7_cortexa9_0/libsrc/xadcps_v2_3/src -s include  "SHELL=CMD" "COMPILER=arm-none-eabi-gcc" "ARCHIVER=arm-none-eabi-ar" "COMPILER_FLAGS=  -O2 -c" "EXTRA_COMPILER_FLAGS=-mcpu=cortex-a9 -mfpu=vfpv3 -mfloat-abi=hard -nostartfiles -g -Wall -Wextra"
"Running Make libs in ps7_cortexa9_0/libsrc/coresightps_dcc_v1_4/src"
make -C ps7_cortexa9_0/libsrc/coresightps_dcc_v1_4/src -s libs  "SHELL=CMD" "COMPILER=arm-none-eabi-gcc" "ARCHIVER=arm-none-eabi-ar" "COMPILER_FLAGS=  -O2 -c" "EXTRA_COMPILER_FLAGS=-mcpu=cortex-a9 -mfpu=vfpv3 -mfloat-abi=hard -nostartfiles -g -Wall -Wextra"
"Compiling coresightps_dcc"
arm-none-eabi-ar: creating ../../../lib/libxil.a
"Running Make libs in ps7_cortexa9_0/libsrc/cpu_cortexa9_v2_7/src"
make -C ps7_cortexa9_0/libsrc/cpu_cortexa9_v2_7/src -s libs  "SHELL=CMD" "COMPILER=arm-none-eabi-gcc" "ARCHIVER=arm-none-eabi-ar" "COMPILER_FLAGS=  -O2 -c" "EXTRA_COMPILER_FLAGS=-mcpu=cortex-a9 -mfpu=vfpv3 -mfloat-abi=hard -nostartfiles -g -Wall -Wextra"
"Compiling cpu_cortexa9"
"Running Make libs in ps7_cortexa9_0/libsrc/ddrps_v1_0/src"
make -C ps7_cortexa9_0/libsrc/ddrps_v1_0/src -s libs  "SHELL=CMD" "COMPILER=arm-none-eabi-gcc" "ARCHIVER=arm-none-eabi-ar" "COMPILER_FLAGS=  -O2 -c" "EXTRA_COMPILER_FLAGS=-mcpu=cortex-a9 -mfpu=vfpv3 -mfloat-abi=hard -nostartfiles -g -Wall -Wextra"
"Compiling ddrps"
"Running Make libs in ps7_cortexa9_0/libsrc/devcfg_v3_5/src"
make -C ps7_cortexa9_0/libsrc/devcfg_v3_5/src -s libs  "SHELL=CMD" "COMPILER=arm-none-eabi-gcc" "ARCHIVER=arm-none-eabi-ar" "COMPILER_FLAGS=  -O2 -c" "EXTRA_COMPILER_FLAGS=-mcpu=cortex-a9 -mfpu=vfpv3 -mfloat-abi=hard -nostartfiles -g -Wall -Wextra"
"Compiling devcfg"
"Running Make libs in ps7_cortexa9_0/libsrc/dmaps_v2_4/src"
make -C ps7_cortexa9_0/libsrc/dmaps_v2_4/src -s libs  "SHELL=CMD" "COMPILER=arm-none-eabi-gcc" "ARCHIVER=arm-none-eabi-ar" "COMPILER_FLAGS=  -O2 -c" "EXTRA_COMPILER_FLAGS=-mcpu=cortex-a9 -mfpu=vfpv3 -mfloat-abi=hard -nostartfiles -g -Wall -Wextra"
"Compiling dmaps"
"Running Make libs in ps7_cortexa9_0/libsrc/emacps_v3_8/src"
make -C ps7_cortexa9_0/libsrc/emacps_v3_8/src -s libs  "SHELL=CMD" "COMPILER=arm-none-eabi-gcc" "ARCHIVER=arm-none-eabi-ar" "COMPILER_FLAGS=  -O2 -c" "EXTRA_COMPILER_FLAGS=-mcpu=cortex-a9 -mfpu=vfpv3 -mfloat-abi=hard -nostartfiles -g -Wall -Wextra"
"Compiling emacps"
"Running Make libs in ps7_cortexa9_0/libsrc/final_v1_0/src"
make -C ps7_cortexa9_0/libsrc/final_v1_0/src -s libs  "SHELL=CMD" "COMPILER=arm-none-eabi-gcc" "ARCHIVER=arm-none-eabi-ar" "COMPILER_FLAGS=  -O2 -c" "EXTRA_COMPILER_FLAGS=-mcpu=cortex-a9 -mfpu=vfpv3 -mfloat-abi=hard -nostartfiles -g -Wall -Wextra"
"Compiling final..."
final_selftest.c: In function 'FINAL_Reg_SelfTest':
final_selftest.c:52:54: warning: comparison between signed and unsigned integer expressions [-Wsign-compare]
    if ( FINAL_mReadReg (baseaddr, read_loop_index*4) != (read_loop_index+1)*READ_WRITE_MUL_FACTOR){
                                                      ^~
final_selftest.c:36:6: warning: unused variable 'Index' [-Wunused-variable]
  int Index;
      ^~~~~
"Running Make libs in ps7_cortexa9_0/libsrc/qspips_v3_5/src"
make -C ps7_cortexa9_0/libsrc/qspips_v3_5/src -s libs  "SHELL=CMD" "COMPILER=arm-none-eabi-gcc" "ARCHIVER=arm-none-eabi-ar" "COMPILER_FLAGS=  -O2 -c" "EXTRA_COMPILER_FLAGS=-mcpu=cortex-a9 -mfpu=vfpv3 -mfloat-abi=hard -nostartfiles -g -Wall -Wextra"
"Compiling qspips"
"Running Make libs in ps7_cortexa9_0/libsrc/scugic_v3_10/src"
make -C ps7_cortexa9_0/libsrc/scugic_v3_10/src -s libs  "SHELL=CMD" "COMPILER=arm-none-eabi-gcc" "ARCHIVER=arm-none-eabi-ar" "COMPILER_FLAGS=  -O2 -c" "EXTRA_COMPILER_FLAGS=-mcpu=cortex-a9 -mfpu=vfpv3 -mfloat-abi=hard -nostartfiles -g -Wall -Wextra"
"Compiling scugic"
"Running Make libs in ps7_cortexa9_0/libsrc/scutimer_v2_1/src"
make -C ps7_cortexa9_0/libsrc/scutimer_v2_1/src -s libs  "SHELL=CMD" "COMPILER=arm-none-eabi-gcc" "ARCHIVER=arm-none-eabi-ar" "COMPILER_FLAGS=  -O2 -c" "EXTRA_COMPILER_FLAGS=-mcpu=cortex-a9 -mfpu=vfpv3 -mfloat-abi=hard -nostartfiles -g -Wall -Wextra"
"Compiling scutimer"
"Running Make libs in ps7_cortexa9_0/libsrc/scuwdt_v2_1/src"
make -C ps7_cortexa9_0/libsrc/scuwdt_v2_1/src -s libs  "SHELL=CMD" "COMPILER=arm-none-eabi-gcc" "ARCHIVER=arm-none-eabi-ar" "COMPILER_FLAGS=  -O2 -c" "EXTRA_COMPILER_FLAGS=-mcpu=cortex-a9 -mfpu=vfpv3 -mfloat-abi=hard -nostartfiles -g -Wall -Wextra"
"Compiling scuwdt"
"Running Make libs in ps7_cortexa9_0/libsrc/sdps_v3_6/src"
make -C ps7_cortexa9_0/libsrc/sdps_v3_6/src -s libs  "SHELL=CMD" "COMPILER=arm-none-eabi-gcc" "ARCHIVER=arm-none-eabi-ar" "COMPILER_FLAGS=  -O2 -c" "EXTRA_COMPILER_FLAGS=-mcpu=cortex-a9 -mfpu=vfpv3 -mfloat-abi=hard -nostartfiles -g -Wall -Wextra"
"Compiling sdps"
"Running Make libs in ps7_cortexa9_0/libsrc/standalone_v6_8/src"
make -C ps7_cortexa9_0/libsrc/standalone_v6_8/src -s libs  "SHELL=CMD" "COMPILER=arm-none-eabi-gcc" "ARCHIVER=arm-none-eabi-ar" "COMPILER_FLAGS=  -O2 -c" "EXTRA_COMPILER_FLAGS=-mcpu=cortex-a9 -mfpu=vfpv3 -mfloat-abi=hard -nostartfiles -g -Wall -Wextra"
"Compiling standalone"
In file included from usleep.c:56:0:
xtime_l.h:87:9: note: #pragma message: For the sleep routines, Global timer is being used
 #pragma message ("For the sleep routines, Global timer is being used")
         ^~~~~~~
In file included from xil_sleeptimer.c:51:0:
xtime_l.h:87:9: note: #pragma message: For the sleep routines, Global timer is being used
 #pragma message ("For the sleep routines, Global timer is being used")
         ^~~~~~~
In file included from xtime_l.c:49:0:
xtime_l.h:87:9: note: #pragma message: For the sleep routines, Global timer is being used
 #pragma message ("For the sleep routines, Global timer is being used")
         ^~~~~~~
In file included from sleep.c:53:0:
xtime_l.h:87:9: note: #pragma message: For the sleep routines, Global timer is being used
 #pragma message ("For the sleep routines, Global timer is being used")
         ^~~~~~~
"Running Make libs in ps7_cortexa9_0/libsrc/uartps_v3_7/src"
make -C ps7_cortexa9_0/libsrc/uartps_v3_7/src -s libs  "SHELL=CMD" "COMPILER=arm-none-eabi-gcc" "ARCHIVER=arm-none-eabi-ar" "COMPILER_FLAGS=  -O2 -c" "EXTRA_COMPILER_FLAGS=-mcpu=cortex-a9 -mfpu=vfpv3 -mfloat-abi=hard -nostartfiles -g -Wall -Wextra"
"Compiling uartps"
"Running Make libs in ps7_cortexa9_0/libsrc/usbps_v2_4/src"
make -C ps7_cortexa9_0/libsrc/usbps_v2_4/src -s libs  "SHELL=CMD" "COMPILER=arm-none-eabi-gcc" "ARCHIVER=arm-none-eabi-ar" "COMPILER_FLAGS=  -O2 -c" "EXTRA_COMPILER_FLAGS=-mcpu=cortex-a9 -mfpu=vfpv3 -mfloat-abi=hard -nostartfiles -g -Wall -Wextra"
"Compiling usbps"
"Running Make libs in ps7_cortexa9_0/libsrc/wdtps_v3_1/src"
make -C ps7_cortexa9_0/libsrc/wdtps_v3_1/src -s libs  "SHELL=CMD" "COMPILER=arm-none-eabi-gcc" "ARCHIVER=arm-none-eabi-ar" "COMPILER_FLAGS=  -O2 -c" "EXTRA_COMPILER_FLAGS=-mcpu=cortex-a9 -mfpu=vfpv3 -mfloat-abi=hard -nostartfiles -g -Wall -Wextra"
"Compiling wdtps"
"Running Make libs in ps7_cortexa9_0/libsrc/xadcps_v2_3/src"
make -C ps7_cortexa9_0/libsrc/xadcps_v2_3/src -s libs  "SHELL=CMD" "COMPILER=arm-none-eabi-gcc" "ARCHIVER=arm-none-eabi-ar" "COMPILER_FLAGS=  -O2 -c" "EXTRA_COMPILER_FLAGS=-mcpu=cortex-a9 -mfpu=vfpv3 -mfloat-abi=hard -nostartfiles -g -Wall -Wextra"
"Compiling xadcps"
'Finished building libraries'
16:14:52 **** Build of configuration Debug for project fianl ****
make pre-build main-build 
a9-linaro-pre-build-step
' '
'Building file: ../src/helloworld.c'
'Invoking: ARM v7 gcc compiler'
arm-none-eabi-gcc -Wall -O0 -g3 -c -fmessage-length=0 -MT"src/helloworld.o" -mcpu=cortex-a9 -mfpu=vfpv3 -mfloat-abi=hard -I../../fianl_bsp/ps7_cortexa9_0/include -MMD -MP -MF"src/helloworld.d" -MT"src/helloworld.o" -o "src/helloworld.o" "../src/helloworld.c"
../src/helloworld.c: In function 'main':
../src/helloworld.c:71:9: error: 'slv_reg0_value' undeclared (first use in this function); did you mean 'slv_reg1'?
         slv_reg0_value = Xil_In32(BASEADDR + SLV_REG0_OFFSET);
         ^~~~~~~~~~~~~~
         slv_reg1
../src/helloworld.c:71:9: note: each undeclared identifier is reported only once for each function it appears in
../src/helloworld.c:37:9: warning: unused variable 'prev_lower_bits' [-Wunused-variable]
     u32 prev_lower_bits = 0xFFFFFFFF; // �讒l�阿��i�爿�
         ^~~~~~~~~~~~~~~
../src/helloworld.c:36:9: warning: variable 'slv_reg1' set but not used [-Wunused-but-set-variable]
     u32 slv_reg1;
         ^~~~~~~~
make: *** [src/subdir.mk:26: src/helloworld.o] Error 1
16:15:53 **** Auto Build of configuration Debug for project fianl ****
make pre-build main-build 
a9-linaro-pre-build-step
' '
'Building file: ../src/helloworld.c'
'Invoking: ARM v7 gcc compiler'
arm-none-eabi-gcc -Wall -O0 -g3 -c -fmessage-length=0 -MT"src/helloworld.o" -mcpu=cortex-a9 -mfpu=vfpv3 -mfloat-abi=hard -I../../fianl_bsp/ps7_cortexa9_0/include -MMD -MP -MF"src/helloworld.d" -MT"src/helloworld.o" -o "src/helloworld.o" "../src/helloworld.c"
../src/helloworld.c: In function 'main':
../src/helloworld.c:37:9: warning: unused variable 'prev_lower_bits' [-Wunused-variable]
     u32 prev_lower_bits = 0xFFFFFFFF; // �讒l�阿��i�爿�
         ^~~~~~~~~~~~~~~
../src/helloworld.c:36:9: warning: variable 'slv_reg1' set but not used [-Wunused-but-set-variable]
     u32 slv_reg1;
         ^~~~~~~~
'Finished building: ../src/helloworld.c'
' '
'Building file: ../src/platform.c'
'Invoking: ARM v7 gcc compiler'
arm-none-eabi-gcc -Wall -O0 -g3 -c -fmessage-length=0 -MT"src/platform.o" -mcpu=cortex-a9 -mfpu=vfpv3 -mfloat-abi=hard -I../../fianl_bsp/ps7_cortexa9_0/include -MMD -MP -MF"src/platform.d" -MT"src/platform.o" -o "src/platform.o" "../src/platform.c"
'Finished building: ../src/platform.c'
' '
'Building target: fianl.elf'
'Invoking: ARM v7 gcc linker'
arm-none-eabi-gcc -mcpu=cortex-a9 -mfpu=vfpv3 -mfloat-abi=hard -Wl,-build-id=none -specs=Xilinx.spec -Wl,-T -Wl,../src/lscript.ld -L../../fianl_bsp/ps7_cortexa9_0/lib -o "fianl.elf"  ./src/helloworld.o ./src/platform.o   -Wl,--start-group,-lxil,-lgcc,-lc,--end-group
'Finished building target: fianl.elf'
' '
'Invoking: ARM v7 Print Size'
arm-none-eabi-size fianl.elf  |tee "fianl.elf.size"
   text	   data	    bss	    dec	    hex	filename
  24540	   1184	  22712	  48436	   bd34	fianl.elf
'Finished building: fianl.elf.size'
' '
16:16:10 **** Incremental Build of configuration Debug for project fianl ****
make pre-build main-build 
a9-linaro-pre-build-step
' '
make: Nothing to be done for 'main-build'.
16:17:22 **** Auto Build of configuration Debug for project fianl ****
make pre-build main-build 
a9-linaro-pre-build-step
' '
'Building file: ../src/helloworld.c'
'Invoking: ARM v7 gcc compiler'
arm-none-eabi-gcc -Wall -O0 -g3 -c -fmessage-length=0 -MT"src/helloworld.o" -mcpu=cortex-a9 -mfpu=vfpv3 -mfloat-abi=hard -I../../fianl_bsp/ps7_cortexa9_0/include -MMD -MP -MF"src/helloworld.d" -MT"src/helloworld.o" -o "src/helloworld.o" "../src/helloworld.c"
../src/helloworld.c: In function 'main':
../src/helloworld.c:37:9: warning: unused variable 'prev_lower_bits' [-Wunused-variable]
     u32 prev_lower_bits = 0xFFFFFFFF; // �讒l�阿��i�爿�
         ^~~~~~~~~~~~~~~
../src/helloworld.c:36:9: warning: variable 'slv_reg1' set but not used [-Wunused-but-set-variable]
     u32 slv_reg1;
         ^~~~~~~~
'Finished building: ../src/helloworld.c'
' '
'Building target: fianl.elf'
'Invoking: ARM v7 gcc linker'
arm-none-eabi-gcc -mcpu=cortex-a9 -mfpu=vfpv3 -mfloat-abi=hard -Wl,-build-id=none -specs=Xilinx.spec -Wl,-T -Wl,../src/lscript.ld -L../../fianl_bsp/ps7_cortexa9_0/lib -o "fianl.elf"  ./src/helloworld.o ./src/platform.o   -Wl,--start-group,-lxil,-lgcc,-lc,--end-group
'Finished building target: fianl.elf'
' '
'Invoking: ARM v7 Print Size'
arm-none-eabi-size fianl.elf  |tee "fianl.elf.size"
   text	   data	    bss	    dec	    hex	filename
  24540	   1184	  22712	  48436	   bd34	fianl.elf
'Finished building: fianl.elf.size'
' '
16:17:27 **** Incremental Build of configuration Debug for project fianl ****
make pre-build main-build 
a9-linaro-pre-build-step
' '
make: Nothing to be done for 'main-build'.
16:25:20 **** Auto Build of configuration Debug for project fianl ****
make pre-build main-build 
a9-linaro-pre-build-step
' '
'Building file: ../src/helloworld.c'
'Invoking: ARM v7 gcc compiler'
arm-none-eabi-gcc -Wall -O0 -g3 -c -fmessage-length=0 -MT"src/helloworld.o" -mcpu=cortex-a9 -mfpu=vfpv3 -mfloat-abi=hard -I../../fianl_bsp/ps7_cortexa9_0/include -MMD -MP -MF"src/helloworld.d" -MT"src/helloworld.o" -o "src/helloworld.o" "../src/helloworld.c"
../src/helloworld.c: In function 'main':
../src/helloworld.c:75:77: error: 'slv_reg0_value' undeclared (first use in this function); did you mean 'slv_reg1'?
    xil_printf("Notified board by setting slv_reg0[8]. New value: 0x%08X\n", slv_reg0_value);
                                                                             ^~~~~~~~~~~~~~
                                                                             slv_reg1
../src/helloworld.c:75:77: note: each undeclared identifier is reported only once for each function it appears in
../src/helloworld.c:37:9: warning: unused variable 'prev_lower_bits' [-Wunused-variable]
     u32 prev_lower_bits = 0xFFFFFFFF; // �讒l�阿��i�爿�
         ^~~~~~~~~~~~~~~
../src/helloworld.c:36:9: warning: variable 'slv_reg1' set but not used [-Wunused-but-set-variable]
     u32 slv_reg1;
         ^~~~~~~~
make: *** [src/subdir.mk:26: src/helloworld.o] Error 1
16:25:31 **** Auto Build of configuration Debug for project fianl ****
make pre-build main-build 
a9-linaro-pre-build-step
' '
'Building file: ../src/helloworld.c'
'Invoking: ARM v7 gcc compiler'
arm-none-eabi-gcc -Wall -O0 -g3 -c -fmessage-length=0 -MT"src/helloworld.o" -mcpu=cortex-a9 -mfpu=vfpv3 -mfloat-abi=hard -I../../fianl_bsp/ps7_cortexa9_0/include -MMD -MP -MF"src/helloworld.d" -MT"src/helloworld.o" -o "src/helloworld.o" "../src/helloworld.c"
../src/helloworld.c: In function 'main':
../src/helloworld.c:37:9: warning: unused variable 'prev_lower_bits' [-Wunused-variable]
     u32 prev_lower_bits = 0xFFFFFFFF; // �讒l�阿��i�爿�
         ^~~~~~~~~~~~~~~
../src/helloworld.c:36:9: warning: variable 'slv_reg1' set but not used [-Wunused-but-set-variable]
     u32 slv_reg1;
         ^~~~~~~~
'Finished building: ../src/helloworld.c'
' '
'Building target: fianl.elf'
'Invoking: ARM v7 gcc linker'
arm-none-eabi-gcc -mcpu=cortex-a9 -mfpu=vfpv3 -mfloat-abi=hard -Wl,-build-id=none -specs=Xilinx.spec -Wl,-T -Wl,../src/lscript.ld -L../../fianl_bsp/ps7_cortexa9_0/lib -o "fianl.elf"  ./src/helloworld.o ./src/platform.o   -Wl,--start-group,-lxil,-lgcc,-lc,--end-group
'Finished building target: fianl.elf'
' '
'Invoking: ARM v7 Print Size'
arm-none-eabi-size fianl.elf  |tee "fianl.elf.size"
   text	   data	    bss	    dec	    hex	filename
  24416	   1184	  22712	  48312	   bcb8	fianl.elf
'Finished building: fianl.elf.size'
' '
16:26:10 **** Clean-only build of configuration Debug for project fianl ****
make clean 
rm -rf  ./src/helloworld.o ./src/platform.o  ./src/helloworld.d ./src/platform.d  fianl.elf.size  fianl.elf
' '
16:26:10 **** Clean-only build of project fianl_bsp ****
make -k clean 
make -C ps7_cortexa9_0/libsrc/coresightps_dcc_v1_4/src -s clean 
make -C ps7_cortexa9_0/libsrc/cpu_cortexa9_v2_7/src -s clean 
make -C ps7_cortexa9_0/libsrc/ddrps_v1_0/src -s clean 
make -C ps7_cortexa9_0/libsrc/devcfg_v3_5/src -s clean 
make -C ps7_cortexa9_0/libsrc/dmaps_v2_4/src -s clean 
make -C ps7_cortexa9_0/libsrc/emacps_v3_8/src -s clean 
make -C ps7_cortexa9_0/libsrc/final_v1_0/src -s clean 
rm: lstat．*.o・ア英: Invalid argument
make[1]: *** [Makefile:26: clean] Error 1
make: *** [Makefile:33: ps7_cortexa9_0/libsrc/final_v1_0/src/make.clean] Error 2
make -C ps7_cortexa9_0/libsrc/qspips_v3_5/src -s clean 
make -C ps7_cortexa9_0/libsrc/scugic_v3_10/src -s clean 
make -C ps7_cortexa9_0/libsrc/scutimer_v2_1/src -s clean 
make -C ps7_cortexa9_0/libsrc/scuwdt_v2_1/src -s clean 
make -C ps7_cortexa9_0/libsrc/sdps_v3_6/src -s clean 
make -C ps7_cortexa9_0/libsrc/standalone_v6_8/src -s clean 
make -C ps7_cortexa9_0/libsrc/uartps_v3_7/src -s clean 
make -C ps7_cortexa9_0/libsrc/usbps_v2_4/src -s clean 
make -C ps7_cortexa9_0/libsrc/wdtps_v3_1/src -s clean 
make -C ps7_cortexa9_0/libsrc/xadcps_v2_3/src -s clean 
make: Target 'clean' not remade because of errors.
16:26:12 **** Build of project fianl_bsp ****
make -k all 
"Running Make include in ps7_cortexa9_0/libsrc/coresightps_dcc_v1_4/src"
make -C ps7_cortexa9_0/libsrc/coresightps_dcc_v1_4/src -s include  "SHELL=CMD" "COMPILER=arm-none-eabi-gcc" "ARCHIVER=arm-none-eabi-ar" "COMPILER_FLAGS=  -O2 -c" "EXTRA_COMPILER_FLAGS=-mcpu=cortex-a9 -mfpu=vfpv3 -mfloat-abi=hard -nostartfiles -g -Wall -Wextra"
"Running Make include in ps7_cortexa9_0/libsrc/cpu_cortexa9_v2_7/src"
make -C ps7_cortexa9_0/libsrc/cpu_cortexa9_v2_7/src -s include  "SHELL=CMD" "COMPILER=arm-none-eabi-gcc" "ARCHIVER=arm-none-eabi-ar" "COMPILER_FLAGS=  -O2 -c" "EXTRA_COMPILER_FLAGS=-mcpu=cortex-a9 -mfpu=vfpv3 -mfloat-abi=hard -nostartfiles -g -Wall -Wextra"
"Running Make include in ps7_cortexa9_0/libsrc/ddrps_v1_0/src"
make -C ps7_cortexa9_0/libsrc/ddrps_v1_0/src -s include  "SHELL=CMD" "COMPILER=arm-none-eabi-gcc" "ARCHIVER=arm-none-eabi-ar" "COMPILER_FLAGS=  -O2 -c" "EXTRA_COMPILER_FLAGS=-mcpu=cortex-a9 -mfpu=vfpv3 -mfloat-abi=hard -nostartfiles -g -Wall -Wextra"
"Running Make include in ps7_cortexa9_0/libsrc/devcfg_v3_5/src"
make -C ps7_cortexa9_0/libsrc/devcfg_v3_5/src -s include  "SHELL=CMD" "COMPILER=arm-none-eabi-gcc" "ARCHIVER=arm-none-eabi-ar" "COMPILER_FLAGS=  -O2 -c" "EXTRA_COMPILER_FLAGS=-mcpu=cortex-a9 -mfpu=vfpv3 -mfloat-abi=hard -nostartfiles -g -Wall -Wextra"
"Running Make include in ps7_cortexa9_0/libsrc/dmaps_v2_4/src"
make -C ps7_cortexa9_0/libsrc/dmaps_v2_4/src -s include  "SHELL=CMD" "COMPILER=arm-none-eabi-gcc" "ARCHIVER=arm-none-eabi-ar" "COMPILER_FLAGS=  -O2 -c" "EXTRA_COMPILER_FLAGS=-mcpu=cortex-a9 -mfpu=vfpv3 -mfloat-abi=hard -nostartfiles -g -Wall -Wextra"
"Running Make include in ps7_cortexa9_0/libsrc/emacps_v3_8/src"
make -C ps7_cortexa9_0/libsrc/emacps_v3_8/src -s include  "SHELL=CMD" "COMPILER=arm-none-eabi-gcc" "ARCHIVER=arm-none-eabi-ar" "COMPILER_FLAGS=  -O2 -c" "EXTRA_COMPILER_FLAGS=-mcpu=cortex-a9 -mfpu=vfpv3 -mfloat-abi=hard -nostartfiles -g -Wall -Wextra"
"Running Make include in ps7_cortexa9_0/libsrc/final_v1_0/src"
make -C ps7_cortexa9_0/libsrc/final_v1_0/src -s include  "SHELL=CMD" "COMPILER=arm-none-eabi-gcc" "ARCHIVER=arm-none-eabi-ar" "COMPILER_FLAGS=  -O2 -c" "EXTRA_COMPILER_FLAGS=-mcpu=cortex-a9 -mfpu=vfpv3 -mfloat-abi=hard -nostartfiles -g -Wall -Wextra"
"Running Make include in ps7_cortexa9_0/libsrc/qspips_v3_5/src"
make -C ps7_cortexa9_0/libsrc/qspips_v3_5/src -s include  "SHELL=CMD" "COMPILER=arm-none-eabi-gcc" "ARCHIVER=arm-none-eabi-ar" "COMPILER_FLAGS=  -O2 -c" "EXTRA_COMPILER_FLAGS=-mcpu=cortex-a9 -mfpu=vfpv3 -mfloat-abi=hard -nostartfiles -g -Wall -Wextra"
"Running Make include in ps7_cortexa9_0/libsrc/scugic_v3_10/src"
make -C ps7_cortexa9_0/libsrc/scugic_v3_10/src -s include  "SHELL=CMD" "COMPILER=arm-none-eabi-gcc" "ARCHIVER=arm-none-eabi-ar" "COMPILER_FLAGS=  -O2 -c" "EXTRA_COMPILER_FLAGS=-mcpu=cortex-a9 -mfpu=vfpv3 -mfloat-abi=hard -nostartfiles -g -Wall -Wextra"
"Running Make include in ps7_cortexa9_0/libsrc/scutimer_v2_1/src"
make -C ps7_cortexa9_0/libsrc/scutimer_v2_1/src -s include  "SHELL=CMD" "COMPILER=arm-none-eabi-gcc" "ARCHIVER=arm-none-eabi-ar" "COMPILER_FLAGS=  -O2 -c" "EXTRA_COMPILER_FLAGS=-mcpu=cortex-a9 -mfpu=vfpv3 -mfloat-abi=hard -nostartfiles -g -Wall -Wextra"
"Running Make include in ps7_cortexa9_0/libsrc/scuwdt_v2_1/src"
make -C ps7_cortexa9_0/libsrc/scuwdt_v2_1/src -s include  "SHELL=CMD" "COMPILER=arm-none-eabi-gcc" "ARCHIVER=arm-none-eabi-ar" "COMPILER_FLAGS=  -O2 -c" "EXTRA_COMPILER_FLAGS=-mcpu=cortex-a9 -mfpu=vfpv3 -mfloat-abi=hard -nostartfiles -g -Wall -Wextra"
"Running Make include in ps7_cortexa9_0/libsrc/sdps_v3_6/src"
make -C ps7_cortexa9_0/libsrc/sdps_v3_6/src -s include  "SHELL=CMD" "COMPILER=arm-none-eabi-gcc" "ARCHIVER=arm-none-eabi-ar" "COMPILER_FLAGS=  -O2 -c" "EXTRA_COMPILER_FLAGS=-mcpu=cortex-a9 -mfpu=vfpv3 -mfloat-abi=hard -nostartfiles -g -Wall -Wextra"
"Running Make include in ps7_cortexa9_0/libsrc/standalone_v6_8/src"
make -C ps7_cortexa9_0/libsrc/standalone_v6_8/src -s include  "SHELL=CMD" "COMPILER=arm-none-eabi-gcc" "ARCHIVER=arm-none-eabi-ar" "COMPILER_FLAGS=  -O2 -c" "EXTRA_COMPILER_FLAGS=-mcpu=cortex-a9 -mfpu=vfpv3 -mfloat-abi=hard -nostartfiles -g -Wall -Wextra"
"Running Make include in ps7_cortexa9_0/libsrc/uartps_v3_7/src"
make -C ps7_cortexa9_0/libsrc/uartps_v3_7/src -s include  "SHELL=CMD" "COMPILER=arm-none-eabi-gcc" "ARCHIVER=arm-none-eabi-ar" "COMPILER_FLAGS=  -O2 -c" "EXTRA_COMPILER_FLAGS=-mcpu=cortex-a9 -mfpu=vfpv3 -mfloat-abi=hard -nostartfiles -g -Wall -Wextra"
"Running Make include in ps7_cortexa9_0/libsrc/usbps_v2_4/src"
make -C ps7_cortexa9_0/libsrc/usbps_v2_4/src -s include  "SHELL=CMD" "COMPILER=arm-none-eabi-gcc" "ARCHIVER=arm-none-eabi-ar" "COMPILER_FLAGS=  -O2 -c" "EXTRA_COMPILER_FLAGS=-mcpu=cortex-a9 -mfpu=vfpv3 -mfloat-abi=hard -nostartfiles -g -Wall -Wextra"
"Running Make include in ps7_cortexa9_0/libsrc/wdtps_v3_1/src"
make -C ps7_cortexa9_0/libsrc/wdtps_v3_1/src -s include  "SHELL=CMD" "COMPILER=arm-none-eabi-gcc" "ARCHIVER=arm-none-eabi-ar" "COMPILER_FLAGS=  -O2 -c" "EXTRA_COMPILER_FLAGS=-mcpu=cortex-a9 -mfpu=vfpv3 -mfloat-abi=hard -nostartfiles -g -Wall -Wextra"
"Running Make include in ps7_cortexa9_0/libsrc/xadcps_v2_3/src"
make -C ps7_cortexa9_0/libsrc/xadcps_v2_3/src -s include  "SHELL=CMD" "COMPILER=arm-none-eabi-gcc" "ARCHIVER=arm-none-eabi-ar" "COMPILER_FLAGS=  -O2 -c" "EXTRA_COMPILER_FLAGS=-mcpu=cortex-a9 -mfpu=vfpv3 -mfloat-abi=hard -nostartfiles -g -Wall -Wextra"
"Running Make libs in ps7_cortexa9_0/libsrc/coresightps_dcc_v1_4/src"
make -C ps7_cortexa9_0/libsrc/coresightps_dcc_v1_4/src -s libs  "SHELL=CMD" "COMPILER=arm-none-eabi-gcc" "ARCHIVER=arm-none-eabi-ar" "COMPILER_FLAGS=  -O2 -c" "EXTRA_COMPILER_FLAGS=-mcpu=cortex-a9 -mfpu=vfpv3 -mfloat-abi=hard -nostartfiles -g -Wall -Wextra"
"Compiling coresightps_dcc"
arm-none-eabi-ar: creating ../../../lib/libxil.a
"Running Make libs in ps7_cortexa9_0/libsrc/cpu_cortexa9_v2_7/src"
make -C ps7_cortexa9_0/libsrc/cpu_cortexa9_v2_7/src -s libs  "SHELL=CMD" "COMPILER=arm-none-eabi-gcc" "ARCHIVER=arm-none-eabi-ar" "COMPILER_FLAGS=  -O2 -c" "EXTRA_COMPILER_FLAGS=-mcpu=cortex-a9 -mfpu=vfpv3 -mfloat-abi=hard -nostartfiles -g -Wall -Wextra"
"Compiling cpu_cortexa9"
"Running Make libs in ps7_cortexa9_0/libsrc/ddrps_v1_0/src"
make -C ps7_cortexa9_0/libsrc/ddrps_v1_0/src -s libs  "SHELL=CMD" "COMPILER=arm-none-eabi-gcc" "ARCHIVER=arm-none-eabi-ar" "COMPILER_FLAGS=  -O2 -c" "EXTRA_COMPILER_FLAGS=-mcpu=cortex-a9 -mfpu=vfpv3 -mfloat-abi=hard -nostartfiles -g -Wall -Wextra"
"Compiling ddrps"
"Running Make libs in ps7_cortexa9_0/libsrc/devcfg_v3_5/src"
make -C ps7_cortexa9_0/libsrc/devcfg_v3_5/src -s libs  "SHELL=CMD" "COMPILER=arm-none-eabi-gcc" "ARCHIVER=arm-none-eabi-ar" "COMPILER_FLAGS=  -O2 -c" "EXTRA_COMPILER_FLAGS=-mcpu=cortex-a9 -mfpu=vfpv3 -mfloat-abi=hard -nostartfiles -g -Wall -Wextra"
"Compiling devcfg"
"Running Make libs in ps7_cortexa9_0/libsrc/dmaps_v2_4/src"
make -C ps7_cortexa9_0/libsrc/dmaps_v2_4/src -s libs  "SHELL=CMD" "COMPILER=arm-none-eabi-gcc" "ARCHIVER=arm-none-eabi-ar" "COMPILER_FLAGS=  -O2 -c" "EXTRA_COMPILER_FLAGS=-mcpu=cortex-a9 -mfpu=vfpv3 -mfloat-abi=hard -nostartfiles -g -Wall -Wextra"
"Compiling dmaps"
"Running Make libs in ps7_cortexa9_0/libsrc/emacps_v3_8/src"
make -C ps7_cortexa9_0/libsrc/emacps_v3_8/src -s libs  "SHELL=CMD" "COMPILER=arm-none-eabi-gcc" "ARCHIVER=arm-none-eabi-ar" "COMPILER_FLAGS=  -O2 -c" "EXTRA_COMPILER_FLAGS=-mcpu=cortex-a9 -mfpu=vfpv3 -mfloat-abi=hard -nostartfiles -g -Wall -Wextra"
"Compiling emacps"
"Running Make libs in ps7_cortexa9_0/libsrc/final_v1_0/src"
make -C ps7_cortexa9_0/libsrc/final_v1_0/src -s libs  "SHELL=CMD" "COMPILER=arm-none-eabi-gcc" "ARCHIVER=arm-none-eabi-ar" "COMPILER_FLAGS=  -O2 -c" "EXTRA_COMPILER_FLAGS=-mcpu=cortex-a9 -mfpu=vfpv3 -mfloat-abi=hard -nostartfiles -g -Wall -Wextra"
"Compiling final..."
final_selftest.c: In function 'FINAL_Reg_SelfTest':
final_selftest.c:52:54: warning: comparison between signed and unsigned integer expressions [-Wsign-compare]
    if ( FINAL_mReadReg (baseaddr, read_loop_index*4) != (read_loop_index+1)*READ_WRITE_MUL_FACTOR){
                                                      ^~
final_selftest.c:36:6: warning: unused variable 'Index' [-Wunused-variable]
  int Index;
      ^~~~~
"Running Make libs in ps7_cortexa9_0/libsrc/qspips_v3_5/src"
make -C ps7_cortexa9_0/libsrc/qspips_v3_5/src -s libs  "SHELL=CMD" "COMPILER=arm-none-eabi-gcc" "ARCHIVER=arm-none-eabi-ar" "COMPILER_FLAGS=  -O2 -c" "EXTRA_COMPILER_FLAGS=-mcpu=cortex-a9 -mfpu=vfpv3 -mfloat-abi=hard -nostartfiles -g -Wall -Wextra"
"Compiling qspips"
"Running Make libs in ps7_cortexa9_0/libsrc/scugic_v3_10/src"
make -C ps7_cortexa9_0/libsrc/scugic_v3_10/src -s libs  "SHELL=CMD" "COMPILER=arm-none-eabi-gcc" "ARCHIVER=arm-none-eabi-ar" "COMPILER_FLAGS=  -O2 -c" "EXTRA_COMPILER_FLAGS=-mcpu=cortex-a9 -mfpu=vfpv3 -mfloat-abi=hard -nostartfiles -g -Wall -Wextra"
"Compiling scugic"
"Running Make libs in ps7_cortexa9_0/libsrc/scutimer_v2_1/src"
make -C ps7_cortexa9_0/libsrc/scutimer_v2_1/src -s libs  "SHELL=CMD" "COMPILER=arm-none-eabi-gcc" "ARCHIVER=arm-none-eabi-ar" "COMPILER_FLAGS=  -O2 -c" "EXTRA_COMPILER_FLAGS=-mcpu=cortex-a9 -mfpu=vfpv3 -mfloat-abi=hard -nostartfiles -g -Wall -Wextra"
"Compiling scutimer"
"Running Make libs in ps7_cortexa9_0/libsrc/scuwdt_v2_1/src"
make -C ps7_cortexa9_0/libsrc/scuwdt_v2_1/src -s libs  "SHELL=CMD" "COMPILER=arm-none-eabi-gcc" "ARCHIVER=arm-none-eabi-ar" "COMPILER_FLAGS=  -O2 -c" "EXTRA_COMPILER_FLAGS=-mcpu=cortex-a9 -mfpu=vfpv3 -mfloat-abi=hard -nostartfiles -g -Wall -Wextra"
"Compiling scuwdt"
"Running Make libs in ps7_cortexa9_0/libsrc/sdps_v3_6/src"
make -C ps7_cortexa9_0/libsrc/sdps_v3_6/src -s libs  "SHELL=CMD" "COMPILER=arm-none-eabi-gcc" "ARCHIVER=arm-none-eabi-ar" "COMPILER_FLAGS=  -O2 -c" "EXTRA_COMPILER_FLAGS=-mcpu=cortex-a9 -mfpu=vfpv3 -mfloat-abi=hard -nostartfiles -g -Wall -Wextra"
"Compiling sdps"
"Running Make libs in ps7_cortexa9_0/libsrc/standalone_v6_8/src"
make -C ps7_cortexa9_0/libsrc/standalone_v6_8/src -s libs  "SHELL=CMD" "COMPILER=arm-none-eabi-gcc" "ARCHIVER=arm-none-eabi-ar" "COMPILER_FLAGS=  -O2 -c" "EXTRA_COMPILER_FLAGS=-mcpu=cortex-a9 -mfpu=vfpv3 -mfloat-abi=hard -nostartfiles -g -Wall -Wextra"
"Compiling standalone"
In file included from usleep.c:56:0:
xtime_l.h:87:9: note: #pragma message: For the sleep routines, Global timer is being used
 #pragma message ("For the sleep routines, Global timer is being used")
         ^~~~~~~
In file included from xil_sleeptimer.c:51:0:
xtime_l.h:87:9: note: #pragma message: For the sleep routines, Global timer is being used
 #pragma message ("For the sleep routines, Global timer is being used")
         ^~~~~~~
In file included from xtime_l.c:49:0:
xtime_l.h:87:9: note: #pragma message: For the sleep routines, Global timer is being used
 #pragma message ("For the sleep routines, Global timer is being used")
         ^~~~~~~
In file included from sleep.c:53:0:
xtime_l.h:87:9: note: #pragma message: For the sleep routines, Global timer is being used
 #pragma message ("For the sleep routines, Global timer is being used")
         ^~~~~~~
"Running Make libs in ps7_cortexa9_0/libsrc/uartps_v3_7/src"
make -C ps7_cortexa9_0/libsrc/uartps_v3_7/src -s libs  "SHELL=CMD" "COMPILER=arm-none-eabi-gcc" "ARCHIVER=arm-none-eabi-ar" "COMPILER_FLAGS=  -O2 -c" "EXTRA_COMPILER_FLAGS=-mcpu=cortex-a9 -mfpu=vfpv3 -mfloat-abi=hard -nostartfiles -g -Wall -Wextra"
"Compiling uartps"
"Running Make libs in ps7_cortexa9_0/libsrc/usbps_v2_4/src"
make -C ps7_cortexa9_0/libsrc/usbps_v2_4/src -s libs  "SHELL=CMD" "COMPILER=arm-none-eabi-gcc" "ARCHIVER=arm-none-eabi-ar" "COMPILER_FLAGS=  -O2 -c" "EXTRA_COMPILER_FLAGS=-mcpu=cortex-a9 -mfpu=vfpv3 -mfloat-abi=hard -nostartfiles -g -Wall -Wextra"
"Compiling usbps"
"Running Make libs in ps7_cortexa9_0/libsrc/wdtps_v3_1/src"
make -C ps7_cortexa9_0/libsrc/wdtps_v3_1/src -s libs  "SHELL=CMD" "COMPILER=arm-none-eabi-gcc" "ARCHIVER=arm-none-eabi-ar" "COMPILER_FLAGS=  -O2 -c" "EXTRA_COMPILER_FLAGS=-mcpu=cortex-a9 -mfpu=vfpv3 -mfloat-abi=hard -nostartfiles -g -Wall -Wextra"
"Compiling wdtps"
"Running Make libs in ps7_cortexa9_0/libsrc/xadcps_v2_3/src"
make -C ps7_cortexa9_0/libsrc/xadcps_v2_3/src -s libs  "SHELL=CMD" "COMPILER=arm-none-eabi-gcc" "ARCHIVER=arm-none-eabi-ar" "COMPILER_FLAGS=  -O2 -c" "EXTRA_COMPILER_FLAGS=-mcpu=cortex-a9 -mfpu=vfpv3 -mfloat-abi=hard -nostartfiles -g -Wall -Wextra"
"Compiling xadcps"
'Finished building libraries'
16:26:30 **** Build of configuration Debug for project fianl ****
make pre-build main-build 
a9-linaro-pre-build-step
' '
'Building file: ../src/helloworld.c'
'Invoking: ARM v7 gcc compiler'
arm-none-eabi-gcc -Wall -O0 -g3 -c -fmessage-length=0 -MT"src/helloworld.o" -mcpu=cortex-a9 -mfpu=vfpv3 -mfloat-abi=hard -I../../fianl_bsp/ps7_cortexa9_0/include -MMD -MP -MF"src/helloworld.d" -MT"src/helloworld.o" -o "src/helloworld.o" "../src/helloworld.c"
../src/helloworld.c: In function 'main':
../src/helloworld.c:37:9: warning: unused variable 'prev_lower_bits' [-Wunused-variable]
     u32 prev_lower_bits = 0xFFFFFFFF; // �讒l�阿��i�爿�
         ^~~~~~~~~~~~~~~
../src/helloworld.c:36:9: warning: variable 'slv_reg1' set but not used [-Wunused-but-set-variable]
     u32 slv_reg1;
         ^~~~~~~~
'Finished building: ../src/helloworld.c'
' '
'Building file: ../src/platform.c'
'Invoking: ARM v7 gcc compiler'
arm-none-eabi-gcc -Wall -O0 -g3 -c -fmessage-length=0 -MT"src/platform.o" -mcpu=cortex-a9 -mfpu=vfpv3 -mfloat-abi=hard -I../../fianl_bsp/ps7_cortexa9_0/include -MMD -MP -MF"src/platform.d" -MT"src/platform.o" -o "src/platform.o" "../src/platform.c"
'Finished building: ../src/platform.c'
' '
'Building target: fianl.elf'
'Invoking: ARM v7 gcc linker'
arm-none-eabi-gcc -mcpu=cortex-a9 -mfpu=vfpv3 -mfloat-abi=hard -Wl,-build-id=none -specs=Xilinx.spec -Wl,-T -Wl,../src/lscript.ld -L../../fianl_bsp/ps7_cortexa9_0/lib -o "fianl.elf"  ./src/helloworld.o ./src/platform.o   -Wl,--start-group,-lxil,-lgcc,-lc,--end-group
'Finished building target: fianl.elf'
' '
'Invoking: ARM v7 Print Size'
arm-none-eabi-size fianl.elf  |tee "fianl.elf.size"
   text	   data	    bss	    dec	    hex	filename
  24416	   1184	  22712	  48312	   bcb8	fianl.elf
'Finished building: fianl.elf.size'
' '
16:26:57 **** Incremental Build of configuration Debug for project fianl ****
make pre-build main-build 
a9-linaro-pre-build-step
' '
make: Nothing to be done for 'main-build'.
16:34:06 **** Auto Build of configuration Debug for project fianl ****
make pre-build main-build 
a9-linaro-pre-build-step
' '
'Building file: ../src/helloworld.c'
'Invoking: ARM v7 gcc compiler'
arm-none-eabi-gcc -Wall -O0 -g3 -c -fmessage-length=0 -MT"src/helloworld.o" -mcpu=cortex-a9 -mfpu=vfpv3 -mfloat-abi=hard -I../../fianl_bsp/ps7_cortexa9_0/include -MMD -MP -MF"src/helloworld.d" -MT"src/helloworld.o" -o "src/helloworld.o" "../src/helloworld.c"
../src/helloworld.c: In function 'main':
../src/helloworld.c:37:9: warning: unused variable 'prev_lower_bits' [-Wunused-variable]
     u32 prev_lower_bits = 0xFFFFFFFF; // �讒l�阿��i�爿�
         ^~~~~~~~~~~~~~~
../src/helloworld.c:36:9: warning: variable 'slv_reg1' set but not used [-Wunused-but-set-variable]
     u32 slv_reg1;
         ^~~~~~~~
'Finished building: ../src/helloworld.c'
' '
'Building target: fianl.elf'
'Invoking: ARM v7 gcc linker'
arm-none-eabi-gcc -mcpu=cortex-a9 -mfpu=vfpv3 -mfloat-abi=hard -Wl,-build-id=none -specs=Xilinx.spec -Wl,-T -Wl,../src/lscript.ld -L../../fianl_bsp/ps7_cortexa9_0/lib -o "fianl.elf"  ./src/helloworld.o ./src/platform.o   -Wl,--start-group,-lxil,-lgcc,-lc,--end-group
'Finished building target: fianl.elf'
' '
'Invoking: ARM v7 Print Size'
arm-none-eabi-size fianl.elf  |tee "fianl.elf.size"
   text	   data	    bss	    dec	    hex	filename
  24416	   1184	  22712	  48312	   bcb8	fianl.elf
'Finished building: fianl.elf.size'
' '
16:34:13 **** Incremental Build of configuration Debug for project fianl ****
make pre-build main-build 
a9-linaro-pre-build-step
' '
make: Nothing to be done for 'main-build'.
16:44:02 **** Clean-only build of configuration Debug for project fianl ****
make clean 
rm -rf  ./src/helloworld.o ./src/platform.o  ./src/helloworld.d ./src/platform.d  fianl.elf.size  fianl.elf
' '
16:44:02 **** Clean-only build of project fianl_bsp ****
make -k clean 
make -C ps7_cortexa9_0/libsrc/coresightps_dcc_v1_4/src -s clean 
make -C ps7_cortexa9_0/libsrc/cpu_cortexa9_v2_7/src -s clean 
make -C ps7_cortexa9_0/libsrc/ddrps_v1_0/src -s clean 
make -C ps7_cortexa9_0/libsrc/devcfg_v3_5/src -s clean 
make -C ps7_cortexa9_0/libsrc/dmaps_v2_4/src -s clean 
make -C ps7_cortexa9_0/libsrc/emacps_v3_8/src -s clean 
make -C ps7_cortexa9_0/libsrc/final_v1_0/src -s clean 
rm: lstat．*.o・ア英: Invalid argument
make[1]: *** [Makefile:26: clean] Error 1
make -C ps7_cortexa9_0/libsrc/qspips_v3_5/src -s clean 
make: *** [Makefile:33: ps7_cortexa9_0/libsrc/final_v1_0/src/make.clean] Error 2
make -C ps7_cortexa9_0/libsrc/scugic_v3_10/src -s clean 
make -C ps7_cortexa9_0/libsrc/scutimer_v2_1/src -s clean 
make -C ps7_cortexa9_0/libsrc/scuwdt_v2_1/src -s clean 
make -C ps7_cortexa9_0/libsrc/sdps_v3_6/src -s clean 
make -C ps7_cortexa9_0/libsrc/standalone_v6_8/src -s clean 
make -C ps7_cortexa9_0/libsrc/uartps_v3_7/src -s clean 
make -C ps7_cortexa9_0/libsrc/usbps_v2_4/src -s clean 
make -C ps7_cortexa9_0/libsrc/wdtps_v3_1/src -s clean 
make -C ps7_cortexa9_0/libsrc/xadcps_v2_3/src -s clean 
make: Target 'clean' not remade because of errors.
16:44:03 **** Build of project fianl_bsp ****
make -k all 
"Running Make include in ps7_cortexa9_0/libsrc/coresightps_dcc_v1_4/src"
make -C ps7_cortexa9_0/libsrc/coresightps_dcc_v1_4/src -s include  "SHELL=CMD" "COMPILER=arm-none-eabi-gcc" "ARCHIVER=arm-none-eabi-ar" "COMPILER_FLAGS=  -O2 -c" "EXTRA_COMPILER_FLAGS=-mcpu=cortex-a9 -mfpu=vfpv3 -mfloat-abi=hard -nostartfiles -g -Wall -Wextra"
"Running Make include in ps7_cortexa9_0/libsrc/cpu_cortexa9_v2_7/src"
make -C ps7_cortexa9_0/libsrc/cpu_cortexa9_v2_7/src -s include  "SHELL=CMD" "COMPILER=arm-none-eabi-gcc" "ARCHIVER=arm-none-eabi-ar" "COMPILER_FLAGS=  -O2 -c" "EXTRA_COMPILER_FLAGS=-mcpu=cortex-a9 -mfpu=vfpv3 -mfloat-abi=hard -nostartfiles -g -Wall -Wextra"
"Running Make include in ps7_cortexa9_0/libsrc/ddrps_v1_0/src"
make -C ps7_cortexa9_0/libsrc/ddrps_v1_0/src -s include  "SHELL=CMD" "COMPILER=arm-none-eabi-gcc" "ARCHIVER=arm-none-eabi-ar" "COMPILER_FLAGS=  -O2 -c" "EXTRA_COMPILER_FLAGS=-mcpu=cortex-a9 -mfpu=vfpv3 -mfloat-abi=hard -nostartfiles -g -Wall -Wextra"
"Running Make include in ps7_cortexa9_0/libsrc/devcfg_v3_5/src"
make -C ps7_cortexa9_0/libsrc/devcfg_v3_5/src -s include  "SHELL=CMD" "COMPILER=arm-none-eabi-gcc" "ARCHIVER=arm-none-eabi-ar" "COMPILER_FLAGS=  -O2 -c" "EXTRA_COMPILER_FLAGS=-mcpu=cortex-a9 -mfpu=vfpv3 -mfloat-abi=hard -nostartfiles -g -Wall -Wextra"
"Running Make include in ps7_cortexa9_0/libsrc/dmaps_v2_4/src"
make -C ps7_cortexa9_0/libsrc/dmaps_v2_4/src -s include  "SHELL=CMD" "COMPILER=arm-none-eabi-gcc" "ARCHIVER=arm-none-eabi-ar" "COMPILER_FLAGS=  -O2 -c" "EXTRA_COMPILER_FLAGS=-mcpu=cortex-a9 -mfpu=vfpv3 -mfloat-abi=hard -nostartfiles -g -Wall -Wextra"
"Running Make include in ps7_cortexa9_0/libsrc/emacps_v3_8/src"
make -C ps7_cortexa9_0/libsrc/emacps_v3_8/src -s include  "SHELL=CMD" "COMPILER=arm-none-eabi-gcc" "ARCHIVER=arm-none-eabi-ar" "COMPILER_FLAGS=  -O2 -c" "EXTRA_COMPILER_FLAGS=-mcpu=cortex-a9 -mfpu=vfpv3 -mfloat-abi=hard -nostartfiles -g -Wall -Wextra"
"Running Make include in ps7_cortexa9_0/libsrc/final_v1_0/src"
make -C ps7_cortexa9_0/libsrc/final_v1_0/src -s include  "SHELL=CMD" "COMPILER=arm-none-eabi-gcc" "ARCHIVER=arm-none-eabi-ar" "COMPILER_FLAGS=  -O2 -c" "EXTRA_COMPILER_FLAGS=-mcpu=cortex-a9 -mfpu=vfpv3 -mfloat-abi=hard -nostartfiles -g -Wall -Wextra"
"Running Make include in ps7_cortexa9_0/libsrc/qspips_v3_5/src"
make -C ps7_cortexa9_0/libsrc/qspips_v3_5/src -s include  "SHELL=CMD" "COMPILER=arm-none-eabi-gcc" "ARCHIVER=arm-none-eabi-ar" "COMPILER_FLAGS=  -O2 -c" "EXTRA_COMPILER_FLAGS=-mcpu=cortex-a9 -mfpu=vfpv3 -mfloat-abi=hard -nostartfiles -g -Wall -Wextra"
"Running Make include in ps7_cortexa9_0/libsrc/scugic_v3_10/src"
make -C ps7_cortexa9_0/libsrc/scugic_v3_10/src -s include  "SHELL=CMD" "COMPILER=arm-none-eabi-gcc" "ARCHIVER=arm-none-eabi-ar" "COMPILER_FLAGS=  -O2 -c" "EXTRA_COMPILER_FLAGS=-mcpu=cortex-a9 -mfpu=vfpv3 -mfloat-abi=hard -nostartfiles -g -Wall -Wextra"
"Running Make include in ps7_cortexa9_0/libsrc/scutimer_v2_1/src"
make -C ps7_cortexa9_0/libsrc/scutimer_v2_1/src -s include  "SHELL=CMD" "COMPILER=arm-none-eabi-gcc" "ARCHIVER=arm-none-eabi-ar" "COMPILER_FLAGS=  -O2 -c" "EXTRA_COMPILER_FLAGS=-mcpu=cortex-a9 -mfpu=vfpv3 -mfloat-abi=hard -nostartfiles -g -Wall -Wextra"
"Running Make include in ps7_cortexa9_0/libsrc/scuwdt_v2_1/src"
make -C ps7_cortexa9_0/libsrc/scuwdt_v2_1/src -s include  "SHELL=CMD" "COMPILER=arm-none-eabi-gcc" "ARCHIVER=arm-none-eabi-ar" "COMPILER_FLAGS=  -O2 -c" "EXTRA_COMPILER_FLAGS=-mcpu=cortex-a9 -mfpu=vfpv3 -mfloat-abi=hard -nostartfiles -g -Wall -Wextra"
"Running Make include in ps7_cortexa9_0/libsrc/sdps_v3_6/src"
make -C ps7_cortexa9_0/libsrc/sdps_v3_6/src -s include  "SHELL=CMD" "COMPILER=arm-none-eabi-gcc" "ARCHIVER=arm-none-eabi-ar" "COMPILER_FLAGS=  -O2 -c" "EXTRA_COMPILER_FLAGS=-mcpu=cortex-a9 -mfpu=vfpv3 -mfloat-abi=hard -nostartfiles -g -Wall -Wextra"
"Running Make include in ps7_cortexa9_0/libsrc/standalone_v6_8/src"
make -C ps7_cortexa9_0/libsrc/standalone_v6_8/src -s include  "SHELL=CMD" "COMPILER=arm-none-eabi-gcc" "ARCHIVER=arm-none-eabi-ar" "COMPILER_FLAGS=  -O2 -c" "EXTRA_COMPILER_FLAGS=-mcpu=cortex-a9 -mfpu=vfpv3 -mfloat-abi=hard -nostartfiles -g -Wall -Wextra"
"Running Make include in ps7_cortexa9_0/libsrc/uartps_v3_7/src"
make -C ps7_cortexa9_0/libsrc/uartps_v3_7/src -s include  "SHELL=CMD" "COMPILER=arm-none-eabi-gcc" "ARCHIVER=arm-none-eabi-ar" "COMPILER_FLAGS=  -O2 -c" "EXTRA_COMPILER_FLAGS=-mcpu=cortex-a9 -mfpu=vfpv3 -mfloat-abi=hard -nostartfiles -g -Wall -Wextra"
"Running Make include in ps7_cortexa9_0/libsrc/usbps_v2_4/src"
make -C ps7_cortexa9_0/libsrc/usbps_v2_4/src -s include  "SHELL=CMD" "COMPILER=arm-none-eabi-gcc" "ARCHIVER=arm-none-eabi-ar" "COMPILER_FLAGS=  -O2 -c" "EXTRA_COMPILER_FLAGS=-mcpu=cortex-a9 -mfpu=vfpv3 -mfloat-abi=hard -nostartfiles -g -Wall -Wextra"
"Running Make include in ps7_cortexa9_0/libsrc/wdtps_v3_1/src"
make -C ps7_cortexa9_0/libsrc/wdtps_v3_1/src -s include  "SHELL=CMD" "COMPILER=arm-none-eabi-gcc" "ARCHIVER=arm-none-eabi-ar" "COMPILER_FLAGS=  -O2 -c" "EXTRA_COMPILER_FLAGS=-mcpu=cortex-a9 -mfpu=vfpv3 -mfloat-abi=hard -nostartfiles -g -Wall -Wextra"
"Running Make include in ps7_cortexa9_0/libsrc/xadcps_v2_3/src"
make -C ps7_cortexa9_0/libsrc/xadcps_v2_3/src -s include  "SHELL=CMD" "COMPILER=arm-none-eabi-gcc" "ARCHIVER=arm-none-eabi-ar" "COMPILER_FLAGS=  -O2 -c" "EXTRA_COMPILER_FLAGS=-mcpu=cortex-a9 -mfpu=vfpv3 -mfloat-abi=hard -nostartfiles -g -Wall -Wextra"
"Running Make libs in ps7_cortexa9_0/libsrc/coresightps_dcc_v1_4/src"
make -C ps7_cortexa9_0/libsrc/coresightps_dcc_v1_4/src -s libs  "SHELL=CMD" "COMPILER=arm-none-eabi-gcc" "ARCHIVER=arm-none-eabi-ar" "COMPILER_FLAGS=  -O2 -c" "EXTRA_COMPILER_FLAGS=-mcpu=cortex-a9 -mfpu=vfpv3 -mfloat-abi=hard -nostartfiles -g -Wall -Wextra"
"Compiling coresightps_dcc"
arm-none-eabi-ar: creating ../../../lib/libxil.a
"Running Make libs in ps7_cortexa9_0/libsrc/cpu_cortexa9_v2_7/src"
make -C ps7_cortexa9_0/libsrc/cpu_cortexa9_v2_7/src -s libs  "SHELL=CMD" "COMPILER=arm-none-eabi-gcc" "ARCHIVER=arm-none-eabi-ar" "COMPILER_FLAGS=  -O2 -c" "EXTRA_COMPILER_FLAGS=-mcpu=cortex-a9 -mfpu=vfpv3 -mfloat-abi=hard -nostartfiles -g -Wall -Wextra"
"Compiling cpu_cortexa9"
"Running Make libs in ps7_cortexa9_0/libsrc/ddrps_v1_0/src"
make -C ps7_cortexa9_0/libsrc/ddrps_v1_0/src -s libs  "SHELL=CMD" "COMPILER=arm-none-eabi-gcc" "ARCHIVER=arm-none-eabi-ar" "COMPILER_FLAGS=  -O2 -c" "EXTRA_COMPILER_FLAGS=-mcpu=cortex-a9 -mfpu=vfpv3 -mfloat-abi=hard -nostartfiles -g -Wall -Wextra"
"Compiling ddrps"
"Running Make libs in ps7_cortexa9_0/libsrc/devcfg_v3_5/src"
make -C ps7_cortexa9_0/libsrc/devcfg_v3_5/src -s libs  "SHELL=CMD" "COMPILER=arm-none-eabi-gcc" "ARCHIVER=arm-none-eabi-ar" "COMPILER_FLAGS=  -O2 -c" "EXTRA_COMPILER_FLAGS=-mcpu=cortex-a9 -mfpu=vfpv3 -mfloat-abi=hard -nostartfiles -g -Wall -Wextra"
"Compiling devcfg"
"Running Make libs in ps7_cortexa9_0/libsrc/dmaps_v2_4/src"
make -C ps7_cortexa9_0/libsrc/dmaps_v2_4/src -s libs  "SHELL=CMD" "COMPILER=arm-none-eabi-gcc" "ARCHIVER=arm-none-eabi-ar" "COMPILER_FLAGS=  -O2 -c" "EXTRA_COMPILER_FLAGS=-mcpu=cortex-a9 -mfpu=vfpv3 -mfloat-abi=hard -nostartfiles -g -Wall -Wextra"
"Compiling dmaps"
"Running Make libs in ps7_cortexa9_0/libsrc/emacps_v3_8/src"
make -C ps7_cortexa9_0/libsrc/emacps_v3_8/src -s libs  "SHELL=CMD" "COMPILER=arm-none-eabi-gcc" "ARCHIVER=arm-none-eabi-ar" "COMPILER_FLAGS=  -O2 -c" "EXTRA_COMPILER_FLAGS=-mcpu=cortex-a9 -mfpu=vfpv3 -mfloat-abi=hard -nostartfiles -g -Wall -Wextra"
"Compiling emacps"
"Running Make libs in ps7_cortexa9_0/libsrc/final_v1_0/src"
make -C ps7_cortexa9_0/libsrc/final_v1_0/src -s libs  "SHELL=CMD" "COMPILER=arm-none-eabi-gcc" "ARCHIVER=arm-none-eabi-ar" "COMPILER_FLAGS=  -O2 -c" "EXTRA_COMPILER_FLAGS=-mcpu=cortex-a9 -mfpu=vfpv3 -mfloat-abi=hard -nostartfiles -g -Wall -Wextra"
"Compiling final..."
final_selftest.c: In function 'FINAL_Reg_SelfTest':
final_selftest.c:52:54: warning: comparison between signed and unsigned integer expressions [-Wsign-compare]
    if ( FINAL_mReadReg (baseaddr, read_loop_index*4) != (read_loop_index+1)*READ_WRITE_MUL_FACTOR){
                                                      ^~
final_selftest.c:36:6: warning: unused variable 'Index' [-Wunused-variable]
  int Index;
      ^~~~~
"Running Make libs in ps7_cortexa9_0/libsrc/qspips_v3_5/src"
make -C ps7_cortexa9_0/libsrc/qspips_v3_5/src -s libs  "SHELL=CMD" "COMPILER=arm-none-eabi-gcc" "ARCHIVER=arm-none-eabi-ar" "COMPILER_FLAGS=  -O2 -c" "EXTRA_COMPILER_FLAGS=-mcpu=cortex-a9 -mfpu=vfpv3 -mfloat-abi=hard -nostartfiles -g -Wall -Wextra"
"Compiling qspips"
"Running Make libs in ps7_cortexa9_0/libsrc/scugic_v3_10/src"
make -C ps7_cortexa9_0/libsrc/scugic_v3_10/src -s libs  "SHELL=CMD" "COMPILER=arm-none-eabi-gcc" "ARCHIVER=arm-none-eabi-ar" "COMPILER_FLAGS=  -O2 -c" "EXTRA_COMPILER_FLAGS=-mcpu=cortex-a9 -mfpu=vfpv3 -mfloat-abi=hard -nostartfiles -g -Wall -Wextra"
"Compiling scugic"
"Running Make libs in ps7_cortexa9_0/libsrc/scutimer_v2_1/src"
make -C ps7_cortexa9_0/libsrc/scutimer_v2_1/src -s libs  "SHELL=CMD" "COMPILER=arm-none-eabi-gcc" "ARCHIVER=arm-none-eabi-ar" "COMPILER_FLAGS=  -O2 -c" "EXTRA_COMPILER_FLAGS=-mcpu=cortex-a9 -mfpu=vfpv3 -mfloat-abi=hard -nostartfiles -g -Wall -Wextra"
"Compiling scutimer"
"Running Make libs in ps7_cortexa9_0/libsrc/scuwdt_v2_1/src"
make -C ps7_cortexa9_0/libsrc/scuwdt_v2_1/src -s libs  "SHELL=CMD" "COMPILER=arm-none-eabi-gcc" "ARCHIVER=arm-none-eabi-ar" "COMPILER_FLAGS=  -O2 -c" "EXTRA_COMPILER_FLAGS=-mcpu=cortex-a9 -mfpu=vfpv3 -mfloat-abi=hard -nostartfiles -g -Wall -Wextra"
"Compiling scuwdt"
"Running Make libs in ps7_cortexa9_0/libsrc/sdps_v3_6/src"
make -C ps7_cortexa9_0/libsrc/sdps_v3_6/src -s libs  "SHELL=CMD" "COMPILER=arm-none-eabi-gcc" "ARCHIVER=arm-none-eabi-ar" "COMPILER_FLAGS=  -O2 -c" "EXTRA_COMPILER_FLAGS=-mcpu=cortex-a9 -mfpu=vfpv3 -mfloat-abi=hard -nostartfiles -g -Wall -Wextra"
"Compiling sdps"
"Running Make libs in ps7_cortexa9_0/libsrc/standalone_v6_8/src"
make -C ps7_cortexa9_0/libsrc/standalone_v6_8/src -s libs  "SHELL=CMD" "COMPILER=arm-none-eabi-gcc" "ARCHIVER=arm-none-eabi-ar" "COMPILER_FLAGS=  -O2 -c" "EXTRA_COMPILER_FLAGS=-mcpu=cortex-a9 -mfpu=vfpv3 -mfloat-abi=hard -nostartfiles -g -Wall -Wextra"
"Compiling standalone"
In file included from usleep.c:56:0:
xtime_l.h:87:9: note: #pragma message: For the sleep routines, Global timer is being used
 #pragma message ("For the sleep routines, Global timer is being used")
         ^~~~~~~
In file included from xil_sleeptimer.c:51:0:
xtime_l.h:87:9: note: #pragma message: For the sleep routines, Global timer is being used
 #pragma message ("For the sleep routines, Global timer is being used")
         ^~~~~~~
In file included from xtime_l.c:49:0:
xtime_l.h:87:9: note: #pragma message: For the sleep routines, Global timer is being used
 #pragma message ("For the sleep routines, Global timer is being used")
         ^~~~~~~
In file included from sleep.c:53:0:
xtime_l.h:87:9: note: #pragma message: For the sleep routines, Global timer is being used
 #pragma message ("For the sleep routines, Global timer is being used")
         ^~~~~~~
"Running Make libs in ps7_cortexa9_0/libsrc/uartps_v3_7/src"
make -C ps7_cortexa9_0/libsrc/uartps_v3_7/src -s libs  "SHELL=CMD" "COMPILER=arm-none-eabi-gcc" "ARCHIVER=arm-none-eabi-ar" "COMPILER_FLAGS=  -O2 -c" "EXTRA_COMPILER_FLAGS=-mcpu=cortex-a9 -mfpu=vfpv3 -mfloat-abi=hard -nostartfiles -g -Wall -Wextra"
"Compiling uartps"
"Running Make libs in ps7_cortexa9_0/libsrc/usbps_v2_4/src"
make -C ps7_cortexa9_0/libsrc/usbps_v2_4/src -s libs  "SHELL=CMD" "COMPILER=arm-none-eabi-gcc" "ARCHIVER=arm-none-eabi-ar" "COMPILER_FLAGS=  -O2 -c" "EXTRA_COMPILER_FLAGS=-mcpu=cortex-a9 -mfpu=vfpv3 -mfloat-abi=hard -nostartfiles -g -Wall -Wextra"
"Compiling usbps"
"Running Make libs in ps7_cortexa9_0/libsrc/wdtps_v3_1/src"
make -C ps7_cortexa9_0/libsrc/wdtps_v3_1/src -s libs  "SHELL=CMD" "COMPILER=arm-none-eabi-gcc" "ARCHIVER=arm-none-eabi-ar" "COMPILER_FLAGS=  -O2 -c" "EXTRA_COMPILER_FLAGS=-mcpu=cortex-a9 -mfpu=vfpv3 -mfloat-abi=hard -nostartfiles -g -Wall -Wextra"
"Compiling wdtps"
"Running Make libs in ps7_cortexa9_0/libsrc/xadcps_v2_3/src"
make -C ps7_cortexa9_0/libsrc/xadcps_v2_3/src -s libs  "SHELL=CMD" "COMPILER=arm-none-eabi-gcc" "ARCHIVER=arm-none-eabi-ar" "COMPILER_FLAGS=  -O2 -c" "EXTRA_COMPILER_FLAGS=-mcpu=cortex-a9 -mfpu=vfpv3 -mfloat-abi=hard -nostartfiles -g -Wall -Wextra"
"Compiling xadcps"
'Finished building libraries'
16:44:23 **** Build of configuration Debug for project fianl ****
make pre-build main-build 
a9-linaro-pre-build-step
' '
'Building file: ../src/helloworld.c'
'Invoking: ARM v7 gcc compiler'
arm-none-eabi-gcc -Wall -O0 -g3 -c -fmessage-length=0 -MT"src/helloworld.o" -mcpu=cortex-a9 -mfpu=vfpv3 -mfloat-abi=hard -I../../fianl_bsp/ps7_cortexa9_0/include -MMD -MP -MF"src/helloworld.d" -MT"src/helloworld.o" -o "src/helloworld.o" "../src/helloworld.c"
../src/helloworld.c: In function 'main':
../src/helloworld.c:37:9: warning: unused variable 'prev_lower_bits' [-Wunused-variable]
     u32 prev_lower_bits = 0xFFFFFFFF; // �讒l�阿��i�爿�
         ^~~~~~~~~~~~~~~
../src/helloworld.c:36:9: warning: variable 'slv_reg1' set but not used [-Wunused-but-set-variable]
     u32 slv_reg1;
         ^~~~~~~~
'Finished building: ../src/helloworld.c'
' '
'Building file: ../src/platform.c'
'Invoking: ARM v7 gcc compiler'
arm-none-eabi-gcc -Wall -O0 -g3 -c -fmessage-length=0 -MT"src/platform.o" -mcpu=cortex-a9 -mfpu=vfpv3 -mfloat-abi=hard -I../../fianl_bsp/ps7_cortexa9_0/include -MMD -MP -MF"src/platform.d" -MT"src/platform.o" -o "src/platform.o" "../src/platform.c"
'Finished building: ../src/platform.c'
' '
'Building target: fianl.elf'
'Invoking: ARM v7 gcc linker'
arm-none-eabi-gcc -mcpu=cortex-a9 -mfpu=vfpv3 -mfloat-abi=hard -Wl,-build-id=none -specs=Xilinx.spec -Wl,-T -Wl,../src/lscript.ld -L../../fianl_bsp/ps7_cortexa9_0/lib -o "fianl.elf"  ./src/helloworld.o ./src/platform.o   -Wl,--start-group,-lxil,-lgcc,-lc,--end-group
'Finished building target: fianl.elf'
' '
'Invoking: ARM v7 Print Size'
arm-none-eabi-size fianl.elf  |tee "fianl.elf.size"
   text	   data	    bss	    dec	    hex	filename
  24416	   1184	  22712	  48312	   bcb8	fianl.elf
'Finished building: fianl.elf.size'
' '
16:44:44 **** Incremental Build of configuration Debug for project fianl ****
make pre-build main-build 
a9-linaro-pre-build-step
' '
make: Nothing to be done for 'main-build'.
16:46:32 **** Auto Build of configuration Debug for project fianl ****
make pre-build main-build 
a9-linaro-pre-build-step
' '
'Building file: ../src/helloworld.c'
'Invoking: ARM v7 gcc compiler'
arm-none-eabi-gcc -Wall -O0 -g3 -c -fmessage-length=0 -MT"src/helloworld.o" -mcpu=cortex-a9 -mfpu=vfpv3 -mfloat-abi=hard -I../../fianl_bsp/ps7_cortexa9_0/include -MMD -MP -MF"src/helloworld.d" -MT"src/helloworld.o" -o "src/helloworld.o" "../src/helloworld.c"
../src/helloworld.c: In function 'main':
../src/helloworld.c:37:9: warning: unused variable 'prev_lower_bits' [-Wunused-variable]
     u32 prev_lower_bits = 0xFFFFFFFF; // �讒l�阿��i�爿�
         ^~~~~~~~~~~~~~~
../src/helloworld.c:36:9: warning: variable 'slv_reg1' set but not used [-Wunused-but-set-variable]
     u32 slv_reg1;
         ^~~~~~~~
'Finished building: ../src/helloworld.c'
' '
'Building target: fianl.elf'
'Invoking: ARM v7 gcc linker'
arm-none-eabi-gcc -mcpu=cortex-a9 -mfpu=vfpv3 -mfloat-abi=hard -Wl,-build-id=none -specs=Xilinx.spec -Wl,-T -Wl,../src/lscript.ld -L../../fianl_bsp/ps7_cortexa9_0/lib -o "fianl.elf"  ./src/helloworld.o ./src/platform.o   -Wl,--start-group,-lxil,-lgcc,-lc,--end-group
'Finished building target: fianl.elf'
' '
'Invoking: ARM v7 Print Size'
arm-none-eabi-size fianl.elf  |tee "fianl.elf.size"
   text	   data	    bss	    dec	    hex	filename
  24416	   1184	  22712	  48312	   bcb8	fianl.elf
'Finished building: fianl.elf.size'
' '
17:02:02 **** Clean-only build of configuration Debug for project fianl ****
make clean 
rm -rf  ./src/helloworld.o ./src/platform.o  ./src/helloworld.d ./src/platform.d  fianl.elf.size  fianl.elf
' '
17:02:03 **** Clean-only build of project fianl_bsp ****
make -k clean 
make -C ps7_cortexa9_0/libsrc/coresightps_dcc_v1_4/src -s clean 
make -C ps7_cortexa9_0/libsrc/cpu_cortexa9_v2_7/src -s clean 
make -C ps7_cortexa9_0/libsrc/ddrps_v1_0/src -s clean 
make -C ps7_cortexa9_0/libsrc/devcfg_v3_5/src -s clean 
make -C ps7_cortexa9_0/libsrc/dmaps_v2_4/src -s clean 
make -C ps7_cortexa9_0/libsrc/emacps_v3_8/src -s clean 
make -C ps7_cortexa9_0/libsrc/final_v1_0/src -s clean 
rm: lstat．*.o・ア英: Invalid argument
make[1]: *** [Makefile:26: clean] Error 1
make -C ps7_cortexa9_0/libsrc/qspips_v3_5/src -s clean 
make: *** [Makefile:33: ps7_cortexa9_0/libsrc/final_v1_0/src/make.clean] Error 2
make -C ps7_cortexa9_0/libsrc/scugic_v3_10/src -s clean 
make -C ps7_cortexa9_0/libsrc/scutimer_v2_1/src -s clean 
make -C ps7_cortexa9_0/libsrc/scuwdt_v2_1/src -s clean 
make -C ps7_cortexa9_0/libsrc/sdps_v3_6/src -s clean 
make -C ps7_cortexa9_0/libsrc/standalone_v6_8/src -s clean 
make -C ps7_cortexa9_0/libsrc/uartps_v3_7/src -s clean 
make -C ps7_cortexa9_0/libsrc/usbps_v2_4/src -s clean 
make -C ps7_cortexa9_0/libsrc/wdtps_v3_1/src -s clean 
make -C ps7_cortexa9_0/libsrc/xadcps_v2_3/src -s clean 
make: Target 'clean' not remade because of errors.
17:02:04 **** Build of project fianl_bsp ****
make -k all 
"Running Make include in ps7_cortexa9_0/libsrc/coresightps_dcc_v1_4/src"
make -C ps7_cortexa9_0/libsrc/coresightps_dcc_v1_4/src -s include  "SHELL=CMD" "COMPILER=arm-none-eabi-gcc" "ARCHIVER=arm-none-eabi-ar" "COMPILER_FLAGS=  -O2 -c" "EXTRA_COMPILER_FLAGS=-mcpu=cortex-a9 -mfpu=vfpv3 -mfloat-abi=hard -nostartfiles -g -Wall -Wextra"
"Running Make include in ps7_cortexa9_0/libsrc/cpu_cortexa9_v2_7/src"
make -C ps7_cortexa9_0/libsrc/cpu_cortexa9_v2_7/src -s include  "SHELL=CMD" "COMPILER=arm-none-eabi-gcc" "ARCHIVER=arm-none-eabi-ar" "COMPILER_FLAGS=  -O2 -c" "EXTRA_COMPILER_FLAGS=-mcpu=cortex-a9 -mfpu=vfpv3 -mfloat-abi=hard -nostartfiles -g -Wall -Wextra"
"Running Make include in ps7_cortexa9_0/libsrc/ddrps_v1_0/src"
make -C ps7_cortexa9_0/libsrc/ddrps_v1_0/src -s include  "SHELL=CMD" "COMPILER=arm-none-eabi-gcc" "ARCHIVER=arm-none-eabi-ar" "COMPILER_FLAGS=  -O2 -c" "EXTRA_COMPILER_FLAGS=-mcpu=cortex-a9 -mfpu=vfpv3 -mfloat-abi=hard -nostartfiles -g -Wall -Wextra"
"Running Make include in ps7_cortexa9_0/libsrc/devcfg_v3_5/src"
make -C ps7_cortexa9_0/libsrc/devcfg_v3_5/src -s include  "SHELL=CMD" "COMPILER=arm-none-eabi-gcc" "ARCHIVER=arm-none-eabi-ar" "COMPILER_FLAGS=  -O2 -c" "EXTRA_COMPILER_FLAGS=-mcpu=cortex-a9 -mfpu=vfpv3 -mfloat-abi=hard -nostartfiles -g -Wall -Wextra"
"Running Make include in ps7_cortexa9_0/libsrc/dmaps_v2_4/src"
make -C ps7_cortexa9_0/libsrc/dmaps_v2_4/src -s include  "SHELL=CMD" "COMPILER=arm-none-eabi-gcc" "ARCHIVER=arm-none-eabi-ar" "COMPILER_FLAGS=  -O2 -c" "EXTRA_COMPILER_FLAGS=-mcpu=cortex-a9 -mfpu=vfpv3 -mfloat-abi=hard -nostartfiles -g -Wall -Wextra"
"Running Make include in ps7_cortexa9_0/libsrc/emacps_v3_8/src"
make -C ps7_cortexa9_0/libsrc/emacps_v3_8/src -s include  "SHELL=CMD" "COMPILER=arm-none-eabi-gcc" "ARCHIVER=arm-none-eabi-ar" "COMPILER_FLAGS=  -O2 -c" "EXTRA_COMPILER_FLAGS=-mcpu=cortex-a9 -mfpu=vfpv3 -mfloat-abi=hard -nostartfiles -g -Wall -Wextra"
"Running Make include in ps7_cortexa9_0/libsrc/final_v1_0/src"
make -C ps7_cortexa9_0/libsrc/final_v1_0/src -s include  "SHELL=CMD" "COMPILER=arm-none-eabi-gcc" "ARCHIVER=arm-none-eabi-ar" "COMPILER_FLAGS=  -O2 -c" "EXTRA_COMPILER_FLAGS=-mcpu=cortex-a9 -mfpu=vfpv3 -mfloat-abi=hard -nostartfiles -g -Wall -Wextra"
"Running Make include in ps7_cortexa9_0/libsrc/qspips_v3_5/src"
make -C ps7_cortexa9_0/libsrc/qspips_v3_5/src -s include  "SHELL=CMD" "COMPILER=arm-none-eabi-gcc" "ARCHIVER=arm-none-eabi-ar" "COMPILER_FLAGS=  -O2 -c" "EXTRA_COMPILER_FLAGS=-mcpu=cortex-a9 -mfpu=vfpv3 -mfloat-abi=hard -nostartfiles -g -Wall -Wextra"
"Running Make include in ps7_cortexa9_0/libsrc/scugic_v3_10/src"
make -C ps7_cortexa9_0/libsrc/scugic_v3_10/src -s include  "SHELL=CMD" "COMPILER=arm-none-eabi-gcc" "ARCHIVER=arm-none-eabi-ar" "COMPILER_FLAGS=  -O2 -c" "EXTRA_COMPILER_FLAGS=-mcpu=cortex-a9 -mfpu=vfpv3 -mfloat-abi=hard -nostartfiles -g -Wall -Wextra"
"Running Make include in ps7_cortexa9_0/libsrc/scutimer_v2_1/src"
make -C ps7_cortexa9_0/libsrc/scutimer_v2_1/src -s include  "SHELL=CMD" "COMPILER=arm-none-eabi-gcc" "ARCHIVER=arm-none-eabi-ar" "COMPILER_FLAGS=  -O2 -c" "EXTRA_COMPILER_FLAGS=-mcpu=cortex-a9 -mfpu=vfpv3 -mfloat-abi=hard -nostartfiles -g -Wall -Wextra"
"Running Make include in ps7_cortexa9_0/libsrc/scuwdt_v2_1/src"
make -C ps7_cortexa9_0/libsrc/scuwdt_v2_1/src -s include  "SHELL=CMD" "COMPILER=arm-none-eabi-gcc" "ARCHIVER=arm-none-eabi-ar" "COMPILER_FLAGS=  -O2 -c" "EXTRA_COMPILER_FLAGS=-mcpu=cortex-a9 -mfpu=vfpv3 -mfloat-abi=hard -nostartfiles -g -Wall -Wextra"
"Running Make include in ps7_cortexa9_0/libsrc/sdps_v3_6/src"
make -C ps7_cortexa9_0/libsrc/sdps_v3_6/src -s include  "SHELL=CMD" "COMPILER=arm-none-eabi-gcc" "ARCHIVER=arm-none-eabi-ar" "COMPILER_FLAGS=  -O2 -c" "EXTRA_COMPILER_FLAGS=-mcpu=cortex-a9 -mfpu=vfpv3 -mfloat-abi=hard -nostartfiles -g -Wall -Wextra"
"Running Make include in ps7_cortexa9_0/libsrc/standalone_v6_8/src"
make -C ps7_cortexa9_0/libsrc/standalone_v6_8/src -s include  "SHELL=CMD" "COMPILER=arm-none-eabi-gcc" "ARCHIVER=arm-none-eabi-ar" "COMPILER_FLAGS=  -O2 -c" "EXTRA_COMPILER_FLAGS=-mcpu=cortex-a9 -mfpu=vfpv3 -mfloat-abi=hard -nostartfiles -g -Wall -Wextra"
"Running Make include in ps7_cortexa9_0/libsrc/uartps_v3_7/src"
make -C ps7_cortexa9_0/libsrc/uartps_v3_7/src -s include  "SHELL=CMD" "COMPILER=arm-none-eabi-gcc" "ARCHIVER=arm-none-eabi-ar" "COMPILER_FLAGS=  -O2 -c" "EXTRA_COMPILER_FLAGS=-mcpu=cortex-a9 -mfpu=vfpv3 -mfloat-abi=hard -nostartfiles -g -Wall -Wextra"
"Running Make include in ps7_cortexa9_0/libsrc/usbps_v2_4/src"
make -C ps7_cortexa9_0/libsrc/usbps_v2_4/src -s include  "SHELL=CMD" "COMPILER=arm-none-eabi-gcc" "ARCHIVER=arm-none-eabi-ar" "COMPILER_FLAGS=  -O2 -c" "EXTRA_COMPILER_FLAGS=-mcpu=cortex-a9 -mfpu=vfpv3 -mfloat-abi=hard -nostartfiles -g -Wall -Wextra"
"Running Make include in ps7_cortexa9_0/libsrc/wdtps_v3_1/src"
make -C ps7_cortexa9_0/libsrc/wdtps_v3_1/src -s include  "SHELL=CMD" "COMPILER=arm-none-eabi-gcc" "ARCHIVER=arm-none-eabi-ar" "COMPILER_FLAGS=  -O2 -c" "EXTRA_COMPILER_FLAGS=-mcpu=cortex-a9 -mfpu=vfpv3 -mfloat-abi=hard -nostartfiles -g -Wall -Wextra"
"Running Make include in ps7_cortexa9_0/libsrc/xadcps_v2_3/src"
make -C ps7_cortexa9_0/libsrc/xadcps_v2_3/src -s include  "SHELL=CMD" "COMPILER=arm-none-eabi-gcc" "ARCHIVER=arm-none-eabi-ar" "COMPILER_FLAGS=  -O2 -c" "EXTRA_COMPILER_FLAGS=-mcpu=cortex-a9 -mfpu=vfpv3 -mfloat-abi=hard -nostartfiles -g -Wall -Wextra"
"Running Make libs in ps7_cortexa9_0/libsrc/coresightps_dcc_v1_4/src"
make -C ps7_cortexa9_0/libsrc/coresightps_dcc_v1_4/src -s libs  "SHELL=CMD" "COMPILER=arm-none-eabi-gcc" "ARCHIVER=arm-none-eabi-ar" "COMPILER_FLAGS=  -O2 -c" "EXTRA_COMPILER_FLAGS=-mcpu=cortex-a9 -mfpu=vfpv3 -mfloat-abi=hard -nostartfiles -g -Wall -Wextra"
"Compiling coresightps_dcc"
arm-none-eabi-ar: creating ../../../lib/libxil.a
"Running Make libs in ps7_cortexa9_0/libsrc/cpu_cortexa9_v2_7/src"
make -C ps7_cortexa9_0/libsrc/cpu_cortexa9_v2_7/src -s libs  "SHELL=CMD" "COMPILER=arm-none-eabi-gcc" "ARCHIVER=arm-none-eabi-ar" "COMPILER_FLAGS=  -O2 -c" "EXTRA_COMPILER_FLAGS=-mcpu=cortex-a9 -mfpu=vfpv3 -mfloat-abi=hard -nostartfiles -g -Wall -Wextra"
"Compiling cpu_cortexa9"
"Running Make libs in ps7_cortexa9_0/libsrc/ddrps_v1_0/src"
make -C ps7_cortexa9_0/libsrc/ddrps_v1_0/src -s libs  "SHELL=CMD" "COMPILER=arm-none-eabi-gcc" "ARCHIVER=arm-none-eabi-ar" "COMPILER_FLAGS=  -O2 -c" "EXTRA_COMPILER_FLAGS=-mcpu=cortex-a9 -mfpu=vfpv3 -mfloat-abi=hard -nostartfiles -g -Wall -Wextra"
"Compiling ddrps"
"Running Make libs in ps7_cortexa9_0/libsrc/devcfg_v3_5/src"
make -C ps7_cortexa9_0/libsrc/devcfg_v3_5/src -s libs  "SHELL=CMD" "COMPILER=arm-none-eabi-gcc" "ARCHIVER=arm-none-eabi-ar" "COMPILER_FLAGS=  -O2 -c" "EXTRA_COMPILER_FLAGS=-mcpu=cortex-a9 -mfpu=vfpv3 -mfloat-abi=hard -nostartfiles -g -Wall -Wextra"
"Compiling devcfg"
"Running Make libs in ps7_cortexa9_0/libsrc/dmaps_v2_4/src"
make -C ps7_cortexa9_0/libsrc/dmaps_v2_4/src -s libs  "SHELL=CMD" "COMPILER=arm-none-eabi-gcc" "ARCHIVER=arm-none-eabi-ar" "COMPILER_FLAGS=  -O2 -c" "EXTRA_COMPILER_FLAGS=-mcpu=cortex-a9 -mfpu=vfpv3 -mfloat-abi=hard -nostartfiles -g -Wall -Wextra"
"Compiling dmaps"
"Running Make libs in ps7_cortexa9_0/libsrc/emacps_v3_8/src"
make -C ps7_cortexa9_0/libsrc/emacps_v3_8/src -s libs  "SHELL=CMD" "COMPILER=arm-none-eabi-gcc" "ARCHIVER=arm-none-eabi-ar" "COMPILER_FLAGS=  -O2 -c" "EXTRA_COMPILER_FLAGS=-mcpu=cortex-a9 -mfpu=vfpv3 -mfloat-abi=hard -nostartfiles -g -Wall -Wextra"
"Compiling emacps"
"Running Make libs in ps7_cortexa9_0/libsrc/final_v1_0/src"
make -C ps7_cortexa9_0/libsrc/final_v1_0/src -s libs  "SHELL=CMD" "COMPILER=arm-none-eabi-gcc" "ARCHIVER=arm-none-eabi-ar" "COMPILER_FLAGS=  -O2 -c" "EXTRA_COMPILER_FLAGS=-mcpu=cortex-a9 -mfpu=vfpv3 -mfloat-abi=hard -nostartfiles -g -Wall -Wextra"
"Compiling final..."
final_selftest.c: In function 'FINAL_Reg_SelfTest':
final_selftest.c:52:54: warning: comparison between signed and unsigned integer expressions [-Wsign-compare]
    if ( FINAL_mReadReg (baseaddr, read_loop_index*4) != (read_loop_index+1)*READ_WRITE_MUL_FACTOR){
                                                      ^~
final_selftest.c:36:6: warning: unused variable 'Index' [-Wunused-variable]
  int Index;
      ^~~~~
"Running Make libs in ps7_cortexa9_0/libsrc/qspips_v3_5/src"
make -C ps7_cortexa9_0/libsrc/qspips_v3_5/src -s libs  "SHELL=CMD" "COMPILER=arm-none-eabi-gcc" "ARCHIVER=arm-none-eabi-ar" "COMPILER_FLAGS=  -O2 -c" "EXTRA_COMPILER_FLAGS=-mcpu=cortex-a9 -mfpu=vfpv3 -mfloat-abi=hard -nostartfiles -g -Wall -Wextra"
"Compiling qspips"
"Running Make libs in ps7_cortexa9_0/libsrc/scugic_v3_10/src"
make -C ps7_cortexa9_0/libsrc/scugic_v3_10/src -s libs  "SHELL=CMD" "COMPILER=arm-none-eabi-gcc" "ARCHIVER=arm-none-eabi-ar" "COMPILER_FLAGS=  -O2 -c" "EXTRA_COMPILER_FLAGS=-mcpu=cortex-a9 -mfpu=vfpv3 -mfloat-abi=hard -nostartfiles -g -Wall -Wextra"
"Compiling scugic"
"Running Make libs in ps7_cortexa9_0/libsrc/scutimer_v2_1/src"
make -C ps7_cortexa9_0/libsrc/scutimer_v2_1/src -s libs  "SHELL=CMD" "COMPILER=arm-none-eabi-gcc" "ARCHIVER=arm-none-eabi-ar" "COMPILER_FLAGS=  -O2 -c" "EXTRA_COMPILER_FLAGS=-mcpu=cortex-a9 -mfpu=vfpv3 -mfloat-abi=hard -nostartfiles -g -Wall -Wextra"
"Compiling scutimer"
"Running Make libs in ps7_cortexa9_0/libsrc/scuwdt_v2_1/src"
make -C ps7_cortexa9_0/libsrc/scuwdt_v2_1/src -s libs  "SHELL=CMD" "COMPILER=arm-none-eabi-gcc" "ARCHIVER=arm-none-eabi-ar" "COMPILER_FLAGS=  -O2 -c" "EXTRA_COMPILER_FLAGS=-mcpu=cortex-a9 -mfpu=vfpv3 -mfloat-abi=hard -nostartfiles -g -Wall -Wextra"
"Compiling scuwdt"
"Running Make libs in ps7_cortexa9_0/libsrc/sdps_v3_6/src"
make -C ps7_cortexa9_0/libsrc/sdps_v3_6/src -s libs  "SHELL=CMD" "COMPILER=arm-none-eabi-gcc" "ARCHIVER=arm-none-eabi-ar" "COMPILER_FLAGS=  -O2 -c" "EXTRA_COMPILER_FLAGS=-mcpu=cortex-a9 -mfpu=vfpv3 -mfloat-abi=hard -nostartfiles -g -Wall -Wextra"
"Compiling sdps"
"Running Make libs in ps7_cortexa9_0/libsrc/standalone_v6_8/src"
make -C ps7_cortexa9_0/libsrc/standalone_v6_8/src -s libs  "SHELL=CMD" "COMPILER=arm-none-eabi-gcc" "ARCHIVER=arm-none-eabi-ar" "COMPILER_FLAGS=  -O2 -c" "EXTRA_COMPILER_FLAGS=-mcpu=cortex-a9 -mfpu=vfpv3 -mfloat-abi=hard -nostartfiles -g -Wall -Wextra"
"Compiling standalone"
In file included from usleep.c:56:0:
xtime_l.h:87:9: note: #pragma message: For the sleep routines, Global timer is being used
 #pragma message ("For the sleep routines, Global timer is being used")
         ^~~~~~~
In file included from xil_sleeptimer.c:51:0:
xtime_l.h:87:9: note: #pragma message: For the sleep routines, Global timer is being used
 #pragma message ("For the sleep routines, Global timer is being used")
         ^~~~~~~
In file included from xtime_l.c:49:0:
xtime_l.h:87:9: note: #pragma message: For the sleep routines, Global timer is being used
 #pragma message ("For the sleep routines, Global timer is being used")
         ^~~~~~~
In file included from sleep.c:53:0:
xtime_l.h:87:9: note: #pragma message: For the sleep routines, Global timer is being used
 #pragma message ("For the sleep routines, Global timer is being used")
         ^~~~~~~
"Running Make libs in ps7_cortexa9_0/libsrc/uartps_v3_7/src"
make -C ps7_cortexa9_0/libsrc/uartps_v3_7/src -s libs  "SHELL=CMD" "COMPILER=arm-none-eabi-gcc" "ARCHIVER=arm-none-eabi-ar" "COMPILER_FLAGS=  -O2 -c" "EXTRA_COMPILER_FLAGS=-mcpu=cortex-a9 -mfpu=vfpv3 -mfloat-abi=hard -nostartfiles -g -Wall -Wextra"
"Compiling uartps"
"Running Make libs in ps7_cortexa9_0/libsrc/usbps_v2_4/src"
make -C ps7_cortexa9_0/libsrc/usbps_v2_4/src -s libs  "SHELL=CMD" "COMPILER=arm-none-eabi-gcc" "ARCHIVER=arm-none-eabi-ar" "COMPILER_FLAGS=  -O2 -c" "EXTRA_COMPILER_FLAGS=-mcpu=cortex-a9 -mfpu=vfpv3 -mfloat-abi=hard -nostartfiles -g -Wall -Wextra"
"Compiling usbps"
"Running Make libs in ps7_cortexa9_0/libsrc/wdtps_v3_1/src"
make -C ps7_cortexa9_0/libsrc/wdtps_v3_1/src -s libs  "SHELL=CMD" "COMPILER=arm-none-eabi-gcc" "ARCHIVER=arm-none-eabi-ar" "COMPILER_FLAGS=  -O2 -c" "EXTRA_COMPILER_FLAGS=-mcpu=cortex-a9 -mfpu=vfpv3 -mfloat-abi=hard -nostartfiles -g -Wall -Wextra"
"Compiling wdtps"
"Running Make libs in ps7_cortexa9_0/libsrc/xadcps_v2_3/src"
make -C ps7_cortexa9_0/libsrc/xadcps_v2_3/src -s libs  "SHELL=CMD" "COMPILER=arm-none-eabi-gcc" "ARCHIVER=arm-none-eabi-ar" "COMPILER_FLAGS=  -O2 -c" "EXTRA_COMPILER_FLAGS=-mcpu=cortex-a9 -mfpu=vfpv3 -mfloat-abi=hard -nostartfiles -g -Wall -Wextra"
"Compiling xadcps"
'Finished building libraries'
17:02:24 **** Build of configuration Debug for project fianl ****
make pre-build main-build 
a9-linaro-pre-build-step
' '
'Building file: ../src/helloworld.c'
'Invoking: ARM v7 gcc compiler'
arm-none-eabi-gcc -Wall -O0 -g3 -c -fmessage-length=0 -MT"src/helloworld.o" -mcpu=cortex-a9 -mfpu=vfpv3 -mfloat-abi=hard -I../../fianl_bsp/ps7_cortexa9_0/include -MMD -MP -MF"src/helloworld.d" -MT"src/helloworld.o" -o "src/helloworld.o" "../src/helloworld.c"
../src/helloworld.c: In function 'main':
../src/helloworld.c:37:9: warning: unused variable 'prev_lower_bits' [-Wunused-variable]
     u32 prev_lower_bits = 0xFFFFFFFF; // �讒l�阿��i�爿�
         ^~~~~~~~~~~~~~~
../src/helloworld.c:36:9: warning: variable 'slv_reg1' set but not used [-Wunused-but-set-variable]
     u32 slv_reg1;
         ^~~~~~~~
'Finished building: ../src/helloworld.c'
' '
'Building file: ../src/platform.c'
'Invoking: ARM v7 gcc compiler'
arm-none-eabi-gcc -Wall -O0 -g3 -c -fmessage-length=0 -MT"src/platform.o" -mcpu=cortex-a9 -mfpu=vfpv3 -mfloat-abi=hard -I../../fianl_bsp/ps7_cortexa9_0/include -MMD -MP -MF"src/platform.d" -MT"src/platform.o" -o "src/platform.o" "../src/platform.c"
'Finished building: ../src/platform.c'
' '
'Building target: fianl.elf'
'Invoking: ARM v7 gcc linker'
arm-none-eabi-gcc -mcpu=cortex-a9 -mfpu=vfpv3 -mfloat-abi=hard -Wl,-build-id=none -specs=Xilinx.spec -Wl,-T -Wl,../src/lscript.ld -L../../fianl_bsp/ps7_cortexa9_0/lib -o "fianl.elf"  ./src/helloworld.o ./src/platform.o   -Wl,--start-group,-lxil,-lgcc,-lc,--end-group
'Finished building target: fianl.elf'
' '
'Invoking: ARM v7 Print Size'
arm-none-eabi-size fianl.elf  |tee "fianl.elf.size"
   text	   data	    bss	    dec	    hex	filename
  24416	   1184	  22712	  48312	   bcb8	fianl.elf
'Finished building: fianl.elf.size'
' '
17:02:40 **** Incremental Build of configuration Debug for project fianl ****
make pre-build main-build 
a9-linaro-pre-build-step
' '
make: Nothing to be done for 'main-build'.
17:09:30 **** Auto Build of configuration Debug for project fianl ****
make pre-build main-build 
a9-linaro-pre-build-step
' '
'Building file: ../src/helloworld.c'
'Invoking: ARM v7 gcc compiler'
arm-none-eabi-gcc -Wall -O0 -g3 -c -fmessage-length=0 -MT"src/helloworld.o" -mcpu=cortex-a9 -mfpu=vfpv3 -mfloat-abi=hard -I../../fianl_bsp/ps7_cortexa9_0/include -MMD -MP -MF"src/helloworld.d" -MT"src/helloworld.o" -o "src/helloworld.o" "../src/helloworld.c"
../src/helloworld.c: In function 'main':
../src/helloworld.c:37:9: warning: unused variable 'prev_lower_bits' [-Wunused-variable]
     u32 prev_lower_bits = 0xFFFFFFFF; // �讒l�阿��i�爿�
         ^~~~~~~~~~~~~~~
../src/helloworld.c:36:9: warning: variable 'slv_reg1' set but not used [-Wunused-but-set-variable]
     u32 slv_reg1;
         ^~~~~~~~
'Finished building: ../src/helloworld.c'
' '
'Building target: fianl.elf'
'Invoking: ARM v7 gcc linker'
arm-none-eabi-gcc -mcpu=cortex-a9 -mfpu=vfpv3 -mfloat-abi=hard -Wl,-build-id=none -specs=Xilinx.spec -Wl,-T -Wl,../src/lscript.ld -L../../fianl_bsp/ps7_cortexa9_0/lib -o "fianl.elf"  ./src/helloworld.o ./src/platform.o   -Wl,--start-group,-lxil,-lgcc,-lc,--end-group
'Finished building target: fianl.elf'
' '
'Invoking: ARM v7 Print Size'
arm-none-eabi-size fianl.elf  |tee "fianl.elf.size"
   text	   data	    bss	    dec	    hex	filename
  24624	   1184	  22712	  48520	   bd88	fianl.elf
'Finished building: fianl.elf.size'
' '
17:10:03 **** Incremental Build of configuration Debug for project fianl ****
make pre-build main-build 
a9-linaro-pre-build-step
' '
make: Nothing to be done for 'main-build'.
17:13:24 **** Auto Build of configuration Debug for project fianl ****
make pre-build main-build 
a9-linaro-pre-build-step
' '
'Building file: ../src/helloworld.c'
'Invoking: ARM v7 gcc compiler'
arm-none-eabi-gcc -Wall -O0 -g3 -c -fmessage-length=0 -MT"src/helloworld.o" -mcpu=cortex-a9 -mfpu=vfpv3 -mfloat-abi=hard -I../../fianl_bsp/ps7_cortexa9_0/include -MMD -MP -MF"src/helloworld.d" -MT"src/helloworld.o" -o "src/helloworld.o" "../src/helloworld.c"
'Finished building: ../src/helloworld.c'
' '
'Building target: fianl.elf'
'Invoking: ARM v7 gcc linker'
arm-none-eabi-gcc -mcpu=cortex-a9 -mfpu=vfpv3 -mfloat-abi=hard -Wl,-build-id=none -specs=Xilinx.spec -Wl,-T -Wl,../src/lscript.ld -L../../fianl_bsp/ps7_cortexa9_0/lib -o "fianl.elf"  ./src/helloworld.o ./src/platform.o   -Wl,--start-group,-lxil,-lgcc,-lc,--end-group
'Finished building target: fianl.elf'
' '
'Invoking: ARM v7 Print Size'
arm-none-eabi-size fianl.elf  |tee "fianl.elf.size"
   text	   data	    bss	    dec	    hex	filename
  24732	   1184	  22712	  48628	   bdf4	fianl.elf
'Finished building: fianl.elf.size'
' '
17:13:49 **** Incremental Build of configuration Debug for project fianl ****
make pre-build main-build 
a9-linaro-pre-build-step
' '
make: Nothing to be done for 'main-build'.
17:16:57 **** Incremental Build of configuration Debug for project fianl ****
make pre-build main-build 
a9-linaro-pre-build-step
' '
make: Nothing to be done for 'main-build'.
17:21:26 **** Auto Build of configuration Debug for project fianl ****
make pre-build main-build 
a9-linaro-pre-build-step
' '
'Building file: ../src/helloworld.c'
'Invoking: ARM v7 gcc compiler'
arm-none-eabi-gcc -Wall -O0 -g3 -c -fmessage-length=0 -MT"src/helloworld.o" -mcpu=cortex-a9 -mfpu=vfpv3 -mfloat-abi=hard -I../../fianl_bsp/ps7_cortexa9_0/include -MMD -MP -MF"src/helloworld.d" -MT"src/helloworld.o" -o "src/helloworld.o" "../src/helloworld.c"
../src/helloworld.c: In function 'main':
../src/helloworld.c:2:5: error: unknown type name 'u8'
     u8 recv_char;
     ^~
../src/helloworld.c:6:14: warning: implicit declaration of function 'init_my_uart' [-Wimplicit-function-declaration]
     status = init_my_uart(&Uart0, UART0_DEVICE_ID);
              ^~~~~~~~~~~~
../src/helloworld.c:6:28: error: 'Uart0' undeclared (first use in this function)
     status = init_my_uart(&Uart0, UART0_DEVICE_ID);
                            ^~~~~
../src/helloworld.c:6:28: note: each undeclared identifier is reported only once for each function it appears in
../src/helloworld.c:6:35: error: 'UART0_DEVICE_ID' undeclared (first use in this function)
     status = init_my_uart(&Uart0, UART0_DEVICE_ID);
                                   ^~~~~~~~~~~~~~~
../src/helloworld.c:7:19: error: 'XST_SUCCESS' undeclared (first use in this function)
     if (status != XST_SUCCESS) {
                   ^~~~~~~~~~~
../src/helloworld.c:8:9: warning: implicit declaration of function 'xil_printf'; did you mean '__builtin_printf'? [-Wimplicit-function-declaration]
         xil_printf("UART0 init failed\n");
         ^~~~~~~~~~
         __builtin_printf
../src/helloworld.c:12:28: error: 'Uart1' undeclared (first use in this function); did you mean 'Uart0'?
     status = init_my_uart(&Uart1, UART1_DEVICE_ID);
                            ^~~~~
                            Uart0
../src/helloworld.c:12:35: error: 'UART1_DEVICE_ID' undeclared (first use in this function); did you mean 'UART0_DEVICE_ID'?
     status = init_my_uart(&Uart1, UART1_DEVICE_ID);
                                   ^~~~~~~~~~~~~~~
                                   UART0_DEVICE_ID
../src/helloworld.c:22:13: warning: implicit declaration of function 'XUartPs_IsReceiveData' [-Wimplicit-function-declaration]
         if (XUartPs_IsReceiveData(Uart1.Config.BaseAddress)) {
             ^~~~~~~~~~~~~~~~~~~~~
../src/helloworld.c:23:25: warning: implicit declaration of function 'XUartPs_RecvByte' [-Wimplicit-function-declaration]
             recv_char = XUartPs_RecvByte(Uart1.Config.BaseAddress);
                         ^~~~~~~~~~~~~~~~
../src/helloworld.c:30:17: warning: implicit declaration of function 'XUartPs_SendByte' [-Wimplicit-function-declaration]
                 XUartPs_SendByte(Uart0.Config.BaseAddress, 'S');
                 ^~~~~~~~~~~~~~~~
../src/helloworld.c:38:21: error: unknown type name 'u8'
                     u8 pi_data = XUartPs_RecvByte(Uart0.Config.BaseAddress);
                     ^~
../src/helloworld.c:42:25: error: unknown type name 'u32'
                         u32 value = (pi_data == '1') ? 1 : 0;
                         ^~~
../src/helloworld.c:43:25: warning: implicit declaration of function 'Xil_Out32' [-Wimplicit-function-declaration]
                         Xil_Out32(BASEADDR + SLV_REG0_OFFSET, value);
                         ^~~~~~~~~
../src/helloworld.c:43:35: error: 'BASEADDR' undeclared (first use in this function)
                         Xil_Out32(BASEADDR + SLV_REG0_OFFSET, value);
                                   ^~~~~~~~
../src/helloworld.c:43:46: error: 'SLV_REG0_OFFSET' undeclared (first use in this function)
                         Xil_Out32(BASEADDR + SLV_REG0_OFFSET, value);
                                              ^~~~~~~~~~~~~~~
../src/helloworld.c:59:25: error: unknown type name 'u8'
                         u8 dbg_send = XUartPs_RecvByte(Uart1.Config.BaseAddress);
                         ^~
../src/helloworld.c:72:25: error: unknown type name 'u8'
                         u8 dbg_recv = XUartPs_RecvByte(Uart0.Config.BaseAddress);
                         ^~
make: *** [src/subdir.mk:26: src/helloworld.o] Error 1
17:21:39 **** Auto Build of configuration Debug for project fianl ****
make pre-build main-build 
a9-linaro-pre-build-step
' '
'Building file: ../src/helloworld.c'
'Invoking: ARM v7 gcc compiler'
arm-none-eabi-gcc -Wall -O0 -g3 -c -fmessage-length=0 -MT"src/helloworld.o" -mcpu=cortex-a9 -mfpu=vfpv3 -mfloat-abi=hard -I../../fianl_bsp/ps7_cortexa9_0/include -MMD -MP -MF"src/helloworld.d" -MT"src/helloworld.o" -o "src/helloworld.o" "../src/helloworld.c"
'Finished building: ../src/helloworld.c'
' '
'Building target: fianl.elf'
'Invoking: ARM v7 gcc linker'
arm-none-eabi-gcc -mcpu=cortex-a9 -mfpu=vfpv3 -mfloat-abi=hard -Wl,-build-id=none -specs=Xilinx.spec -Wl,-T -Wl,../src/lscript.ld -L../../fianl_bsp/ps7_cortexa9_0/lib -o "fianl.elf"  ./src/helloworld.o ./src/platform.o   -Wl,--start-group,-lxil,-lgcc,-lc,--end-group
'Finished building target: fianl.elf'
' '
'Invoking: ARM v7 Print Size'
arm-none-eabi-size fianl.elf  |tee "fianl.elf.size"
   text	   data	    bss	    dec	    hex	filename
  25020	   1184	  22712	  48916	   bf14	fianl.elf
'Finished building: fianl.elf.size'
' '
17:21:51 **** Incremental Build of configuration Debug for project fianl ****
make pre-build main-build 
a9-linaro-pre-build-step
' '
make: Nothing to be done for 'main-build'.
17:26:31 **** Auto Build of configuration Debug for project fianl ****
make pre-build main-build 
a9-linaro-pre-build-step
' '
'Building file: ../src/helloworld.c'
'Invoking: ARM v7 gcc compiler'
arm-none-eabi-gcc -Wall -O0 -g3 -c -fmessage-length=0 -MT"src/helloworld.o" -mcpu=cortex-a9 -mfpu=vfpv3 -mfloat-abi=hard -I../../fianl_bsp/ps7_cortexa9_0/include -MMD -MP -MF"src/helloworld.d" -MT"src/helloworld.o" -o "src/helloworld.o" "../src/helloworld.c"
'Finished building: ../src/helloworld.c'
' '
'Building target: fianl.elf'
'Invoking: ARM v7 gcc linker'
arm-none-eabi-gcc -mcpu=cortex-a9 -mfpu=vfpv3 -mfloat-abi=hard -Wl,-build-id=none -specs=Xilinx.spec -Wl,-T -Wl,../src/lscript.ld -L../../fianl_bsp/ps7_cortexa9_0/lib -o "fianl.elf"  ./src/helloworld.o ./src/platform.o   -Wl,--start-group,-lxil,-lgcc,-lc,--end-group
'Finished building target: fianl.elf'
' '
'Invoking: ARM v7 Print Size'
arm-none-eabi-size fianl.elf  |tee "fianl.elf.size"
   text	   data	    bss	    dec	    hex	filename
  24920	   1184	  22712	  48816	   beb0	fianl.elf
'Finished building: fianl.elf.size'
' '
17:31:02 **** Auto Build of configuration Debug for project fianl ****
make pre-build main-build 
a9-linaro-pre-build-step
' '
'Building file: ../src/helloworld.c'
'Invoking: ARM v7 gcc compiler'
arm-none-eabi-gcc -Wall -O0 -g3 -c -fmessage-length=0 -MT"src/helloworld.o" -mcpu=cortex-a9 -mfpu=vfpv3 -mfloat-abi=hard -I../../fianl_bsp/ps7_cortexa9_0/include -MMD -MP -MF"src/helloworld.d" -MT"src/helloworld.o" -o "src/helloworld.o" "../src/helloworld.c"
../src/helloworld.c: In function 'main':
../src/helloworld.c:61:24: error: 'IP_BASE_ADDR' undeclared (first use in this function); did you mean 'BASEADDR'?
              Xil_Out32(IP_BASE_ADDR,0x00000001);
                        ^~~~~~~~~~~~
                        BASEADDR
../src/helloworld.c:61:24: note: each undeclared identifier is reported only once for each function it appears in
make: *** [src/subdir.mk:26: src/helloworld.o] Error 1
17:31:30 **** Auto Build of configuration Debug for project fianl ****
make pre-build main-build 
a9-linaro-pre-build-step
' '
'Building file: ../src/helloworld.c'
'Invoking: ARM v7 gcc compiler'
arm-none-eabi-gcc -Wall -O0 -g3 -c -fmessage-length=0 -MT"src/helloworld.o" -mcpu=cortex-a9 -mfpu=vfpv3 -mfloat-abi=hard -I../../fianl_bsp/ps7_cortexa9_0/include -MMD -MP -MF"src/helloworld.d" -MT"src/helloworld.o" -o "src/helloworld.o" "../src/helloworld.c"
'Finished building: ../src/helloworld.c'
' '
'Building target: fianl.elf'
'Invoking: ARM v7 gcc linker'
arm-none-eabi-gcc -mcpu=cortex-a9 -mfpu=vfpv3 -mfloat-abi=hard -Wl,-build-id=none -specs=Xilinx.spec -Wl,-T -Wl,../src/lscript.ld -L../../fianl_bsp/ps7_cortexa9_0/lib -o "fianl.elf"  ./src/helloworld.o ./src/platform.o   -Wl,--start-group,-lxil,-lgcc,-lc,--end-group
'Finished building target: fianl.elf'
' '
'Invoking: ARM v7 Print Size'
arm-none-eabi-size fianl.elf  |tee "fianl.elf.size"
   text	   data	    bss	    dec	    hex	filename
  24984	   1184	  22712	  48880	   bef0	fianl.elf
'Finished building: fianl.elf.size'
' '
17:31:43 **** Incremental Build of configuration Debug for project fianl ****
make pre-build main-build 
a9-linaro-pre-build-step
' '
make: Nothing to be done for 'main-build'.
17:33:09 **** Auto Build of configuration Debug for project fianl ****
make pre-build main-build 
a9-linaro-pre-build-step
' '
'Building file: ../src/helloworld.c'
'Invoking: ARM v7 gcc compiler'
arm-none-eabi-gcc -Wall -O0 -g3 -c -fmessage-length=0 -MT"src/helloworld.o" -mcpu=cortex-a9 -mfpu=vfpv3 -mfloat-abi=hard -I../../fianl_bsp/ps7_cortexa9_0/include -MMD -MP -MF"src/helloworld.d" -MT"src/helloworld.o" -o "src/helloworld.o" "../src/helloworld.c"
'Finished building: ../src/helloworld.c'
' '
'Building target: fianl.elf'
'Invoking: ARM v7 gcc linker'
arm-none-eabi-gcc -mcpu=cortex-a9 -mfpu=vfpv3 -mfloat-abi=hard -Wl,-build-id=none -specs=Xilinx.spec -Wl,-T -Wl,../src/lscript.ld -L../../fianl_bsp/ps7_cortexa9_0/lib -o "fianl.elf"  ./src/helloworld.o ./src/platform.o   -Wl,--start-group,-lxil,-lgcc,-lc,--end-group
'Finished building target: fianl.elf'
' '
'Invoking: ARM v7 Print Size'
arm-none-eabi-size fianl.elf  |tee "fianl.elf.size"
   text	   data	    bss	    dec	    hex	filename
  24984	   1184	  22712	  48880	   bef0	fianl.elf
'Finished building: fianl.elf.size'
' '
17:33:33 **** Incremental Build of configuration Debug for project fianl ****
make pre-build main-build 
a9-linaro-pre-build-step
' '
make: Nothing to be done for 'main-build'.
17:34:34 **** Auto Build of configuration Debug for project fianl ****
make pre-build main-build 
a9-linaro-pre-build-step
' '
'Building file: ../src/helloworld.c'
'Invoking: ARM v7 gcc compiler'
arm-none-eabi-gcc -Wall -O0 -g3 -c -fmessage-length=0 -MT"src/helloworld.o" -mcpu=cortex-a9 -mfpu=vfpv3 -mfloat-abi=hard -I../../fianl_bsp/ps7_cortexa9_0/include -MMD -MP -MF"src/helloworld.d" -MT"src/helloworld.o" -o "src/helloworld.o" "../src/helloworld.c"
'Finished building: ../src/helloworld.c'
' '
'Building target: fianl.elf'
'Invoking: ARM v7 gcc linker'
arm-none-eabi-gcc -mcpu=cortex-a9 -mfpu=vfpv3 -mfloat-abi=hard -Wl,-build-id=none -specs=Xilinx.spec -Wl,-T -Wl,../src/lscript.ld -L../../fianl_bsp/ps7_cortexa9_0/lib -o "fianl.elf"  ./src/helloworld.o ./src/platform.o   -Wl,--start-group,-lxil,-lgcc,-lc,--end-group
'Finished building target: fianl.elf'
' '
'Invoking: ARM v7 Print Size'
arm-none-eabi-size fianl.elf  |tee "fianl.elf.size"
   text	   data	    bss	    dec	    hex	filename
  24984	   1184	  22712	  48880	   bef0	fianl.elf
'Finished building: fianl.elf.size'
' '
17:40:46 **** Clean-only build of configuration Debug for project fianl ****
make clean 
rm -rf  ./src/helloworld.o ./src/platform.o  ./src/helloworld.d ./src/platform.d  fianl.elf.size  fianl.elf
' '
17:40:46 **** Clean-only build of project fianl_bsp ****
make -k clean 
make -C ps7_cortexa9_0/libsrc/coresightps_dcc_v1_4/src -s clean 
make -C ps7_cortexa9_0/libsrc/cpu_cortexa9_v2_7/src -s clean 
make -C ps7_cortexa9_0/libsrc/ddrps_v1_0/src -s clean 
make -C ps7_cortexa9_0/libsrc/devcfg_v3_5/src -s clean 
make -C ps7_cortexa9_0/libsrc/dmaps_v2_4/src -s clean 
make -C ps7_cortexa9_0/libsrc/emacps_v3_8/src -s clean 
make -C ps7_cortexa9_0/libsrc/final_v1_0/src -s clean 
rm: lstat．*.o・ア英: Invalid argument
make[1]: *** [Makefile:26: clean] Error 1
make: *** [Makefile:33: ps7_cortexa9_0/libsrc/final_v1_0/src/make.clean] Error 2
make -C ps7_cortexa9_0/libsrc/qspips_v3_5/src -s clean 
make -C ps7_cortexa9_0/libsrc/scugic_v3_10/src -s clean 
make -C ps7_cortexa9_0/libsrc/scutimer_v2_1/src -s clean 
make -C ps7_cortexa9_0/libsrc/scuwdt_v2_1/src -s clean 
make -C ps7_cortexa9_0/libsrc/sdps_v3_6/src -s clean 
make -C ps7_cortexa9_0/libsrc/standalone_v6_8/src -s clean 
make -C ps7_cortexa9_0/libsrc/uartps_v3_7/src -s clean 
make -C ps7_cortexa9_0/libsrc/usbps_v2_4/src -s clean 
make -C ps7_cortexa9_0/libsrc/wdtps_v3_1/src -s clean 
make -C ps7_cortexa9_0/libsrc/xadcps_v2_3/src -s clean 
make: Target 'clean' not remade because of errors.
17:40:47 **** Build of project fianl_bsp ****
make -k all 
"Running Make include in ps7_cortexa9_0/libsrc/coresightps_dcc_v1_4/src"
make -C ps7_cortexa9_0/libsrc/coresightps_dcc_v1_4/src -s include  "SHELL=CMD" "COMPILER=arm-none-eabi-gcc" "ARCHIVER=arm-none-eabi-ar" "COMPILER_FLAGS=  -O2 -c" "EXTRA_COMPILER_FLAGS=-mcpu=cortex-a9 -mfpu=vfpv3 -mfloat-abi=hard -nostartfiles -g -Wall -Wextra"
"Running Make include in ps7_cortexa9_0/libsrc/cpu_cortexa9_v2_7/src"
make -C ps7_cortexa9_0/libsrc/cpu_cortexa9_v2_7/src -s include  "SHELL=CMD" "COMPILER=arm-none-eabi-gcc" "ARCHIVER=arm-none-eabi-ar" "COMPILER_FLAGS=  -O2 -c" "EXTRA_COMPILER_FLAGS=-mcpu=cortex-a9 -mfpu=vfpv3 -mfloat-abi=hard -nostartfiles -g -Wall -Wextra"
"Running Make include in ps7_cortexa9_0/libsrc/ddrps_v1_0/src"
make -C ps7_cortexa9_0/libsrc/ddrps_v1_0/src -s include  "SHELL=CMD" "COMPILER=arm-none-eabi-gcc" "ARCHIVER=arm-none-eabi-ar" "COMPILER_FLAGS=  -O2 -c" "EXTRA_COMPILER_FLAGS=-mcpu=cortex-a9 -mfpu=vfpv3 -mfloat-abi=hard -nostartfiles -g -Wall -Wextra"
"Running Make include in ps7_cortexa9_0/libsrc/devcfg_v3_5/src"
make -C ps7_cortexa9_0/libsrc/devcfg_v3_5/src -s include  "SHELL=CMD" "COMPILER=arm-none-eabi-gcc" "ARCHIVER=arm-none-eabi-ar" "COMPILER_FLAGS=  -O2 -c" "EXTRA_COMPILER_FLAGS=-mcpu=cortex-a9 -mfpu=vfpv3 -mfloat-abi=hard -nostartfiles -g -Wall -Wextra"
"Running Make include in ps7_cortexa9_0/libsrc/dmaps_v2_4/src"
make -C ps7_cortexa9_0/libsrc/dmaps_v2_4/src -s include  "SHELL=CMD" "COMPILER=arm-none-eabi-gcc" "ARCHIVER=arm-none-eabi-ar" "COMPILER_FLAGS=  -O2 -c" "EXTRA_COMPILER_FLAGS=-mcpu=cortex-a9 -mfpu=vfpv3 -mfloat-abi=hard -nostartfiles -g -Wall -Wextra"
"Running Make include in ps7_cortexa9_0/libsrc/emacps_v3_8/src"
make -C ps7_cortexa9_0/libsrc/emacps_v3_8/src -s include  "SHELL=CMD" "COMPILER=arm-none-eabi-gcc" "ARCHIVER=arm-none-eabi-ar" "COMPILER_FLAGS=  -O2 -c" "EXTRA_COMPILER_FLAGS=-mcpu=cortex-a9 -mfpu=vfpv3 -mfloat-abi=hard -nostartfiles -g -Wall -Wextra"
"Running Make include in ps7_cortexa9_0/libsrc/final_v1_0/src"
make -C ps7_cortexa9_0/libsrc/final_v1_0/src -s include  "SHELL=CMD" "COMPILER=arm-none-eabi-gcc" "ARCHIVER=arm-none-eabi-ar" "COMPILER_FLAGS=  -O2 -c" "EXTRA_COMPILER_FLAGS=-mcpu=cortex-a9 -mfpu=vfpv3 -mfloat-abi=hard -nostartfiles -g -Wall -Wextra"
"Running Make include in ps7_cortexa9_0/libsrc/qspips_v3_5/src"
make -C ps7_cortexa9_0/libsrc/qspips_v3_5/src -s include  "SHELL=CMD" "COMPILER=arm-none-eabi-gcc" "ARCHIVER=arm-none-eabi-ar" "COMPILER_FLAGS=  -O2 -c" "EXTRA_COMPILER_FLAGS=-mcpu=cortex-a9 -mfpu=vfpv3 -mfloat-abi=hard -nostartfiles -g -Wall -Wextra"
"Running Make include in ps7_cortexa9_0/libsrc/scugic_v3_10/src"
make -C ps7_cortexa9_0/libsrc/scugic_v3_10/src -s include  "SHELL=CMD" "COMPILER=arm-none-eabi-gcc" "ARCHIVER=arm-none-eabi-ar" "COMPILER_FLAGS=  -O2 -c" "EXTRA_COMPILER_FLAGS=-mcpu=cortex-a9 -mfpu=vfpv3 -mfloat-abi=hard -nostartfiles -g -Wall -Wextra"
"Running Make include in ps7_cortexa9_0/libsrc/scutimer_v2_1/src"
make -C ps7_cortexa9_0/libsrc/scutimer_v2_1/src -s include  "SHELL=CMD" "COMPILER=arm-none-eabi-gcc" "ARCHIVER=arm-none-eabi-ar" "COMPILER_FLAGS=  -O2 -c" "EXTRA_COMPILER_FLAGS=-mcpu=cortex-a9 -mfpu=vfpv3 -mfloat-abi=hard -nostartfiles -g -Wall -Wextra"
"Running Make include in ps7_cortexa9_0/libsrc/scuwdt_v2_1/src"
make -C ps7_cortexa9_0/libsrc/scuwdt_v2_1/src -s include  "SHELL=CMD" "COMPILER=arm-none-eabi-gcc" "ARCHIVER=arm-none-eabi-ar" "COMPILER_FLAGS=  -O2 -c" "EXTRA_COMPILER_FLAGS=-mcpu=cortex-a9 -mfpu=vfpv3 -mfloat-abi=hard -nostartfiles -g -Wall -Wextra"
"Running Make include in ps7_cortexa9_0/libsrc/sdps_v3_6/src"
make -C ps7_cortexa9_0/libsrc/sdps_v3_6/src -s include  "SHELL=CMD" "COMPILER=arm-none-eabi-gcc" "ARCHIVER=arm-none-eabi-ar" "COMPILER_FLAGS=  -O2 -c" "EXTRA_COMPILER_FLAGS=-mcpu=cortex-a9 -mfpu=vfpv3 -mfloat-abi=hard -nostartfiles -g -Wall -Wextra"
"Running Make include in ps7_cortexa9_0/libsrc/standalone_v6_8/src"
make -C ps7_cortexa9_0/libsrc/standalone_v6_8/src -s include  "SHELL=CMD" "COMPILER=arm-none-eabi-gcc" "ARCHIVER=arm-none-eabi-ar" "COMPILER_FLAGS=  -O2 -c" "EXTRA_COMPILER_FLAGS=-mcpu=cortex-a9 -mfpu=vfpv3 -mfloat-abi=hard -nostartfiles -g -Wall -Wextra"
"Running Make include in ps7_cortexa9_0/libsrc/uartps_v3_7/src"
make -C ps7_cortexa9_0/libsrc/uartps_v3_7/src -s include  "SHELL=CMD" "COMPILER=arm-none-eabi-gcc" "ARCHIVER=arm-none-eabi-ar" "COMPILER_FLAGS=  -O2 -c" "EXTRA_COMPILER_FLAGS=-mcpu=cortex-a9 -mfpu=vfpv3 -mfloat-abi=hard -nostartfiles -g -Wall -Wextra"
"Running Make include in ps7_cortexa9_0/libsrc/usbps_v2_4/src"
make -C ps7_cortexa9_0/libsrc/usbps_v2_4/src -s include  "SHELL=CMD" "COMPILER=arm-none-eabi-gcc" "ARCHIVER=arm-none-eabi-ar" "COMPILER_FLAGS=  -O2 -c" "EXTRA_COMPILER_FLAGS=-mcpu=cortex-a9 -mfpu=vfpv3 -mfloat-abi=hard -nostartfiles -g -Wall -Wextra"
"Running Make include in ps7_cortexa9_0/libsrc/wdtps_v3_1/src"
make -C ps7_cortexa9_0/libsrc/wdtps_v3_1/src -s include  "SHELL=CMD" "COMPILER=arm-none-eabi-gcc" "ARCHIVER=arm-none-eabi-ar" "COMPILER_FLAGS=  -O2 -c" "EXTRA_COMPILER_FLAGS=-mcpu=cortex-a9 -mfpu=vfpv3 -mfloat-abi=hard -nostartfiles -g -Wall -Wextra"
"Running Make include in ps7_cortexa9_0/libsrc/xadcps_v2_3/src"
make -C ps7_cortexa9_0/libsrc/xadcps_v2_3/src -s include  "SHELL=CMD" "COMPILER=arm-none-eabi-gcc" "ARCHIVER=arm-none-eabi-ar" "COMPILER_FLAGS=  -O2 -c" "EXTRA_COMPILER_FLAGS=-mcpu=cortex-a9 -mfpu=vfpv3 -mfloat-abi=hard -nostartfiles -g -Wall -Wextra"
"Running Make libs in ps7_cortexa9_0/libsrc/coresightps_dcc_v1_4/src"
make -C ps7_cortexa9_0/libsrc/coresightps_dcc_v1_4/src -s libs  "SHELL=CMD" "COMPILER=arm-none-eabi-gcc" "ARCHIVER=arm-none-eabi-ar" "COMPILER_FLAGS=  -O2 -c" "EXTRA_COMPILER_FLAGS=-mcpu=cortex-a9 -mfpu=vfpv3 -mfloat-abi=hard -nostartfiles -g -Wall -Wextra"
"Compiling coresightps_dcc"
arm-none-eabi-ar: creating ../../../lib/libxil.a
"Running Make libs in ps7_cortexa9_0/libsrc/cpu_cortexa9_v2_7/src"
make -C ps7_cortexa9_0/libsrc/cpu_cortexa9_v2_7/src -s libs  "SHELL=CMD" "COMPILER=arm-none-eabi-gcc" "ARCHIVER=arm-none-eabi-ar" "COMPILER_FLAGS=  -O2 -c" "EXTRA_COMPILER_FLAGS=-mcpu=cortex-a9 -mfpu=vfpv3 -mfloat-abi=hard -nostartfiles -g -Wall -Wextra"
"Compiling cpu_cortexa9"
"Running Make libs in ps7_cortexa9_0/libsrc/ddrps_v1_0/src"
make -C ps7_cortexa9_0/libsrc/ddrps_v1_0/src -s libs  "SHELL=CMD" "COMPILER=arm-none-eabi-gcc" "ARCHIVER=arm-none-eabi-ar" "COMPILER_FLAGS=  -O2 -c" "EXTRA_COMPILER_FLAGS=-mcpu=cortex-a9 -mfpu=vfpv3 -mfloat-abi=hard -nostartfiles -g -Wall -Wextra"
"Compiling ddrps"
"Running Make libs in ps7_cortexa9_0/libsrc/devcfg_v3_5/src"
make -C ps7_cortexa9_0/libsrc/devcfg_v3_5/src -s libs  "SHELL=CMD" "COMPILER=arm-none-eabi-gcc" "ARCHIVER=arm-none-eabi-ar" "COMPILER_FLAGS=  -O2 -c" "EXTRA_COMPILER_FLAGS=-mcpu=cortex-a9 -mfpu=vfpv3 -mfloat-abi=hard -nostartfiles -g -Wall -Wextra"
"Compiling devcfg"
"Running Make libs in ps7_cortexa9_0/libsrc/dmaps_v2_4/src"
make -C ps7_cortexa9_0/libsrc/dmaps_v2_4/src -s libs  "SHELL=CMD" "COMPILER=arm-none-eabi-gcc" "ARCHIVER=arm-none-eabi-ar" "COMPILER_FLAGS=  -O2 -c" "EXTRA_COMPILER_FLAGS=-mcpu=cortex-a9 -mfpu=vfpv3 -mfloat-abi=hard -nostartfiles -g -Wall -Wextra"
"Compiling dmaps"
"Running Make libs in ps7_cortexa9_0/libsrc/emacps_v3_8/src"
make -C ps7_cortexa9_0/libsrc/emacps_v3_8/src -s libs  "SHELL=CMD" "COMPILER=arm-none-eabi-gcc" "ARCHIVER=arm-none-eabi-ar" "COMPILER_FLAGS=  -O2 -c" "EXTRA_COMPILER_FLAGS=-mcpu=cortex-a9 -mfpu=vfpv3 -mfloat-abi=hard -nostartfiles -g -Wall -Wextra"
"Compiling emacps"
"Running Make libs in ps7_cortexa9_0/libsrc/final_v1_0/src"
make -C ps7_cortexa9_0/libsrc/final_v1_0/src -s libs  "SHELL=CMD" "COMPILER=arm-none-eabi-gcc" "ARCHIVER=arm-none-eabi-ar" "COMPILER_FLAGS=  -O2 -c" "EXTRA_COMPILER_FLAGS=-mcpu=cortex-a9 -mfpu=vfpv3 -mfloat-abi=hard -nostartfiles -g -Wall -Wextra"
"Compiling final..."
final_selftest.c: In function 'FINAL_Reg_SelfTest':
final_selftest.c:52:54: warning: comparison between signed and unsigned integer expressions [-Wsign-compare]
    if ( FINAL_mReadReg (baseaddr, read_loop_index*4) != (read_loop_index+1)*READ_WRITE_MUL_FACTOR){
                                                      ^~
final_selftest.c:36:6: warning: unused variable 'Index' [-Wunused-variable]
  int Index;
      ^~~~~
"Running Make libs in ps7_cortexa9_0/libsrc/qspips_v3_5/src"
make -C ps7_cortexa9_0/libsrc/qspips_v3_5/src -s libs  "SHELL=CMD" "COMPILER=arm-none-eabi-gcc" "ARCHIVER=arm-none-eabi-ar" "COMPILER_FLAGS=  -O2 -c" "EXTRA_COMPILER_FLAGS=-mcpu=cortex-a9 -mfpu=vfpv3 -mfloat-abi=hard -nostartfiles -g -Wall -Wextra"
"Compiling qspips"
"Running Make libs in ps7_cortexa9_0/libsrc/scugic_v3_10/src"
make -C ps7_cortexa9_0/libsrc/scugic_v3_10/src -s libs  "SHELL=CMD" "COMPILER=arm-none-eabi-gcc" "ARCHIVER=arm-none-eabi-ar" "COMPILER_FLAGS=  -O2 -c" "EXTRA_COMPILER_FLAGS=-mcpu=cortex-a9 -mfpu=vfpv3 -mfloat-abi=hard -nostartfiles -g -Wall -Wextra"
"Compiling scugic"
"Running Make libs in ps7_cortexa9_0/libsrc/scutimer_v2_1/src"
make -C ps7_cortexa9_0/libsrc/scutimer_v2_1/src -s libs  "SHELL=CMD" "COMPILER=arm-none-eabi-gcc" "ARCHIVER=arm-none-eabi-ar" "COMPILER_FLAGS=  -O2 -c" "EXTRA_COMPILER_FLAGS=-mcpu=cortex-a9 -mfpu=vfpv3 -mfloat-abi=hard -nostartfiles -g -Wall -Wextra"
"Compiling scutimer"
"Running Make libs in ps7_cortexa9_0/libsrc/scuwdt_v2_1/src"
make -C ps7_cortexa9_0/libsrc/scuwdt_v2_1/src -s libs  "SHELL=CMD" "COMPILER=arm-none-eabi-gcc" "ARCHIVER=arm-none-eabi-ar" "COMPILER_FLAGS=  -O2 -c" "EXTRA_COMPILER_FLAGS=-mcpu=cortex-a9 -mfpu=vfpv3 -mfloat-abi=hard -nostartfiles -g -Wall -Wextra"
"Compiling scuwdt"
"Running Make libs in ps7_cortexa9_0/libsrc/sdps_v3_6/src"
make -C ps7_cortexa9_0/libsrc/sdps_v3_6/src -s libs  "SHELL=CMD" "COMPILER=arm-none-eabi-gcc" "ARCHIVER=arm-none-eabi-ar" "COMPILER_FLAGS=  -O2 -c" "EXTRA_COMPILER_FLAGS=-mcpu=cortex-a9 -mfpu=vfpv3 -mfloat-abi=hard -nostartfiles -g -Wall -Wextra"
"Compiling sdps"
"Running Make libs in ps7_cortexa9_0/libsrc/standalone_v6_8/src"
make -C ps7_cortexa9_0/libsrc/standalone_v6_8/src -s libs  "SHELL=CMD" "COMPILER=arm-none-eabi-gcc" "ARCHIVER=arm-none-eabi-ar" "COMPILER_FLAGS=  -O2 -c" "EXTRA_COMPILER_FLAGS=-mcpu=cortex-a9 -mfpu=vfpv3 -mfloat-abi=hard -nostartfiles -g -Wall -Wextra"
"Compiling standalone"
In file included from usleep.c:56:0:
xtime_l.h:87:9: note: #pragma message: For the sleep routines, Global timer is being used
 #pragma message ("For the sleep routines, Global timer is being used")
         ^~~~~~~
In file included from xil_sleeptimer.c:51:0:
xtime_l.h:87:9: note: #pragma message: For the sleep routines, Global timer is being used
 #pragma message ("For the sleep routines, Global timer is being used")
         ^~~~~~~
In file included from xtime_l.c:49:0:
xtime_l.h:87:9: note: #pragma message: For the sleep routines, Global timer is being used
 #pragma message ("For the sleep routines, Global timer is being used")
         ^~~~~~~
In file included from sleep.c:53:0:
xtime_l.h:87:9: note: #pragma message: For the sleep routines, Global timer is being used
 #pragma message ("For the sleep routines, Global timer is being used")
         ^~~~~~~
"Running Make libs in ps7_cortexa9_0/libsrc/uartps_v3_7/src"
make -C ps7_cortexa9_0/libsrc/uartps_v3_7/src -s libs  "SHELL=CMD" "COMPILER=arm-none-eabi-gcc" "ARCHIVER=arm-none-eabi-ar" "COMPILER_FLAGS=  -O2 -c" "EXTRA_COMPILER_FLAGS=-mcpu=cortex-a9 -mfpu=vfpv3 -mfloat-abi=hard -nostartfiles -g -Wall -Wextra"
"Compiling uartps"
"Running Make libs in ps7_cortexa9_0/libsrc/usbps_v2_4/src"
make -C ps7_cortexa9_0/libsrc/usbps_v2_4/src -s libs  "SHELL=CMD" "COMPILER=arm-none-eabi-gcc" "ARCHIVER=arm-none-eabi-ar" "COMPILER_FLAGS=  -O2 -c" "EXTRA_COMPILER_FLAGS=-mcpu=cortex-a9 -mfpu=vfpv3 -mfloat-abi=hard -nostartfiles -g -Wall -Wextra"
"Compiling usbps"
"Running Make libs in ps7_cortexa9_0/libsrc/wdtps_v3_1/src"
make -C ps7_cortexa9_0/libsrc/wdtps_v3_1/src -s libs  "SHELL=CMD" "COMPILER=arm-none-eabi-gcc" "ARCHIVER=arm-none-eabi-ar" "COMPILER_FLAGS=  -O2 -c" "EXTRA_COMPILER_FLAGS=-mcpu=cortex-a9 -mfpu=vfpv3 -mfloat-abi=hard -nostartfiles -g -Wall -Wextra"
"Compiling wdtps"
"Running Make libs in ps7_cortexa9_0/libsrc/xadcps_v2_3/src"
make -C ps7_cortexa9_0/libsrc/xadcps_v2_3/src -s libs  "SHELL=CMD" "COMPILER=arm-none-eabi-gcc" "ARCHIVER=arm-none-eabi-ar" "COMPILER_FLAGS=  -O2 -c" "EXTRA_COMPILER_FLAGS=-mcpu=cortex-a9 -mfpu=vfpv3 -mfloat-abi=hard -nostartfiles -g -Wall -Wextra"
"Compiling xadcps"
'Finished building libraries'
17:41:10 **** Build of configuration Debug for project fianl ****
make pre-build main-build 
a9-linaro-pre-build-step
' '
'Building file: ../src/helloworld.c'
'Invoking: ARM v7 gcc compiler'
arm-none-eabi-gcc -Wall -O0 -g3 -c -fmessage-length=0 -MT"src/helloworld.o" -mcpu=cortex-a9 -mfpu=vfpv3 -mfloat-abi=hard -I../../fianl_bsp/ps7_cortexa9_0/include -MMD -MP -MF"src/helloworld.d" -MT"src/helloworld.o" -o "src/helloworld.o" "../src/helloworld.c"
'Finished building: ../src/helloworld.c'
' '
'Building file: ../src/platform.c'
'Invoking: ARM v7 gcc compiler'
arm-none-eabi-gcc -Wall -O0 -g3 -c -fmessage-length=0 -MT"src/platform.o" -mcpu=cortex-a9 -mfpu=vfpv3 -mfloat-abi=hard -I../../fianl_bsp/ps7_cortexa9_0/include -MMD -MP -MF"src/platform.d" -MT"src/platform.o" -o "src/platform.o" "../src/platform.c"
'Finished building: ../src/platform.c'
' '
'Building target: fianl.elf'
'Invoking: ARM v7 gcc linker'
arm-none-eabi-gcc -mcpu=cortex-a9 -mfpu=vfpv3 -mfloat-abi=hard -Wl,-build-id=none -specs=Xilinx.spec -Wl,-T -Wl,../src/lscript.ld -L../../fianl_bsp/ps7_cortexa9_0/lib -o "fianl.elf"  ./src/helloworld.o ./src/platform.o   -Wl,--start-group,-lxil,-lgcc,-lc,--end-group
'Finished building target: fianl.elf'
' '
'Invoking: ARM v7 Print Size'
arm-none-eabi-size fianl.elf  |tee "fianl.elf.size"
   text	   data	    bss	    dec	    hex	filename
  24984	   1184	  22712	  48880	   bef0	fianl.elf
'Finished building: fianl.elf.size'
' '
17:41:43 **** Incremental Build of configuration Debug for project fianl ****
make pre-build main-build 
a9-linaro-pre-build-step
' '
make: Nothing to be done for 'main-build'.
17:45:39 **** Auto Build of configuration Debug for project fianl ****
make pre-build main-build 
a9-linaro-pre-build-step
' '
'Building file: ../src/helloworld.c'
'Invoking: ARM v7 gcc compiler'
arm-none-eabi-gcc -Wall -O0 -g3 -c -fmessage-length=0 -MT"src/helloworld.o" -mcpu=cortex-a9 -mfpu=vfpv3 -mfloat-abi=hard -I../../fianl_bsp/ps7_cortexa9_0/include -MMD -MP -MF"src/helloworld.d" -MT"src/helloworld.o" -o "src/helloworld.o" "../src/helloworld.c"
../src/helloworld.c: In function 'main':
../src/helloworld.c:85:38: error: 'prev_score' undeclared (first use in this function); did you mean 'score'?
                         if (score != prev_score) {
                                      ^~~~~~~~~~
                                      score
../src/helloworld.c:85:38: note: each undeclared identifier is reported only once for each function it appears in
make: *** [src/subdir.mk:26: src/helloworld.o] Error 1
17:45:49 **** Auto Build of configuration Debug for project fianl ****
make pre-build main-build 
a9-linaro-pre-build-step
' '
'Building file: ../src/helloworld.c'
'Invoking: ARM v7 gcc compiler'
arm-none-eabi-gcc -Wall -O0 -g3 -c -fmessage-length=0 -MT"src/helloworld.o" -mcpu=cortex-a9 -mfpu=vfpv3 -mfloat-abi=hard -I../../fianl_bsp/ps7_cortexa9_0/include -MMD -MP -MF"src/helloworld.d" -MT"src/helloworld.o" -o "src/helloworld.o" "../src/helloworld.c"
../src/helloworld.c: In function 'main':
../src/helloworld.c:85:38: error: 'prev_score' undeclared (first use in this function); did you mean 'score'?
                         if (score != prev_score) {
                                      ^~~~~~~~~~
                                      score
../src/helloworld.c:85:38: note: each undeclared identifier is reported only once for each function it appears in
../src/helloworld.c:99:15: error: expected '}' before 'else'
             } else if (recv_char == 'T') {
               ^~~~
make: *** [src/subdir.mk:26: src/helloworld.o] Error 1
17:46:31 **** Auto Build of configuration Debug for project fianl ****
make pre-build main-build 
a9-linaro-pre-build-step
' '
'Building file: ../src/helloworld.c'
'Invoking: ARM v7 gcc compiler'
arm-none-eabi-gcc -Wall -O0 -g3 -c -fmessage-length=0 -MT"src/helloworld.o" -mcpu=cortex-a9 -mfpu=vfpv3 -mfloat-abi=hard -I../../fianl_bsp/ps7_cortexa9_0/include -MMD -MP -MF"src/helloworld.d" -MT"src/helloworld.o" -o "src/helloworld.o" "../src/helloworld.c"
../src/helloworld.c: In function 'main':
../src/helloworld.c:101:15: error: expected '}' before 'else'
             } else if (recv_char == 'T') {
               ^~~~
make: *** [src/subdir.mk:26: src/helloworld.o] Error 1
17:47:07 **** Auto Build of configuration Debug for project fianl ****
make pre-build main-build 
a9-linaro-pre-build-step
' '
'Building file: ../src/helloworld.c'
'Invoking: ARM v7 gcc compiler'
arm-none-eabi-gcc -Wall -O0 -g3 -c -fmessage-length=0 -MT"src/helloworld.o" -mcpu=cortex-a9 -mfpu=vfpv3 -mfloat-abi=hard -I../../fianl_bsp/ps7_cortexa9_0/include -MMD -MP -MF"src/helloworld.d" -MT"src/helloworld.o" -o "src/helloworld.o" "../src/helloworld.c"
../src/helloworld.c: In function 'main':
../src/helloworld.c:129:1: error: expected declaration or statement at end of input
 }
 ^
../src/helloworld.c:129:1: error: expected declaration or statement at end of input
make: *** [src/subdir.mk:26: src/helloworld.o] Error 1
17:47:15 **** Auto Build of configuration Debug for project fianl ****
make pre-build main-build 
a9-linaro-pre-build-step
' '
'Building file: ../src/helloworld.c'
'Invoking: ARM v7 gcc compiler'
arm-none-eabi-gcc -Wall -O0 -g3 -c -fmessage-length=0 -MT"src/helloworld.o" -mcpu=cortex-a9 -mfpu=vfpv3 -mfloat-abi=hard -I../../fianl_bsp/ps7_cortexa9_0/include -MMD -MP -MF"src/helloworld.d" -MT"src/helloworld.o" -o "src/helloworld.o" "../src/helloworld.c"
../src/helloworld.c: In function 'main':
../src/helloworld.c:129:1: error: expected declaration or statement at end of input
 }
 ^
../src/helloworld.c:129:1: error: expected declaration or statement at end of input
../src/helloworld.c:129:1: error: expected declaration or statement at end of input
make: *** [src/subdir.mk:26: src/helloworld.o] Error 1
17:47:49 **** Auto Build of configuration Debug for project fianl ****
make pre-build main-build 
a9-linaro-pre-build-step
' '
'Building file: ../src/helloworld.c'
'Invoking: ARM v7 gcc compiler'
arm-none-eabi-gcc -Wall -O0 -g3 -c -fmessage-length=0 -MT"src/helloworld.o" -mcpu=cortex-a9 -mfpu=vfpv3 -mfloat-abi=hard -I../../fianl_bsp/ps7_cortexa9_0/include -MMD -MP -MF"src/helloworld.d" -MT"src/helloworld.o" -o "src/helloworld.o" "../src/helloworld.c"
../src/helloworld.c: In function 'main':
../src/helloworld.c:130:1: error: expected declaration or statement at end of input
 }
 ^
../src/helloworld.c:130:1: error: expected declaration or statement at end of input
make: *** [src/subdir.mk:26: src/helloworld.o] Error 1
17:48:16 **** Auto Build of configuration Debug for project fianl ****
make pre-build main-build 
a9-linaro-pre-build-step
' '
'Building file: ../src/helloworld.c'
'Invoking: ARM v7 gcc compiler'
arm-none-eabi-gcc -Wall -O0 -g3 -c -fmessage-length=0 -MT"src/helloworld.o" -mcpu=cortex-a9 -mfpu=vfpv3 -mfloat-abi=hard -I../../fianl_bsp/ps7_cortexa9_0/include -MMD -MP -MF"src/helloworld.d" -MT"src/helloworld.o" -o "src/helloworld.o" "../src/helloworld.c"
../src/helloworld.c: In function 'main':
../src/helloworld.c:85:38: error: 'prev_score' undeclared (first use in this function); did you mean 'score'?
                         if (score != prev_score) {
                                      ^~~~~~~~~~
                                      score
../src/helloworld.c:85:38: note: each undeclared identifier is reported only once for each function it appears in
make: *** [src/subdir.mk:26: src/helloworld.o] Error 1
17:48:26 **** Auto Build of configuration Debug for project fianl ****
make pre-build main-build 
a9-linaro-pre-build-step
' '
'Building file: ../src/helloworld.c'
'Invoking: ARM v7 gcc compiler'
arm-none-eabi-gcc -Wall -O0 -g3 -c -fmessage-length=0 -MT"src/helloworld.o" -mcpu=cortex-a9 -mfpu=vfpv3 -mfloat-abi=hard -I../../fianl_bsp/ps7_cortexa9_0/include -MMD -MP -MF"src/helloworld.d" -MT"src/helloworld.o" -o "src/helloworld.o" "../src/helloworld.c"
'Finished building: ../src/helloworld.c'
' '
'Building target: fianl.elf'
'Invoking: ARM v7 gcc linker'
arm-none-eabi-gcc -mcpu=cortex-a9 -mfpu=vfpv3 -mfloat-abi=hard -Wl,-build-id=none -specs=Xilinx.spec -Wl,-T -Wl,../src/lscript.ld -L../../fianl_bsp/ps7_cortexa9_0/lib -o "fianl.elf"  ./src/helloworld.o ./src/platform.o   -Wl,--start-group,-lxil,-lgcc,-lc,--end-group
'Finished building target: fianl.elf'
' '
'Invoking: ARM v7 Print Size'
arm-none-eabi-size fianl.elf  |tee "fianl.elf.size"
   text	   data	    bss	    dec	    hex	filename
  25216	   1184	  22712	  49112	   bfd8	fianl.elf
'Finished building: fianl.elf.size'
' '
17:48:43 **** Incremental Build of configuration Debug for project fianl ****
make pre-build main-build 
a9-linaro-pre-build-step
' '
make: Nothing to be done for 'main-build'.
18:07:01 **** Auto Build of configuration Debug for project fianl ****
make pre-build main-build 
a9-linaro-pre-build-step
' '
'Building file: ../src/helloworld.c'
'Invoking: ARM v7 gcc compiler'
arm-none-eabi-gcc -Wall -O0 -g3 -c -fmessage-length=0 -MT"src/helloworld.o" -mcpu=cortex-a9 -mfpu=vfpv3 -mfloat-abi=hard -I../../fianl_bsp/ps7_cortexa9_0/include -MMD -MP -MF"src/helloworld.d" -MT"src/helloworld.o" -o "src/helloworld.o" "../src/helloworld.c"
../src/helloworld.c: In function 'main':
../src/helloworld.c:84:28: warning: unused variable 'score' [-Wunused-variable]
                         u8 score = (u8)(slv_reg1 & 0xF);  // �� [3:0]
                            ^~~~~
../src/helloworld.c:38:15: warning: unused variable 'prev_score' [-Wunused-variable]
     static u8 prev_score = 0xFF;  // �讒lて�阿��i�爲梱�
               ^~~~~~~~~~
At top level:
../src/helloworld.c:38:15: warning: 'prev_score' defined but not used [-Wunused-variable]
'Finished building: ../src/helloworld.c'
' '
'Building target: fianl.elf'
'Invoking: ARM v7 gcc linker'
arm-none-eabi-gcc -mcpu=cortex-a9 -mfpu=vfpv3 -mfloat-abi=hard -Wl,-build-id=none -specs=Xilinx.spec -Wl,-T -Wl,../src/lscript.ld -L../../fianl_bsp/ps7_cortexa9_0/lib -o "fianl.elf"  ./src/helloworld.o ./src/platform.o   -Wl,--start-group,-lxil,-lgcc,-lc,--end-group
'Finished building target: fianl.elf'
' '
'Invoking: ARM v7 Print Size'
arm-none-eabi-size fianl.elf  |tee "fianl.elf.size"
   text	   data	    bss	    dec	    hex	filename
  24984	   1184	  22712	  48880	   bef0	fianl.elf
'Finished building: fianl.elf.size'
' '
18:08:22 **** Auto Build of configuration Debug for project fianl ****
make pre-build main-build 
a9-linaro-pre-build-step
' '
'Building file: ../src/helloworld.c'
'Invoking: ARM v7 gcc compiler'
arm-none-eabi-gcc -Wall -O0 -g3 -c -fmessage-length=0 -MT"src/helloworld.o" -mcpu=cortex-a9 -mfpu=vfpv3 -mfloat-abi=hard -I../../fianl_bsp/ps7_cortexa9_0/include -MMD -MP -MF"src/helloworld.d" -MT"src/helloworld.o" -o "src/helloworld.o" "../src/helloworld.c"
../src/helloworld.c: In function 'main':
../src/helloworld.c:84:28: warning: unused variable 'score' [-Wunused-variable]
                         u8 score = (u8)(slv_reg1 & 0xF);  // �� [3:0]
                            ^~~~~
../src/helloworld.c:38:15: warning: unused variable 'prev_score' [-Wunused-variable]
     static u8 prev_score = 0xFF;  // �讒lて�阿��i�爲梱�
               ^~~~~~~~~~
At top level:
../src/helloworld.c:38:15: warning: 'prev_score' defined but not used [-Wunused-variable]
'Finished building: ../src/helloworld.c'
' '
'Building target: fianl.elf'
'Invoking: ARM v7 gcc linker'
arm-none-eabi-gcc -mcpu=cortex-a9 -mfpu=vfpv3 -mfloat-abi=hard -Wl,-build-id=none -specs=Xilinx.spec -Wl,-T -Wl,../src/lscript.ld -L../../fianl_bsp/ps7_cortexa9_0/lib -o "fianl.elf"  ./src/helloworld.o ./src/platform.o   -Wl,--start-group,-lxil,-lgcc,-lc,--end-group
'Finished building target: fianl.elf'
' '
'Invoking: ARM v7 Print Size'
arm-none-eabi-size fianl.elf  |tee "fianl.elf.size"
   text	   data	    bss	    dec	    hex	filename
  25048	   1184	  22712	  48944	   bf30	fianl.elf
'Finished building: fianl.elf.size'
' '
18:09:54 **** Auto Build of configuration Debug for project fianl ****
make pre-build main-build 
a9-linaro-pre-build-step
' '
'Building file: ../src/helloworld.c'
'Invoking: ARM v7 gcc compiler'
arm-none-eabi-gcc -Wall -O0 -g3 -c -fmessage-length=0 -MT"src/helloworld.o" -mcpu=cortex-a9 -mfpu=vfpv3 -mfloat-abi=hard -I../../fianl_bsp/ps7_cortexa9_0/include -MMD -MP -MF"src/helloworld.d" -MT"src/helloworld.o" -o "src/helloworld.o" "../src/helloworld.c"
../src/helloworld.c: In function 'main':
../src/helloworld.c:38:15: warning: unused variable 'prev_score' [-Wunused-variable]
     static u8 prev_score = 0xFF;  // �讒lて�阿��i�爲梱�
               ^~~~~~~~~~
At top level:
../src/helloworld.c:38:15: warning: 'prev_score' defined but not used [-Wunused-variable]
'Finished building: ../src/helloworld.c'
' '
'Building target: fianl.elf'
'Invoking: ARM v7 gcc linker'
arm-none-eabi-gcc -mcpu=cortex-a9 -mfpu=vfpv3 -mfloat-abi=hard -Wl,-build-id=none -specs=Xilinx.spec -Wl,-T -Wl,../src/lscript.ld -L../../fianl_bsp/ps7_cortexa9_0/lib -o "fianl.elf"  ./src/helloworld.o ./src/platform.o   -Wl,--start-group,-lxil,-lgcc,-lc,--end-group
'Finished building target: fianl.elf'
' '
'Invoking: ARM v7 Print Size'
arm-none-eabi-size fianl.elf  |tee "fianl.elf.size"
   text	   data	    bss	    dec	    hex	filename
  25048	   1184	  22712	  48944	   bf30	fianl.elf
'Finished building: fianl.elf.size'
' '
18:18:12 **** Clean-only build of configuration Debug for project fianl ****
make clean 
rm -rf  ./src/helloworld.o ./src/platform.o  ./src/helloworld.d ./src/platform.d  fianl.elf.size  fianl.elf
' '
18:18:12 **** Clean-only build of project fianl_bsp ****
make -k clean 
make -C ps7_cortexa9_0/libsrc/coresightps_dcc_v1_4/src -s clean 
make -C ps7_cortexa9_0/libsrc/cpu_cortexa9_v2_7/src -s clean 
make -C ps7_cortexa9_0/libsrc/ddrps_v1_0/src -s clean 
make -C ps7_cortexa9_0/libsrc/devcfg_v3_5/src -s clean 
make -C ps7_cortexa9_0/libsrc/dmaps_v2_4/src -s clean 
make -C ps7_cortexa9_0/libsrc/emacps_v3_8/src -s clean 
make -C ps7_cortexa9_0/libsrc/final_v1_0/src -s clean 
rm: lstat．*.o・ア英: Invalid argument
make[1]: *** [Makefile:26: clean] Error 1
make: *** [Makefile:33: ps7_cortexa9_0/libsrc/final_v1_0/src/make.clean] Error 2
make -C ps7_cortexa9_0/libsrc/qspips_v3_5/src -s clean 
make -C ps7_cortexa9_0/libsrc/scugic_v3_10/src -s clean 
make -C ps7_cortexa9_0/libsrc/scutimer_v2_1/src -s clean 
make -C ps7_cortexa9_0/libsrc/scuwdt_v2_1/src -s clean 
make -C ps7_cortexa9_0/libsrc/sdps_v3_6/src -s clean 
make -C ps7_cortexa9_0/libsrc/standalone_v6_8/src -s clean 
make -C ps7_cortexa9_0/libsrc/uartps_v3_7/src -s clean 
make -C ps7_cortexa9_0/libsrc/usbps_v2_4/src -s clean 
make -C ps7_cortexa9_0/libsrc/wdtps_v3_1/src -s clean 
make -C ps7_cortexa9_0/libsrc/xadcps_v2_3/src -s clean 
make: Target 'clean' not remade because of errors.
18:18:13 **** Build of project fianl_bsp ****
make -k all 
"Running Make include in ps7_cortexa9_0/libsrc/coresightps_dcc_v1_4/src"
make -C ps7_cortexa9_0/libsrc/coresightps_dcc_v1_4/src -s include  "SHELL=CMD" "COMPILER=arm-none-eabi-gcc" "ARCHIVER=arm-none-eabi-ar" "COMPILER_FLAGS=  -O2 -c" "EXTRA_COMPILER_FLAGS=-mcpu=cortex-a9 -mfpu=vfpv3 -mfloat-abi=hard -nostartfiles -g -Wall -Wextra"
"Running Make include in ps7_cortexa9_0/libsrc/cpu_cortexa9_v2_7/src"
make -C ps7_cortexa9_0/libsrc/cpu_cortexa9_v2_7/src -s include  "SHELL=CMD" "COMPILER=arm-none-eabi-gcc" "ARCHIVER=arm-none-eabi-ar" "COMPILER_FLAGS=  -O2 -c" "EXTRA_COMPILER_FLAGS=-mcpu=cortex-a9 -mfpu=vfpv3 -mfloat-abi=hard -nostartfiles -g -Wall -Wextra"
"Running Make include in ps7_cortexa9_0/libsrc/ddrps_v1_0/src"
make -C ps7_cortexa9_0/libsrc/ddrps_v1_0/src -s include  "SHELL=CMD" "COMPILER=arm-none-eabi-gcc" "ARCHIVER=arm-none-eabi-ar" "COMPILER_FLAGS=  -O2 -c" "EXTRA_COMPILER_FLAGS=-mcpu=cortex-a9 -mfpu=vfpv3 -mfloat-abi=hard -nostartfiles -g -Wall -Wextra"
"Running Make include in ps7_cortexa9_0/libsrc/devcfg_v3_5/src"
make -C ps7_cortexa9_0/libsrc/devcfg_v3_5/src -s include  "SHELL=CMD" "COMPILER=arm-none-eabi-gcc" "ARCHIVER=arm-none-eabi-ar" "COMPILER_FLAGS=  -O2 -c" "EXTRA_COMPILER_FLAGS=-mcpu=cortex-a9 -mfpu=vfpv3 -mfloat-abi=hard -nostartfiles -g -Wall -Wextra"
"Running Make include in ps7_cortexa9_0/libsrc/dmaps_v2_4/src"
make -C ps7_cortexa9_0/libsrc/dmaps_v2_4/src -s include  "SHELL=CMD" "COMPILER=arm-none-eabi-gcc" "ARCHIVER=arm-none-eabi-ar" "COMPILER_FLAGS=  -O2 -c" "EXTRA_COMPILER_FLAGS=-mcpu=cortex-a9 -mfpu=vfpv3 -mfloat-abi=hard -nostartfiles -g -Wall -Wextra"
"Running Make include in ps7_cortexa9_0/libsrc/emacps_v3_8/src"
make -C ps7_cortexa9_0/libsrc/emacps_v3_8/src -s include  "SHELL=CMD" "COMPILER=arm-none-eabi-gcc" "ARCHIVER=arm-none-eabi-ar" "COMPILER_FLAGS=  -O2 -c" "EXTRA_COMPILER_FLAGS=-mcpu=cortex-a9 -mfpu=vfpv3 -mfloat-abi=hard -nostartfiles -g -Wall -Wextra"
"Running Make include in ps7_cortexa9_0/libsrc/final_v1_0/src"
make -C ps7_cortexa9_0/libsrc/final_v1_0/src -s include  "SHELL=CMD" "COMPILER=arm-none-eabi-gcc" "ARCHIVER=arm-none-eabi-ar" "COMPILER_FLAGS=  -O2 -c" "EXTRA_COMPILER_FLAGS=-mcpu=cortex-a9 -mfpu=vfpv3 -mfloat-abi=hard -nostartfiles -g -Wall -Wextra"
"Running Make include in ps7_cortexa9_0/libsrc/qspips_v3_5/src"
make -C ps7_cortexa9_0/libsrc/qspips_v3_5/src -s include  "SHELL=CMD" "COMPILER=arm-none-eabi-gcc" "ARCHIVER=arm-none-eabi-ar" "COMPILER_FLAGS=  -O2 -c" "EXTRA_COMPILER_FLAGS=-mcpu=cortex-a9 -mfpu=vfpv3 -mfloat-abi=hard -nostartfiles -g -Wall -Wextra"
"Running Make include in ps7_cortexa9_0/libsrc/scugic_v3_10/src"
make -C ps7_cortexa9_0/libsrc/scugic_v3_10/src -s include  "SHELL=CMD" "COMPILER=arm-none-eabi-gcc" "ARCHIVER=arm-none-eabi-ar" "COMPILER_FLAGS=  -O2 -c" "EXTRA_COMPILER_FLAGS=-mcpu=cortex-a9 -mfpu=vfpv3 -mfloat-abi=hard -nostartfiles -g -Wall -Wextra"
"Running Make include in ps7_cortexa9_0/libsrc/scutimer_v2_1/src"
make -C ps7_cortexa9_0/libsrc/scutimer_v2_1/src -s include  "SHELL=CMD" "COMPILER=arm-none-eabi-gcc" "ARCHIVER=arm-none-eabi-ar" "COMPILER_FLAGS=  -O2 -c" "EXTRA_COMPILER_FLAGS=-mcpu=cortex-a9 -mfpu=vfpv3 -mfloat-abi=hard -nostartfiles -g -Wall -Wextra"
"Running Make include in ps7_cortexa9_0/libsrc/scuwdt_v2_1/src"
make -C ps7_cortexa9_0/libsrc/scuwdt_v2_1/src -s include  "SHELL=CMD" "COMPILER=arm-none-eabi-gcc" "ARCHIVER=arm-none-eabi-ar" "COMPILER_FLAGS=  -O2 -c" "EXTRA_COMPILER_FLAGS=-mcpu=cortex-a9 -mfpu=vfpv3 -mfloat-abi=hard -nostartfiles -g -Wall -Wextra"
"Running Make include in ps7_cortexa9_0/libsrc/sdps_v3_6/src"
make -C ps7_cortexa9_0/libsrc/sdps_v3_6/src -s include  "SHELL=CMD" "COMPILER=arm-none-eabi-gcc" "ARCHIVER=arm-none-eabi-ar" "COMPILER_FLAGS=  -O2 -c" "EXTRA_COMPILER_FLAGS=-mcpu=cortex-a9 -mfpu=vfpv3 -mfloat-abi=hard -nostartfiles -g -Wall -Wextra"
"Running Make include in ps7_cortexa9_0/libsrc/standalone_v6_8/src"
make -C ps7_cortexa9_0/libsrc/standalone_v6_8/src -s include  "SHELL=CMD" "COMPILER=arm-none-eabi-gcc" "ARCHIVER=arm-none-eabi-ar" "COMPILER_FLAGS=  -O2 -c" "EXTRA_COMPILER_FLAGS=-mcpu=cortex-a9 -mfpu=vfpv3 -mfloat-abi=hard -nostartfiles -g -Wall -Wextra"
"Running Make include in ps7_cortexa9_0/libsrc/uartps_v3_7/src"
make -C ps7_cortexa9_0/libsrc/uartps_v3_7/src -s include  "SHELL=CMD" "COMPILER=arm-none-eabi-gcc" "ARCHIVER=arm-none-eabi-ar" "COMPILER_FLAGS=  -O2 -c" "EXTRA_COMPILER_FLAGS=-mcpu=cortex-a9 -mfpu=vfpv3 -mfloat-abi=hard -nostartfiles -g -Wall -Wextra"
"Running Make include in ps7_cortexa9_0/libsrc/usbps_v2_4/src"
make -C ps7_cortexa9_0/libsrc/usbps_v2_4/src -s include  "SHELL=CMD" "COMPILER=arm-none-eabi-gcc" "ARCHIVER=arm-none-eabi-ar" "COMPILER_FLAGS=  -O2 -c" "EXTRA_COMPILER_FLAGS=-mcpu=cortex-a9 -mfpu=vfpv3 -mfloat-abi=hard -nostartfiles -g -Wall -Wextra"
"Running Make include in ps7_cortexa9_0/libsrc/wdtps_v3_1/src"
make -C ps7_cortexa9_0/libsrc/wdtps_v3_1/src -s include  "SHELL=CMD" "COMPILER=arm-none-eabi-gcc" "ARCHIVER=arm-none-eabi-ar" "COMPILER_FLAGS=  -O2 -c" "EXTRA_COMPILER_FLAGS=-mcpu=cortex-a9 -mfpu=vfpv3 -mfloat-abi=hard -nostartfiles -g -Wall -Wextra"
"Running Make include in ps7_cortexa9_0/libsrc/xadcps_v2_3/src"
make -C ps7_cortexa9_0/libsrc/xadcps_v2_3/src -s include  "SHELL=CMD" "COMPILER=arm-none-eabi-gcc" "ARCHIVER=arm-none-eabi-ar" "COMPILER_FLAGS=  -O2 -c" "EXTRA_COMPILER_FLAGS=-mcpu=cortex-a9 -mfpu=vfpv3 -mfloat-abi=hard -nostartfiles -g -Wall -Wextra"
"Running Make libs in ps7_cortexa9_0/libsrc/coresightps_dcc_v1_4/src"
make -C ps7_cortexa9_0/libsrc/coresightps_dcc_v1_4/src -s libs  "SHELL=CMD" "COMPILER=arm-none-eabi-gcc" "ARCHIVER=arm-none-eabi-ar" "COMPILER_FLAGS=  -O2 -c" "EXTRA_COMPILER_FLAGS=-mcpu=cortex-a9 -mfpu=vfpv3 -mfloat-abi=hard -nostartfiles -g -Wall -Wextra"
"Compiling coresightps_dcc"
arm-none-eabi-ar: creating ../../../lib/libxil.a
"Running Make libs in ps7_cortexa9_0/libsrc/cpu_cortexa9_v2_7/src"
make -C ps7_cortexa9_0/libsrc/cpu_cortexa9_v2_7/src -s libs  "SHELL=CMD" "COMPILER=arm-none-eabi-gcc" "ARCHIVER=arm-none-eabi-ar" "COMPILER_FLAGS=  -O2 -c" "EXTRA_COMPILER_FLAGS=-mcpu=cortex-a9 -mfpu=vfpv3 -mfloat-abi=hard -nostartfiles -g -Wall -Wextra"
"Compiling cpu_cortexa9"
"Running Make libs in ps7_cortexa9_0/libsrc/ddrps_v1_0/src"
make -C ps7_cortexa9_0/libsrc/ddrps_v1_0/src -s libs  "SHELL=CMD" "COMPILER=arm-none-eabi-gcc" "ARCHIVER=arm-none-eabi-ar" "COMPILER_FLAGS=  -O2 -c" "EXTRA_COMPILER_FLAGS=-mcpu=cortex-a9 -mfpu=vfpv3 -mfloat-abi=hard -nostartfiles -g -Wall -Wextra"
"Compiling ddrps"
"Running Make libs in ps7_cortexa9_0/libsrc/devcfg_v3_5/src"
make -C ps7_cortexa9_0/libsrc/devcfg_v3_5/src -s libs  "SHELL=CMD" "COMPILER=arm-none-eabi-gcc" "ARCHIVER=arm-none-eabi-ar" "COMPILER_FLAGS=  -O2 -c" "EXTRA_COMPILER_FLAGS=-mcpu=cortex-a9 -mfpu=vfpv3 -mfloat-abi=hard -nostartfiles -g -Wall -Wextra"
"Compiling devcfg"
"Running Make libs in ps7_cortexa9_0/libsrc/dmaps_v2_4/src"
make -C ps7_cortexa9_0/libsrc/dmaps_v2_4/src -s libs  "SHELL=CMD" "COMPILER=arm-none-eabi-gcc" "ARCHIVER=arm-none-eabi-ar" "COMPILER_FLAGS=  -O2 -c" "EXTRA_COMPILER_FLAGS=-mcpu=cortex-a9 -mfpu=vfpv3 -mfloat-abi=hard -nostartfiles -g -Wall -Wextra"
"Compiling dmaps"
"Running Make libs in ps7_cortexa9_0/libsrc/emacps_v3_8/src"
make -C ps7_cortexa9_0/libsrc/emacps_v3_8/src -s libs  "SHELL=CMD" "COMPILER=arm-none-eabi-gcc" "ARCHIVER=arm-none-eabi-ar" "COMPILER_FLAGS=  -O2 -c" "EXTRA_COMPILER_FLAGS=-mcpu=cortex-a9 -mfpu=vfpv3 -mfloat-abi=hard -nostartfiles -g -Wall -Wextra"
"Compiling emacps"
"Running Make libs in ps7_cortexa9_0/libsrc/final_v1_0/src"
make -C ps7_cortexa9_0/libsrc/final_v1_0/src -s libs  "SHELL=CMD" "COMPILER=arm-none-eabi-gcc" "ARCHIVER=arm-none-eabi-ar" "COMPILER_FLAGS=  -O2 -c" "EXTRA_COMPILER_FLAGS=-mcpu=cortex-a9 -mfpu=vfpv3 -mfloat-abi=hard -nostartfiles -g -Wall -Wextra"
"Compiling final..."
final_selftest.c: In function 'FINAL_Reg_SelfTest':
final_selftest.c:52:54: warning: comparison between signed and unsigned integer expressions [-Wsign-compare]
    if ( FINAL_mReadReg (baseaddr, read_loop_index*4) != (read_loop_index+1)*READ_WRITE_MUL_FACTOR){
                                                      ^~
final_selftest.c:36:6: warning: unused variable 'Index' [-Wunused-variable]
  int Index;
      ^~~~~
"Running Make libs in ps7_cortexa9_0/libsrc/qspips_v3_5/src"
make -C ps7_cortexa9_0/libsrc/qspips_v3_5/src -s libs  "SHELL=CMD" "COMPILER=arm-none-eabi-gcc" "ARCHIVER=arm-none-eabi-ar" "COMPILER_FLAGS=  -O2 -c" "EXTRA_COMPILER_FLAGS=-mcpu=cortex-a9 -mfpu=vfpv3 -mfloat-abi=hard -nostartfiles -g -Wall -Wextra"
"Compiling qspips"
"Running Make libs in ps7_cortexa9_0/libsrc/scugic_v3_10/src"
make -C ps7_cortexa9_0/libsrc/scugic_v3_10/src -s libs  "SHELL=CMD" "COMPILER=arm-none-eabi-gcc" "ARCHIVER=arm-none-eabi-ar" "COMPILER_FLAGS=  -O2 -c" "EXTRA_COMPILER_FLAGS=-mcpu=cortex-a9 -mfpu=vfpv3 -mfloat-abi=hard -nostartfiles -g -Wall -Wextra"
"Compiling scugic"
"Running Make libs in ps7_cortexa9_0/libsrc/scutimer_v2_1/src"
make -C ps7_cortexa9_0/libsrc/scutimer_v2_1/src -s libs  "SHELL=CMD" "COMPILER=arm-none-eabi-gcc" "ARCHIVER=arm-none-eabi-ar" "COMPILER_FLAGS=  -O2 -c" "EXTRA_COMPILER_FLAGS=-mcpu=cortex-a9 -mfpu=vfpv3 -mfloat-abi=hard -nostartfiles -g -Wall -Wextra"
"Compiling scutimer"
"Running Make libs in ps7_cortexa9_0/libsrc/scuwdt_v2_1/src"
make -C ps7_cortexa9_0/libsrc/scuwdt_v2_1/src -s libs  "SHELL=CMD" "COMPILER=arm-none-eabi-gcc" "ARCHIVER=arm-none-eabi-ar" "COMPILER_FLAGS=  -O2 -c" "EXTRA_COMPILER_FLAGS=-mcpu=cortex-a9 -mfpu=vfpv3 -mfloat-abi=hard -nostartfiles -g -Wall -Wextra"
"Compiling scuwdt"
"Running Make libs in ps7_cortexa9_0/libsrc/sdps_v3_6/src"
make -C ps7_cortexa9_0/libsrc/sdps_v3_6/src -s libs  "SHELL=CMD" "COMPILER=arm-none-eabi-gcc" "ARCHIVER=arm-none-eabi-ar" "COMPILER_FLAGS=  -O2 -c" "EXTRA_COMPILER_FLAGS=-mcpu=cortex-a9 -mfpu=vfpv3 -mfloat-abi=hard -nostartfiles -g -Wall -Wextra"
"Compiling sdps"
"Running Make libs in ps7_cortexa9_0/libsrc/standalone_v6_8/src"
make -C ps7_cortexa9_0/libsrc/standalone_v6_8/src -s libs  "SHELL=CMD" "COMPILER=arm-none-eabi-gcc" "ARCHIVER=arm-none-eabi-ar" "COMPILER_FLAGS=  -O2 -c" "EXTRA_COMPILER_FLAGS=-mcpu=cortex-a9 -mfpu=vfpv3 -mfloat-abi=hard -nostartfiles -g -Wall -Wextra"
"Compiling standalone"
In file included from usleep.c:56:0:
xtime_l.h:87:9: note: #pragma message: For the sleep routines, Global timer is being used
 #pragma message ("For the sleep routines, Global timer is being used")
         ^~~~~~~
In file included from xil_sleeptimer.c:51:0:
xtime_l.h:87:9: note: #pragma message: For the sleep routines, Global timer is being used
 #pragma message ("For the sleep routines, Global timer is being used")
         ^~~~~~~
In file included from xtime_l.c:49:0:
xtime_l.h:87:9: note: #pragma message: For the sleep routines, Global timer is being used
 #pragma message ("For the sleep routines, Global timer is being used")
         ^~~~~~~
In file included from sleep.c:53:0:
xtime_l.h:87:9: note: #pragma message: For the sleep routines, Global timer is being used
 #pragma message ("For the sleep routines, Global timer is being used")
         ^~~~~~~
"Running Make libs in ps7_cortexa9_0/libsrc/uartps_v3_7/src"
make -C ps7_cortexa9_0/libsrc/uartps_v3_7/src -s libs  "SHELL=CMD" "COMPILER=arm-none-eabi-gcc" "ARCHIVER=arm-none-eabi-ar" "COMPILER_FLAGS=  -O2 -c" "EXTRA_COMPILER_FLAGS=-mcpu=cortex-a9 -mfpu=vfpv3 -mfloat-abi=hard -nostartfiles -g -Wall -Wextra"
"Compiling uartps"
"Running Make libs in ps7_cortexa9_0/libsrc/usbps_v2_4/src"
make -C ps7_cortexa9_0/libsrc/usbps_v2_4/src -s libs  "SHELL=CMD" "COMPILER=arm-none-eabi-gcc" "ARCHIVER=arm-none-eabi-ar" "COMPILER_FLAGS=  -O2 -c" "EXTRA_COMPILER_FLAGS=-mcpu=cortex-a9 -mfpu=vfpv3 -mfloat-abi=hard -nostartfiles -g -Wall -Wextra"
"Compiling usbps"
"Running Make libs in ps7_cortexa9_0/libsrc/wdtps_v3_1/src"
make -C ps7_cortexa9_0/libsrc/wdtps_v3_1/src -s libs  "SHELL=CMD" "COMPILER=arm-none-eabi-gcc" "ARCHIVER=arm-none-eabi-ar" "COMPILER_FLAGS=  -O2 -c" "EXTRA_COMPILER_FLAGS=-mcpu=cortex-a9 -mfpu=vfpv3 -mfloat-abi=hard -nostartfiles -g -Wall -Wextra"
"Compiling wdtps"
"Running Make libs in ps7_cortexa9_0/libsrc/xadcps_v2_3/src"
make -C ps7_cortexa9_0/libsrc/xadcps_v2_3/src -s libs  "SHELL=CMD" "COMPILER=arm-none-eabi-gcc" "ARCHIVER=arm-none-eabi-ar" "COMPILER_FLAGS=  -O2 -c" "EXTRA_COMPILER_FLAGS=-mcpu=cortex-a9 -mfpu=vfpv3 -mfloat-abi=hard -nostartfiles -g -Wall -Wextra"
"Compiling xadcps"
'Finished building libraries'
18:18:34 **** Build of configuration Debug for project fianl ****
make pre-build main-build 
a9-linaro-pre-build-step
' '
'Building file: ../src/helloworld.c'
'Invoking: ARM v7 gcc compiler'
arm-none-eabi-gcc -Wall -O0 -g3 -c -fmessage-length=0 -MT"src/helloworld.o" -mcpu=cortex-a9 -mfpu=vfpv3 -mfloat-abi=hard -I../../fianl_bsp/ps7_cortexa9_0/include -MMD -MP -MF"src/helloworld.d" -MT"src/helloworld.o" -o "src/helloworld.o" "../src/helloworld.c"
../src/helloworld.c: In function 'main':
../src/helloworld.c:38:15: warning: unused variable 'prev_score' [-Wunused-variable]
     static u8 prev_score = 0xFF;  // �讒lて�阿��i�爲梱�
               ^~~~~~~~~~
At top level:
../src/helloworld.c:38:15: warning: 'prev_score' defined but not used [-Wunused-variable]
'Finished building: ../src/helloworld.c'
' '
'Building file: ../src/platform.c'
'Invoking: ARM v7 gcc compiler'
arm-none-eabi-gcc -Wall -O0 -g3 -c -fmessage-length=0 -MT"src/platform.o" -mcpu=cortex-a9 -mfpu=vfpv3 -mfloat-abi=hard -I../../fianl_bsp/ps7_cortexa9_0/include -MMD -MP -MF"src/platform.d" -MT"src/platform.o" -o "src/platform.o" "../src/platform.c"
'Finished building: ../src/platform.c'
' '
'Building target: fianl.elf'
'Invoking: ARM v7 gcc linker'
arm-none-eabi-gcc -mcpu=cortex-a9 -mfpu=vfpv3 -mfloat-abi=hard -Wl,-build-id=none -specs=Xilinx.spec -Wl,-T -Wl,../src/lscript.ld -L../../fianl_bsp/ps7_cortexa9_0/lib -o "fianl.elf"  ./src/helloworld.o ./src/platform.o   -Wl,--start-group,-lxil,-lgcc,-lc,--end-group
'Finished building target: fianl.elf'
' '
'Invoking: ARM v7 Print Size'
arm-none-eabi-size fianl.elf  |tee "fianl.elf.size"
   text	   data	    bss	    dec	    hex	filename
  25048	   1184	  22712	  48944	   bf30	fianl.elf
'Finished building: fianl.elf.size'
' '
18:18:49 **** Incremental Build of configuration Debug for project fianl ****
make pre-build main-build 
a9-linaro-pre-build-step
' '
make: Nothing to be done for 'main-build'.
18:22:47 **** Auto Build of configuration Debug for project fianl ****
make pre-build main-build 
a9-linaro-pre-build-step
' '
'Building file: ../src/helloworld.c'
'Invoking: ARM v7 gcc compiler'
arm-none-eabi-gcc -Wall -O0 -g3 -c -fmessage-length=0 -MT"src/helloworld.o" -mcpu=cortex-a9 -mfpu=vfpv3 -mfloat-abi=hard -I../../fianl_bsp/ps7_cortexa9_0/include -MMD -MP -MF"src/helloworld.d" -MT"src/helloworld.o" -o "src/helloworld.o" "../src/helloworld.c"
../src/helloworld.c: In function 'main':
../src/helloworld.c:38:15: warning: unused variable 'prev_score' [-Wunused-variable]
     static u8 prev_score = 0xFF;  // �讒lて�阿��i�爲梱�
               ^~~~~~~~~~
At top level:
../src/helloworld.c:38:15: warning: 'prev_score' defined but not used [-Wunused-variable]
'Finished building: ../src/helloworld.c'
' '
'Building target: fianl.elf'
'Invoking: ARM v7 gcc linker'
arm-none-eabi-gcc -mcpu=cortex-a9 -mfpu=vfpv3 -mfloat-abi=hard -Wl,-build-id=none -specs=Xilinx.spec -Wl,-T -Wl,../src/lscript.ld -L../../fianl_bsp/ps7_cortexa9_0/lib -o "fianl.elf"  ./src/helloworld.o ./src/platform.o   -Wl,--start-group,-lxil,-lgcc,-lc,--end-group
'Finished building target: fianl.elf'
' '
'Invoking: ARM v7 Print Size'
arm-none-eabi-size fianl.elf  |tee "fianl.elf.size"
   text	   data	    bss	    dec	    hex	filename
  25048	   1184	  22712	  48944	   bf30	fianl.elf
'Finished building: fianl.elf.size'
' '
18:22:53 **** Incremental Build of configuration Debug for project fianl ****
make pre-build main-build 
a9-linaro-pre-build-step
' '
make: Nothing to be done for 'main-build'.
18:33:09 **** Auto Build of configuration Debug for project fianl ****
make pre-build main-build 
a9-linaro-pre-build-step
' '
'Building file: ../src/helloworld.c'
'Invoking: ARM v7 gcc compiler'
arm-none-eabi-gcc -Wall -O0 -g3 -c -fmessage-length=0 -MT"src/helloworld.o" -mcpu=cortex-a9 -mfpu=vfpv3 -mfloat-abi=hard -I../../fianl_bsp/ps7_cortexa9_0/include -MMD -MP -MF"src/helloworld.d" -MT"src/helloworld.o" -o "src/helloworld.o" "../src/helloworld.c"
../src/helloworld.c: In function 'main':
../src/helloworld.c:38:15: warning: unused variable 'prev_score' [-Wunused-variable]
     static u8 prev_score = 0xFF;  // �讒lて�阿��i�爲梱�
               ^~~~~~~~~~
At top level:
../src/helloworld.c:38:15: warning: 'prev_score' defined but not used [-Wunused-variable]
'Finished building: ../src/helloworld.c'
' '
'Building target: fianl.elf'
'Invoking: ARM v7 gcc linker'
arm-none-eabi-gcc -mcpu=cortex-a9 -mfpu=vfpv3 -mfloat-abi=hard -Wl,-build-id=none -specs=Xilinx.spec -Wl,-T -Wl,../src/lscript.ld -L../../fianl_bsp/ps7_cortexa9_0/lib -o "fianl.elf"  ./src/helloworld.o ./src/platform.o   -Wl,--start-group,-lxil,-lgcc,-lc,--end-group
'Finished building target: fianl.elf'
' '
'Invoking: ARM v7 Print Size'
arm-none-eabi-size fianl.elf  |tee "fianl.elf.size"
   text	   data	    bss	    dec	    hex	filename
  25048	   1184	  22712	  48944	   bf30	fianl.elf
'Finished building: fianl.elf.size'
' '
18:33:20 **** Incremental Build of configuration Debug for project fianl ****
make pre-build main-build 
a9-linaro-pre-build-step
' '
make: Nothing to be done for 'main-build'.
18:41:33 **** Auto Build of configuration Debug for project fianl ****
make pre-build main-build 
a9-linaro-pre-build-step
' '
'Building file: ../src/helloworld.c'
'Invoking: ARM v7 gcc compiler'
arm-none-eabi-gcc -Wall -O0 -g3 -c -fmessage-length=0 -MT"src/helloworld.o" -mcpu=cortex-a9 -mfpu=vfpv3 -mfloat-abi=hard -I../../fianl_bsp/ps7_cortexa9_0/include -MMD -MP -MF"src/helloworld.d" -MT"src/helloworld.o" -o "src/helloworld.o" "../src/helloworld.c"
../src/helloworld.c: In function 'main':
../src/helloworld.c:38:15: warning: unused variable 'prev_score' [-Wunused-variable]
     static u8 prev_score = 0xFF;  // �讒lて�阿��i�爲梱�
               ^~~~~~~~~~
At top level:
../src/helloworld.c:38:15: warning: 'prev_score' defined but not used [-Wunused-variable]
'Finished building: ../src/helloworld.c'
' '
'Building target: fianl.elf'
'Invoking: ARM v7 gcc linker'
arm-none-eabi-gcc -mcpu=cortex-a9 -mfpu=vfpv3 -mfloat-abi=hard -Wl,-build-id=none -specs=Xilinx.spec -Wl,-T -Wl,../src/lscript.ld -L../../fianl_bsp/ps7_cortexa9_0/lib -o "fianl.elf"  ./src/helloworld.o ./src/platform.o   -Wl,--start-group,-lxil,-lgcc,-lc,--end-group
'Finished building target: fianl.elf'
' '
'Invoking: ARM v7 Print Size'
arm-none-eabi-size fianl.elf  |tee "fianl.elf.size"
   text	   data	    bss	    dec	    hex	filename
  25084	   1184	  22712	  48980	   bf54	fianl.elf
'Finished building: fianl.elf.size'
' '
18:41:38 **** Incremental Build of configuration Debug for project fianl ****
make pre-build main-build 
a9-linaro-pre-build-step
' '
make: Nothing to be done for 'main-build'.
19:01:59 **** Clean-only build of configuration Debug for project fianl ****
make clean 
rm -rf  ./src/helloworld.o ./src/platform.o  ./src/helloworld.d ./src/platform.d  fianl.elf.size  fianl.elf
' '
19:01:59 **** Clean-only build of project fianl_bsp ****
make -k clean 
make -C ps7_cortexa9_0/libsrc/coresightps_dcc_v1_4/src -s clean 
make -C ps7_cortexa9_0/libsrc/cpu_cortexa9_v2_7/src -s clean 
make -C ps7_cortexa9_0/libsrc/ddrps_v1_0/src -s clean 
make -C ps7_cortexa9_0/libsrc/devcfg_v3_5/src -s clean 
make -C ps7_cortexa9_0/libsrc/dmaps_v2_4/src -s clean 
make -C ps7_cortexa9_0/libsrc/emacps_v3_8/src -s clean 
make -C ps7_cortexa9_0/libsrc/final_v1_0/src -s clean 
rm: lstat．*.o・ア英: Invalid argument
make[1]: *** [Makefile:26: clean] Error 1
make: *** [Makefile:33: ps7_cortexa9_0/libsrc/final_v1_0/src/make.clean] Error 2
make -C ps7_cortexa9_0/libsrc/qspips_v3_5/src -s clean 
make -C ps7_cortexa9_0/libsrc/scugic_v3_10/src -s clean 
make -C ps7_cortexa9_0/libsrc/scutimer_v2_1/src -s clean 
make -C ps7_cortexa9_0/libsrc/scuwdt_v2_1/src -s clean 
make -C ps7_cortexa9_0/libsrc/sdps_v3_6/src -s clean 
make -C ps7_cortexa9_0/libsrc/standalone_v6_8/src -s clean 
make -C ps7_cortexa9_0/libsrc/uartps_v3_7/src -s clean 
make -C ps7_cortexa9_0/libsrc/usbps_v2_4/src -s clean 
make -C ps7_cortexa9_0/libsrc/wdtps_v3_1/src -s clean 
make -C ps7_cortexa9_0/libsrc/xadcps_v2_3/src -s clean 
make: Target 'clean' not remade because of errors.
19:02:00 **** Build of project fianl_bsp ****
make -k all 
"Running Make include in ps7_cortexa9_0/libsrc/coresightps_dcc_v1_4/src"
make -C ps7_cortexa9_0/libsrc/coresightps_dcc_v1_4/src -s include  "SHELL=CMD" "COMPILER=arm-none-eabi-gcc" "ARCHIVER=arm-none-eabi-ar" "COMPILER_FLAGS=  -O2 -c" "EXTRA_COMPILER_FLAGS=-mcpu=cortex-a9 -mfpu=vfpv3 -mfloat-abi=hard -nostartfiles -g -Wall -Wextra"
"Running Make include in ps7_cortexa9_0/libsrc/cpu_cortexa9_v2_7/src"
make -C ps7_cortexa9_0/libsrc/cpu_cortexa9_v2_7/src -s include  "SHELL=CMD" "COMPILER=arm-none-eabi-gcc" "ARCHIVER=arm-none-eabi-ar" "COMPILER_FLAGS=  -O2 -c" "EXTRA_COMPILER_FLAGS=-mcpu=cortex-a9 -mfpu=vfpv3 -mfloat-abi=hard -nostartfiles -g -Wall -Wextra"
"Running Make include in ps7_cortexa9_0/libsrc/ddrps_v1_0/src"
make -C ps7_cortexa9_0/libsrc/ddrps_v1_0/src -s include  "SHELL=CMD" "COMPILER=arm-none-eabi-gcc" "ARCHIVER=arm-none-eabi-ar" "COMPILER_FLAGS=  -O2 -c" "EXTRA_COMPILER_FLAGS=-mcpu=cortex-a9 -mfpu=vfpv3 -mfloat-abi=hard -nostartfiles -g -Wall -Wextra"
"Running Make include in ps7_cortexa9_0/libsrc/devcfg_v3_5/src"
make -C ps7_cortexa9_0/libsrc/devcfg_v3_5/src -s include  "SHELL=CMD" "COMPILER=arm-none-eabi-gcc" "ARCHIVER=arm-none-eabi-ar" "COMPILER_FLAGS=  -O2 -c" "EXTRA_COMPILER_FLAGS=-mcpu=cortex-a9 -mfpu=vfpv3 -mfloat-abi=hard -nostartfiles -g -Wall -Wextra"
"Running Make include in ps7_cortexa9_0/libsrc/dmaps_v2_4/src"
make -C ps7_cortexa9_0/libsrc/dmaps_v2_4/src -s include  "SHELL=CMD" "COMPILER=arm-none-eabi-gcc" "ARCHIVER=arm-none-eabi-ar" "COMPILER_FLAGS=  -O2 -c" "EXTRA_COMPILER_FLAGS=-mcpu=cortex-a9 -mfpu=vfpv3 -mfloat-abi=hard -nostartfiles -g -Wall -Wextra"
"Running Make include in ps7_cortexa9_0/libsrc/emacps_v3_8/src"
make -C ps7_cortexa9_0/libsrc/emacps_v3_8/src -s include  "SHELL=CMD" "COMPILER=arm-none-eabi-gcc" "ARCHIVER=arm-none-eabi-ar" "COMPILER_FLAGS=  -O2 -c" "EXTRA_COMPILER_FLAGS=-mcpu=cortex-a9 -mfpu=vfpv3 -mfloat-abi=hard -nostartfiles -g -Wall -Wextra"
"Running Make include in ps7_cortexa9_0/libsrc/final_v1_0/src"
make -C ps7_cortexa9_0/libsrc/final_v1_0/src -s include  "SHELL=CMD" "COMPILER=arm-none-eabi-gcc" "ARCHIVER=arm-none-eabi-ar" "COMPILER_FLAGS=  -O2 -c" "EXTRA_COMPILER_FLAGS=-mcpu=cortex-a9 -mfpu=vfpv3 -mfloat-abi=hard -nostartfiles -g -Wall -Wextra"
"Running Make include in ps7_cortexa9_0/libsrc/qspips_v3_5/src"
make -C ps7_cortexa9_0/libsrc/qspips_v3_5/src -s include  "SHELL=CMD" "COMPILER=arm-none-eabi-gcc" "ARCHIVER=arm-none-eabi-ar" "COMPILER_FLAGS=  -O2 -c" "EXTRA_COMPILER_FLAGS=-mcpu=cortex-a9 -mfpu=vfpv3 -mfloat-abi=hard -nostartfiles -g -Wall -Wextra"
"Running Make include in ps7_cortexa9_0/libsrc/scugic_v3_10/src"
make -C ps7_cortexa9_0/libsrc/scugic_v3_10/src -s include  "SHELL=CMD" "COMPILER=arm-none-eabi-gcc" "ARCHIVER=arm-none-eabi-ar" "COMPILER_FLAGS=  -O2 -c" "EXTRA_COMPILER_FLAGS=-mcpu=cortex-a9 -mfpu=vfpv3 -mfloat-abi=hard -nostartfiles -g -Wall -Wextra"
"Running Make include in ps7_cortexa9_0/libsrc/scutimer_v2_1/src"
make -C ps7_cortexa9_0/libsrc/scutimer_v2_1/src -s include  "SHELL=CMD" "COMPILER=arm-none-eabi-gcc" "ARCHIVER=arm-none-eabi-ar" "COMPILER_FLAGS=  -O2 -c" "EXTRA_COMPILER_FLAGS=-mcpu=cortex-a9 -mfpu=vfpv3 -mfloat-abi=hard -nostartfiles -g -Wall -Wextra"
"Running Make include in ps7_cortexa9_0/libsrc/scuwdt_v2_1/src"
make -C ps7_cortexa9_0/libsrc/scuwdt_v2_1/src -s include  "SHELL=CMD" "COMPILER=arm-none-eabi-gcc" "ARCHIVER=arm-none-eabi-ar" "COMPILER_FLAGS=  -O2 -c" "EXTRA_COMPILER_FLAGS=-mcpu=cortex-a9 -mfpu=vfpv3 -mfloat-abi=hard -nostartfiles -g -Wall -Wextra"
"Running Make include in ps7_cortexa9_0/libsrc/sdps_v3_6/src"
make -C ps7_cortexa9_0/libsrc/sdps_v3_6/src -s include  "SHELL=CMD" "COMPILER=arm-none-eabi-gcc" "ARCHIVER=arm-none-eabi-ar" "COMPILER_FLAGS=  -O2 -c" "EXTRA_COMPILER_FLAGS=-mcpu=cortex-a9 -mfpu=vfpv3 -mfloat-abi=hard -nostartfiles -g -Wall -Wextra"
"Running Make include in ps7_cortexa9_0/libsrc/standalone_v6_8/src"
make -C ps7_cortexa9_0/libsrc/standalone_v6_8/src -s include  "SHELL=CMD" "COMPILER=arm-none-eabi-gcc" "ARCHIVER=arm-none-eabi-ar" "COMPILER_FLAGS=  -O2 -c" "EXTRA_COMPILER_FLAGS=-mcpu=cortex-a9 -mfpu=vfpv3 -mfloat-abi=hard -nostartfiles -g -Wall -Wextra"
"Running Make include in ps7_cortexa9_0/libsrc/uartps_v3_7/src"
make -C ps7_cortexa9_0/libsrc/uartps_v3_7/src -s include  "SHELL=CMD" "COMPILER=arm-none-eabi-gcc" "ARCHIVER=arm-none-eabi-ar" "COMPILER_FLAGS=  -O2 -c" "EXTRA_COMPILER_FLAGS=-mcpu=cortex-a9 -mfpu=vfpv3 -mfloat-abi=hard -nostartfiles -g -Wall -Wextra"
"Running Make include in ps7_cortexa9_0/libsrc/usbps_v2_4/src"
make -C ps7_cortexa9_0/libsrc/usbps_v2_4/src -s include  "SHELL=CMD" "COMPILER=arm-none-eabi-gcc" "ARCHIVER=arm-none-eabi-ar" "COMPILER_FLAGS=  -O2 -c" "EXTRA_COMPILER_FLAGS=-mcpu=cortex-a9 -mfpu=vfpv3 -mfloat-abi=hard -nostartfiles -g -Wall -Wextra"
"Running Make include in ps7_cortexa9_0/libsrc/wdtps_v3_1/src"
make -C ps7_cortexa9_0/libsrc/wdtps_v3_1/src -s include  "SHELL=CMD" "COMPILER=arm-none-eabi-gcc" "ARCHIVER=arm-none-eabi-ar" "COMPILER_FLAGS=  -O2 -c" "EXTRA_COMPILER_FLAGS=-mcpu=cortex-a9 -mfpu=vfpv3 -mfloat-abi=hard -nostartfiles -g -Wall -Wextra"
"Running Make include in ps7_cortexa9_0/libsrc/xadcps_v2_3/src"
make -C ps7_cortexa9_0/libsrc/xadcps_v2_3/src -s include  "SHELL=CMD" "COMPILER=arm-none-eabi-gcc" "ARCHIVER=arm-none-eabi-ar" "COMPILER_FLAGS=  -O2 -c" "EXTRA_COMPILER_FLAGS=-mcpu=cortex-a9 -mfpu=vfpv3 -mfloat-abi=hard -nostartfiles -g -Wall -Wextra"
"Running Make libs in ps7_cortexa9_0/libsrc/coresightps_dcc_v1_4/src"
make -C ps7_cortexa9_0/libsrc/coresightps_dcc_v1_4/src -s libs  "SHELL=CMD" "COMPILER=arm-none-eabi-gcc" "ARCHIVER=arm-none-eabi-ar" "COMPILER_FLAGS=  -O2 -c" "EXTRA_COMPILER_FLAGS=-mcpu=cortex-a9 -mfpu=vfpv3 -mfloat-abi=hard -nostartfiles -g -Wall -Wextra"
"Compiling coresightps_dcc"
arm-none-eabi-ar: creating ../../../lib/libxil.a
"Running Make libs in ps7_cortexa9_0/libsrc/cpu_cortexa9_v2_7/src"
make -C ps7_cortexa9_0/libsrc/cpu_cortexa9_v2_7/src -s libs  "SHELL=CMD" "COMPILER=arm-none-eabi-gcc" "ARCHIVER=arm-none-eabi-ar" "COMPILER_FLAGS=  -O2 -c" "EXTRA_COMPILER_FLAGS=-mcpu=cortex-a9 -mfpu=vfpv3 -mfloat-abi=hard -nostartfiles -g -Wall -Wextra"
"Compiling cpu_cortexa9"
"Running Make libs in ps7_cortexa9_0/libsrc/ddrps_v1_0/src"
make -C ps7_cortexa9_0/libsrc/ddrps_v1_0/src -s libs  "SHELL=CMD" "COMPILER=arm-none-eabi-gcc" "ARCHIVER=arm-none-eabi-ar" "COMPILER_FLAGS=  -O2 -c" "EXTRA_COMPILER_FLAGS=-mcpu=cortex-a9 -mfpu=vfpv3 -mfloat-abi=hard -nostartfiles -g -Wall -Wextra"
"Compiling ddrps"
"Running Make libs in ps7_cortexa9_0/libsrc/devcfg_v3_5/src"
make -C ps7_cortexa9_0/libsrc/devcfg_v3_5/src -s libs  "SHELL=CMD" "COMPILER=arm-none-eabi-gcc" "ARCHIVER=arm-none-eabi-ar" "COMPILER_FLAGS=  -O2 -c" "EXTRA_COMPILER_FLAGS=-mcpu=cortex-a9 -mfpu=vfpv3 -mfloat-abi=hard -nostartfiles -g -Wall -Wextra"
"Compiling devcfg"
"Running Make libs in ps7_cortexa9_0/libsrc/dmaps_v2_4/src"
make -C ps7_cortexa9_0/libsrc/dmaps_v2_4/src -s libs  "SHELL=CMD" "COMPILER=arm-none-eabi-gcc" "ARCHIVER=arm-none-eabi-ar" "COMPILER_FLAGS=  -O2 -c" "EXTRA_COMPILER_FLAGS=-mcpu=cortex-a9 -mfpu=vfpv3 -mfloat-abi=hard -nostartfiles -g -Wall -Wextra"
"Compiling dmaps"
"Running Make libs in ps7_cortexa9_0/libsrc/emacps_v3_8/src"
make -C ps7_cortexa9_0/libsrc/emacps_v3_8/src -s libs  "SHELL=CMD" "COMPILER=arm-none-eabi-gcc" "ARCHIVER=arm-none-eabi-ar" "COMPILER_FLAGS=  -O2 -c" "EXTRA_COMPILER_FLAGS=-mcpu=cortex-a9 -mfpu=vfpv3 -mfloat-abi=hard -nostartfiles -g -Wall -Wextra"
"Compiling emacps"
"Running Make libs in ps7_cortexa9_0/libsrc/final_v1_0/src"
make -C ps7_cortexa9_0/libsrc/final_v1_0/src -s libs  "SHELL=CMD" "COMPILER=arm-none-eabi-gcc" "ARCHIVER=arm-none-eabi-ar" "COMPILER_FLAGS=  -O2 -c" "EXTRA_COMPILER_FLAGS=-mcpu=cortex-a9 -mfpu=vfpv3 -mfloat-abi=hard -nostartfiles -g -Wall -Wextra"
"Compiling final..."
final_selftest.c: In function 'FINAL_Reg_SelfTest':
final_selftest.c:52:54: warning: comparison between signed and unsigned integer expressions [-Wsign-compare]
    if ( FINAL_mReadReg (baseaddr, read_loop_index*4) != (read_loop_index+1)*READ_WRITE_MUL_FACTOR){
                                                      ^~
final_selftest.c:36:6: warning: unused variable 'Index' [-Wunused-variable]
  int Index;
      ^~~~~
"Running Make libs in ps7_cortexa9_0/libsrc/qspips_v3_5/src"
make -C ps7_cortexa9_0/libsrc/qspips_v3_5/src -s libs  "SHELL=CMD" "COMPILER=arm-none-eabi-gcc" "ARCHIVER=arm-none-eabi-ar" "COMPILER_FLAGS=  -O2 -c" "EXTRA_COMPILER_FLAGS=-mcpu=cortex-a9 -mfpu=vfpv3 -mfloat-abi=hard -nostartfiles -g -Wall -Wextra"
"Compiling qspips"
"Running Make libs in ps7_cortexa9_0/libsrc/scugic_v3_10/src"
make -C ps7_cortexa9_0/libsrc/scugic_v3_10/src -s libs  "SHELL=CMD" "COMPILER=arm-none-eabi-gcc" "ARCHIVER=arm-none-eabi-ar" "COMPILER_FLAGS=  -O2 -c" "EXTRA_COMPILER_FLAGS=-mcpu=cortex-a9 -mfpu=vfpv3 -mfloat-abi=hard -nostartfiles -g -Wall -Wextra"
"Compiling scugic"
"Running Make libs in ps7_cortexa9_0/libsrc/scutimer_v2_1/src"
make -C ps7_cortexa9_0/libsrc/scutimer_v2_1/src -s libs  "SHELL=CMD" "COMPILER=arm-none-eabi-gcc" "ARCHIVER=arm-none-eabi-ar" "COMPILER_FLAGS=  -O2 -c" "EXTRA_COMPILER_FLAGS=-mcpu=cortex-a9 -mfpu=vfpv3 -mfloat-abi=hard -nostartfiles -g -Wall -Wextra"
"Compiling scutimer"
"Running Make libs in ps7_cortexa9_0/libsrc/scuwdt_v2_1/src"
make -C ps7_cortexa9_0/libsrc/scuwdt_v2_1/src -s libs  "SHELL=CMD" "COMPILER=arm-none-eabi-gcc" "ARCHIVER=arm-none-eabi-ar" "COMPILER_FLAGS=  -O2 -c" "EXTRA_COMPILER_FLAGS=-mcpu=cortex-a9 -mfpu=vfpv3 -mfloat-abi=hard -nostartfiles -g -Wall -Wextra"
"Compiling scuwdt"
"Running Make libs in ps7_cortexa9_0/libsrc/sdps_v3_6/src"
make -C ps7_cortexa9_0/libsrc/sdps_v3_6/src -s libs  "SHELL=CMD" "COMPILER=arm-none-eabi-gcc" "ARCHIVER=arm-none-eabi-ar" "COMPILER_FLAGS=  -O2 -c" "EXTRA_COMPILER_FLAGS=-mcpu=cortex-a9 -mfpu=vfpv3 -mfloat-abi=hard -nostartfiles -g -Wall -Wextra"
"Compiling sdps"
"Running Make libs in ps7_cortexa9_0/libsrc/standalone_v6_8/src"
make -C ps7_cortexa9_0/libsrc/standalone_v6_8/src -s libs  "SHELL=CMD" "COMPILER=arm-none-eabi-gcc" "ARCHIVER=arm-none-eabi-ar" "COMPILER_FLAGS=  -O2 -c" "EXTRA_COMPILER_FLAGS=-mcpu=cortex-a9 -mfpu=vfpv3 -mfloat-abi=hard -nostartfiles -g -Wall -Wextra"
"Compiling standalone"
In file included from usleep.c:56:0:
xtime_l.h:87:9: note: #pragma message: For the sleep routines, Global timer is being used
 #pragma message ("For the sleep routines, Global timer is being used")
         ^~~~~~~
In file included from xil_sleeptimer.c:51:0:
xtime_l.h:87:9: note: #pragma message: For the sleep routines, Global timer is being used
 #pragma message ("For the sleep routines, Global timer is being used")
         ^~~~~~~
In file included from xtime_l.c:49:0:
xtime_l.h:87:9: note: #pragma message: For the sleep routines, Global timer is being used
 #pragma message ("For the sleep routines, Global timer is being used")
         ^~~~~~~
In file included from sleep.c:53:0:
xtime_l.h:87:9: note: #pragma message: For the sleep routines, Global timer is being used
 #pragma message ("For the sleep routines, Global timer is being used")
         ^~~~~~~
"Running Make libs in ps7_cortexa9_0/libsrc/uartps_v3_7/src"
make -C ps7_cortexa9_0/libsrc/uartps_v3_7/src -s libs  "SHELL=CMD" "COMPILER=arm-none-eabi-gcc" "ARCHIVER=arm-none-eabi-ar" "COMPILER_FLAGS=  -O2 -c" "EXTRA_COMPILER_FLAGS=-mcpu=cortex-a9 -mfpu=vfpv3 -mfloat-abi=hard -nostartfiles -g -Wall -Wextra"
"Compiling uartps"
"Running Make libs in ps7_cortexa9_0/libsrc/usbps_v2_4/src"
make -C ps7_cortexa9_0/libsrc/usbps_v2_4/src -s libs  "SHELL=CMD" "COMPILER=arm-none-eabi-gcc" "ARCHIVER=arm-none-eabi-ar" "COMPILER_FLAGS=  -O2 -c" "EXTRA_COMPILER_FLAGS=-mcpu=cortex-a9 -mfpu=vfpv3 -mfloat-abi=hard -nostartfiles -g -Wall -Wextra"
"Compiling usbps"
"Running Make libs in ps7_cortexa9_0/libsrc/wdtps_v3_1/src"
make -C ps7_cortexa9_0/libsrc/wdtps_v3_1/src -s libs  "SHELL=CMD" "COMPILER=arm-none-eabi-gcc" "ARCHIVER=arm-none-eabi-ar" "COMPILER_FLAGS=  -O2 -c" "EXTRA_COMPILER_FLAGS=-mcpu=cortex-a9 -mfpu=vfpv3 -mfloat-abi=hard -nostartfiles -g -Wall -Wextra"
"Compiling wdtps"
"Running Make libs in ps7_cortexa9_0/libsrc/xadcps_v2_3/src"
make -C ps7_cortexa9_0/libsrc/xadcps_v2_3/src -s libs  "SHELL=CMD" "COMPILER=arm-none-eabi-gcc" "ARCHIVER=arm-none-eabi-ar" "COMPILER_FLAGS=  -O2 -c" "EXTRA_COMPILER_FLAGS=-mcpu=cortex-a9 -mfpu=vfpv3 -mfloat-abi=hard -nostartfiles -g -Wall -Wextra"
"Compiling xadcps"
'Finished building libraries'
19:02:22 **** Build of configuration Debug for project fianl ****
make pre-build main-build 
a9-linaro-pre-build-step
' '
'Building file: ../src/helloworld.c'
'Invoking: ARM v7 gcc compiler'
arm-none-eabi-gcc -Wall -O0 -g3 -c -fmessage-length=0 -MT"src/helloworld.o" -mcpu=cortex-a9 -mfpu=vfpv3 -mfloat-abi=hard -I../../fianl_bsp/ps7_cortexa9_0/include -MMD -MP -MF"src/helloworld.d" -MT"src/helloworld.o" -o "src/helloworld.o" "../src/helloworld.c"
../src/helloworld.c: In function 'main':
../src/helloworld.c:38:15: warning: unused variable 'prev_score' [-Wunused-variable]
     static u8 prev_score = 0xFF;  // �讒lて�阿��i�爲梱�
               ^~~~~~~~~~
At top level:
../src/helloworld.c:38:15: warning: 'prev_score' defined but not used [-Wunused-variable]
'Finished building: ../src/helloworld.c'
' '
'Building file: ../src/platform.c'
'Invoking: ARM v7 gcc compiler'
arm-none-eabi-gcc -Wall -O0 -g3 -c -fmessage-length=0 -MT"src/platform.o" -mcpu=cortex-a9 -mfpu=vfpv3 -mfloat-abi=hard -I../../fianl_bsp/ps7_cortexa9_0/include -MMD -MP -MF"src/platform.d" -MT"src/platform.o" -o "src/platform.o" "../src/platform.c"
'Finished building: ../src/platform.c'
' '
'Building target: fianl.elf'
'Invoking: ARM v7 gcc linker'
arm-none-eabi-gcc -mcpu=cortex-a9 -mfpu=vfpv3 -mfloat-abi=hard -Wl,-build-id=none -specs=Xilinx.spec -Wl,-T -Wl,../src/lscript.ld -L../../fianl_bsp/ps7_cortexa9_0/lib -o "fianl.elf"  ./src/helloworld.o ./src/platform.o   -Wl,--start-group,-lxil,-lgcc,-lc,--end-group
'Finished building target: fianl.elf'
' '
'Invoking: ARM v7 Print Size'
arm-none-eabi-size fianl.elf  |tee "fianl.elf.size"
   text	   data	    bss	    dec	    hex	filename
  25084	   1184	  22712	  48980	   bf54	fianl.elf
'Finished building: fianl.elf.size'
' '
19:02:33 **** Incremental Build of configuration Debug for project fianl ****
make pre-build main-build 
a9-linaro-pre-build-step
' '
make: Nothing to be done for 'main-build'.
