21:08:07 INFO  : Registering command handlers for SDK TCF services
21:08:08 INFO  : Launching XSCT server: xsct.bat -interactive D:\Documents\Vivado_data\soc_uart\soc_uart.sdk\temp_xsdb_launch_script.tcl
21:08:10 INFO  : XSCT server has started successfully.
21:08:12 INFO  : Successfully done setting XSCT server connection channel  
21:08:12 INFO  : Processing command line option -hwspec D:/Documents/Vivado_data/soc_uart/soc_uart.sdk/design_1_wrapper.hdf.
21:08:12 INFO  : Successfully done setting SDK workspace  
21:09:25 INFO  : 'targets -set -filter {jtag_cable_name =~ "Xilinx TUL 1234-tulA" && level==0} -index 1' command is executed.
21:09:25 INFO  : 'fpga -state' command is executed.
21:09:25 INFO  : Connected to target on host '127.0.0.1' and port '3121'.
21:09:25 INFO  : Jtag cable 'Xilinx TUL 1234-tulA' is selected.
21:09:25 INFO  : 'jtag frequency' command is executed.
21:09:25 INFO  : Sourcing of 'D:/Documents/Vivado_data/soc_uart/soc_uart.sdk/design_1_wrapper_hw_platform_0/ps7_init.tcl' is done.
21:09:25 INFO  : Context for 'APU' is selected.
21:09:25 INFO  : Hardware design information is loaded from 'D:/Documents/Vivado_data/soc_uart/soc_uart.sdk/design_1_wrapper_hw_platform_0/system.hdf'.
21:09:25 INFO  : 'configparams force-mem-access 1' command is executed.
21:09:25 INFO  : Context for 'APU' is selected.
21:09:25 INFO  : 'stop' command is executed.
21:09:26 INFO  : 'ps7_init' command is executed.
21:09:26 INFO  : 'ps7_post_config' command is executed.
21:09:26 INFO  : Context for processor 'ps7_cortexa9_0' is selected.
21:09:26 INFO  : Processor reset is completed for 'ps7_cortexa9_0'.
21:09:26 INFO  : Context for processor 'ps7_cortexa9_0' is selected.
21:09:26 INFO  : The application 'D:/Documents/Vivado_data/soc_uart/soc_uart.sdk/uart_sdk/Debug/uart_sdk.elf' is downloaded to processor 'ps7_cortexa9_0'.
21:09:26 INFO  : 'configparams force-mem-access 0' command is executed.
21:09:26 INFO  : ----------------XSDB Script----------------
connect -url tcp:127.0.0.1:3121
source D:/Documents/Vivado_data/soc_uart/soc_uart.sdk/design_1_wrapper_hw_platform_0/ps7_init.tcl
targets -set -nocase -filter {name =~"APU*" && jtag_cable_name =~ "Xilinx TUL 1234-tulA"} -index 0
loadhw -hw D:/Documents/Vivado_data/soc_uart/soc_uart.sdk/design_1_wrapper_hw_platform_0/system.hdf -mem-ranges [list {0x40000000 0xbfffffff}]
configparams force-mem-access 1
targets -set -nocase -filter {name =~"APU*" && jtag_cable_name =~ "Xilinx TUL 1234-tulA"} -index 0
stop
ps7_init
ps7_post_config
targets -set -nocase -filter {name =~ "ARM*#0" && jtag_cable_name =~ "Xilinx TUL 1234-tulA"} -index 0
rst -processor
targets -set -nocase -filter {name =~ "ARM*#0" && jtag_cable_name =~ "Xilinx TUL 1234-tulA"} -index 0
dow D:/Documents/Vivado_data/soc_uart/soc_uart.sdk/uart_sdk/Debug/uart_sdk.elf
configparams force-mem-access 0
----------------End of Script----------------

21:09:26 INFO  : Memory regions updated for context APU
21:09:26 INFO  : Context for processor 'ps7_cortexa9_0' is selected.
21:09:26 INFO  : 'con' command is executed.
21:09:26 INFO  : ----------------XSDB Script (After Launch)----------------
targets -set -nocase -filter {name =~ "ARM*#0" && jtag_cable_name =~ "Xilinx TUL 1234-tulA"} -index 0
con
----------------End of Script----------------

21:09:26 INFO  : Launch script is exported to file 'D:\Documents\Vivado_data\soc_uart\soc_uart.sdk\.sdk\launch_scripts\xilinx_c-c++_application_(system_debugger)\system_debugger_using_debug_uart_sdk.elf_on_local.tcl'
21:10:50 INFO  : Disconnected from the channel tcfchan#1.
21:10:51 INFO  : 'targets -set -filter {jtag_cable_name =~ "Xilinx TUL 1234-tulA" && level==0} -index 1' command is executed.
21:10:51 INFO  : 'fpga -state' command is executed.
21:10:51 INFO  : Connected to target on host '127.0.0.1' and port '3121'.
21:10:51 INFO  : Jtag cable 'Xilinx TUL 1234-tulA' is selected.
21:10:51 INFO  : 'jtag frequency' command is executed.
21:10:51 INFO  : Sourcing of 'D:/Documents/Vivado_data/soc_uart/soc_uart.sdk/design_1_wrapper_hw_platform_0/ps7_init.tcl' is done.
21:10:51 INFO  : Context for 'APU' is selected.
21:10:52 INFO  : Hardware design information is loaded from 'D:/Documents/Vivado_data/soc_uart/soc_uart.sdk/design_1_wrapper_hw_platform_0/system.hdf'.
21:10:52 INFO  : 'configparams force-mem-access 1' command is executed.
21:10:52 INFO  : Context for 'APU' is selected.
21:10:52 INFO  : 'stop' command is executed.
21:10:53 INFO  : 'ps7_init' command is executed.
21:10:53 INFO  : 'ps7_post_config' command is executed.
21:10:53 INFO  : Context for processor 'ps7_cortexa9_0' is selected.
21:10:53 INFO  : Processor reset is completed for 'ps7_cortexa9_0'.
21:10:53 INFO  : Context for processor 'ps7_cortexa9_0' is selected.
21:10:53 INFO  : The application 'D:/Documents/Vivado_data/soc_uart/soc_uart.sdk/uart_sdk/Debug/uart_sdk.elf' is downloaded to processor 'ps7_cortexa9_0'.
21:10:53 INFO  : 'configparams force-mem-access 0' command is executed.
21:10:53 INFO  : ----------------XSDB Script----------------
connect -url tcp:127.0.0.1:3121
source D:/Documents/Vivado_data/soc_uart/soc_uart.sdk/design_1_wrapper_hw_platform_0/ps7_init.tcl
targets -set -nocase -filter {name =~"APU*" && jtag_cable_name =~ "Xilinx TUL 1234-tulA"} -index 0
loadhw -hw D:/Documents/Vivado_data/soc_uart/soc_uart.sdk/design_1_wrapper_hw_platform_0/system.hdf -mem-ranges [list {0x40000000 0xbfffffff}]
configparams force-mem-access 1
targets -set -nocase -filter {name =~"APU*" && jtag_cable_name =~ "Xilinx TUL 1234-tulA"} -index 0
stop
ps7_init
ps7_post_config
targets -set -nocase -filter {name =~ "ARM*#0" && jtag_cable_name =~ "Xilinx TUL 1234-tulA"} -index 0
rst -processor
targets -set -nocase -filter {name =~ "ARM*#0" && jtag_cable_name =~ "Xilinx TUL 1234-tulA"} -index 0
dow D:/Documents/Vivado_data/soc_uart/soc_uart.sdk/uart_sdk/Debug/uart_sdk.elf
configparams force-mem-access 0
----------------End of Script----------------

21:10:53 INFO  : Memory regions updated for context APU
21:10:53 INFO  : Context for processor 'ps7_cortexa9_0' is selected.
21:10:53 INFO  : 'con' command is executed.
21:10:53 INFO  : ----------------XSDB Script (After Launch)----------------
targets -set -nocase -filter {name =~ "ARM*#0" && jtag_cable_name =~ "Xilinx TUL 1234-tulA"} -index 0
con
----------------End of Script----------------

21:10:53 INFO  : Launch script is exported to file 'D:\Documents\Vivado_data\soc_uart\soc_uart.sdk\.sdk\launch_scripts\xilinx_c-c++_application_(system_debugger)\system_debugger_using_debug_uart_sdk.elf_on_local.tcl'
21:12:43 INFO  : Disconnected from the channel tcfchan#2.
21:12:44 INFO  : 'targets -set -filter {jtag_cable_name =~ "Xilinx TUL 1234-tulA" && level==0} -index 1' command is executed.
21:12:44 INFO  : 'fpga -state' command is executed.
21:12:44 INFO  : Connected to target on host '127.0.0.1' and port '3121'.
21:12:44 INFO  : Jtag cable 'Xilinx TUL 1234-tulA' is selected.
21:12:44 INFO  : 'jtag frequency' command is executed.
21:12:44 INFO  : Sourcing of 'D:/Documents/Vivado_data/soc_uart/soc_uart.sdk/design_1_wrapper_hw_platform_0/ps7_init.tcl' is done.
21:12:44 INFO  : Context for 'APU' is selected.
21:12:45 INFO  : Hardware design information is loaded from 'D:/Documents/Vivado_data/soc_uart/soc_uart.sdk/design_1_wrapper_hw_platform_0/system.hdf'.
21:12:45 INFO  : 'configparams force-mem-access 1' command is executed.
21:12:45 INFO  : Context for 'APU' is selected.
21:12:45 INFO  : 'stop' command is executed.
21:12:45 INFO  : 'ps7_init' command is executed.
21:12:45 INFO  : 'ps7_post_config' command is executed.
21:12:45 INFO  : Context for processor 'ps7_cortexa9_0' is selected.
21:12:45 INFO  : Processor reset is completed for 'ps7_cortexa9_0'.
21:12:45 INFO  : Context for processor 'ps7_cortexa9_0' is selected.
21:12:45 INFO  : The application 'D:/Documents/Vivado_data/soc_uart/soc_uart.sdk/uart_sdk/Debug/uart_sdk.elf' is downloaded to processor 'ps7_cortexa9_0'.
21:12:45 INFO  : 'configparams force-mem-access 0' command is executed.
21:12:45 INFO  : ----------------XSDB Script----------------
connect -url tcp:127.0.0.1:3121
source D:/Documents/Vivado_data/soc_uart/soc_uart.sdk/design_1_wrapper_hw_platform_0/ps7_init.tcl
targets -set -nocase -filter {name =~"APU*" && jtag_cable_name =~ "Xilinx TUL 1234-tulA"} -index 0
loadhw -hw D:/Documents/Vivado_data/soc_uart/soc_uart.sdk/design_1_wrapper_hw_platform_0/system.hdf -mem-ranges [list {0x40000000 0xbfffffff}]
configparams force-mem-access 1
targets -set -nocase -filter {name =~"APU*" && jtag_cable_name =~ "Xilinx TUL 1234-tulA"} -index 0
stop
ps7_init
ps7_post_config
targets -set -nocase -filter {name =~ "ARM*#0" && jtag_cable_name =~ "Xilinx TUL 1234-tulA"} -index 0
rst -processor
targets -set -nocase -filter {name =~ "ARM*#0" && jtag_cable_name =~ "Xilinx TUL 1234-tulA"} -index 0
dow D:/Documents/Vivado_data/soc_uart/soc_uart.sdk/uart_sdk/Debug/uart_sdk.elf
configparams force-mem-access 0
----------------End of Script----------------

21:12:45 INFO  : Memory regions updated for context APU
21:12:45 INFO  : Context for processor 'ps7_cortexa9_0' is selected.
21:12:45 INFO  : 'con' command is executed.
21:12:45 INFO  : ----------------XSDB Script (After Launch)----------------
targets -set -nocase -filter {name =~ "ARM*#0" && jtag_cable_name =~ "Xilinx TUL 1234-tulA"} -index 0
con
----------------End of Script----------------

21:12:45 INFO  : Launch script is exported to file 'D:\Documents\Vivado_data\soc_uart\soc_uart.sdk\.sdk\launch_scripts\xilinx_c-c++_application_(system_debugger)\system_debugger_using_debug_uart_sdk.elf_on_local.tcl'
21:14:27 INFO  : Disconnected from the channel tcfchan#3.
21:14:28 INFO  : 'targets -set -filter {jtag_cable_name =~ "Xilinx TUL 1234-tulA" && level==0} -index 1' command is executed.
21:14:28 INFO  : 'fpga -state' command is executed.
21:14:28 INFO  : Connected to target on host '127.0.0.1' and port '3121'.
21:14:28 INFO  : Jtag cable 'Xilinx TUL 1234-tulA' is selected.
21:14:28 INFO  : 'jtag frequency' command is executed.
21:14:28 INFO  : Sourcing of 'D:/Documents/Vivado_data/soc_uart/soc_uart.sdk/design_1_wrapper_hw_platform_0/ps7_init.tcl' is done.
21:14:28 INFO  : Context for 'APU' is selected.
21:14:29 INFO  : Hardware design information is loaded from 'D:/Documents/Vivado_data/soc_uart/soc_uart.sdk/design_1_wrapper_hw_platform_0/system.hdf'.
21:14:29 INFO  : 'configparams force-mem-access 1' command is executed.
21:14:29 INFO  : Context for 'APU' is selected.
21:14:29 INFO  : 'stop' command is executed.
21:14:29 INFO  : 'ps7_init' command is executed.
21:14:29 INFO  : 'ps7_post_config' command is executed.
21:14:29 INFO  : Context for processor 'ps7_cortexa9_0' is selected.
21:14:29 INFO  : Processor reset is completed for 'ps7_cortexa9_0'.
21:14:29 INFO  : Context for processor 'ps7_cortexa9_0' is selected.
21:14:29 INFO  : The application 'D:/Documents/Vivado_data/soc_uart/soc_uart.sdk/uart_sdk/Debug/uart_sdk.elf' is downloaded to processor 'ps7_cortexa9_0'.
21:14:29 INFO  : 'configparams force-mem-access 0' command is executed.
21:14:29 INFO  : ----------------XSDB Script----------------
connect -url tcp:127.0.0.1:3121
source D:/Documents/Vivado_data/soc_uart/soc_uart.sdk/design_1_wrapper_hw_platform_0/ps7_init.tcl
targets -set -nocase -filter {name =~"APU*" && jtag_cable_name =~ "Xilinx TUL 1234-tulA"} -index 0
loadhw -hw D:/Documents/Vivado_data/soc_uart/soc_uart.sdk/design_1_wrapper_hw_platform_0/system.hdf -mem-ranges [list {0x40000000 0xbfffffff}]
configparams force-mem-access 1
targets -set -nocase -filter {name =~"APU*" && jtag_cable_name =~ "Xilinx TUL 1234-tulA"} -index 0
stop
ps7_init
ps7_post_config
targets -set -nocase -filter {name =~ "ARM*#0" && jtag_cable_name =~ "Xilinx TUL 1234-tulA"} -index 0
rst -processor
targets -set -nocase -filter {name =~ "ARM*#0" && jtag_cable_name =~ "Xilinx TUL 1234-tulA"} -index 0
dow D:/Documents/Vivado_data/soc_uart/soc_uart.sdk/uart_sdk/Debug/uart_sdk.elf
configparams force-mem-access 0
----------------End of Script----------------

21:14:29 INFO  : Memory regions updated for context APU
21:14:29 INFO  : Context for processor 'ps7_cortexa9_0' is selected.
21:14:29 INFO  : 'con' command is executed.
21:14:29 INFO  : ----------------XSDB Script (After Launch)----------------
targets -set -nocase -filter {name =~ "ARM*#0" && jtag_cable_name =~ "Xilinx TUL 1234-tulA"} -index 0
con
----------------End of Script----------------

21:14:29 INFO  : Launch script is exported to file 'D:\Documents\Vivado_data\soc_uart\soc_uart.sdk\.sdk\launch_scripts\xilinx_c-c++_application_(system_debugger)\system_debugger_using_debug_uart_sdk.elf_on_local.tcl'
21:15:47 INFO  : Disconnected from the channel tcfchan#4.
21:15:48 INFO  : 'targets -set -filter {jtag_cable_name =~ "Xilinx TUL 1234-tulA" && level==0} -index 1' command is executed.
21:15:48 INFO  : 'fpga -state' command is executed.
21:15:48 INFO  : Connected to target on host '127.0.0.1' and port '3121'.
21:15:48 INFO  : Jtag cable 'Xilinx TUL 1234-tulA' is selected.
21:15:48 INFO  : 'jtag frequency' command is executed.
21:15:48 INFO  : Sourcing of 'D:/Documents/Vivado_data/soc_uart/soc_uart.sdk/design_1_wrapper_hw_platform_0/ps7_init.tcl' is done.
21:15:48 INFO  : Context for 'APU' is selected.
21:15:49 INFO  : Hardware design information is loaded from 'D:/Documents/Vivado_data/soc_uart/soc_uart.sdk/design_1_wrapper_hw_platform_0/system.hdf'.
21:15:49 INFO  : 'configparams force-mem-access 1' command is executed.
21:15:49 INFO  : Context for 'APU' is selected.
21:15:49 INFO  : 'stop' command is executed.
21:15:50 INFO  : 'ps7_init' command is executed.
21:15:50 INFO  : 'ps7_post_config' command is executed.
21:15:50 INFO  : Context for processor 'ps7_cortexa9_0' is selected.
21:15:50 INFO  : Processor reset is completed for 'ps7_cortexa9_0'.
21:15:50 INFO  : Context for processor 'ps7_cortexa9_0' is selected.
21:15:50 INFO  : The application 'D:/Documents/Vivado_data/soc_uart/soc_uart.sdk/uart_sdk/Debug/uart_sdk.elf' is downloaded to processor 'ps7_cortexa9_0'.
21:15:50 INFO  : 'configparams force-mem-access 0' command is executed.
21:15:50 INFO  : ----------------XSDB Script----------------
connect -url tcp:127.0.0.1:3121
source D:/Documents/Vivado_data/soc_uart/soc_uart.sdk/design_1_wrapper_hw_platform_0/ps7_init.tcl
targets -set -nocase -filter {name =~"APU*" && jtag_cable_name =~ "Xilinx TUL 1234-tulA"} -index 0
loadhw -hw D:/Documents/Vivado_data/soc_uart/soc_uart.sdk/design_1_wrapper_hw_platform_0/system.hdf -mem-ranges [list {0x40000000 0xbfffffff}]
configparams force-mem-access 1
targets -set -nocase -filter {name =~"APU*" && jtag_cable_name =~ "Xilinx TUL 1234-tulA"} -index 0
stop
ps7_init
ps7_post_config
targets -set -nocase -filter {name =~ "ARM*#0" && jtag_cable_name =~ "Xilinx TUL 1234-tulA"} -index 0
rst -processor
targets -set -nocase -filter {name =~ "ARM*#0" && jtag_cable_name =~ "Xilinx TUL 1234-tulA"} -index 0
dow D:/Documents/Vivado_data/soc_uart/soc_uart.sdk/uart_sdk/Debug/uart_sdk.elf
configparams force-mem-access 0
----------------End of Script----------------

21:15:50 INFO  : Memory regions updated for context APU
21:15:50 INFO  : Context for processor 'ps7_cortexa9_0' is selected.
21:15:50 INFO  : 'con' command is executed.
21:15:50 INFO  : ----------------XSDB Script (After Launch)----------------
targets -set -nocase -filter {name =~ "ARM*#0" && jtag_cable_name =~ "Xilinx TUL 1234-tulA"} -index 0
con
----------------End of Script----------------

21:15:50 INFO  : Launch script is exported to file 'D:\Documents\Vivado_data\soc_uart\soc_uart.sdk\.sdk\launch_scripts\xilinx_c-c++_application_(system_debugger)\system_debugger_using_debug_uart_sdk.elf_on_local.tcl'
21:28:04 INFO  : Disconnected from the channel tcfchan#5.
21:28:05 INFO  : 'targets -set -filter {jtag_cable_name =~ "Xilinx TUL 1234-tulA" && level==0} -index 1' command is executed.
21:28:05 INFO  : 'fpga -state' command is executed.
21:28:05 INFO  : Connected to target on host '127.0.0.1' and port '3121'.
21:28:05 INFO  : Jtag cable 'Xilinx TUL 1234-tulA' is selected.
21:28:05 INFO  : 'jtag frequency' command is executed.
21:28:05 INFO  : Sourcing of 'D:/Documents/Vivado_data/soc_uart/soc_uart.sdk/design_1_wrapper_hw_platform_0/ps7_init.tcl' is done.
21:28:05 INFO  : Context for 'APU' is selected.
21:28:06 INFO  : Hardware design information is loaded from 'D:/Documents/Vivado_data/soc_uart/soc_uart.sdk/design_1_wrapper_hw_platform_0/system.hdf'.
21:28:06 INFO  : 'configparams force-mem-access 1' command is executed.
21:28:06 INFO  : Context for 'APU' is selected.
21:28:06 INFO  : 'stop' command is executed.
21:28:06 INFO  : 'ps7_init' command is executed.
21:28:06 INFO  : 'ps7_post_config' command is executed.
21:28:06 INFO  : Context for processor 'ps7_cortexa9_0' is selected.
21:28:06 INFO  : Processor reset is completed for 'ps7_cortexa9_0'.
21:28:06 INFO  : Context for processor 'ps7_cortexa9_0' is selected.
21:28:06 INFO  : The application 'D:/Documents/Vivado_data/soc_uart/soc_uart.sdk/uart_sdk/Debug/uart_sdk.elf' is downloaded to processor 'ps7_cortexa9_0'.
21:28:06 INFO  : 'configparams force-mem-access 0' command is executed.
21:28:06 INFO  : ----------------XSDB Script----------------
connect -url tcp:127.0.0.1:3121
source D:/Documents/Vivado_data/soc_uart/soc_uart.sdk/design_1_wrapper_hw_platform_0/ps7_init.tcl
targets -set -nocase -filter {name =~"APU*" && jtag_cable_name =~ "Xilinx TUL 1234-tulA"} -index 0
loadhw -hw D:/Documents/Vivado_data/soc_uart/soc_uart.sdk/design_1_wrapper_hw_platform_0/system.hdf -mem-ranges [list {0x40000000 0xbfffffff}]
configparams force-mem-access 1
targets -set -nocase -filter {name =~"APU*" && jtag_cable_name =~ "Xilinx TUL 1234-tulA"} -index 0
stop
ps7_init
ps7_post_config
targets -set -nocase -filter {name =~ "ARM*#0" && jtag_cable_name =~ "Xilinx TUL 1234-tulA"} -index 0
rst -processor
targets -set -nocase -filter {name =~ "ARM*#0" && jtag_cable_name =~ "Xilinx TUL 1234-tulA"} -index 0
dow D:/Documents/Vivado_data/soc_uart/soc_uart.sdk/uart_sdk/Debug/uart_sdk.elf
configparams force-mem-access 0
----------------End of Script----------------

21:28:06 INFO  : Memory regions updated for context APU
21:28:06 INFO  : Context for processor 'ps7_cortexa9_0' is selected.
21:28:06 INFO  : 'con' command is executed.
21:28:06 INFO  : ----------------XSDB Script (After Launch)----------------
targets -set -nocase -filter {name =~ "ARM*#0" && jtag_cable_name =~ "Xilinx TUL 1234-tulA"} -index 0
con
----------------End of Script----------------

21:28:06 INFO  : Launch script is exported to file 'D:\Documents\Vivado_data\soc_uart\soc_uart.sdk\.sdk\launch_scripts\xilinx_c-c++_application_(system_debugger)\system_debugger_using_debug_uart_sdk.elf_on_local.tcl'
21:29:18 INFO  : Disconnected from the channel tcfchan#6.
21:29:19 INFO  : 'targets -set -filter {jtag_cable_name =~ "Xilinx TUL 1234-tulA" && level==0} -index 1' command is executed.
21:29:19 INFO  : 'fpga -state' command is executed.
21:29:19 INFO  : Connected to target on host '127.0.0.1' and port '3121'.
21:29:19 INFO  : Jtag cable 'Xilinx TUL 1234-tulA' is selected.
21:29:19 INFO  : 'jtag frequency' command is executed.
21:29:19 INFO  : Sourcing of 'D:/Documents/Vivado_data/soc_uart/soc_uart.sdk/design_1_wrapper_hw_platform_0/ps7_init.tcl' is done.
21:29:19 INFO  : Context for 'APU' is selected.
21:29:20 INFO  : Hardware design information is loaded from 'D:/Documents/Vivado_data/soc_uart/soc_uart.sdk/design_1_wrapper_hw_platform_0/system.hdf'.
21:29:20 INFO  : 'configparams force-mem-access 1' command is executed.
21:29:20 INFO  : Context for 'APU' is selected.
21:29:20 INFO  : 'stop' command is executed.
21:29:20 INFO  : 'ps7_init' command is executed.
21:29:20 INFO  : 'ps7_post_config' command is executed.
21:29:20 INFO  : Context for processor 'ps7_cortexa9_0' is selected.
21:29:20 INFO  : Processor reset is completed for 'ps7_cortexa9_0'.
21:29:20 INFO  : Context for processor 'ps7_cortexa9_0' is selected.
21:29:20 INFO  : The application 'D:/Documents/Vivado_data/soc_uart/soc_uart.sdk/uart_sdk/Debug/uart_sdk.elf' is downloaded to processor 'ps7_cortexa9_0'.
21:29:20 INFO  : 'configparams force-mem-access 0' command is executed.
21:29:20 INFO  : ----------------XSDB Script----------------
connect -url tcp:127.0.0.1:3121
source D:/Documents/Vivado_data/soc_uart/soc_uart.sdk/design_1_wrapper_hw_platform_0/ps7_init.tcl
targets -set -nocase -filter {name =~"APU*" && jtag_cable_name =~ "Xilinx TUL 1234-tulA"} -index 0
loadhw -hw D:/Documents/Vivado_data/soc_uart/soc_uart.sdk/design_1_wrapper_hw_platform_0/system.hdf -mem-ranges [list {0x40000000 0xbfffffff}]
configparams force-mem-access 1
targets -set -nocase -filter {name =~"APU*" && jtag_cable_name =~ "Xilinx TUL 1234-tulA"} -index 0
stop
ps7_init
ps7_post_config
targets -set -nocase -filter {name =~ "ARM*#0" && jtag_cable_name =~ "Xilinx TUL 1234-tulA"} -index 0
rst -processor
targets -set -nocase -filter {name =~ "ARM*#0" && jtag_cable_name =~ "Xilinx TUL 1234-tulA"} -index 0
dow D:/Documents/Vivado_data/soc_uart/soc_uart.sdk/uart_sdk/Debug/uart_sdk.elf
configparams force-mem-access 0
----------------End of Script----------------

21:29:20 INFO  : Memory regions updated for context APU
21:29:20 INFO  : Context for processor 'ps7_cortexa9_0' is selected.
21:29:20 INFO  : 'con' command is executed.
21:29:20 INFO  : ----------------XSDB Script (After Launch)----------------
targets -set -nocase -filter {name =~ "ARM*#0" && jtag_cable_name =~ "Xilinx TUL 1234-tulA"} -index 0
con
----------------End of Script----------------

21:29:20 INFO  : Launch script is exported to file 'D:\Documents\Vivado_data\soc_uart\soc_uart.sdk\.sdk\launch_scripts\xilinx_c-c++_application_(system_debugger)\system_debugger_using_debug_uart_sdk.elf_on_local.tcl'
21:30:58 INFO  : Disconnected from the channel tcfchan#7.
21:51:38 INFO  : Registering command handlers for SDK TCF services
21:51:39 INFO  : Launching XSCT server: xsct.bat -interactive D:\Documents\Vivado_data\soc_uart\soc_uart.sdk\temp_xsdb_launch_script.tcl
21:51:41 INFO  : XSCT server has started successfully.
21:51:44 INFO  : Successfully done setting XSCT server connection channel  
21:51:44 INFO  : Successfully done setting SDK workspace  
21:51:44 INFO  : Processing command line option -hwspec D:/Documents/Vivado_data/soc_uart/soc_uart.sdk/design_1_wrapper.hdf.
21:51:44 INFO  : Checking for hwspec changes in the project design_1_wrapper_hw_platform_0.
21:51:47 INFO  : SDK has detected change in the last modified timestamps for source hardware specification file Source:1748267388595,  Project:1748264647111
21:51:47 INFO  : The hardware specification for project 'design_1_wrapper_hw_platform_0' is different from D:/Documents/Vivado_data/soc_uart/soc_uart.sdk/design_1_wrapper.hdf.
21:51:47 INFO  : Copied contents of D:/Documents/Vivado_data/soc_uart/soc_uart.sdk/design_1_wrapper.hdf into \design_1_wrapper_hw_platform_0\system.hdf.
21:51:49 INFO  : Synchronizing projects in the workspace with the hardware platform specification changes.
21:51:50 INFO  : 
21:51:51 INFO  : Updating hardware inferred compiler options for uart_sdk.
21:51:51 INFO  : Clearing existing target manager status.
21:52:09 INFO  : 'targets -set -filter {jtag_cable_name =~ "Xilinx TUL 1234-tulA" && level==0} -index 1' command is executed.
21:52:09 INFO  : 'fpga -state' command is executed.
21:52:09 INFO  : Connected to target on host '127.0.0.1' and port '3121'.
21:52:09 INFO  : Jtag cable 'Xilinx TUL 1234-tulA' is selected.
21:52:09 INFO  : 'jtag frequency' command is executed.
21:52:09 INFO  : Sourcing of 'D:/Documents/Vivado_data/soc_uart/soc_uart.sdk/design_1_wrapper_hw_platform_0/ps7_init.tcl' is done.
21:52:09 INFO  : Context for 'APU' is selected.
21:52:09 INFO  : Hardware design information is loaded from 'D:/Documents/Vivado_data/soc_uart/soc_uart.sdk/design_1_wrapper_hw_platform_0/system.hdf'.
21:52:09 INFO  : 'configparams force-mem-access 1' command is executed.
21:52:09 INFO  : Context for 'APU' is selected.
21:52:09 INFO  : 'stop' command is executed.
21:52:10 INFO  : 'ps7_init' command is executed.
21:52:10 INFO  : 'ps7_post_config' command is executed.
21:52:10 INFO  : Context for processor 'ps7_cortexa9_0' is selected.
21:52:10 INFO  : Processor reset is completed for 'ps7_cortexa9_0'.
21:52:10 INFO  : Context for processor 'ps7_cortexa9_0' is selected.
21:52:10 INFO  : The application 'D:/Documents/Vivado_data/soc_uart/soc_uart.sdk/uart_sdk/Debug/uart_sdk.elf' is downloaded to processor 'ps7_cortexa9_0'.
21:52:10 INFO  : 'configparams force-mem-access 0' command is executed.
21:52:10 INFO  : ----------------XSDB Script----------------
connect -url tcp:127.0.0.1:3121
source D:/Documents/Vivado_data/soc_uart/soc_uart.sdk/design_1_wrapper_hw_platform_0/ps7_init.tcl
targets -set -nocase -filter {name =~"APU*" && jtag_cable_name =~ "Xilinx TUL 1234-tulA"} -index 0
loadhw -hw D:/Documents/Vivado_data/soc_uart/soc_uart.sdk/design_1_wrapper_hw_platform_0/system.hdf -mem-ranges [list {0x40000000 0xbfffffff}]
configparams force-mem-access 1
targets -set -nocase -filter {name =~"APU*" && jtag_cable_name =~ "Xilinx TUL 1234-tulA"} -index 0
stop
ps7_init
ps7_post_config
targets -set -nocase -filter {name =~ "ARM*#0" && jtag_cable_name =~ "Xilinx TUL 1234-tulA"} -index 0
rst -processor
targets -set -nocase -filter {name =~ "ARM*#0" && jtag_cable_name =~ "Xilinx TUL 1234-tulA"} -index 0
dow D:/Documents/Vivado_data/soc_uart/soc_uart.sdk/uart_sdk/Debug/uart_sdk.elf
configparams force-mem-access 0
----------------End of Script----------------

21:52:10 INFO  : Memory regions updated for context APU
21:52:10 INFO  : Context for processor 'ps7_cortexa9_0' is selected.
21:52:10 INFO  : 'con' command is executed.
21:52:10 INFO  : ----------------XSDB Script (After Launch)----------------
targets -set -nocase -filter {name =~ "ARM*#0" && jtag_cable_name =~ "Xilinx TUL 1234-tulA"} -index 0
con
----------------End of Script----------------

21:52:10 INFO  : Launch script is exported to file 'D:\Documents\Vivado_data\soc_uart\soc_uart.sdk\.sdk\launch_scripts\xilinx_c-c++_application_(system_debugger)\system_debugger_using_debug_uart_sdk.elf_on_local.tcl'
22:03:49 INFO  : Disconnected from the channel tcfchan#1.
22:03:50 INFO  : 'targets -set -filter {jtag_cable_name =~ "Xilinx TUL 1234-tulA" && level==0} -index 1' command is executed.
22:03:50 INFO  : 'fpga -state' command is executed.
22:03:50 INFO  : Connected to target on host '127.0.0.1' and port '3121'.
22:03:51 INFO  : Jtag cable 'Xilinx TUL 1234-tulA' is selected.
22:03:51 INFO  : 'jtag frequency' command is executed.
22:03:51 INFO  : Sourcing of 'D:/Documents/Vivado_data/soc_uart/soc_uart.sdk/design_1_wrapper_hw_platform_0/ps7_init.tcl' is done.
22:03:51 INFO  : Context for 'APU' is selected.
22:03:52 INFO  : Hardware design information is loaded from 'D:/Documents/Vivado_data/soc_uart/soc_uart.sdk/design_1_wrapper_hw_platform_0/system.hdf'.
22:03:52 INFO  : 'configparams force-mem-access 1' command is executed.
22:03:52 INFO  : Context for 'APU' is selected.
22:03:52 INFO  : 'stop' command is executed.
22:03:52 INFO  : 'ps7_init' command is executed.
22:03:52 INFO  : 'ps7_post_config' command is executed.
22:03:52 INFO  : Context for processor 'ps7_cortexa9_0' is selected.
22:03:52 INFO  : Processor reset is completed for 'ps7_cortexa9_0'.
22:03:52 INFO  : Context for processor 'ps7_cortexa9_0' is selected.
22:03:52 INFO  : The application 'D:/Documents/Vivado_data/soc_uart/soc_uart.sdk/uart_sdk/Debug/uart_sdk.elf' is downloaded to processor 'ps7_cortexa9_0'.
22:03:52 INFO  : 'configparams force-mem-access 0' command is executed.
22:03:52 INFO  : ----------------XSDB Script----------------
connect -url tcp:127.0.0.1:3121
source D:/Documents/Vivado_data/soc_uart/soc_uart.sdk/design_1_wrapper_hw_platform_0/ps7_init.tcl
targets -set -nocase -filter {name =~"APU*" && jtag_cable_name =~ "Xilinx TUL 1234-tulA"} -index 0
loadhw -hw D:/Documents/Vivado_data/soc_uart/soc_uart.sdk/design_1_wrapper_hw_platform_0/system.hdf -mem-ranges [list {0x40000000 0xbfffffff}]
configparams force-mem-access 1
targets -set -nocase -filter {name =~"APU*" && jtag_cable_name =~ "Xilinx TUL 1234-tulA"} -index 0
stop
ps7_init
ps7_post_config
targets -set -nocase -filter {name =~ "ARM*#0" && jtag_cable_name =~ "Xilinx TUL 1234-tulA"} -index 0
rst -processor
targets -set -nocase -filter {name =~ "ARM*#0" && jtag_cable_name =~ "Xilinx TUL 1234-tulA"} -index 0
dow D:/Documents/Vivado_data/soc_uart/soc_uart.sdk/uart_sdk/Debug/uart_sdk.elf
configparams force-mem-access 0
----------------End of Script----------------

22:03:52 INFO  : Memory regions updated for context APU
22:03:52 INFO  : Context for processor 'ps7_cortexa9_0' is selected.
22:03:52 INFO  : 'con' command is executed.
22:03:52 INFO  : ----------------XSDB Script (After Launch)----------------
targets -set -nocase -filter {name =~ "ARM*#0" && jtag_cable_name =~ "Xilinx TUL 1234-tulA"} -index 0
con
----------------End of Script----------------

22:03:52 INFO  : Launch script is exported to file 'D:\Documents\Vivado_data\soc_uart\soc_uart.sdk\.sdk\launch_scripts\xilinx_c-c++_application_(system_debugger)\system_debugger_using_debug_uart_sdk.elf_on_local.tcl'
22:04:02 INFO  : Disconnected from the channel tcfchan#2.
22:04:03 INFO  : 'targets -set -filter {jtag_cable_name =~ "Xilinx TUL 1234-tulA" && level==0} -index 1' command is executed.
22:04:03 INFO  : 'fpga -state' command is executed.
22:04:03 INFO  : Connected to target on host '127.0.0.1' and port '3121'.
22:04:03 INFO  : Jtag cable 'Xilinx TUL 1234-tulA' is selected.
22:04:03 INFO  : 'jtag frequency' command is executed.
22:04:03 INFO  : Sourcing of 'D:/Documents/Vivado_data/soc_uart/soc_uart.sdk/design_1_wrapper_hw_platform_0/ps7_init.tcl' is done.
22:04:03 INFO  : Context for 'APU' is selected.
22:04:03 INFO  : Hardware design information is loaded from 'D:/Documents/Vivado_data/soc_uart/soc_uart.sdk/design_1_wrapper_hw_platform_0/system.hdf'.
22:04:03 INFO  : 'configparams force-mem-access 1' command is executed.
22:04:03 INFO  : Context for 'APU' is selected.
22:04:03 INFO  : 'stop' command is executed.
22:04:03 INFO  : 'ps7_init' command is executed.
22:04:03 INFO  : 'ps7_post_config' command is executed.
22:04:03 INFO  : Context for processor 'ps7_cortexa9_0' is selected.
22:04:03 INFO  : Processor reset is completed for 'ps7_cortexa9_0'.
22:04:03 INFO  : Context for processor 'ps7_cortexa9_0' is selected.
22:04:03 INFO  : The application 'D:/Documents/Vivado_data/soc_uart/soc_uart.sdk/uart_sdk/Debug/uart_sdk.elf' is downloaded to processor 'ps7_cortexa9_0'.
22:04:03 INFO  : 'configparams force-mem-access 0' command is executed.
22:04:03 INFO  : ----------------XSDB Script----------------
connect -url tcp:127.0.0.1:3121
source D:/Documents/Vivado_data/soc_uart/soc_uart.sdk/design_1_wrapper_hw_platform_0/ps7_init.tcl
targets -set -nocase -filter {name =~"APU*" && jtag_cable_name =~ "Xilinx TUL 1234-tulA"} -index 0
loadhw -hw D:/Documents/Vivado_data/soc_uart/soc_uart.sdk/design_1_wrapper_hw_platform_0/system.hdf -mem-ranges [list {0x40000000 0xbfffffff}]
configparams force-mem-access 1
targets -set -nocase -filter {name =~"APU*" && jtag_cable_name =~ "Xilinx TUL 1234-tulA"} -index 0
stop
ps7_init
ps7_post_config
targets -set -nocase -filter {name =~ "ARM*#0" && jtag_cable_name =~ "Xilinx TUL 1234-tulA"} -index 0
rst -processor
targets -set -nocase -filter {name =~ "ARM*#0" && jtag_cable_name =~ "Xilinx TUL 1234-tulA"} -index 0
dow D:/Documents/Vivado_data/soc_uart/soc_uart.sdk/uart_sdk/Debug/uart_sdk.elf
configparams force-mem-access 0
----------------End of Script----------------

22:04:03 INFO  : Memory regions updated for context APU
22:04:04 INFO  : Context for processor 'ps7_cortexa9_0' is selected.
22:04:04 INFO  : 'con' command is executed.
22:04:04 INFO  : ----------------XSDB Script (After Launch)----------------
targets -set -nocase -filter {name =~ "ARM*#0" && jtag_cable_name =~ "Xilinx TUL 1234-tulA"} -index 0
con
----------------End of Script----------------

22:04:04 INFO  : Launch script is exported to file 'D:\Documents\Vivado_data\soc_uart\soc_uart.sdk\.sdk\launch_scripts\xilinx_c-c++_application_(system_debugger)\system_debugger_using_debug_uart_sdk.elf_on_local.tcl'
22:04:10 INFO  : Disconnected from the channel tcfchan#3.
22:04:32 INFO  : Registering command handlers for SDK TCF services
22:04:32 INFO  : Launching XSCT server: xsct.bat -interactive D:\Documents\Vivado_data\soc_uart\soc_uart.sdk\temp_xsdb_launch_script.tcl
22:04:33 INFO  : XSCT server has started successfully.
22:04:33 INFO  : Successfully done setting XSCT server connection channel  
22:04:33 INFO  : Successfully done setting SDK workspace  
22:04:33 INFO  : Processing command line option -hwspec D:/Documents/Vivado_data/soc_uart/soc_uart.sdk/design_1_wrapper.hdf.
22:04:33 INFO  : Checking for hwspec changes in the project design_1_wrapper_hw_platform_0.
22:04:51 INFO  : 'targets -set -filter {jtag_cable_name =~ "Xilinx TUL 1234-tulA" && level==0} -index 1' command is executed.
22:04:51 INFO  : 'fpga -state' command is executed.
22:04:51 INFO  : Connected to target on host '127.0.0.1' and port '3121'.
22:04:51 INFO  : Jtag cable 'Xilinx TUL 1234-tulA' is selected.
22:04:51 INFO  : 'jtag frequency' command is executed.
22:04:51 INFO  : Sourcing of 'D:/Documents/Vivado_data/soc_uart/soc_uart.sdk/design_1_wrapper_hw_platform_0/ps7_init.tcl' is done.
22:04:51 INFO  : Context for 'APU' is selected.
22:04:51 INFO  : Hardware design information is loaded from 'D:/Documents/Vivado_data/soc_uart/soc_uart.sdk/design_1_wrapper_hw_platform_0/system.hdf'.
22:04:51 INFO  : 'configparams force-mem-access 1' command is executed.
22:04:51 INFO  : Context for 'APU' is selected.
22:04:52 INFO  : 'stop' command is executed.
22:04:52 INFO  : 'ps7_init' command is executed.
22:04:52 INFO  : 'ps7_post_config' command is executed.
22:04:52 INFO  : Context for processor 'ps7_cortexa9_0' is selected.
22:04:52 INFO  : Processor reset is completed for 'ps7_cortexa9_0'.
22:04:52 INFO  : Context for processor 'ps7_cortexa9_0' is selected.
22:04:52 INFO  : The application 'D:/Documents/Vivado_data/soc_uart/soc_uart.sdk/uart_sdk/Debug/uart_sdk.elf' is downloaded to processor 'ps7_cortexa9_0'.
22:04:52 INFO  : 'configparams force-mem-access 0' command is executed.
22:04:52 INFO  : ----------------XSDB Script----------------
connect -url tcp:127.0.0.1:3121
source D:/Documents/Vivado_data/soc_uart/soc_uart.sdk/design_1_wrapper_hw_platform_0/ps7_init.tcl
targets -set -nocase -filter {name =~"APU*" && jtag_cable_name =~ "Xilinx TUL 1234-tulA"} -index 0
loadhw -hw D:/Documents/Vivado_data/soc_uart/soc_uart.sdk/design_1_wrapper_hw_platform_0/system.hdf -mem-ranges [list {0x40000000 0xbfffffff}]
configparams force-mem-access 1
targets -set -nocase -filter {name =~"APU*" && jtag_cable_name =~ "Xilinx TUL 1234-tulA"} -index 0
stop
ps7_init
ps7_post_config
targets -set -nocase -filter {name =~ "ARM*#0" && jtag_cable_name =~ "Xilinx TUL 1234-tulA"} -index 0
rst -processor
targets -set -nocase -filter {name =~ "ARM*#0" && jtag_cable_name =~ "Xilinx TUL 1234-tulA"} -index 0
dow D:/Documents/Vivado_data/soc_uart/soc_uart.sdk/uart_sdk/Debug/uart_sdk.elf
configparams force-mem-access 0
----------------End of Script----------------

22:04:52 INFO  : Memory regions updated for context APU
22:04:52 INFO  : Context for processor 'ps7_cortexa9_0' is selected.
22:04:52 INFO  : 'con' command is executed.
22:04:52 INFO  : ----------------XSDB Script (After Launch)----------------
targets -set -nocase -filter {name =~ "ARM*#0" && jtag_cable_name =~ "Xilinx TUL 1234-tulA"} -index 0
con
----------------End of Script----------------

22:04:52 INFO  : Launch script is exported to file 'D:\Documents\Vivado_data\soc_uart\soc_uart.sdk\.sdk\launch_scripts\xilinx_c-c++_application_(system_debugger)\system_debugger_using_debug_uart_sdk.elf_on_local.tcl'
22:05:00 INFO  : Disconnected from the channel tcfchan#1.
22:05:01 INFO  : 'targets -set -filter {jtag_cable_name =~ "Xilinx TUL 1234-tulA" && level==0} -index 1' command is executed.
22:05:01 INFO  : 'fpga -state' command is executed.
22:05:01 INFO  : Connected to target on host '127.0.0.1' and port '3121'.
22:05:01 INFO  : Jtag cable 'Xilinx TUL 1234-tulA' is selected.
22:05:01 INFO  : 'jtag frequency' command is executed.
22:05:01 INFO  : Sourcing of 'D:/Documents/Vivado_data/soc_uart/soc_uart.sdk/design_1_wrapper_hw_platform_0/ps7_init.tcl' is done.
22:05:01 INFO  : Context for 'APU' is selected.
22:05:02 INFO  : Hardware design information is loaded from 'D:/Documents/Vivado_data/soc_uart/soc_uart.sdk/design_1_wrapper_hw_platform_0/system.hdf'.
22:05:02 INFO  : 'configparams force-mem-access 1' command is executed.
22:05:02 INFO  : Context for 'APU' is selected.
22:05:02 INFO  : 'stop' command is executed.
22:05:03 INFO  : 'ps7_init' command is executed.
22:05:03 INFO  : 'ps7_post_config' command is executed.
22:05:03 INFO  : Context for processor 'ps7_cortexa9_0' is selected.
22:05:03 INFO  : Processor reset is completed for 'ps7_cortexa9_0'.
22:05:03 INFO  : Context for processor 'ps7_cortexa9_0' is selected.
22:05:03 INFO  : The application 'D:/Documents/Vivado_data/soc_uart/soc_uart.sdk/uart_sdk/Debug/uart_sdk.elf' is downloaded to processor 'ps7_cortexa9_0'.
22:05:03 INFO  : 'configparams force-mem-access 0' command is executed.
22:05:03 INFO  : ----------------XSDB Script----------------
connect -url tcp:127.0.0.1:3121
source D:/Documents/Vivado_data/soc_uart/soc_uart.sdk/design_1_wrapper_hw_platform_0/ps7_init.tcl
targets -set -nocase -filter {name =~"APU*" && jtag_cable_name =~ "Xilinx TUL 1234-tulA"} -index 0
loadhw -hw D:/Documents/Vivado_data/soc_uart/soc_uart.sdk/design_1_wrapper_hw_platform_0/system.hdf -mem-ranges [list {0x40000000 0xbfffffff}]
configparams force-mem-access 1
targets -set -nocase -filter {name =~"APU*" && jtag_cable_name =~ "Xilinx TUL 1234-tulA"} -index 0
stop
ps7_init
ps7_post_config
targets -set -nocase -filter {name =~ "ARM*#0" && jtag_cable_name =~ "Xilinx TUL 1234-tulA"} -index 0
rst -processor
targets -set -nocase -filter {name =~ "ARM*#0" && jtag_cable_name =~ "Xilinx TUL 1234-tulA"} -index 0
dow D:/Documents/Vivado_data/soc_uart/soc_uart.sdk/uart_sdk/Debug/uart_sdk.elf
configparams force-mem-access 0
----------------End of Script----------------

22:05:03 INFO  : Memory regions updated for context APU
22:05:03 INFO  : Context for processor 'ps7_cortexa9_0' is selected.
22:05:03 INFO  : 'con' command is executed.
22:05:03 INFO  : ----------------XSDB Script (After Launch)----------------
targets -set -nocase -filter {name =~ "ARM*#0" && jtag_cable_name =~ "Xilinx TUL 1234-tulA"} -index 0
con
----------------End of Script----------------

22:05:03 INFO  : Launch script is exported to file 'D:\Documents\Vivado_data\soc_uart\soc_uart.sdk\.sdk\launch_scripts\xilinx_c-c++_application_(system_debugger)\system_debugger_using_debug_uart_sdk.elf_on_local.tcl'
22:10:55 INFO  : Disconnected from the channel tcfchan#2.
22:20:40 INFO  : Registering command handlers for SDK TCF services
22:20:40 INFO  : Launching XSCT server: xsct.bat -interactive D:\Documents\Vivado_data\soc_uart\soc_uart.sdk\temp_xsdb_launch_script.tcl
22:20:41 INFO  : XSCT server has started successfully.
22:20:41 INFO  : Successfully done setting XSCT server connection channel  
22:20:41 INFO  : Successfully done setting SDK workspace  
22:20:41 INFO  : Processing command line option -hwspec D:/Documents/Vivado_data/soc_uart/soc_uart.sdk/design_1_wrapper.hdf.
22:20:41 INFO  : Checking for hwspec changes in the project design_1_wrapper_hw_platform_0.
22:20:43 INFO  : SDK has detected change in the last modified timestamps for source hardware specification file Source:1748269133684,  Project:1748267388595
22:20:43 INFO  : The hardware specification for project 'design_1_wrapper_hw_platform_0' is different from D:/Documents/Vivado_data/soc_uart/soc_uart.sdk/design_1_wrapper.hdf.
22:20:43 INFO  : Copied contents of D:/Documents/Vivado_data/soc_uart/soc_uart.sdk/design_1_wrapper.hdf into \design_1_wrapper_hw_platform_0\system.hdf.
22:20:44 INFO  : Synchronizing projects in the workspace with the hardware platform specification changes.
22:20:46 INFO  : 
22:20:47 INFO  : Updating hardware inferred compiler options for uart_sdk.
22:20:47 INFO  : Clearing existing target manager status.
22:23:01 INFO  : 'targets -set -filter {jtag_cable_name =~ "Xilinx TUL 1234-tulA" && level==0} -index 1' command is executed.
22:23:01 INFO  : 'fpga -state' command is executed.
22:23:01 INFO  : Connected to target on host '127.0.0.1' and port '3121'.
22:23:01 INFO  : Jtag cable 'Xilinx TUL 1234-tulA' is selected.
22:23:01 INFO  : 'jtag frequency' command is executed.
22:23:01 INFO  : Sourcing of 'D:/Documents/Vivado_data/soc_uart/soc_uart.sdk/design_1_wrapper_hw_platform_0/ps7_init.tcl' is done.
22:23:01 INFO  : Context for 'APU' is selected.
22:23:01 INFO  : Hardware design information is loaded from 'D:/Documents/Vivado_data/soc_uart/soc_uart.sdk/design_1_wrapper_hw_platform_0/system.hdf'.
22:23:01 INFO  : 'configparams force-mem-access 1' command is executed.
22:23:01 INFO  : Context for 'APU' is selected.
22:23:01 INFO  : 'stop' command is executed.
22:23:01 INFO  : 'ps7_init' command is executed.
22:23:01 INFO  : 'ps7_post_config' command is executed.
22:23:01 INFO  : Context for processor 'ps7_cortexa9_0' is selected.
22:23:01 INFO  : Processor reset is completed for 'ps7_cortexa9_0'.
22:23:01 INFO  : Context for processor 'ps7_cortexa9_0' is selected.
22:23:01 INFO  : The application 'D:/Documents/Vivado_data/soc_uart/soc_uart.sdk/uart_sdk/Debug/uart_sdk.elf' is downloaded to processor 'ps7_cortexa9_0'.
22:23:01 INFO  : 'configparams force-mem-access 0' command is executed.
22:23:01 INFO  : ----------------XSDB Script----------------
connect -url tcp:127.0.0.1:3121
source D:/Documents/Vivado_data/soc_uart/soc_uart.sdk/design_1_wrapper_hw_platform_0/ps7_init.tcl
targets -set -nocase -filter {name =~"APU*" && jtag_cable_name =~ "Xilinx TUL 1234-tulA"} -index 0
loadhw -hw D:/Documents/Vivado_data/soc_uart/soc_uart.sdk/design_1_wrapper_hw_platform_0/system.hdf -mem-ranges [list {0x40000000 0xbfffffff}]
configparams force-mem-access 1
targets -set -nocase -filter {name =~"APU*" && jtag_cable_name =~ "Xilinx TUL 1234-tulA"} -index 0
stop
ps7_init
ps7_post_config
targets -set -nocase -filter {name =~ "ARM*#0" && jtag_cable_name =~ "Xilinx TUL 1234-tulA"} -index 0
rst -processor
targets -set -nocase -filter {name =~ "ARM*#0" && jtag_cable_name =~ "Xilinx TUL 1234-tulA"} -index 0
dow D:/Documents/Vivado_data/soc_uart/soc_uart.sdk/uart_sdk/Debug/uart_sdk.elf
configparams force-mem-access 0
----------------End of Script----------------

22:23:02 INFO  : Memory regions updated for context APU
22:23:02 INFO  : Context for processor 'ps7_cortexa9_0' is selected.
22:23:02 INFO  : 'con' command is executed.
22:23:02 INFO  : ----------------XSDB Script (After Launch)----------------
targets -set -nocase -filter {name =~ "ARM*#0" && jtag_cable_name =~ "Xilinx TUL 1234-tulA"} -index 0
con
----------------End of Script----------------

22:23:02 INFO  : Launch script is exported to file 'D:\Documents\Vivado_data\soc_uart\soc_uart.sdk\.sdk\launch_scripts\xilinx_c-c++_application_(system_debugger)\system_debugger_using_debug_uart_sdk.elf_on_local.tcl'
22:23:06 INFO  : Disconnected from the channel tcfchan#1.
22:23:07 INFO  : 'targets -set -filter {jtag_cable_name =~ "Xilinx TUL 1234-tulA" && level==0} -index 1' command is executed.
22:23:07 INFO  : 'fpga -state' command is executed.
22:23:07 INFO  : Connected to target on host '127.0.0.1' and port '3121'.
22:23:07 INFO  : Jtag cable 'Xilinx TUL 1234-tulA' is selected.
22:23:07 INFO  : 'jtag frequency' command is executed.
22:23:07 INFO  : Sourcing of 'D:/Documents/Vivado_data/soc_uart/soc_uart.sdk/design_1_wrapper_hw_platform_0/ps7_init.tcl' is done.
22:23:07 INFO  : Context for 'APU' is selected.
22:23:08 INFO  : Hardware design information is loaded from 'D:/Documents/Vivado_data/soc_uart/soc_uart.sdk/design_1_wrapper_hw_platform_0/system.hdf'.
22:23:08 INFO  : 'configparams force-mem-access 1' command is executed.
22:23:08 INFO  : Context for 'APU' is selected.
22:23:08 INFO  : 'stop' command is executed.
22:23:08 INFO  : 'ps7_init' command is executed.
22:23:08 INFO  : 'ps7_post_config' command is executed.
22:23:08 INFO  : Context for processor 'ps7_cortexa9_0' is selected.
22:23:08 INFO  : Processor reset is completed for 'ps7_cortexa9_0'.
22:23:08 INFO  : Context for processor 'ps7_cortexa9_0' is selected.
22:23:08 INFO  : The application 'D:/Documents/Vivado_data/soc_uart/soc_uart.sdk/uart_sdk/Debug/uart_sdk.elf' is downloaded to processor 'ps7_cortexa9_0'.
22:23:08 INFO  : 'configparams force-mem-access 0' command is executed.
22:23:08 INFO  : ----------------XSDB Script----------------
connect -url tcp:127.0.0.1:3121
source D:/Documents/Vivado_data/soc_uart/soc_uart.sdk/design_1_wrapper_hw_platform_0/ps7_init.tcl
targets -set -nocase -filter {name =~"APU*" && jtag_cable_name =~ "Xilinx TUL 1234-tulA"} -index 0
loadhw -hw D:/Documents/Vivado_data/soc_uart/soc_uart.sdk/design_1_wrapper_hw_platform_0/system.hdf -mem-ranges [list {0x40000000 0xbfffffff}]
configparams force-mem-access 1
targets -set -nocase -filter {name =~"APU*" && jtag_cable_name =~ "Xilinx TUL 1234-tulA"} -index 0
stop
ps7_init
ps7_post_config
targets -set -nocase -filter {name =~ "ARM*#0" && jtag_cable_name =~ "Xilinx TUL 1234-tulA"} -index 0
rst -processor
targets -set -nocase -filter {name =~ "ARM*#0" && jtag_cable_name =~ "Xilinx TUL 1234-tulA"} -index 0
dow D:/Documents/Vivado_data/soc_uart/soc_uart.sdk/uart_sdk/Debug/uart_sdk.elf
configparams force-mem-access 0
----------------End of Script----------------

22:23:08 INFO  : Memory regions updated for context APU
22:23:08 INFO  : Context for processor 'ps7_cortexa9_0' is selected.
22:23:08 INFO  : 'con' command is executed.
22:23:08 INFO  : ----------------XSDB Script (After Launch)----------------
targets -set -nocase -filter {name =~ "ARM*#0" && jtag_cable_name =~ "Xilinx TUL 1234-tulA"} -index 0
con
----------------End of Script----------------

22:23:08 INFO  : Launch script is exported to file 'D:\Documents\Vivado_data\soc_uart\soc_uart.sdk\.sdk\launch_scripts\xilinx_c-c++_application_(system_debugger)\system_debugger_using_debug_uart_sdk.elf_on_local.tcl'
22:23:26 INFO  : Disconnected from the channel tcfchan#2.
22:23:41 INFO  : Registering command handlers for SDK TCF services
22:23:41 INFO  : Launching XSCT server: xsct.bat -interactive D:\Documents\Vivado_data\soc_uart\soc_uart.sdk\temp_xsdb_launch_script.tcl
22:23:42 INFO  : XSCT server has started successfully.
22:23:42 INFO  : Successfully done setting XSCT server connection channel  
22:23:42 INFO  : Successfully done setting SDK workspace  
22:23:42 INFO  : Processing command line option -hwspec D:/Documents/Vivado_data/soc_uart/soc_uart.sdk/design_1_wrapper.hdf.
22:23:42 INFO  : Checking for hwspec changes in the project design_1_wrapper_hw_platform_0.
22:24:10 INFO  : 'targets -set -filter {jtag_cable_name =~ "Xilinx TUL 1234-tulA" && level==0} -index 1' command is executed.
22:24:10 INFO  : 'fpga -state' command is executed.
22:24:10 INFO  : Connected to target on host '127.0.0.1' and port '3121'.
22:24:10 INFO  : Jtag cable 'Xilinx TUL 1234-tulA' is selected.
22:24:10 INFO  : 'jtag frequency' command is executed.
22:24:10 INFO  : Sourcing of 'D:/Documents/Vivado_data/soc_uart/soc_uart.sdk/design_1_wrapper_hw_platform_0/ps7_init.tcl' is done.
22:24:10 INFO  : Context for 'APU' is selected.
22:24:10 INFO  : Hardware design information is loaded from 'D:/Documents/Vivado_data/soc_uart/soc_uart.sdk/design_1_wrapper_hw_platform_0/system.hdf'.
22:24:10 INFO  : 'configparams force-mem-access 1' command is executed.
22:24:10 INFO  : Context for 'APU' is selected.
22:24:10 INFO  : 'stop' command is executed.
22:24:11 INFO  : 'ps7_init' command is executed.
22:24:11 INFO  : 'ps7_post_config' command is executed.
22:24:11 INFO  : Context for processor 'ps7_cortexa9_0' is selected.
22:24:11 INFO  : Processor reset is completed for 'ps7_cortexa9_0'.
22:24:11 INFO  : Context for processor 'ps7_cortexa9_0' is selected.
22:24:11 INFO  : The application 'D:/Documents/Vivado_data/soc_uart/soc_uart.sdk/uart_sdk/Debug/uart_sdk.elf' is downloaded to processor 'ps7_cortexa9_0'.
22:24:11 INFO  : 'configparams force-mem-access 0' command is executed.
22:24:11 INFO  : ----------------XSDB Script----------------
connect -url tcp:127.0.0.1:3121
source D:/Documents/Vivado_data/soc_uart/soc_uart.sdk/design_1_wrapper_hw_platform_0/ps7_init.tcl
targets -set -nocase -filter {name =~"APU*" && jtag_cable_name =~ "Xilinx TUL 1234-tulA"} -index 0
loadhw -hw D:/Documents/Vivado_data/soc_uart/soc_uart.sdk/design_1_wrapper_hw_platform_0/system.hdf -mem-ranges [list {0x40000000 0xbfffffff}]
configparams force-mem-access 1
targets -set -nocase -filter {name =~"APU*" && jtag_cable_name =~ "Xilinx TUL 1234-tulA"} -index 0
stop
ps7_init
ps7_post_config
targets -set -nocase -filter {name =~ "ARM*#0" && jtag_cable_name =~ "Xilinx TUL 1234-tulA"} -index 0
rst -processor
targets -set -nocase -filter {name =~ "ARM*#0" && jtag_cable_name =~ "Xilinx TUL 1234-tulA"} -index 0
dow D:/Documents/Vivado_data/soc_uart/soc_uart.sdk/uart_sdk/Debug/uart_sdk.elf
configparams force-mem-access 0
----------------End of Script----------------

22:24:11 INFO  : Memory regions updated for context APU
22:24:11 INFO  : Context for processor 'ps7_cortexa9_0' is selected.
22:24:11 INFO  : 'con' command is executed.
22:24:11 INFO  : ----------------XSDB Script (After Launch)----------------
targets -set -nocase -filter {name =~ "ARM*#0" && jtag_cable_name =~ "Xilinx TUL 1234-tulA"} -index 0
con
----------------End of Script----------------

22:24:11 INFO  : Launch script is exported to file 'D:\Documents\Vivado_data\soc_uart\soc_uart.sdk\.sdk\launch_scripts\xilinx_c-c++_application_(system_debugger)\system_debugger_using_debug_uart_sdk.elf_on_local.tcl'
22:31:02 INFO  : Disconnected from the channel tcfchan#1.
22:31:03 INFO  : 'targets -set -filter {jtag_cable_name =~ "Xilinx TUL 1234-tulA" && level==0} -index 1' command is executed.
22:31:03 INFO  : 'fpga -state' command is executed.
22:31:03 INFO  : Connected to target on host '127.0.0.1' and port '3121'.
22:31:03 INFO  : Jtag cable 'Xilinx TUL 1234-tulA' is selected.
22:31:03 INFO  : 'jtag frequency' command is executed.
22:31:03 INFO  : Sourcing of 'D:/Documents/Vivado_data/soc_uart/soc_uart.sdk/design_1_wrapper_hw_platform_0/ps7_init.tcl' is done.
22:31:03 INFO  : Context for 'APU' is selected.
22:31:04 INFO  : Hardware design information is loaded from 'D:/Documents/Vivado_data/soc_uart/soc_uart.sdk/design_1_wrapper_hw_platform_0/system.hdf'.
22:31:04 INFO  : 'configparams force-mem-access 1' command is executed.
22:31:04 INFO  : Context for 'APU' is selected.
22:31:04 INFO  : 'stop' command is executed.
22:31:04 INFO  : 'ps7_init' command is executed.
22:31:04 INFO  : 'ps7_post_config' command is executed.
22:31:04 INFO  : Context for processor 'ps7_cortexa9_0' is selected.
22:31:04 INFO  : Processor reset is completed for 'ps7_cortexa9_0'.
22:31:04 INFO  : Context for processor 'ps7_cortexa9_0' is selected.
22:31:04 INFO  : The application 'D:/Documents/Vivado_data/soc_uart/soc_uart.sdk/uart_sdk/Debug/uart_sdk.elf' is downloaded to processor 'ps7_cortexa9_0'.
22:31:04 INFO  : 'configparams force-mem-access 0' command is executed.
22:31:04 INFO  : ----------------XSDB Script----------------
connect -url tcp:127.0.0.1:3121
source D:/Documents/Vivado_data/soc_uart/soc_uart.sdk/design_1_wrapper_hw_platform_0/ps7_init.tcl
targets -set -nocase -filter {name =~"APU*" && jtag_cable_name =~ "Xilinx TUL 1234-tulA"} -index 0
loadhw -hw D:/Documents/Vivado_data/soc_uart/soc_uart.sdk/design_1_wrapper_hw_platform_0/system.hdf -mem-ranges [list {0x40000000 0xbfffffff}]
configparams force-mem-access 1
targets -set -nocase -filter {name =~"APU*" && jtag_cable_name =~ "Xilinx TUL 1234-tulA"} -index 0
stop
ps7_init
ps7_post_config
targets -set -nocase -filter {name =~ "ARM*#0" && jtag_cable_name =~ "Xilinx TUL 1234-tulA"} -index 0
rst -processor
targets -set -nocase -filter {name =~ "ARM*#0" && jtag_cable_name =~ "Xilinx TUL 1234-tulA"} -index 0
dow D:/Documents/Vivado_data/soc_uart/soc_uart.sdk/uart_sdk/Debug/uart_sdk.elf
configparams force-mem-access 0
----------------End of Script----------------

22:31:05 INFO  : Memory regions updated for context APU
22:31:05 INFO  : Context for processor 'ps7_cortexa9_0' is selected.
22:31:05 INFO  : 'con' command is executed.
22:31:05 INFO  : ----------------XSDB Script (After Launch)----------------
targets -set -nocase -filter {name =~ "ARM*#0" && jtag_cable_name =~ "Xilinx TUL 1234-tulA"} -index 0
con
----------------End of Script----------------

22:31:05 INFO  : Launch script is exported to file 'D:\Documents\Vivado_data\soc_uart\soc_uart.sdk\.sdk\launch_scripts\xilinx_c-c++_application_(system_debugger)\system_debugger_using_debug_uart_sdk.elf_on_local.tcl'
22:34:56 INFO  : Disconnected from the channel tcfchan#2.
22:34:57 INFO  : 'targets -set -filter {jtag_cable_name =~ "Xilinx TUL 1234-tulA" && level==0} -index 1' command is executed.
22:34:57 INFO  : 'fpga -state' command is executed.
22:34:57 INFO  : Connected to target on host '127.0.0.1' and port '3121'.
22:34:57 INFO  : Jtag cable 'Xilinx TUL 1234-tulA' is selected.
22:34:57 INFO  : 'jtag frequency' command is executed.
22:34:57 INFO  : Sourcing of 'D:/Documents/Vivado_data/soc_uart/soc_uart.sdk/design_1_wrapper_hw_platform_0/ps7_init.tcl' is done.
22:34:57 INFO  : Context for 'APU' is selected.
22:34:58 INFO  : Hardware design information is loaded from 'D:/Documents/Vivado_data/soc_uart/soc_uart.sdk/design_1_wrapper_hw_platform_0/system.hdf'.
22:34:58 INFO  : 'configparams force-mem-access 1' command is executed.
22:34:58 INFO  : Context for 'APU' is selected.
22:34:58 INFO  : 'stop' command is executed.
22:34:58 INFO  : 'ps7_init' command is executed.
22:34:58 INFO  : 'ps7_post_config' command is executed.
22:34:58 INFO  : Context for processor 'ps7_cortexa9_0' is selected.
22:34:58 INFO  : Processor reset is completed for 'ps7_cortexa9_0'.
22:34:58 INFO  : Context for processor 'ps7_cortexa9_0' is selected.
22:34:58 INFO  : The application 'D:/Documents/Vivado_data/soc_uart/soc_uart.sdk/uart_sdk/Debug/uart_sdk.elf' is downloaded to processor 'ps7_cortexa9_0'.
22:34:58 INFO  : 'configparams force-mem-access 0' command is executed.
22:34:58 INFO  : ----------------XSDB Script----------------
connect -url tcp:127.0.0.1:3121
source D:/Documents/Vivado_data/soc_uart/soc_uart.sdk/design_1_wrapper_hw_platform_0/ps7_init.tcl
targets -set -nocase -filter {name =~"APU*" && jtag_cable_name =~ "Xilinx TUL 1234-tulA"} -index 0
loadhw -hw D:/Documents/Vivado_data/soc_uart/soc_uart.sdk/design_1_wrapper_hw_platform_0/system.hdf -mem-ranges [list {0x40000000 0xbfffffff}]
configparams force-mem-access 1
targets -set -nocase -filter {name =~"APU*" && jtag_cable_name =~ "Xilinx TUL 1234-tulA"} -index 0
stop
ps7_init
ps7_post_config
targets -set -nocase -filter {name =~ "ARM*#0" && jtag_cable_name =~ "Xilinx TUL 1234-tulA"} -index 0
rst -processor
targets -set -nocase -filter {name =~ "ARM*#0" && jtag_cable_name =~ "Xilinx TUL 1234-tulA"} -index 0
dow D:/Documents/Vivado_data/soc_uart/soc_uart.sdk/uart_sdk/Debug/uart_sdk.elf
configparams force-mem-access 0
----------------End of Script----------------

22:34:58 INFO  : Memory regions updated for context APU
22:34:58 INFO  : Context for processor 'ps7_cortexa9_0' is selected.
22:34:58 INFO  : 'con' command is executed.
22:34:58 INFO  : ----------------XSDB Script (After Launch)----------------
targets -set -nocase -filter {name =~ "ARM*#0" && jtag_cable_name =~ "Xilinx TUL 1234-tulA"} -index 0
con
----------------End of Script----------------

22:34:58 INFO  : Launch script is exported to file 'D:\Documents\Vivado_data\soc_uart\soc_uart.sdk\.sdk\launch_scripts\xilinx_c-c++_application_(system_debugger)\system_debugger_using_debug_uart_sdk.elf_on_local.tcl'
22:52:05 INFO  : Disconnected from the channel tcfchan#3.
22:52:06 INFO  : 'targets -set -filter {jtag_cable_name =~ "Xilinx TUL 1234-tulA" && level==0} -index 1' command is executed.
22:52:07 INFO  : 'fpga -state' command is executed.
22:52:07 INFO  : Connected to target on host '127.0.0.1' and port '3121'.
22:52:07 INFO  : Jtag cable 'Xilinx TUL 1234-tulA' is selected.
22:52:07 INFO  : 'jtag frequency' command is executed.
22:52:07 INFO  : Sourcing of 'D:/Documents/Vivado_data/soc_uart/soc_uart.sdk/design_1_wrapper_hw_platform_0/ps7_init.tcl' is done.
22:52:07 INFO  : Context for 'APU' is selected.
22:52:08 INFO  : Hardware design information is loaded from 'D:/Documents/Vivado_data/soc_uart/soc_uart.sdk/design_1_wrapper_hw_platform_0/system.hdf'.
22:52:08 INFO  : 'configparams force-mem-access 1' command is executed.
22:52:08 INFO  : Context for 'APU' is selected.
22:52:08 INFO  : 'stop' command is executed.
22:52:08 INFO  : 'ps7_init' command is executed.
22:52:08 INFO  : 'ps7_post_config' command is executed.
22:52:08 INFO  : Context for processor 'ps7_cortexa9_0' is selected.
22:52:08 INFO  : Processor reset is completed for 'ps7_cortexa9_0'.
22:52:08 INFO  : Context for processor 'ps7_cortexa9_0' is selected.
22:52:08 INFO  : The application 'D:/Documents/Vivado_data/soc_uart/soc_uart.sdk/uart_sdk/Debug/uart_sdk.elf' is downloaded to processor 'ps7_cortexa9_0'.
22:52:08 INFO  : 'configparams force-mem-access 0' command is executed.
22:52:08 INFO  : ----------------XSDB Script----------------
connect -url tcp:127.0.0.1:3121
source D:/Documents/Vivado_data/soc_uart/soc_uart.sdk/design_1_wrapper_hw_platform_0/ps7_init.tcl
targets -set -nocase -filter {name =~"APU*" && jtag_cable_name =~ "Xilinx TUL 1234-tulA"} -index 0
loadhw -hw D:/Documents/Vivado_data/soc_uart/soc_uart.sdk/design_1_wrapper_hw_platform_0/system.hdf -mem-ranges [list {0x40000000 0xbfffffff}]
configparams force-mem-access 1
targets -set -nocase -filter {name =~"APU*" && jtag_cable_name =~ "Xilinx TUL 1234-tulA"} -index 0
stop
ps7_init
ps7_post_config
targets -set -nocase -filter {name =~ "ARM*#0" && jtag_cable_name =~ "Xilinx TUL 1234-tulA"} -index 0
rst -processor
targets -set -nocase -filter {name =~ "ARM*#0" && jtag_cable_name =~ "Xilinx TUL 1234-tulA"} -index 0
dow D:/Documents/Vivado_data/soc_uart/soc_uart.sdk/uart_sdk/Debug/uart_sdk.elf
configparams force-mem-access 0
----------------End of Script----------------

22:52:08 INFO  : Memory regions updated for context APU
22:52:08 INFO  : Context for processor 'ps7_cortexa9_0' is selected.
22:52:08 INFO  : 'con' command is executed.
22:52:08 INFO  : ----------------XSDB Script (After Launch)----------------
targets -set -nocase -filter {name =~ "ARM*#0" && jtag_cable_name =~ "Xilinx TUL 1234-tulA"} -index 0
con
----------------End of Script----------------

22:52:08 INFO  : Launch script is exported to file 'D:\Documents\Vivado_data\soc_uart\soc_uart.sdk\.sdk\launch_scripts\xilinx_c-c++_application_(system_debugger)\system_debugger_using_debug_uart_sdk.elf_on_local.tcl'
22:53:56 INFO  : Disconnected from the channel tcfchan#4.
22:53:58 INFO  : 'targets -set -filter {jtag_cable_name =~ "Xilinx TUL 1234-tulA" && level==0} -index 1' command is executed.
22:53:58 INFO  : 'fpga -state' command is executed.
22:53:58 INFO  : Connected to target on host '127.0.0.1' and port '3121'.
22:53:58 INFO  : Jtag cable 'Xilinx TUL 1234-tulA' is selected.
22:53:58 INFO  : 'jtag frequency' command is executed.
22:53:58 INFO  : Sourcing of 'D:/Documents/Vivado_data/soc_uart/soc_uart.sdk/design_1_wrapper_hw_platform_0/ps7_init.tcl' is done.
22:53:58 INFO  : Context for 'APU' is selected.
22:53:59 INFO  : Hardware design information is loaded from 'D:/Documents/Vivado_data/soc_uart/soc_uart.sdk/design_1_wrapper_hw_platform_0/system.hdf'.
22:53:59 INFO  : 'configparams force-mem-access 1' command is executed.
22:53:59 INFO  : Context for 'APU' is selected.
22:53:59 INFO  : 'stop' command is executed.
22:53:59 INFO  : 'ps7_init' command is executed.
22:53:59 INFO  : 'ps7_post_config' command is executed.
22:53:59 INFO  : Context for processor 'ps7_cortexa9_0' is selected.
22:53:59 INFO  : Processor reset is completed for 'ps7_cortexa9_0'.
22:53:59 INFO  : Context for processor 'ps7_cortexa9_0' is selected.
22:53:59 INFO  : The application 'D:/Documents/Vivado_data/soc_uart/soc_uart.sdk/uart_sdk/Debug/uart_sdk.elf' is downloaded to processor 'ps7_cortexa9_0'.
22:53:59 INFO  : 'configparams force-mem-access 0' command is executed.
22:53:59 INFO  : ----------------XSDB Script----------------
connect -url tcp:127.0.0.1:3121
source D:/Documents/Vivado_data/soc_uart/soc_uart.sdk/design_1_wrapper_hw_platform_0/ps7_init.tcl
targets -set -nocase -filter {name =~"APU*" && jtag_cable_name =~ "Xilinx TUL 1234-tulA"} -index 0
loadhw -hw D:/Documents/Vivado_data/soc_uart/soc_uart.sdk/design_1_wrapper_hw_platform_0/system.hdf -mem-ranges [list {0x40000000 0xbfffffff}]
configparams force-mem-access 1
targets -set -nocase -filter {name =~"APU*" && jtag_cable_name =~ "Xilinx TUL 1234-tulA"} -index 0
stop
ps7_init
ps7_post_config
targets -set -nocase -filter {name =~ "ARM*#0" && jtag_cable_name =~ "Xilinx TUL 1234-tulA"} -index 0
rst -processor
targets -set -nocase -filter {name =~ "ARM*#0" && jtag_cable_name =~ "Xilinx TUL 1234-tulA"} -index 0
dow D:/Documents/Vivado_data/soc_uart/soc_uart.sdk/uart_sdk/Debug/uart_sdk.elf
configparams force-mem-access 0
----------------End of Script----------------

22:53:59 INFO  : Memory regions updated for context APU
22:53:59 INFO  : Context for processor 'ps7_cortexa9_0' is selected.
22:53:59 INFO  : 'con' command is executed.
22:53:59 INFO  : ----------------XSDB Script (After Launch)----------------
targets -set -nocase -filter {name =~ "ARM*#0" && jtag_cable_name =~ "Xilinx TUL 1234-tulA"} -index 0
con
----------------End of Script----------------

22:53:59 INFO  : Launch script is exported to file 'D:\Documents\Vivado_data\soc_uart\soc_uart.sdk\.sdk\launch_scripts\xilinx_c-c++_application_(system_debugger)\system_debugger_using_debug_uart_sdk.elf_on_local.tcl'
22:55:03 INFO  : Disconnected from the channel tcfchan#5.
22:55:04 INFO  : 'targets -set -filter {jtag_cable_name =~ "Xilinx TUL 1234-tulA" && level==0} -index 1' command is executed.
22:55:04 INFO  : 'fpga -state' command is executed.
22:55:04 INFO  : Connected to target on host '127.0.0.1' and port '3121'.
22:55:04 INFO  : Jtag cable 'Xilinx TUL 1234-tulA' is selected.
22:55:04 INFO  : 'jtag frequency' command is executed.
22:55:04 INFO  : Sourcing of 'D:/Documents/Vivado_data/soc_uart/soc_uart.sdk/design_1_wrapper_hw_platform_0/ps7_init.tcl' is done.
22:55:04 INFO  : Context for 'APU' is selected.
22:55:05 INFO  : Hardware design information is loaded from 'D:/Documents/Vivado_data/soc_uart/soc_uart.sdk/design_1_wrapper_hw_platform_0/system.hdf'.
22:55:05 INFO  : 'configparams force-mem-access 1' command is executed.
22:55:05 INFO  : Context for 'APU' is selected.
22:55:05 INFO  : 'stop' command is executed.
22:55:05 INFO  : 'ps7_init' command is executed.
22:55:05 INFO  : 'ps7_post_config' command is executed.
22:55:05 INFO  : Context for processor 'ps7_cortexa9_0' is selected.
22:55:05 INFO  : Processor reset is completed for 'ps7_cortexa9_0'.
22:55:05 INFO  : Context for processor 'ps7_cortexa9_0' is selected.
22:55:06 INFO  : The application 'D:/Documents/Vivado_data/soc_uart/soc_uart.sdk/uart_sdk/Debug/uart_sdk.elf' is downloaded to processor 'ps7_cortexa9_0'.
22:55:06 INFO  : 'configparams force-mem-access 0' command is executed.
22:55:06 INFO  : ----------------XSDB Script----------------
connect -url tcp:127.0.0.1:3121
source D:/Documents/Vivado_data/soc_uart/soc_uart.sdk/design_1_wrapper_hw_platform_0/ps7_init.tcl
targets -set -nocase -filter {name =~"APU*" && jtag_cable_name =~ "Xilinx TUL 1234-tulA"} -index 0
loadhw -hw D:/Documents/Vivado_data/soc_uart/soc_uart.sdk/design_1_wrapper_hw_platform_0/system.hdf -mem-ranges [list {0x40000000 0xbfffffff}]
configparams force-mem-access 1
targets -set -nocase -filter {name =~"APU*" && jtag_cable_name =~ "Xilinx TUL 1234-tulA"} -index 0
stop
ps7_init
ps7_post_config
targets -set -nocase -filter {name =~ "ARM*#0" && jtag_cable_name =~ "Xilinx TUL 1234-tulA"} -index 0
rst -processor
targets -set -nocase -filter {name =~ "ARM*#0" && jtag_cable_name =~ "Xilinx TUL 1234-tulA"} -index 0
dow D:/Documents/Vivado_data/soc_uart/soc_uart.sdk/uart_sdk/Debug/uart_sdk.elf
configparams force-mem-access 0
----------------End of Script----------------

22:55:06 INFO  : Memory regions updated for context APU
22:55:06 INFO  : Context for processor 'ps7_cortexa9_0' is selected.
22:55:06 INFO  : 'con' command is executed.
22:55:06 INFO  : ----------------XSDB Script (After Launch)----------------
targets -set -nocase -filter {name =~ "ARM*#0" && jtag_cable_name =~ "Xilinx TUL 1234-tulA"} -index 0
con
----------------End of Script----------------

22:55:06 INFO  : Launch script is exported to file 'D:\Documents\Vivado_data\soc_uart\soc_uart.sdk\.sdk\launch_scripts\xilinx_c-c++_application_(system_debugger)\system_debugger_using_debug_uart_sdk.elf_on_local.tcl'
22:56:41 INFO  : Disconnected from the channel tcfchan#6.
22:56:42 INFO  : 'targets -set -filter {jtag_cable_name =~ "Xilinx TUL 1234-tulA" && level==0} -index 1' command is executed.
22:56:42 INFO  : 'fpga -state' command is executed.
22:56:42 INFO  : Connected to target on host '127.0.0.1' and port '3121'.
22:56:42 INFO  : Jtag cable 'Xilinx TUL 1234-tulA' is selected.
22:56:42 INFO  : 'jtag frequency' command is executed.
22:56:42 INFO  : Sourcing of 'D:/Documents/Vivado_data/soc_uart/soc_uart.sdk/design_1_wrapper_hw_platform_0/ps7_init.tcl' is done.
22:56:42 INFO  : Context for 'APU' is selected.
22:56:43 INFO  : Hardware design information is loaded from 'D:/Documents/Vivado_data/soc_uart/soc_uart.sdk/design_1_wrapper_hw_platform_0/system.hdf'.
22:56:43 INFO  : 'configparams force-mem-access 1' command is executed.
22:56:43 INFO  : Context for 'APU' is selected.
22:56:43 INFO  : 'stop' command is executed.
22:56:44 INFO  : 'ps7_init' command is executed.
22:56:44 INFO  : 'ps7_post_config' command is executed.
22:56:44 INFO  : Context for processor 'ps7_cortexa9_0' is selected.
22:56:44 INFO  : Processor reset is completed for 'ps7_cortexa9_0'.
22:56:44 INFO  : Context for processor 'ps7_cortexa9_0' is selected.
22:56:44 INFO  : The application 'D:/Documents/Vivado_data/soc_uart/soc_uart.sdk/uart_sdk/Debug/uart_sdk.elf' is downloaded to processor 'ps7_cortexa9_0'.
22:56:44 INFO  : 'configparams force-mem-access 0' command is executed.
22:56:44 INFO  : ----------------XSDB Script----------------
connect -url tcp:127.0.0.1:3121
source D:/Documents/Vivado_data/soc_uart/soc_uart.sdk/design_1_wrapper_hw_platform_0/ps7_init.tcl
targets -set -nocase -filter {name =~"APU*" && jtag_cable_name =~ "Xilinx TUL 1234-tulA"} -index 0
loadhw -hw D:/Documents/Vivado_data/soc_uart/soc_uart.sdk/design_1_wrapper_hw_platform_0/system.hdf -mem-ranges [list {0x40000000 0xbfffffff}]
configparams force-mem-access 1
targets -set -nocase -filter {name =~"APU*" && jtag_cable_name =~ "Xilinx TUL 1234-tulA"} -index 0
stop
ps7_init
ps7_post_config
targets -set -nocase -filter {name =~ "ARM*#0" && jtag_cable_name =~ "Xilinx TUL 1234-tulA"} -index 0
rst -processor
targets -set -nocase -filter {name =~ "ARM*#0" && jtag_cable_name =~ "Xilinx TUL 1234-tulA"} -index 0
dow D:/Documents/Vivado_data/soc_uart/soc_uart.sdk/uart_sdk/Debug/uart_sdk.elf
configparams force-mem-access 0
----------------End of Script----------------

22:56:44 INFO  : Memory regions updated for context APU
22:56:44 INFO  : Context for processor 'ps7_cortexa9_0' is selected.
22:56:44 INFO  : 'con' command is executed.
22:56:44 INFO  : ----------------XSDB Script (After Launch)----------------
targets -set -nocase -filter {name =~ "ARM*#0" && jtag_cable_name =~ "Xilinx TUL 1234-tulA"} -index 0
con
----------------End of Script----------------

22:56:44 INFO  : Launch script is exported to file 'D:\Documents\Vivado_data\soc_uart\soc_uart.sdk\.sdk\launch_scripts\xilinx_c-c++_application_(system_debugger)\system_debugger_using_debug_uart_sdk.elf_on_local.tcl'
22:57:16 INFO  : Disconnected from the channel tcfchan#7.
22:57:17 INFO  : 'targets -set -filter {jtag_cable_name =~ "Xilinx TUL 1234-tulA" && level==0} -index 1' command is executed.
22:57:17 INFO  : 'fpga -state' command is executed.
22:57:17 INFO  : Connected to target on host '127.0.0.1' and port '3121'.
22:57:17 INFO  : Jtag cable 'Xilinx TUL 1234-tulA' is selected.
22:57:17 INFO  : 'jtag frequency' command is executed.
22:57:17 INFO  : Sourcing of 'D:/Documents/Vivado_data/soc_uart/soc_uart.sdk/design_1_wrapper_hw_platform_0/ps7_init.tcl' is done.
22:57:17 INFO  : Context for 'APU' is selected.
22:57:18 INFO  : Hardware design information is loaded from 'D:/Documents/Vivado_data/soc_uart/soc_uart.sdk/design_1_wrapper_hw_platform_0/system.hdf'.
22:57:18 INFO  : 'configparams force-mem-access 1' command is executed.
22:57:18 INFO  : Context for 'APU' is selected.
22:57:18 INFO  : 'stop' command is executed.
22:57:18 INFO  : 'ps7_init' command is executed.
22:57:18 INFO  : 'ps7_post_config' command is executed.
22:57:18 INFO  : Context for processor 'ps7_cortexa9_0' is selected.
22:57:18 INFO  : Processor reset is completed for 'ps7_cortexa9_0'.
22:57:18 INFO  : Context for processor 'ps7_cortexa9_0' is selected.
22:57:18 INFO  : The application 'D:/Documents/Vivado_data/soc_uart/soc_uart.sdk/uart_sdk/Debug/uart_sdk.elf' is downloaded to processor 'ps7_cortexa9_0'.
22:57:18 INFO  : 'configparams force-mem-access 0' command is executed.
22:57:18 INFO  : ----------------XSDB Script----------------
connect -url tcp:127.0.0.1:3121
source D:/Documents/Vivado_data/soc_uart/soc_uart.sdk/design_1_wrapper_hw_platform_0/ps7_init.tcl
targets -set -nocase -filter {name =~"APU*" && jtag_cable_name =~ "Xilinx TUL 1234-tulA"} -index 0
loadhw -hw D:/Documents/Vivado_data/soc_uart/soc_uart.sdk/design_1_wrapper_hw_platform_0/system.hdf -mem-ranges [list {0x40000000 0xbfffffff}]
configparams force-mem-access 1
targets -set -nocase -filter {name =~"APU*" && jtag_cable_name =~ "Xilinx TUL 1234-tulA"} -index 0
stop
ps7_init
ps7_post_config
targets -set -nocase -filter {name =~ "ARM*#0" && jtag_cable_name =~ "Xilinx TUL 1234-tulA"} -index 0
rst -processor
targets -set -nocase -filter {name =~ "ARM*#0" && jtag_cable_name =~ "Xilinx TUL 1234-tulA"} -index 0
dow D:/Documents/Vivado_data/soc_uart/soc_uart.sdk/uart_sdk/Debug/uart_sdk.elf
configparams force-mem-access 0
----------------End of Script----------------

22:57:18 INFO  : Memory regions updated for context APU
22:57:18 INFO  : Context for processor 'ps7_cortexa9_0' is selected.
22:57:18 INFO  : 'con' command is executed.
22:57:18 INFO  : ----------------XSDB Script (After Launch)----------------
targets -set -nocase -filter {name =~ "ARM*#0" && jtag_cable_name =~ "Xilinx TUL 1234-tulA"} -index 0
con
----------------End of Script----------------

22:57:18 INFO  : Launch script is exported to file 'D:\Documents\Vivado_data\soc_uart\soc_uart.sdk\.sdk\launch_scripts\xilinx_c-c++_application_(system_debugger)\system_debugger_using_debug_uart_sdk.elf_on_local.tcl'
23:02:03 INFO  : Disconnected from the channel tcfchan#8.
23:02:04 INFO  : 'targets -set -filter {jtag_cable_name =~ "Xilinx TUL 1234-tulA" && level==0} -index 1' command is executed.
23:02:04 INFO  : 'fpga -state' command is executed.
23:02:04 INFO  : Connected to target on host '127.0.0.1' and port '3121'.
23:02:04 INFO  : Jtag cable 'Xilinx TUL 1234-tulA' is selected.
23:02:04 INFO  : 'jtag frequency' command is executed.
23:02:04 INFO  : Sourcing of 'D:/Documents/Vivado_data/soc_uart/soc_uart.sdk/design_1_wrapper_hw_platform_0/ps7_init.tcl' is done.
23:02:04 INFO  : Context for 'APU' is selected.
23:02:05 INFO  : Hardware design information is loaded from 'D:/Documents/Vivado_data/soc_uart/soc_uart.sdk/design_1_wrapper_hw_platform_0/system.hdf'.
23:02:05 INFO  : 'configparams force-mem-access 1' command is executed.
23:02:05 INFO  : Context for 'APU' is selected.
23:02:05 INFO  : 'stop' command is executed.
23:02:06 INFO  : 'ps7_init' command is executed.
23:02:06 INFO  : 'ps7_post_config' command is executed.
23:02:06 INFO  : Context for processor 'ps7_cortexa9_0' is selected.
23:02:06 INFO  : Processor reset is completed for 'ps7_cortexa9_0'.
23:02:06 INFO  : Context for processor 'ps7_cortexa9_0' is selected.
23:02:06 INFO  : The application 'D:/Documents/Vivado_data/soc_uart/soc_uart.sdk/uart_sdk/Debug/uart_sdk.elf' is downloaded to processor 'ps7_cortexa9_0'.
23:02:06 INFO  : 'configparams force-mem-access 0' command is executed.
23:02:06 INFO  : ----------------XSDB Script----------------
connect -url tcp:127.0.0.1:3121
source D:/Documents/Vivado_data/soc_uart/soc_uart.sdk/design_1_wrapper_hw_platform_0/ps7_init.tcl
targets -set -nocase -filter {name =~"APU*" && jtag_cable_name =~ "Xilinx TUL 1234-tulA"} -index 0
loadhw -hw D:/Documents/Vivado_data/soc_uart/soc_uart.sdk/design_1_wrapper_hw_platform_0/system.hdf -mem-ranges [list {0x40000000 0xbfffffff}]
configparams force-mem-access 1
targets -set -nocase -filter {name =~"APU*" && jtag_cable_name =~ "Xilinx TUL 1234-tulA"} -index 0
stop
ps7_init
ps7_post_config
targets -set -nocase -filter {name =~ "ARM*#0" && jtag_cable_name =~ "Xilinx TUL 1234-tulA"} -index 0
rst -processor
targets -set -nocase -filter {name =~ "ARM*#0" && jtag_cable_name =~ "Xilinx TUL 1234-tulA"} -index 0
dow D:/Documents/Vivado_data/soc_uart/soc_uart.sdk/uart_sdk/Debug/uart_sdk.elf
configparams force-mem-access 0
----------------End of Script----------------

23:02:06 INFO  : Memory regions updated for context APU
23:02:06 INFO  : Context for processor 'ps7_cortexa9_0' is selected.
23:02:06 INFO  : 'con' command is executed.
23:02:06 INFO  : ----------------XSDB Script (After Launch)----------------
targets -set -nocase -filter {name =~ "ARM*#0" && jtag_cable_name =~ "Xilinx TUL 1234-tulA"} -index 0
con
----------------End of Script----------------

23:02:06 INFO  : Launch script is exported to file 'D:\Documents\Vivado_data\soc_uart\soc_uart.sdk\.sdk\launch_scripts\xilinx_c-c++_application_(system_debugger)\system_debugger_using_debug_uart_sdk.elf_on_local.tcl'
23:04:02 INFO  : Disconnected from the channel tcfchan#9.
23:04:04 INFO  : 'targets -set -filter {jtag_cable_name =~ "Xilinx TUL 1234-tulA" && level==0} -index 1' command is executed.
23:04:04 INFO  : 'fpga -state' command is executed.
23:04:04 INFO  : Connected to target on host '127.0.0.1' and port '3121'.
23:04:04 INFO  : Jtag cable 'Xilinx TUL 1234-tulA' is selected.
23:04:04 INFO  : 'jtag frequency' command is executed.
23:04:04 INFO  : Sourcing of 'D:/Documents/Vivado_data/soc_uart/soc_uart.sdk/design_1_wrapper_hw_platform_0/ps7_init.tcl' is done.
23:04:04 INFO  : Context for 'APU' is selected.
23:04:05 INFO  : Hardware design information is loaded from 'D:/Documents/Vivado_data/soc_uart/soc_uart.sdk/design_1_wrapper_hw_platform_0/system.hdf'.
23:04:05 INFO  : 'configparams force-mem-access 1' command is executed.
23:04:05 INFO  : Context for 'APU' is selected.
23:04:05 INFO  : 'stop' command is executed.
23:04:05 INFO  : 'ps7_init' command is executed.
23:04:05 INFO  : 'ps7_post_config' command is executed.
23:04:05 INFO  : Context for processor 'ps7_cortexa9_0' is selected.
23:04:05 INFO  : Processor reset is completed for 'ps7_cortexa9_0'.
23:04:05 INFO  : Context for processor 'ps7_cortexa9_0' is selected.
23:04:05 INFO  : The application 'D:/Documents/Vivado_data/soc_uart/soc_uart.sdk/uart_sdk/Debug/uart_sdk.elf' is downloaded to processor 'ps7_cortexa9_0'.
23:04:05 INFO  : 'configparams force-mem-access 0' command is executed.
23:04:05 INFO  : ----------------XSDB Script----------------
connect -url tcp:127.0.0.1:3121
source D:/Documents/Vivado_data/soc_uart/soc_uart.sdk/design_1_wrapper_hw_platform_0/ps7_init.tcl
targets -set -nocase -filter {name =~"APU*" && jtag_cable_name =~ "Xilinx TUL 1234-tulA"} -index 0
loadhw -hw D:/Documents/Vivado_data/soc_uart/soc_uart.sdk/design_1_wrapper_hw_platform_0/system.hdf -mem-ranges [list {0x40000000 0xbfffffff}]
configparams force-mem-access 1
targets -set -nocase -filter {name =~"APU*" && jtag_cable_name =~ "Xilinx TUL 1234-tulA"} -index 0
stop
ps7_init
ps7_post_config
targets -set -nocase -filter {name =~ "ARM*#0" && jtag_cable_name =~ "Xilinx TUL 1234-tulA"} -index 0
rst -processor
targets -set -nocase -filter {name =~ "ARM*#0" && jtag_cable_name =~ "Xilinx TUL 1234-tulA"} -index 0
dow D:/Documents/Vivado_data/soc_uart/soc_uart.sdk/uart_sdk/Debug/uart_sdk.elf
configparams force-mem-access 0
----------------End of Script----------------

23:04:05 INFO  : Memory regions updated for context APU
23:04:05 INFO  : Context for processor 'ps7_cortexa9_0' is selected.
23:04:05 INFO  : 'con' command is executed.
23:04:05 INFO  : ----------------XSDB Script (After Launch)----------------
targets -set -nocase -filter {name =~ "ARM*#0" && jtag_cable_name =~ "Xilinx TUL 1234-tulA"} -index 0
con
----------------End of Script----------------

23:04:05 INFO  : Launch script is exported to file 'D:\Documents\Vivado_data\soc_uart\soc_uart.sdk\.sdk\launch_scripts\xilinx_c-c++_application_(system_debugger)\system_debugger_using_debug_uart_sdk.elf_on_local.tcl'
23:04:16 INFO  : Disconnected from the channel tcfchan#10.
23:04:17 INFO  : 'targets -set -filter {jtag_cable_name =~ "Xilinx TUL 1234-tulA" && level==0} -index 1' command is executed.
23:04:17 INFO  : 'fpga -state' command is executed.
23:04:17 INFO  : Connected to target on host '127.0.0.1' and port '3121'.
23:04:17 INFO  : Jtag cable 'Xilinx TUL 1234-tulA' is selected.
23:04:17 INFO  : 'jtag frequency' command is executed.
23:04:17 INFO  : Sourcing of 'D:/Documents/Vivado_data/soc_uart/soc_uart.sdk/design_1_wrapper_hw_platform_0/ps7_init.tcl' is done.
23:04:17 INFO  : Context for 'APU' is selected.
23:04:18 INFO  : Hardware design information is loaded from 'D:/Documents/Vivado_data/soc_uart/soc_uart.sdk/design_1_wrapper_hw_platform_0/system.hdf'.
23:04:18 INFO  : 'configparams force-mem-access 1' command is executed.
23:04:18 INFO  : Context for 'APU' is selected.
23:04:18 INFO  : 'stop' command is executed.
23:04:18 INFO  : 'ps7_init' command is executed.
23:04:18 INFO  : 'ps7_post_config' command is executed.
23:04:18 INFO  : Context for processor 'ps7_cortexa9_0' is selected.
23:04:18 INFO  : Processor reset is completed for 'ps7_cortexa9_0'.
23:04:18 INFO  : Context for processor 'ps7_cortexa9_0' is selected.
23:04:18 INFO  : The application 'D:/Documents/Vivado_data/soc_uart/soc_uart.sdk/uart_sdk/Debug/uart_sdk.elf' is downloaded to processor 'ps7_cortexa9_0'.
23:04:18 INFO  : 'configparams force-mem-access 0' command is executed.
23:04:18 INFO  : ----------------XSDB Script----------------
connect -url tcp:127.0.0.1:3121
source D:/Documents/Vivado_data/soc_uart/soc_uart.sdk/design_1_wrapper_hw_platform_0/ps7_init.tcl
targets -set -nocase -filter {name =~"APU*" && jtag_cable_name =~ "Xilinx TUL 1234-tulA"} -index 0
loadhw -hw D:/Documents/Vivado_data/soc_uart/soc_uart.sdk/design_1_wrapper_hw_platform_0/system.hdf -mem-ranges [list {0x40000000 0xbfffffff}]
configparams force-mem-access 1
targets -set -nocase -filter {name =~"APU*" && jtag_cable_name =~ "Xilinx TUL 1234-tulA"} -index 0
stop
ps7_init
ps7_post_config
targets -set -nocase -filter {name =~ "ARM*#0" && jtag_cable_name =~ "Xilinx TUL 1234-tulA"} -index 0
rst -processor
targets -set -nocase -filter {name =~ "ARM*#0" && jtag_cable_name =~ "Xilinx TUL 1234-tulA"} -index 0
dow D:/Documents/Vivado_data/soc_uart/soc_uart.sdk/uart_sdk/Debug/uart_sdk.elf
configparams force-mem-access 0
----------------End of Script----------------

23:04:18 INFO  : Memory regions updated for context APU
23:04:19 INFO  : Context for processor 'ps7_cortexa9_0' is selected.
23:04:19 INFO  : 'con' command is executed.
23:04:19 INFO  : ----------------XSDB Script (After Launch)----------------
targets -set -nocase -filter {name =~ "ARM*#0" && jtag_cable_name =~ "Xilinx TUL 1234-tulA"} -index 0
con
----------------End of Script----------------

23:04:19 INFO  : Launch script is exported to file 'D:\Documents\Vivado_data\soc_uart\soc_uart.sdk\.sdk\launch_scripts\xilinx_c-c++_application_(system_debugger)\system_debugger_using_debug_uart_sdk.elf_on_local.tcl'
23:11:37 INFO  : Disconnected from the channel tcfchan#11.
23:11:38 INFO  : 'targets -set -filter {jtag_cable_name =~ "Xilinx TUL 1234-tulA" && level==0} -index 1' command is executed.
23:11:39 INFO  : 'fpga -state' command is executed.
23:11:39 INFO  : Connected to target on host '127.0.0.1' and port '3121'.
23:11:39 INFO  : Jtag cable 'Xilinx TUL 1234-tulA' is selected.
23:11:39 INFO  : 'jtag frequency' command is executed.
23:11:39 INFO  : Sourcing of 'D:/Documents/Vivado_data/soc_uart/soc_uart.sdk/design_1_wrapper_hw_platform_0/ps7_init.tcl' is done.
23:11:39 INFO  : Context for 'APU' is selected.
23:11:40 INFO  : Hardware design information is loaded from 'D:/Documents/Vivado_data/soc_uart/soc_uart.sdk/design_1_wrapper_hw_platform_0/system.hdf'.
23:11:40 INFO  : 'configparams force-mem-access 1' command is executed.
23:11:40 INFO  : Context for 'APU' is selected.
23:11:40 INFO  : 'stop' command is executed.
23:11:40 INFO  : 'ps7_init' command is executed.
23:11:40 INFO  : 'ps7_post_config' command is executed.
23:11:40 INFO  : Context for processor 'ps7_cortexa9_0' is selected.
23:11:40 INFO  : Processor reset is completed for 'ps7_cortexa9_0'.
23:11:40 INFO  : Context for processor 'ps7_cortexa9_0' is selected.
23:11:40 INFO  : The application 'D:/Documents/Vivado_data/soc_uart/soc_uart.sdk/uart_sdk/Debug/uart_sdk.elf' is downloaded to processor 'ps7_cortexa9_0'.
23:11:40 INFO  : 'configparams force-mem-access 0' command is executed.
23:11:40 INFO  : ----------------XSDB Script----------------
connect -url tcp:127.0.0.1:3121
source D:/Documents/Vivado_data/soc_uart/soc_uart.sdk/design_1_wrapper_hw_platform_0/ps7_init.tcl
targets -set -nocase -filter {name =~"APU*" && jtag_cable_name =~ "Xilinx TUL 1234-tulA"} -index 0
loadhw -hw D:/Documents/Vivado_data/soc_uart/soc_uart.sdk/design_1_wrapper_hw_platform_0/system.hdf -mem-ranges [list {0x40000000 0xbfffffff}]
configparams force-mem-access 1
targets -set -nocase -filter {name =~"APU*" && jtag_cable_name =~ "Xilinx TUL 1234-tulA"} -index 0
stop
ps7_init
ps7_post_config
targets -set -nocase -filter {name =~ "ARM*#0" && jtag_cable_name =~ "Xilinx TUL 1234-tulA"} -index 0
rst -processor
targets -set -nocase -filter {name =~ "ARM*#0" && jtag_cable_name =~ "Xilinx TUL 1234-tulA"} -index 0
dow D:/Documents/Vivado_data/soc_uart/soc_uart.sdk/uart_sdk/Debug/uart_sdk.elf
configparams force-mem-access 0
----------------End of Script----------------

23:11:40 INFO  : Memory regions updated for context APU
23:11:40 INFO  : Context for processor 'ps7_cortexa9_0' is selected.
23:11:40 INFO  : 'con' command is executed.
23:11:40 INFO  : ----------------XSDB Script (After Launch)----------------
targets -set -nocase -filter {name =~ "ARM*#0" && jtag_cable_name =~ "Xilinx TUL 1234-tulA"} -index 0
con
----------------End of Script----------------

23:11:40 INFO  : Launch script is exported to file 'D:\Documents\Vivado_data\soc_uart\soc_uart.sdk\.sdk\launch_scripts\xilinx_c-c++_application_(system_debugger)\system_debugger_using_debug_uart_sdk.elf_on_local.tcl'
23:13:07 INFO  : Disconnected from the channel tcfchan#12.
23:13:08 INFO  : 'targets -set -filter {jtag_cable_name =~ "Xilinx TUL 1234-tulA" && level==0} -index 1' command is executed.
23:13:08 INFO  : 'fpga -state' command is executed.
23:13:08 INFO  : Connected to target on host '127.0.0.1' and port '3121'.
23:13:08 INFO  : Jtag cable 'Xilinx TUL 1234-tulA' is selected.
23:13:08 INFO  : 'jtag frequency' command is executed.
23:13:08 INFO  : Sourcing of 'D:/Documents/Vivado_data/soc_uart/soc_uart.sdk/design_1_wrapper_hw_platform_0/ps7_init.tcl' is done.
23:13:08 INFO  : Context for 'APU' is selected.
23:13:09 INFO  : Hardware design information is loaded from 'D:/Documents/Vivado_data/soc_uart/soc_uart.sdk/design_1_wrapper_hw_platform_0/system.hdf'.
23:13:09 INFO  : 'configparams force-mem-access 1' command is executed.
23:13:09 INFO  : Context for 'APU' is selected.
23:13:09 INFO  : 'stop' command is executed.
23:13:09 INFO  : 'ps7_init' command is executed.
23:13:09 INFO  : 'ps7_post_config' command is executed.
23:13:09 INFO  : Context for processor 'ps7_cortexa9_0' is selected.
23:13:10 INFO  : Processor reset is completed for 'ps7_cortexa9_0'.
23:13:10 INFO  : Context for processor 'ps7_cortexa9_0' is selected.
23:13:10 INFO  : The application 'D:/Documents/Vivado_data/soc_uart/soc_uart.sdk/uart_sdk/Debug/uart_sdk.elf' is downloaded to processor 'ps7_cortexa9_0'.
23:13:10 INFO  : 'configparams force-mem-access 0' command is executed.
23:13:10 INFO  : ----------------XSDB Script----------------
connect -url tcp:127.0.0.1:3121
source D:/Documents/Vivado_data/soc_uart/soc_uart.sdk/design_1_wrapper_hw_platform_0/ps7_init.tcl
targets -set -nocase -filter {name =~"APU*" && jtag_cable_name =~ "Xilinx TUL 1234-tulA"} -index 0
loadhw -hw D:/Documents/Vivado_data/soc_uart/soc_uart.sdk/design_1_wrapper_hw_platform_0/system.hdf -mem-ranges [list {0x40000000 0xbfffffff}]
configparams force-mem-access 1
targets -set -nocase -filter {name =~"APU*" && jtag_cable_name =~ "Xilinx TUL 1234-tulA"} -index 0
stop
ps7_init
ps7_post_config
targets -set -nocase -filter {name =~ "ARM*#0" && jtag_cable_name =~ "Xilinx TUL 1234-tulA"} -index 0
rst -processor
targets -set -nocase -filter {name =~ "ARM*#0" && jtag_cable_name =~ "Xilinx TUL 1234-tulA"} -index 0
dow D:/Documents/Vivado_data/soc_uart/soc_uart.sdk/uart_sdk/Debug/uart_sdk.elf
configparams force-mem-access 0
----------------End of Script----------------

23:13:10 INFO  : Memory regions updated for context APU
23:13:10 INFO  : Context for processor 'ps7_cortexa9_0' is selected.
23:13:10 INFO  : 'con' command is executed.
23:13:10 INFO  : ----------------XSDB Script (After Launch)----------------
targets -set -nocase -filter {name =~ "ARM*#0" && jtag_cable_name =~ "Xilinx TUL 1234-tulA"} -index 0
con
----------------End of Script----------------

23:13:10 INFO  : Launch script is exported to file 'D:\Documents\Vivado_data\soc_uart\soc_uart.sdk\.sdk\launch_scripts\xilinx_c-c++_application_(system_debugger)\system_debugger_using_debug_uart_sdk.elf_on_local.tcl'
23:14:18 INFO  : Disconnected from the channel tcfchan#13.
23:14:19 INFO  : 'targets -set -filter {jtag_cable_name =~ "Xilinx TUL 1234-tulA" && level==0} -index 1' command is executed.
23:14:19 INFO  : 'fpga -state' command is executed.
23:14:19 INFO  : Connected to target on host '127.0.0.1' and port '3121'.
23:14:19 INFO  : Jtag cable 'Xilinx TUL 1234-tulA' is selected.
23:14:19 INFO  : 'jtag frequency' command is executed.
23:14:19 INFO  : Sourcing of 'D:/Documents/Vivado_data/soc_uart/soc_uart.sdk/design_1_wrapper_hw_platform_0/ps7_init.tcl' is done.
23:14:19 INFO  : Context for 'APU' is selected.
23:14:20 INFO  : Hardware design information is loaded from 'D:/Documents/Vivado_data/soc_uart/soc_uart.sdk/design_1_wrapper_hw_platform_0/system.hdf'.
23:14:20 INFO  : 'configparams force-mem-access 1' command is executed.
23:14:20 INFO  : Context for 'APU' is selected.
23:14:20 INFO  : 'stop' command is executed.
23:14:21 INFO  : 'ps7_init' command is executed.
23:14:21 INFO  : 'ps7_post_config' command is executed.
23:14:21 INFO  : Context for processor 'ps7_cortexa9_0' is selected.
23:14:21 INFO  : Processor reset is completed for 'ps7_cortexa9_0'.
23:14:21 INFO  : Context for processor 'ps7_cortexa9_0' is selected.
23:14:21 INFO  : The application 'D:/Documents/Vivado_data/soc_uart/soc_uart.sdk/uart_sdk/Debug/uart_sdk.elf' is downloaded to processor 'ps7_cortexa9_0'.
23:14:21 INFO  : 'configparams force-mem-access 0' command is executed.
23:14:21 INFO  : ----------------XSDB Script----------------
connect -url tcp:127.0.0.1:3121
source D:/Documents/Vivado_data/soc_uart/soc_uart.sdk/design_1_wrapper_hw_platform_0/ps7_init.tcl
targets -set -nocase -filter {name =~"APU*" && jtag_cable_name =~ "Xilinx TUL 1234-tulA"} -index 0
loadhw -hw D:/Documents/Vivado_data/soc_uart/soc_uart.sdk/design_1_wrapper_hw_platform_0/system.hdf -mem-ranges [list {0x40000000 0xbfffffff}]
configparams force-mem-access 1
targets -set -nocase -filter {name =~"APU*" && jtag_cable_name =~ "Xilinx TUL 1234-tulA"} -index 0
stop
ps7_init
ps7_post_config
targets -set -nocase -filter {name =~ "ARM*#0" && jtag_cable_name =~ "Xilinx TUL 1234-tulA"} -index 0
rst -processor
targets -set -nocase -filter {name =~ "ARM*#0" && jtag_cable_name =~ "Xilinx TUL 1234-tulA"} -index 0
dow D:/Documents/Vivado_data/soc_uart/soc_uart.sdk/uart_sdk/Debug/uart_sdk.elf
configparams force-mem-access 0
----------------End of Script----------------

23:14:21 INFO  : Memory regions updated for context APU
23:14:21 INFO  : Context for processor 'ps7_cortexa9_0' is selected.
23:14:21 INFO  : 'con' command is executed.
23:14:21 INFO  : ----------------XSDB Script (After Launch)----------------
targets -set -nocase -filter {name =~ "ARM*#0" && jtag_cable_name =~ "Xilinx TUL 1234-tulA"} -index 0
con
----------------End of Script----------------

23:14:21 INFO  : Launch script is exported to file 'D:\Documents\Vivado_data\soc_uart\soc_uart.sdk\.sdk\launch_scripts\xilinx_c-c++_application_(system_debugger)\system_debugger_using_debug_uart_sdk.elf_on_local.tcl'
23:16:07 INFO  : Disconnected from the channel tcfchan#14.
23:16:08 INFO  : 'targets -set -filter {jtag_cable_name =~ "Xilinx TUL 1234-tulA" && level==0} -index 1' command is executed.
23:16:08 INFO  : 'fpga -state' command is executed.
23:16:08 INFO  : Connected to target on host '127.0.0.1' and port '3121'.
23:16:08 INFO  : Jtag cable 'Xilinx TUL 1234-tulA' is selected.
23:16:08 INFO  : 'jtag frequency' command is executed.
23:16:08 INFO  : Sourcing of 'D:/Documents/Vivado_data/soc_uart/soc_uart.sdk/design_1_wrapper_hw_platform_0/ps7_init.tcl' is done.
23:16:08 INFO  : Context for 'APU' is selected.
23:16:09 INFO  : Hardware design information is loaded from 'D:/Documents/Vivado_data/soc_uart/soc_uart.sdk/design_1_wrapper_hw_platform_0/system.hdf'.
23:16:09 INFO  : 'configparams force-mem-access 1' command is executed.
23:16:09 INFO  : Context for 'APU' is selected.
23:16:09 INFO  : 'stop' command is executed.
23:16:10 INFO  : 'ps7_init' command is executed.
23:16:10 INFO  : 'ps7_post_config' command is executed.
23:16:10 INFO  : Context for processor 'ps7_cortexa9_0' is selected.
23:16:10 INFO  : Processor reset is completed for 'ps7_cortexa9_0'.
23:16:10 INFO  : Context for processor 'ps7_cortexa9_0' is selected.
23:16:10 INFO  : The application 'D:/Documents/Vivado_data/soc_uart/soc_uart.sdk/uart_sdk/Debug/uart_sdk.elf' is downloaded to processor 'ps7_cortexa9_0'.
23:16:10 INFO  : 'configparams force-mem-access 0' command is executed.
23:16:10 INFO  : ----------------XSDB Script----------------
connect -url tcp:127.0.0.1:3121
source D:/Documents/Vivado_data/soc_uart/soc_uart.sdk/design_1_wrapper_hw_platform_0/ps7_init.tcl
targets -set -nocase -filter {name =~"APU*" && jtag_cable_name =~ "Xilinx TUL 1234-tulA"} -index 0
loadhw -hw D:/Documents/Vivado_data/soc_uart/soc_uart.sdk/design_1_wrapper_hw_platform_0/system.hdf -mem-ranges [list {0x40000000 0xbfffffff}]
configparams force-mem-access 1
targets -set -nocase -filter {name =~"APU*" && jtag_cable_name =~ "Xilinx TUL 1234-tulA"} -index 0
stop
ps7_init
ps7_post_config
targets -set -nocase -filter {name =~ "ARM*#0" && jtag_cable_name =~ "Xilinx TUL 1234-tulA"} -index 0
rst -processor
targets -set -nocase -filter {name =~ "ARM*#0" && jtag_cable_name =~ "Xilinx TUL 1234-tulA"} -index 0
dow D:/Documents/Vivado_data/soc_uart/soc_uart.sdk/uart_sdk/Debug/uart_sdk.elf
configparams force-mem-access 0
----------------End of Script----------------

23:16:10 INFO  : Memory regions updated for context APU
23:16:10 INFO  : Context for processor 'ps7_cortexa9_0' is selected.
23:16:10 INFO  : 'con' command is executed.
23:16:10 INFO  : ----------------XSDB Script (After Launch)----------------
targets -set -nocase -filter {name =~ "ARM*#0" && jtag_cable_name =~ "Xilinx TUL 1234-tulA"} -index 0
con
----------------End of Script----------------

23:16:10 INFO  : Launch script is exported to file 'D:\Documents\Vivado_data\soc_uart\soc_uart.sdk\.sdk\launch_scripts\xilinx_c-c++_application_(system_debugger)\system_debugger_using_debug_uart_sdk.elf_on_local.tcl'
23:17:11 INFO  : Disconnected from the channel tcfchan#15.
23:17:12 INFO  : 'targets -set -filter {jtag_cable_name =~ "Xilinx TUL 1234-tulA" && level==0} -index 1' command is executed.
23:17:12 INFO  : 'fpga -state' command is executed.
23:17:12 INFO  : Connected to target on host '127.0.0.1' and port '3121'.
23:17:12 INFO  : Jtag cable 'Xilinx TUL 1234-tulA' is selected.
23:17:12 INFO  : 'jtag frequency' command is executed.
23:17:12 INFO  : Sourcing of 'D:/Documents/Vivado_data/soc_uart/soc_uart.sdk/design_1_wrapper_hw_platform_0/ps7_init.tcl' is done.
23:17:12 INFO  : Context for 'APU' is selected.
23:17:13 INFO  : Hardware design information is loaded from 'D:/Documents/Vivado_data/soc_uart/soc_uart.sdk/design_1_wrapper_hw_platform_0/system.hdf'.
23:17:13 INFO  : 'configparams force-mem-access 1' command is executed.
23:17:13 INFO  : Context for 'APU' is selected.
23:17:13 INFO  : 'stop' command is executed.
23:17:13 INFO  : 'ps7_init' command is executed.
23:17:13 INFO  : 'ps7_post_config' command is executed.
23:17:13 INFO  : Context for processor 'ps7_cortexa9_0' is selected.
23:17:13 INFO  : Processor reset is completed for 'ps7_cortexa9_0'.
23:17:13 INFO  : Context for processor 'ps7_cortexa9_0' is selected.
23:17:13 INFO  : The application 'D:/Documents/Vivado_data/soc_uart/soc_uart.sdk/uart_sdk/Debug/uart_sdk.elf' is downloaded to processor 'ps7_cortexa9_0'.
23:17:13 INFO  : 'configparams force-mem-access 0' command is executed.
23:17:13 INFO  : ----------------XSDB Script----------------
connect -url tcp:127.0.0.1:3121
source D:/Documents/Vivado_data/soc_uart/soc_uart.sdk/design_1_wrapper_hw_platform_0/ps7_init.tcl
targets -set -nocase -filter {name =~"APU*" && jtag_cable_name =~ "Xilinx TUL 1234-tulA"} -index 0
loadhw -hw D:/Documents/Vivado_data/soc_uart/soc_uart.sdk/design_1_wrapper_hw_platform_0/system.hdf -mem-ranges [list {0x40000000 0xbfffffff}]
configparams force-mem-access 1
targets -set -nocase -filter {name =~"APU*" && jtag_cable_name =~ "Xilinx TUL 1234-tulA"} -index 0
stop
ps7_init
ps7_post_config
targets -set -nocase -filter {name =~ "ARM*#0" && jtag_cable_name =~ "Xilinx TUL 1234-tulA"} -index 0
rst -processor
targets -set -nocase -filter {name =~ "ARM*#0" && jtag_cable_name =~ "Xilinx TUL 1234-tulA"} -index 0
dow D:/Documents/Vivado_data/soc_uart/soc_uart.sdk/uart_sdk/Debug/uart_sdk.elf
configparams force-mem-access 0
----------------End of Script----------------

23:17:13 INFO  : Memory regions updated for context APU
23:17:13 INFO  : Context for processor 'ps7_cortexa9_0' is selected.
23:17:13 INFO  : 'con' command is executed.
23:17:13 INFO  : ----------------XSDB Script (After Launch)----------------
targets -set -nocase -filter {name =~ "ARM*#0" && jtag_cable_name =~ "Xilinx TUL 1234-tulA"} -index 0
con
----------------End of Script----------------

23:17:13 INFO  : Launch script is exported to file 'D:\Documents\Vivado_data\soc_uart\soc_uart.sdk\.sdk\launch_scripts\xilinx_c-c++_application_(system_debugger)\system_debugger_using_debug_uart_sdk.elf_on_local.tcl'
23:25:52 INFO  : Disconnected from the channel tcfchan#16.
23:25:53 INFO  : 'targets -set -filter {jtag_cable_name =~ "Xilinx TUL 1234-tulA" && level==0} -index 1' command is executed.
23:25:53 INFO  : 'fpga -state' command is executed.
23:25:53 INFO  : Connected to target on host '127.0.0.1' and port '3121'.
23:25:53 INFO  : Jtag cable 'Xilinx TUL 1234-tulA' is selected.
23:25:53 INFO  : 'jtag frequency' command is executed.
23:25:53 INFO  : Sourcing of 'D:/Documents/Vivado_data/soc_uart/soc_uart.sdk/design_1_wrapper_hw_platform_0/ps7_init.tcl' is done.
23:25:53 INFO  : Context for 'APU' is selected.
23:25:54 INFO  : Hardware design information is loaded from 'D:/Documents/Vivado_data/soc_uart/soc_uart.sdk/design_1_wrapper_hw_platform_0/system.hdf'.
23:25:54 INFO  : 'configparams force-mem-access 1' command is executed.
23:25:54 INFO  : Context for 'APU' is selected.
23:25:54 INFO  : 'stop' command is executed.
23:25:54 INFO  : 'ps7_init' command is executed.
23:25:55 INFO  : 'ps7_post_config' command is executed.
23:25:55 INFO  : Context for processor 'ps7_cortexa9_0' is selected.
23:25:55 INFO  : Processor reset is completed for 'ps7_cortexa9_0'.
23:25:55 INFO  : Context for processor 'ps7_cortexa9_0' is selected.
23:25:55 INFO  : The application 'D:/Documents/Vivado_data/soc_uart/soc_uart.sdk/uart_sdk/Debug/uart_sdk.elf' is downloaded to processor 'ps7_cortexa9_0'.
23:25:55 INFO  : 'configparams force-mem-access 0' command is executed.
23:25:55 INFO  : ----------------XSDB Script----------------
connect -url tcp:127.0.0.1:3121
source D:/Documents/Vivado_data/soc_uart/soc_uart.sdk/design_1_wrapper_hw_platform_0/ps7_init.tcl
targets -set -nocase -filter {name =~"APU*" && jtag_cable_name =~ "Xilinx TUL 1234-tulA"} -index 0
loadhw -hw D:/Documents/Vivado_data/soc_uart/soc_uart.sdk/design_1_wrapper_hw_platform_0/system.hdf -mem-ranges [list {0x40000000 0xbfffffff}]
configparams force-mem-access 1
targets -set -nocase -filter {name =~"APU*" && jtag_cable_name =~ "Xilinx TUL 1234-tulA"} -index 0
stop
ps7_init
ps7_post_config
targets -set -nocase -filter {name =~ "ARM*#0" && jtag_cable_name =~ "Xilinx TUL 1234-tulA"} -index 0
rst -processor
targets -set -nocase -filter {name =~ "ARM*#0" && jtag_cable_name =~ "Xilinx TUL 1234-tulA"} -index 0
dow D:/Documents/Vivado_data/soc_uart/soc_uart.sdk/uart_sdk/Debug/uart_sdk.elf
configparams force-mem-access 0
----------------End of Script----------------

23:25:55 INFO  : Memory regions updated for context APU
23:25:55 INFO  : Context for processor 'ps7_cortexa9_0' is selected.
23:25:55 INFO  : 'con' command is executed.
23:25:55 INFO  : ----------------XSDB Script (After Launch)----------------
targets -set -nocase -filter {name =~ "ARM*#0" && jtag_cable_name =~ "Xilinx TUL 1234-tulA"} -index 0
con
----------------End of Script----------------

23:25:55 INFO  : Launch script is exported to file 'D:\Documents\Vivado_data\soc_uart\soc_uart.sdk\.sdk\launch_scripts\xilinx_c-c++_application_(system_debugger)\system_debugger_using_debug_uart_sdk.elf_on_local.tcl'
23:27:54 INFO  : Disconnected from the channel tcfchan#17.
23:27:55 INFO  : 'targets -set -filter {jtag_cable_name =~ "Xilinx TUL 1234-tulA" && level==0} -index 1' command is executed.
23:27:55 INFO  : 'fpga -state' command is executed.
23:27:55 INFO  : Connected to target on host '127.0.0.1' and port '3121'.
23:27:55 INFO  : Jtag cable 'Xilinx TUL 1234-tulA' is selected.
23:27:55 INFO  : 'jtag frequency' command is executed.
23:27:55 INFO  : Sourcing of 'D:/Documents/Vivado_data/soc_uart/soc_uart.sdk/design_1_wrapper_hw_platform_0/ps7_init.tcl' is done.
23:27:55 INFO  : Context for 'APU' is selected.
23:27:56 INFO  : Hardware design information is loaded from 'D:/Documents/Vivado_data/soc_uart/soc_uart.sdk/design_1_wrapper_hw_platform_0/system.hdf'.
23:27:56 INFO  : 'configparams force-mem-access 1' command is executed.
23:27:56 INFO  : Context for 'APU' is selected.
23:27:56 INFO  : 'stop' command is executed.
23:27:56 INFO  : 'ps7_init' command is executed.
23:27:56 INFO  : 'ps7_post_config' command is executed.
23:27:56 INFO  : Context for processor 'ps7_cortexa9_0' is selected.
23:27:56 INFO  : Processor reset is completed for 'ps7_cortexa9_0'.
23:27:56 INFO  : Context for processor 'ps7_cortexa9_0' is selected.
23:27:56 INFO  : The application 'D:/Documents/Vivado_data/soc_uart/soc_uart.sdk/uart_sdk/Debug/uart_sdk.elf' is downloaded to processor 'ps7_cortexa9_0'.
23:27:56 INFO  : 'configparams force-mem-access 0' command is executed.
23:27:56 INFO  : ----------------XSDB Script----------------
connect -url tcp:127.0.0.1:3121
source D:/Documents/Vivado_data/soc_uart/soc_uart.sdk/design_1_wrapper_hw_platform_0/ps7_init.tcl
targets -set -nocase -filter {name =~"APU*" && jtag_cable_name =~ "Xilinx TUL 1234-tulA"} -index 0
loadhw -hw D:/Documents/Vivado_data/soc_uart/soc_uart.sdk/design_1_wrapper_hw_platform_0/system.hdf -mem-ranges [list {0x40000000 0xbfffffff}]
configparams force-mem-access 1
targets -set -nocase -filter {name =~"APU*" && jtag_cable_name =~ "Xilinx TUL 1234-tulA"} -index 0
stop
ps7_init
ps7_post_config
targets -set -nocase -filter {name =~ "ARM*#0" && jtag_cable_name =~ "Xilinx TUL 1234-tulA"} -index 0
rst -processor
targets -set -nocase -filter {name =~ "ARM*#0" && jtag_cable_name =~ "Xilinx TUL 1234-tulA"} -index 0
dow D:/Documents/Vivado_data/soc_uart/soc_uart.sdk/uart_sdk/Debug/uart_sdk.elf
configparams force-mem-access 0
----------------End of Script----------------

23:27:56 INFO  : Memory regions updated for context APU
23:27:56 INFO  : Context for processor 'ps7_cortexa9_0' is selected.
23:27:56 INFO  : 'con' command is executed.
23:27:56 INFO  : ----------------XSDB Script (After Launch)----------------
targets -set -nocase -filter {name =~ "ARM*#0" && jtag_cable_name =~ "Xilinx TUL 1234-tulA"} -index 0
con
----------------End of Script----------------

23:27:56 INFO  : Launch script is exported to file 'D:\Documents\Vivado_data\soc_uart\soc_uart.sdk\.sdk\launch_scripts\xilinx_c-c++_application_(system_debugger)\system_debugger_using_debug_uart_sdk.elf_on_local.tcl'
23:34:24 INFO  : Disconnected from the channel tcfchan#18.
23:34:25 INFO  : 'targets -set -filter {jtag_cable_name =~ "Xilinx TUL 1234-tulA" && level==0} -index 1' command is executed.
23:34:25 INFO  : 'fpga -state' command is executed.
23:34:25 INFO  : Connected to target on host '127.0.0.1' and port '3121'.
23:34:25 INFO  : Jtag cable 'Xilinx TUL 1234-tulA' is selected.
23:34:25 INFO  : 'jtag frequency' command is executed.
23:34:25 INFO  : Sourcing of 'D:/Documents/Vivado_data/soc_uart/soc_uart.sdk/design_1_wrapper_hw_platform_0/ps7_init.tcl' is done.
23:34:25 INFO  : Context for 'APU' is selected.
23:34:26 INFO  : Hardware design information is loaded from 'D:/Documents/Vivado_data/soc_uart/soc_uart.sdk/design_1_wrapper_hw_platform_0/system.hdf'.
23:34:26 INFO  : 'configparams force-mem-access 1' command is executed.
23:34:26 INFO  : Context for 'APU' is selected.
23:34:26 INFO  : 'stop' command is executed.
23:34:26 INFO  : 'ps7_init' command is executed.
23:34:26 INFO  : 'ps7_post_config' command is executed.
23:34:26 INFO  : Context for processor 'ps7_cortexa9_0' is selected.
23:34:26 INFO  : Processor reset is completed for 'ps7_cortexa9_0'.
23:34:26 INFO  : Context for processor 'ps7_cortexa9_0' is selected.
23:34:27 INFO  : The application 'D:/Documents/Vivado_data/soc_uart/soc_uart.sdk/uart_sdk/Debug/uart_sdk.elf' is downloaded to processor 'ps7_cortexa9_0'.
23:34:27 INFO  : 'configparams force-mem-access 0' command is executed.
23:34:27 INFO  : ----------------XSDB Script----------------
connect -url tcp:127.0.0.1:3121
source D:/Documents/Vivado_data/soc_uart/soc_uart.sdk/design_1_wrapper_hw_platform_0/ps7_init.tcl
targets -set -nocase -filter {name =~"APU*" && jtag_cable_name =~ "Xilinx TUL 1234-tulA"} -index 0
loadhw -hw D:/Documents/Vivado_data/soc_uart/soc_uart.sdk/design_1_wrapper_hw_platform_0/system.hdf -mem-ranges [list {0x40000000 0xbfffffff}]
configparams force-mem-access 1
targets -set -nocase -filter {name =~"APU*" && jtag_cable_name =~ "Xilinx TUL 1234-tulA"} -index 0
stop
ps7_init
ps7_post_config
targets -set -nocase -filter {name =~ "ARM*#0" && jtag_cable_name =~ "Xilinx TUL 1234-tulA"} -index 0
rst -processor
targets -set -nocase -filter {name =~ "ARM*#0" && jtag_cable_name =~ "Xilinx TUL 1234-tulA"} -index 0
dow D:/Documents/Vivado_data/soc_uart/soc_uart.sdk/uart_sdk/Debug/uart_sdk.elf
configparams force-mem-access 0
----------------End of Script----------------

23:34:27 INFO  : Memory regions updated for context APU
23:34:27 INFO  : Context for processor 'ps7_cortexa9_0' is selected.
23:34:27 INFO  : 'con' command is executed.
23:34:27 INFO  : ----------------XSDB Script (After Launch)----------------
targets -set -nocase -filter {name =~ "ARM*#0" && jtag_cable_name =~ "Xilinx TUL 1234-tulA"} -index 0
con
----------------End of Script----------------

23:34:27 INFO  : Launch script is exported to file 'D:\Documents\Vivado_data\soc_uart\soc_uart.sdk\.sdk\launch_scripts\xilinx_c-c++_application_(system_debugger)\system_debugger_using_debug_uart_sdk.elf_on_local.tcl'
23:34:52 INFO  : Disconnected from the channel tcfchan#19.
23:34:53 INFO  : 'targets -set -filter {jtag_cable_name =~ "Xilinx TUL 1234-tulA" && level==0} -index 1' command is executed.
23:34:53 INFO  : 'fpga -state' command is executed.
23:34:53 INFO  : Connected to target on host '127.0.0.1' and port '3121'.
23:34:53 INFO  : Jtag cable 'Xilinx TUL 1234-tulA' is selected.
23:34:53 INFO  : 'jtag frequency' command is executed.
23:34:53 INFO  : Sourcing of 'D:/Documents/Vivado_data/soc_uart/soc_uart.sdk/design_1_wrapper_hw_platform_0/ps7_init.tcl' is done.
23:34:53 INFO  : Context for 'APU' is selected.
23:34:54 INFO  : Hardware design information is loaded from 'D:/Documents/Vivado_data/soc_uart/soc_uart.sdk/design_1_wrapper_hw_platform_0/system.hdf'.
23:34:54 INFO  : 'configparams force-mem-access 1' command is executed.
23:34:54 INFO  : Context for 'APU' is selected.
23:34:54 INFO  : 'stop' command is executed.
23:34:54 INFO  : 'ps7_init' command is executed.
23:34:54 INFO  : 'ps7_post_config' command is executed.
23:34:54 INFO  : Context for processor 'ps7_cortexa9_0' is selected.
23:34:54 INFO  : Processor reset is completed for 'ps7_cortexa9_0'.
23:34:54 INFO  : Context for processor 'ps7_cortexa9_0' is selected.
23:34:54 INFO  : The application 'D:/Documents/Vivado_data/soc_uart/soc_uart.sdk/uart_sdk/Debug/uart_sdk.elf' is downloaded to processor 'ps7_cortexa9_0'.
23:34:54 INFO  : 'configparams force-mem-access 0' command is executed.
23:34:54 INFO  : ----------------XSDB Script----------------
connect -url tcp:127.0.0.1:3121
source D:/Documents/Vivado_data/soc_uart/soc_uart.sdk/design_1_wrapper_hw_platform_0/ps7_init.tcl
targets -set -nocase -filter {name =~"APU*" && jtag_cable_name =~ "Xilinx TUL 1234-tulA"} -index 0
loadhw -hw D:/Documents/Vivado_data/soc_uart/soc_uart.sdk/design_1_wrapper_hw_platform_0/system.hdf -mem-ranges [list {0x40000000 0xbfffffff}]
configparams force-mem-access 1
targets -set -nocase -filter {name =~"APU*" && jtag_cable_name =~ "Xilinx TUL 1234-tulA"} -index 0
stop
ps7_init
ps7_post_config
targets -set -nocase -filter {name =~ "ARM*#0" && jtag_cable_name =~ "Xilinx TUL 1234-tulA"} -index 0
rst -processor
targets -set -nocase -filter {name =~ "ARM*#0" && jtag_cable_name =~ "Xilinx TUL 1234-tulA"} -index 0
dow D:/Documents/Vivado_data/soc_uart/soc_uart.sdk/uart_sdk/Debug/uart_sdk.elf
configparams force-mem-access 0
----------------End of Script----------------

23:34:54 INFO  : Memory regions updated for context APU
23:34:54 INFO  : Context for processor 'ps7_cortexa9_0' is selected.
23:34:54 INFO  : 'con' command is executed.
23:34:54 INFO  : ----------------XSDB Script (After Launch)----------------
targets -set -nocase -filter {name =~ "ARM*#0" && jtag_cable_name =~ "Xilinx TUL 1234-tulA"} -index 0
con
----------------End of Script----------------

23:34:54 INFO  : Launch script is exported to file 'D:\Documents\Vivado_data\soc_uart\soc_uart.sdk\.sdk\launch_scripts\xilinx_c-c++_application_(system_debugger)\system_debugger_using_debug_uart_sdk.elf_on_local.tcl'
23:35:32 INFO  : Disconnected from the channel tcfchan#20.
23:35:33 INFO  : 'targets -set -filter {jtag_cable_name =~ "Xilinx TUL 1234-tulA" && level==0} -index 1' command is executed.
23:35:33 INFO  : 'fpga -state' command is executed.
23:35:33 INFO  : Connected to target on host '127.0.0.1' and port '3121'.
23:35:33 INFO  : Jtag cable 'Xilinx TUL 1234-tulA' is selected.
23:35:33 INFO  : 'jtag frequency' command is executed.
23:35:33 INFO  : Sourcing of 'D:/Documents/Vivado_data/soc_uart/soc_uart.sdk/design_1_wrapper_hw_platform_0/ps7_init.tcl' is done.
23:35:33 INFO  : Context for 'APU' is selected.
23:35:34 INFO  : Hardware design information is loaded from 'D:/Documents/Vivado_data/soc_uart/soc_uart.sdk/design_1_wrapper_hw_platform_0/system.hdf'.
23:35:34 INFO  : 'configparams force-mem-access 1' command is executed.
23:35:34 INFO  : Context for 'APU' is selected.
23:35:34 INFO  : 'stop' command is executed.
23:35:34 INFO  : 'ps7_init' command is executed.
23:35:34 INFO  : 'ps7_post_config' command is executed.
23:35:34 INFO  : Context for processor 'ps7_cortexa9_0' is selected.
23:35:34 INFO  : Processor reset is completed for 'ps7_cortexa9_0'.
23:35:34 INFO  : Context for processor 'ps7_cortexa9_0' is selected.
23:35:35 INFO  : The application 'D:/Documents/Vivado_data/soc_uart/soc_uart.sdk/uart_sdk/Debug/uart_sdk.elf' is downloaded to processor 'ps7_cortexa9_0'.
23:35:35 INFO  : 'configparams force-mem-access 0' command is executed.
23:35:35 INFO  : ----------------XSDB Script----------------
connect -url tcp:127.0.0.1:3121
source D:/Documents/Vivado_data/soc_uart/soc_uart.sdk/design_1_wrapper_hw_platform_0/ps7_init.tcl
targets -set -nocase -filter {name =~"APU*" && jtag_cable_name =~ "Xilinx TUL 1234-tulA"} -index 0
loadhw -hw D:/Documents/Vivado_data/soc_uart/soc_uart.sdk/design_1_wrapper_hw_platform_0/system.hdf -mem-ranges [list {0x40000000 0xbfffffff}]
configparams force-mem-access 1
targets -set -nocase -filter {name =~"APU*" && jtag_cable_name =~ "Xilinx TUL 1234-tulA"} -index 0
stop
ps7_init
ps7_post_config
targets -set -nocase -filter {name =~ "ARM*#0" && jtag_cable_name =~ "Xilinx TUL 1234-tulA"} -index 0
rst -processor
targets -set -nocase -filter {name =~ "ARM*#0" && jtag_cable_name =~ "Xilinx TUL 1234-tulA"} -index 0
dow D:/Documents/Vivado_data/soc_uart/soc_uart.sdk/uart_sdk/Debug/uart_sdk.elf
configparams force-mem-access 0
----------------End of Script----------------

23:35:35 INFO  : Memory regions updated for context APU
23:35:35 INFO  : Context for processor 'ps7_cortexa9_0' is selected.
23:35:35 INFO  : 'con' command is executed.
23:35:35 INFO  : ----------------XSDB Script (After Launch)----------------
targets -set -nocase -filter {name =~ "ARM*#0" && jtag_cable_name =~ "Xilinx TUL 1234-tulA"} -index 0
con
----------------End of Script----------------

23:35:35 INFO  : Launch script is exported to file 'D:\Documents\Vivado_data\soc_uart\soc_uart.sdk\.sdk\launch_scripts\xilinx_c-c++_application_(system_debugger)\system_debugger_using_debug_uart_sdk.elf_on_local.tcl'
23:37:58 INFO  : Disconnected from the channel tcfchan#21.
23:38:00 INFO  : 'targets -set -filter {jtag_cable_name =~ "Xilinx TUL 1234-tulA" && level==0} -index 1' command is executed.
23:38:00 INFO  : 'fpga -state' command is executed.
23:38:00 INFO  : Connected to target on host '127.0.0.1' and port '3121'.
23:38:00 INFO  : Jtag cable 'Xilinx TUL 1234-tulA' is selected.
23:38:00 INFO  : 'jtag frequency' command is executed.
23:38:00 INFO  : Sourcing of 'D:/Documents/Vivado_data/soc_uart/soc_uart.sdk/design_1_wrapper_hw_platform_0/ps7_init.tcl' is done.
23:38:00 INFO  : Context for 'APU' is selected.
23:38:01 INFO  : Hardware design information is loaded from 'D:/Documents/Vivado_data/soc_uart/soc_uart.sdk/design_1_wrapper_hw_platform_0/system.hdf'.
23:38:01 INFO  : 'configparams force-mem-access 1' command is executed.
23:38:01 INFO  : Context for 'APU' is selected.
23:38:01 INFO  : 'stop' command is executed.
23:38:01 INFO  : 'ps7_init' command is executed.
23:38:01 INFO  : 'ps7_post_config' command is executed.
23:38:01 INFO  : Context for processor 'ps7_cortexa9_0' is selected.
23:38:01 INFO  : Processor reset is completed for 'ps7_cortexa9_0'.
23:38:01 INFO  : Context for processor 'ps7_cortexa9_0' is selected.
23:38:01 INFO  : The application 'D:/Documents/Vivado_data/soc_uart/soc_uart.sdk/uart_sdk/Debug/uart_sdk.elf' is downloaded to processor 'ps7_cortexa9_0'.
23:38:01 INFO  : 'configparams force-mem-access 0' command is executed.
23:38:01 INFO  : ----------------XSDB Script----------------
connect -url tcp:127.0.0.1:3121
source D:/Documents/Vivado_data/soc_uart/soc_uart.sdk/design_1_wrapper_hw_platform_0/ps7_init.tcl
targets -set -nocase -filter {name =~"APU*" && jtag_cable_name =~ "Xilinx TUL 1234-tulA"} -index 0
loadhw -hw D:/Documents/Vivado_data/soc_uart/soc_uart.sdk/design_1_wrapper_hw_platform_0/system.hdf -mem-ranges [list {0x40000000 0xbfffffff}]
configparams force-mem-access 1
targets -set -nocase -filter {name =~"APU*" && jtag_cable_name =~ "Xilinx TUL 1234-tulA"} -index 0
stop
ps7_init
ps7_post_config
targets -set -nocase -filter {name =~ "ARM*#0" && jtag_cable_name =~ "Xilinx TUL 1234-tulA"} -index 0
rst -processor
targets -set -nocase -filter {name =~ "ARM*#0" && jtag_cable_name =~ "Xilinx TUL 1234-tulA"} -index 0
dow D:/Documents/Vivado_data/soc_uart/soc_uart.sdk/uart_sdk/Debug/uart_sdk.elf
configparams force-mem-access 0
----------------End of Script----------------

23:38:01 INFO  : Memory regions updated for context APU
23:38:01 INFO  : Context for processor 'ps7_cortexa9_0' is selected.
23:38:01 INFO  : 'con' command is executed.
23:38:01 INFO  : ----------------XSDB Script (After Launch)----------------
targets -set -nocase -filter {name =~ "ARM*#0" && jtag_cable_name =~ "Xilinx TUL 1234-tulA"} -index 0
con
----------------End of Script----------------

23:38:01 INFO  : Launch script is exported to file 'D:\Documents\Vivado_data\soc_uart\soc_uart.sdk\.sdk\launch_scripts\xilinx_c-c++_application_(system_debugger)\system_debugger_using_debug_uart_sdk.elf_on_local.tcl'
23:47:47 INFO  : Disconnected from the channel tcfchan#22.
23:47:48 INFO  : 'targets -set -filter {jtag_cable_name =~ "Xilinx TUL 1234-tulA" && level==0} -index 1' command is executed.
23:47:48 INFO  : 'fpga -state' command is executed.
23:47:48 INFO  : Connected to target on host '127.0.0.1' and port '3121'.
23:47:49 INFO  : Jtag cable 'Xilinx TUL 1234-tulA' is selected.
23:47:49 INFO  : 'jtag frequency' command is executed.
23:47:49 INFO  : Sourcing of 'D:/Documents/Vivado_data/soc_uart/soc_uart.sdk/design_1_wrapper_hw_platform_0/ps7_init.tcl' is done.
23:47:49 INFO  : Context for 'APU' is selected.
23:47:50 INFO  : Hardware design information is loaded from 'D:/Documents/Vivado_data/soc_uart/soc_uart.sdk/design_1_wrapper_hw_platform_0/system.hdf'.
23:47:50 INFO  : 'configparams force-mem-access 1' command is executed.
23:47:50 INFO  : Context for 'APU' is selected.
23:47:50 INFO  : 'stop' command is executed.
23:47:50 INFO  : 'ps7_init' command is executed.
23:47:50 INFO  : 'ps7_post_config' command is executed.
23:47:50 INFO  : Context for processor 'ps7_cortexa9_0' is selected.
23:47:50 INFO  : Processor reset is completed for 'ps7_cortexa9_0'.
23:47:50 INFO  : Context for processor 'ps7_cortexa9_0' is selected.
23:47:50 INFO  : The application 'D:/Documents/Vivado_data/soc_uart/soc_uart.sdk/uart_sdk/Debug/uart_sdk.elf' is downloaded to processor 'ps7_cortexa9_0'.
23:47:50 INFO  : 'configparams force-mem-access 0' command is executed.
23:47:50 INFO  : ----------------XSDB Script----------------
connect -url tcp:127.0.0.1:3121
source D:/Documents/Vivado_data/soc_uart/soc_uart.sdk/design_1_wrapper_hw_platform_0/ps7_init.tcl
targets -set -nocase -filter {name =~"APU*" && jtag_cable_name =~ "Xilinx TUL 1234-tulA"} -index 0
loadhw -hw D:/Documents/Vivado_data/soc_uart/soc_uart.sdk/design_1_wrapper_hw_platform_0/system.hdf -mem-ranges [list {0x40000000 0xbfffffff}]
configparams force-mem-access 1
targets -set -nocase -filter {name =~"APU*" && jtag_cable_name =~ "Xilinx TUL 1234-tulA"} -index 0
stop
ps7_init
ps7_post_config
targets -set -nocase -filter {name =~ "ARM*#0" && jtag_cable_name =~ "Xilinx TUL 1234-tulA"} -index 0
rst -processor
targets -set -nocase -filter {name =~ "ARM*#0" && jtag_cable_name =~ "Xilinx TUL 1234-tulA"} -index 0
dow D:/Documents/Vivado_data/soc_uart/soc_uart.sdk/uart_sdk/Debug/uart_sdk.elf
configparams force-mem-access 0
----------------End of Script----------------

23:47:50 INFO  : Memory regions updated for context APU
23:47:50 INFO  : Context for processor 'ps7_cortexa9_0' is selected.
23:47:50 INFO  : 'con' command is executed.
23:47:50 INFO  : ----------------XSDB Script (After Launch)----------------
targets -set -nocase -filter {name =~ "ARM*#0" && jtag_cable_name =~ "Xilinx TUL 1234-tulA"} -index 0
con
----------------End of Script----------------

23:47:50 INFO  : Launch script is exported to file 'D:\Documents\Vivado_data\soc_uart\soc_uart.sdk\.sdk\launch_scripts\xilinx_c-c++_application_(system_debugger)\system_debugger_using_debug_uart_sdk.elf_on_local.tcl'
23:49:37 INFO  : SDK has detected change in the last modified timestamps for source hardware specification file Source:1748274375684,  Project:1748269133684
23:49:37 INFO  : Project design_1_wrapper_hw_platform_0's source hardware specification located at D:/Documents/Vivado_data/soc_uart/soc_uart.sdk/design_1_wrapper.hdf is now different from the local copy.
		 The local copy will be replaced with the source specification and your workspace will be updated.
23:49:39 INFO  : Copied contents of D:/Documents/Vivado_data/soc_uart/soc_uart.sdk/design_1_wrapper.hdf into \design_1_wrapper_hw_platform_0\system.hdf.
23:49:41 INFO  : Synchronizing projects in the workspace with the hardware platform specification changes.
23:49:42 INFO  : 
23:49:43 INFO  : Updating hardware inferred compiler options for uart_sdk.
23:49:43 INFO  : Clearing existing target manager status.
23:49:57 INFO  : Disconnected from the channel tcfchan#23.
23:49:59 INFO  : 'targets -set -filter {jtag_cable_name =~ "Xilinx TUL 1234-tulA" && level==0} -index 1' command is executed.
23:49:59 INFO  : 'fpga -state' command is executed.
23:49:59 INFO  : Connected to target on host '127.0.0.1' and port '3121'.
23:49:59 INFO  : Jtag cable 'Xilinx TUL 1234-tulA' is selected.
23:49:59 INFO  : 'jtag frequency' command is executed.
23:49:59 INFO  : Sourcing of 'D:/Documents/Vivado_data/soc_uart/soc_uart.sdk/design_1_wrapper_hw_platform_0/ps7_init.tcl' is done.
23:49:59 INFO  : Context for 'APU' is selected.
23:49:59 INFO  : Hardware design information is loaded from 'D:/Documents/Vivado_data/soc_uart/soc_uart.sdk/design_1_wrapper_hw_platform_0/system.hdf'.
23:49:59 INFO  : 'configparams force-mem-access 1' command is executed.
23:49:59 INFO  : Context for 'APU' is selected.
23:49:59 INFO  : 'stop' command is executed.
23:49:59 INFO  : 'ps7_init' command is executed.
23:49:59 INFO  : 'ps7_post_config' command is executed.
23:49:59 INFO  : Context for processor 'ps7_cortexa9_0' is selected.
23:49:59 INFO  : Processor reset is completed for 'ps7_cortexa9_0'.
23:49:59 INFO  : Context for processor 'ps7_cortexa9_0' is selected.
23:49:59 INFO  : The application 'D:/Documents/Vivado_data/soc_uart/soc_uart.sdk/uart_sdk/Debug/uart_sdk.elf' is downloaded to processor 'ps7_cortexa9_0'.
23:49:59 INFO  : 'configparams force-mem-access 0' command is executed.
23:49:59 INFO  : ----------------XSDB Script----------------
connect -url tcp:127.0.0.1:3121
source D:/Documents/Vivado_data/soc_uart/soc_uart.sdk/design_1_wrapper_hw_platform_0/ps7_init.tcl
targets -set -nocase -filter {name =~"APU*" && jtag_cable_name =~ "Xilinx TUL 1234-tulA"} -index 0
loadhw -hw D:/Documents/Vivado_data/soc_uart/soc_uart.sdk/design_1_wrapper_hw_platform_0/system.hdf -mem-ranges [list {0x40000000 0xbfffffff}]
configparams force-mem-access 1
targets -set -nocase -filter {name =~"APU*" && jtag_cable_name =~ "Xilinx TUL 1234-tulA"} -index 0
stop
ps7_init
ps7_post_config
targets -set -nocase -filter {name =~ "ARM*#0" && jtag_cable_name =~ "Xilinx TUL 1234-tulA"} -index 0
rst -processor
targets -set -nocase -filter {name =~ "ARM*#0" && jtag_cable_name =~ "Xilinx TUL 1234-tulA"} -index 0
dow D:/Documents/Vivado_data/soc_uart/soc_uart.sdk/uart_sdk/Debug/uart_sdk.elf
configparams force-mem-access 0
----------------End of Script----------------

23:49:59 INFO  : Memory regions updated for context APU
23:49:59 INFO  : Context for processor 'ps7_cortexa9_0' is selected.
23:49:59 INFO  : 'con' command is executed.
23:49:59 INFO  : ----------------XSDB Script (After Launch)----------------
targets -set -nocase -filter {name =~ "ARM*#0" && jtag_cable_name =~ "Xilinx TUL 1234-tulA"} -index 0
con
----------------End of Script----------------

23:49:59 INFO  : Launch script is exported to file 'D:\Documents\Vivado_data\soc_uart\soc_uart.sdk\.sdk\launch_scripts\xilinx_c-c++_application_(system_debugger)\system_debugger_using_debug_uart_sdk.elf_on_local.tcl'
23:50:05 INFO  : Disconnected from the channel tcfchan#24.
23:50:06 INFO  : 'targets -set -filter {jtag_cable_name =~ "Xilinx TUL 1234-tulA" && level==0} -index 1' command is executed.
23:50:06 INFO  : 'fpga -state' command is executed.
23:50:06 INFO  : Connected to target on host '127.0.0.1' and port '3121'.
23:50:06 INFO  : Jtag cable 'Xilinx TUL 1234-tulA' is selected.
23:50:06 INFO  : 'jtag frequency' command is executed.
23:50:06 INFO  : Sourcing of 'D:/Documents/Vivado_data/soc_uart/soc_uart.sdk/design_1_wrapper_hw_platform_0/ps7_init.tcl' is done.
23:50:06 INFO  : Context for 'APU' is selected.
23:50:08 INFO  : Hardware design information is loaded from 'D:/Documents/Vivado_data/soc_uart/soc_uart.sdk/design_1_wrapper_hw_platform_0/system.hdf'.
23:50:08 INFO  : 'configparams force-mem-access 1' command is executed.
23:50:08 INFO  : Context for 'APU' is selected.
23:50:08 INFO  : 'stop' command is executed.
23:50:08 INFO  : 'ps7_init' command is executed.
23:50:08 INFO  : 'ps7_post_config' command is executed.
23:50:08 INFO  : Context for processor 'ps7_cortexa9_0' is selected.
23:50:08 INFO  : Processor reset is completed for 'ps7_cortexa9_0'.
23:50:08 INFO  : Context for processor 'ps7_cortexa9_0' is selected.
23:50:08 INFO  : The application 'D:/Documents/Vivado_data/soc_uart/soc_uart.sdk/uart_sdk/Debug/uart_sdk.elf' is downloaded to processor 'ps7_cortexa9_0'.
23:50:08 INFO  : 'configparams force-mem-access 0' command is executed.
23:50:08 INFO  : ----------------XSDB Script----------------
connect -url tcp:127.0.0.1:3121
source D:/Documents/Vivado_data/soc_uart/soc_uart.sdk/design_1_wrapper_hw_platform_0/ps7_init.tcl
targets -set -nocase -filter {name =~"APU*" && jtag_cable_name =~ "Xilinx TUL 1234-tulA"} -index 0
loadhw -hw D:/Documents/Vivado_data/soc_uart/soc_uart.sdk/design_1_wrapper_hw_platform_0/system.hdf -mem-ranges [list {0x40000000 0xbfffffff}]
configparams force-mem-access 1
targets -set -nocase -filter {name =~"APU*" && jtag_cable_name =~ "Xilinx TUL 1234-tulA"} -index 0
stop
ps7_init
ps7_post_config
targets -set -nocase -filter {name =~ "ARM*#0" && jtag_cable_name =~ "Xilinx TUL 1234-tulA"} -index 0
rst -processor
targets -set -nocase -filter {name =~ "ARM*#0" && jtag_cable_name =~ "Xilinx TUL 1234-tulA"} -index 0
dow D:/Documents/Vivado_data/soc_uart/soc_uart.sdk/uart_sdk/Debug/uart_sdk.elf
configparams force-mem-access 0
----------------End of Script----------------

23:50:08 INFO  : Memory regions updated for context APU
23:50:08 INFO  : Context for processor 'ps7_cortexa9_0' is selected.
23:50:08 INFO  : 'con' command is executed.
23:50:08 INFO  : ----------------XSDB Script (After Launch)----------------
targets -set -nocase -filter {name =~ "ARM*#0" && jtag_cable_name =~ "Xilinx TUL 1234-tulA"} -index 0
con
----------------End of Script----------------

23:50:08 INFO  : Launch script is exported to file 'D:\Documents\Vivado_data\soc_uart\soc_uart.sdk\.sdk\launch_scripts\xilinx_c-c++_application_(system_debugger)\system_debugger_using_debug_uart_sdk.elf_on_local.tcl'
23:50:16 INFO  : Disconnected from the channel tcfchan#25.
23:50:18 INFO  : 'targets -set -filter {jtag_cable_name =~ "Xilinx TUL 1234-tulA" && level==0} -index 1' command is executed.
23:50:18 INFO  : 'fpga -state' command is executed.
23:50:18 INFO  : Connected to target on host '127.0.0.1' and port '3121'.
23:50:18 INFO  : Jtag cable 'Xilinx TUL 1234-tulA' is selected.
23:50:18 INFO  : 'jtag frequency' command is executed.
23:50:18 INFO  : Sourcing of 'D:/Documents/Vivado_data/soc_uart/soc_uart.sdk/design_1_wrapper_hw_platform_0/ps7_init.tcl' is done.
23:50:18 INFO  : Context for 'APU' is selected.
23:50:18 INFO  : Hardware design information is loaded from 'D:/Documents/Vivado_data/soc_uart/soc_uart.sdk/design_1_wrapper_hw_platform_0/system.hdf'.
23:50:18 INFO  : 'configparams force-mem-access 1' command is executed.
23:50:18 INFO  : Context for 'APU' is selected.
23:50:18 INFO  : 'stop' command is executed.
23:50:18 INFO  : 'ps7_init' command is executed.
23:50:18 INFO  : 'ps7_post_config' command is executed.
23:50:18 INFO  : Context for processor 'ps7_cortexa9_0' is selected.
23:50:18 INFO  : Processor reset is completed for 'ps7_cortexa9_0'.
23:50:18 INFO  : Context for processor 'ps7_cortexa9_0' is selected.
23:50:18 INFO  : The application 'D:/Documents/Vivado_data/soc_uart/soc_uart.sdk/uart_sdk/Debug/uart_sdk.elf' is downloaded to processor 'ps7_cortexa9_0'.
23:50:18 INFO  : 'configparams force-mem-access 0' command is executed.
23:50:18 INFO  : ----------------XSDB Script----------------
connect -url tcp:127.0.0.1:3121
source D:/Documents/Vivado_data/soc_uart/soc_uart.sdk/design_1_wrapper_hw_platform_0/ps7_init.tcl
targets -set -nocase -filter {name =~"APU*" && jtag_cable_name =~ "Xilinx TUL 1234-tulA"} -index 0
loadhw -hw D:/Documents/Vivado_data/soc_uart/soc_uart.sdk/design_1_wrapper_hw_platform_0/system.hdf -mem-ranges [list {0x40000000 0xbfffffff}]
configparams force-mem-access 1
targets -set -nocase -filter {name =~"APU*" && jtag_cable_name =~ "Xilinx TUL 1234-tulA"} -index 0
stop
ps7_init
ps7_post_config
targets -set -nocase -filter {name =~ "ARM*#0" && jtag_cable_name =~ "Xilinx TUL 1234-tulA"} -index 0
rst -processor
targets -set -nocase -filter {name =~ "ARM*#0" && jtag_cable_name =~ "Xilinx TUL 1234-tulA"} -index 0
dow D:/Documents/Vivado_data/soc_uart/soc_uart.sdk/uart_sdk/Debug/uart_sdk.elf
configparams force-mem-access 0
----------------End of Script----------------

23:50:18 INFO  : Memory regions updated for context APU
23:50:18 INFO  : Context for processor 'ps7_cortexa9_0' is selected.
23:50:18 INFO  : 'con' command is executed.
23:50:18 INFO  : ----------------XSDB Script (After Launch)----------------
targets -set -nocase -filter {name =~ "ARM*#0" && jtag_cable_name =~ "Xilinx TUL 1234-tulA"} -index 0
con
----------------End of Script----------------

23:50:18 INFO  : Launch script is exported to file 'D:\Documents\Vivado_data\soc_uart\soc_uart.sdk\.sdk\launch_scripts\xilinx_c-c++_application_(system_debugger)\system_debugger_using_debug_uart_sdk.elf_on_local.tcl'
23:51:33 INFO  : Disconnected from the channel tcfchan#26.
23:51:34 INFO  : 'targets -set -filter {jtag_cable_name =~ "Xilinx TUL 1234-tulA" && level==0} -index 1' command is executed.
23:51:34 INFO  : 'fpga -state' command is executed.
23:51:34 INFO  : Connected to target on host '127.0.0.1' and port '3121'.
23:51:34 INFO  : Jtag cable 'Xilinx TUL 1234-tulA' is selected.
23:51:34 INFO  : 'jtag frequency' command is executed.
23:51:34 INFO  : Sourcing of 'D:/Documents/Vivado_data/soc_uart/soc_uart.sdk/design_1_wrapper_hw_platform_0/ps7_init.tcl' is done.
23:51:34 INFO  : Context for 'APU' is selected.
23:51:34 INFO  : Hardware design information is loaded from 'D:/Documents/Vivado_data/soc_uart/soc_uart.sdk/design_1_wrapper_hw_platform_0/system.hdf'.
23:51:34 INFO  : 'configparams force-mem-access 1' command is executed.
23:51:34 INFO  : Context for 'APU' is selected.
23:51:34 INFO  : 'stop' command is executed.
23:51:34 INFO  : 'ps7_init' command is executed.
23:51:34 INFO  : 'ps7_post_config' command is executed.
23:51:34 INFO  : Context for processor 'ps7_cortexa9_0' is selected.
23:51:34 INFO  : Processor reset is completed for 'ps7_cortexa9_0'.
23:51:34 INFO  : Context for processor 'ps7_cortexa9_0' is selected.
23:51:35 INFO  : The application 'D:/Documents/Vivado_data/soc_uart/soc_uart.sdk/uart_sdk/Debug/uart_sdk.elf' is downloaded to processor 'ps7_cortexa9_0'.
23:51:35 INFO  : 'configparams force-mem-access 0' command is executed.
23:51:35 INFO  : ----------------XSDB Script----------------
connect -url tcp:127.0.0.1:3121
source D:/Documents/Vivado_data/soc_uart/soc_uart.sdk/design_1_wrapper_hw_platform_0/ps7_init.tcl
targets -set -nocase -filter {name =~"APU*" && jtag_cable_name =~ "Xilinx TUL 1234-tulA"} -index 0
loadhw -hw D:/Documents/Vivado_data/soc_uart/soc_uart.sdk/design_1_wrapper_hw_platform_0/system.hdf -mem-ranges [list {0x40000000 0xbfffffff}]
configparams force-mem-access 1
targets -set -nocase -filter {name =~"APU*" && jtag_cable_name =~ "Xilinx TUL 1234-tulA"} -index 0
stop
ps7_init
ps7_post_config
targets -set -nocase -filter {name =~ "ARM*#0" && jtag_cable_name =~ "Xilinx TUL 1234-tulA"} -index 0
rst -processor
targets -set -nocase -filter {name =~ "ARM*#0" && jtag_cable_name =~ "Xilinx TUL 1234-tulA"} -index 0
dow D:/Documents/Vivado_data/soc_uart/soc_uart.sdk/uart_sdk/Debug/uart_sdk.elf
configparams force-mem-access 0
----------------End of Script----------------

23:51:35 INFO  : Memory regions updated for context APU
23:51:35 INFO  : Context for processor 'ps7_cortexa9_0' is selected.
23:51:35 INFO  : 'con' command is executed.
23:51:35 INFO  : ----------------XSDB Script (After Launch)----------------
targets -set -nocase -filter {name =~ "ARM*#0" && jtag_cable_name =~ "Xilinx TUL 1234-tulA"} -index 0
con
----------------End of Script----------------

23:51:35 INFO  : Launch script is exported to file 'D:\Documents\Vivado_data\soc_uart\soc_uart.sdk\.sdk\launch_scripts\xilinx_c-c++_application_(system_debugger)\system_debugger_using_debug_uart_sdk.elf_on_local.tcl'
23:51:42 INFO  : Disconnected from the channel tcfchan#27.
23:51:59 INFO  : Registering command handlers for SDK TCF services
23:51:59 INFO  : Launching XSCT server: xsct.bat -interactive D:\Documents\Vivado_data\soc_uart\soc_uart.sdk\temp_xsdb_launch_script.tcl
23:52:00 INFO  : XSCT server has started successfully.
23:52:00 INFO  : Successfully done setting XSCT server connection channel  
23:52:00 INFO  : Successfully done setting SDK workspace  
23:52:00 INFO  : Processing command line option -hwspec D:/Documents/Vivado_data/soc_uart/soc_uart.sdk/design_1_wrapper.hdf.
23:52:00 INFO  : Checking for hwspec changes in the project design_1_wrapper_hw_platform_0.
23:52:26 INFO  : 'targets -set -filter {jtag_cable_name =~ "Xilinx TUL 1234-tulA" && level==0} -index 1' command is executed.
23:52:26 INFO  : 'fpga -state' command is executed.
23:52:26 INFO  : Connected to target on host '127.0.0.1' and port '3121'.
23:52:26 INFO  : Jtag cable 'Xilinx TUL 1234-tulA' is selected.
23:52:26 INFO  : 'jtag frequency' command is executed.
23:52:26 INFO  : Sourcing of 'D:/Documents/Vivado_data/soc_uart/soc_uart.sdk/design_1_wrapper_hw_platform_0/ps7_init.tcl' is done.
23:52:26 INFO  : Context for 'APU' is selected.
23:52:26 INFO  : Hardware design information is loaded from 'D:/Documents/Vivado_data/soc_uart/soc_uart.sdk/design_1_wrapper_hw_platform_0/system.hdf'.
23:52:26 INFO  : 'configparams force-mem-access 1' command is executed.
23:52:26 INFO  : Context for 'APU' is selected.
23:52:26 INFO  : 'stop' command is executed.
23:52:26 INFO  : 'ps7_init' command is executed.
23:52:26 INFO  : 'ps7_post_config' command is executed.
23:52:26 INFO  : Context for processor 'ps7_cortexa9_0' is selected.
23:52:26 INFO  : Processor reset is completed for 'ps7_cortexa9_0'.
23:52:26 INFO  : Context for processor 'ps7_cortexa9_0' is selected.
23:52:26 INFO  : The application 'D:/Documents/Vivado_data/soc_uart/soc_uart.sdk/uart_sdk/Debug/uart_sdk.elf' is downloaded to processor 'ps7_cortexa9_0'.
23:52:26 INFO  : 'configparams force-mem-access 0' command is executed.
23:52:26 INFO  : ----------------XSDB Script----------------
connect -url tcp:127.0.0.1:3121
source D:/Documents/Vivado_data/soc_uart/soc_uart.sdk/design_1_wrapper_hw_platform_0/ps7_init.tcl
targets -set -nocase -filter {name =~"APU*" && jtag_cable_name =~ "Xilinx TUL 1234-tulA"} -index 0
loadhw -hw D:/Documents/Vivado_data/soc_uart/soc_uart.sdk/design_1_wrapper_hw_platform_0/system.hdf -mem-ranges [list {0x40000000 0xbfffffff}]
configparams force-mem-access 1
targets -set -nocase -filter {name =~"APU*" && jtag_cable_name =~ "Xilinx TUL 1234-tulA"} -index 0
stop
ps7_init
ps7_post_config
targets -set -nocase -filter {name =~ "ARM*#0" && jtag_cable_name =~ "Xilinx TUL 1234-tulA"} -index 0
rst -processor
targets -set -nocase -filter {name =~ "ARM*#0" && jtag_cable_name =~ "Xilinx TUL 1234-tulA"} -index 0
dow D:/Documents/Vivado_data/soc_uart/soc_uart.sdk/uart_sdk/Debug/uart_sdk.elf
configparams force-mem-access 0
----------------End of Script----------------

23:52:26 INFO  : Memory regions updated for context APU
23:52:26 INFO  : Context for processor 'ps7_cortexa9_0' is selected.
23:52:26 INFO  : 'con' command is executed.
23:52:26 INFO  : ----------------XSDB Script (After Launch)----------------
targets -set -nocase -filter {name =~ "ARM*#0" && jtag_cable_name =~ "Xilinx TUL 1234-tulA"} -index 0
con
----------------End of Script----------------

23:52:26 INFO  : Launch script is exported to file 'D:\Documents\Vivado_data\soc_uart\soc_uart.sdk\.sdk\launch_scripts\xilinx_c-c++_application_(system_debugger)\system_debugger_using_debug_uart_sdk.elf_on_local.tcl'
23:52:59 INFO  : Disconnected from the channel tcfchan#1.
23:53:00 INFO  : 'targets -set -filter {jtag_cable_name =~ "Xilinx TUL 1234-tulA" && level==0} -index 1' command is executed.
23:53:00 INFO  : 'fpga -state' command is executed.
23:53:00 INFO  : Connected to target on host '127.0.0.1' and port '3121'.
23:53:01 INFO  : Jtag cable 'Xilinx TUL 1234-tulA' is selected.
23:53:01 INFO  : 'jtag frequency' command is executed.
23:53:01 INFO  : Sourcing of 'D:/Documents/Vivado_data/soc_uart/soc_uart.sdk/design_1_wrapper_hw_platform_0/ps7_init.tcl' is done.
23:53:01 INFO  : Context for 'APU' is selected.
23:53:02 INFO  : Hardware design information is loaded from 'D:/Documents/Vivado_data/soc_uart/soc_uart.sdk/design_1_wrapper_hw_platform_0/system.hdf'.
23:53:02 INFO  : 'configparams force-mem-access 1' command is executed.
23:53:02 INFO  : Context for 'APU' is selected.
23:53:02 INFO  : 'stop' command is executed.
23:53:02 INFO  : 'ps7_init' command is executed.
23:53:02 INFO  : 'ps7_post_config' command is executed.
23:53:02 INFO  : Context for processor 'ps7_cortexa9_0' is selected.
23:53:02 INFO  : Processor reset is completed for 'ps7_cortexa9_0'.
23:53:02 INFO  : Context for processor 'ps7_cortexa9_0' is selected.
23:53:03 INFO  : The application 'D:/Documents/Vivado_data/soc_uart/soc_uart.sdk/uart_sdk/Debug/uart_sdk.elf' is downloaded to processor 'ps7_cortexa9_0'.
23:53:03 INFO  : 'configparams force-mem-access 0' command is executed.
23:53:03 INFO  : ----------------XSDB Script----------------
connect -url tcp:127.0.0.1:3121
source D:/Documents/Vivado_data/soc_uart/soc_uart.sdk/design_1_wrapper_hw_platform_0/ps7_init.tcl
targets -set -nocase -filter {name =~"APU*" && jtag_cable_name =~ "Xilinx TUL 1234-tulA"} -index 0
loadhw -hw D:/Documents/Vivado_data/soc_uart/soc_uart.sdk/design_1_wrapper_hw_platform_0/system.hdf -mem-ranges [list {0x40000000 0xbfffffff}]
configparams force-mem-access 1
targets -set -nocase -filter {name =~"APU*" && jtag_cable_name =~ "Xilinx TUL 1234-tulA"} -index 0
stop
ps7_init
ps7_post_config
targets -set -nocase -filter {name =~ "ARM*#0" && jtag_cable_name =~ "Xilinx TUL 1234-tulA"} -index 0
rst -processor
targets -set -nocase -filter {name =~ "ARM*#0" && jtag_cable_name =~ "Xilinx TUL 1234-tulA"} -index 0
dow D:/Documents/Vivado_data/soc_uart/soc_uart.sdk/uart_sdk/Debug/uart_sdk.elf
configparams force-mem-access 0
----------------End of Script----------------

23:53:03 INFO  : Memory regions updated for context APU
23:53:03 INFO  : Context for processor 'ps7_cortexa9_0' is selected.
23:53:03 INFO  : 'con' command is executed.
23:53:03 INFO  : ----------------XSDB Script (After Launch)----------------
targets -set -nocase -filter {name =~ "ARM*#0" && jtag_cable_name =~ "Xilinx TUL 1234-tulA"} -index 0
con
----------------End of Script----------------

23:53:03 INFO  : Launch script is exported to file 'D:\Documents\Vivado_data\soc_uart\soc_uart.sdk\.sdk\launch_scripts\xilinx_c-c++_application_(system_debugger)\system_debugger_using_debug_uart_sdk.elf_on_local.tcl'
23:53:40 INFO  : Disconnected from the channel tcfchan#2.
23:53:41 INFO  : 'targets -set -filter {jtag_cable_name =~ "Xilinx TUL 1234-tulA" && level==0} -index 1' command is executed.
23:53:41 INFO  : 'fpga -state' command is executed.
23:53:41 INFO  : Connected to target on host '127.0.0.1' and port '3121'.
23:53:41 INFO  : Jtag cable 'Xilinx TUL 1234-tulA' is selected.
23:53:41 INFO  : 'jtag frequency' command is executed.
23:53:41 INFO  : Sourcing of 'D:/Documents/Vivado_data/soc_uart/soc_uart.sdk/design_1_wrapper_hw_platform_0/ps7_init.tcl' is done.
23:53:41 INFO  : Context for 'APU' is selected.
23:53:42 INFO  : Hardware design information is loaded from 'D:/Documents/Vivado_data/soc_uart/soc_uart.sdk/design_1_wrapper_hw_platform_0/system.hdf'.
23:53:42 INFO  : 'configparams force-mem-access 1' command is executed.
23:53:42 INFO  : Context for 'APU' is selected.
23:53:43 INFO  : 'stop' command is executed.
23:53:43 INFO  : 'ps7_init' command is executed.
23:53:43 INFO  : 'ps7_post_config' command is executed.
23:53:43 INFO  : Context for processor 'ps7_cortexa9_0' is selected.
23:53:43 INFO  : Processor reset is completed for 'ps7_cortexa9_0'.
23:53:43 INFO  : Context for processor 'ps7_cortexa9_0' is selected.
23:53:43 INFO  : The application 'D:/Documents/Vivado_data/soc_uart/soc_uart.sdk/uart_sdk/Debug/uart_sdk.elf' is downloaded to processor 'ps7_cortexa9_0'.
23:53:43 INFO  : 'configparams force-mem-access 0' command is executed.
23:53:43 INFO  : ----------------XSDB Script----------------
connect -url tcp:127.0.0.1:3121
source D:/Documents/Vivado_data/soc_uart/soc_uart.sdk/design_1_wrapper_hw_platform_0/ps7_init.tcl
targets -set -nocase -filter {name =~"APU*" && jtag_cable_name =~ "Xilinx TUL 1234-tulA"} -index 0
loadhw -hw D:/Documents/Vivado_data/soc_uart/soc_uart.sdk/design_1_wrapper_hw_platform_0/system.hdf -mem-ranges [list {0x40000000 0xbfffffff}]
configparams force-mem-access 1
targets -set -nocase -filter {name =~"APU*" && jtag_cable_name =~ "Xilinx TUL 1234-tulA"} -index 0
stop
ps7_init
ps7_post_config
targets -set -nocase -filter {name =~ "ARM*#0" && jtag_cable_name =~ "Xilinx TUL 1234-tulA"} -index 0
rst -processor
targets -set -nocase -filter {name =~ "ARM*#0" && jtag_cable_name =~ "Xilinx TUL 1234-tulA"} -index 0
dow D:/Documents/Vivado_data/soc_uart/soc_uart.sdk/uart_sdk/Debug/uart_sdk.elf
configparams force-mem-access 0
----------------End of Script----------------

23:53:43 INFO  : Memory regions updated for context APU
23:53:43 INFO  : Context for processor 'ps7_cortexa9_0' is selected.
23:53:43 INFO  : 'con' command is executed.
23:53:43 INFO  : ----------------XSDB Script (After Launch)----------------
targets -set -nocase -filter {name =~ "ARM*#0" && jtag_cable_name =~ "Xilinx TUL 1234-tulA"} -index 0
con
----------------End of Script----------------

23:53:43 INFO  : Launch script is exported to file 'D:\Documents\Vivado_data\soc_uart\soc_uart.sdk\.sdk\launch_scripts\xilinx_c-c++_application_(system_debugger)\system_debugger_using_debug_uart_sdk.elf_on_local.tcl'
23:54:35 INFO  : Disconnected from the channel tcfchan#3.
23:54:36 INFO  : 'targets -set -filter {jtag_cable_name =~ "Xilinx TUL 1234-tulA" && level==0} -index 1' command is executed.
23:54:36 INFO  : 'fpga -state' command is executed.
23:54:36 INFO  : Connected to target on host '127.0.0.1' and port '3121'.
23:54:36 INFO  : Jtag cable 'Xilinx TUL 1234-tulA' is selected.
23:54:36 INFO  : 'jtag frequency' command is executed.
23:54:36 INFO  : Sourcing of 'D:/Documents/Vivado_data/soc_uart/soc_uart.sdk/design_1_wrapper_hw_platform_0/ps7_init.tcl' is done.
23:54:36 INFO  : Context for 'APU' is selected.
23:54:38 INFO  : Hardware design information is loaded from 'D:/Documents/Vivado_data/soc_uart/soc_uart.sdk/design_1_wrapper_hw_platform_0/system.hdf'.
23:54:38 INFO  : 'configparams force-mem-access 1' command is executed.
23:54:38 INFO  : Context for 'APU' is selected.
23:54:38 INFO  : 'stop' command is executed.
23:54:38 INFO  : 'ps7_init' command is executed.
23:54:38 INFO  : 'ps7_post_config' command is executed.
23:54:38 INFO  : Context for processor 'ps7_cortexa9_0' is selected.
23:54:38 INFO  : Processor reset is completed for 'ps7_cortexa9_0'.
23:54:38 INFO  : Context for processor 'ps7_cortexa9_0' is selected.
23:54:38 INFO  : The application 'D:/Documents/Vivado_data/soc_uart/soc_uart.sdk/uart_sdk/Debug/uart_sdk.elf' is downloaded to processor 'ps7_cortexa9_0'.
23:54:38 INFO  : 'configparams force-mem-access 0' command is executed.
23:54:38 INFO  : ----------------XSDB Script----------------
connect -url tcp:127.0.0.1:3121
source D:/Documents/Vivado_data/soc_uart/soc_uart.sdk/design_1_wrapper_hw_platform_0/ps7_init.tcl
targets -set -nocase -filter {name =~"APU*" && jtag_cable_name =~ "Xilinx TUL 1234-tulA"} -index 0
loadhw -hw D:/Documents/Vivado_data/soc_uart/soc_uart.sdk/design_1_wrapper_hw_platform_0/system.hdf -mem-ranges [list {0x40000000 0xbfffffff}]
configparams force-mem-access 1
targets -set -nocase -filter {name =~"APU*" && jtag_cable_name =~ "Xilinx TUL 1234-tulA"} -index 0
stop
ps7_init
ps7_post_config
targets -set -nocase -filter {name =~ "ARM*#0" && jtag_cable_name =~ "Xilinx TUL 1234-tulA"} -index 0
rst -processor
targets -set -nocase -filter {name =~ "ARM*#0" && jtag_cable_name =~ "Xilinx TUL 1234-tulA"} -index 0
dow D:/Documents/Vivado_data/soc_uart/soc_uart.sdk/uart_sdk/Debug/uart_sdk.elf
configparams force-mem-access 0
----------------End of Script----------------

23:54:38 INFO  : Memory regions updated for context APU
23:54:38 INFO  : Context for processor 'ps7_cortexa9_0' is selected.
23:54:38 INFO  : 'con' command is executed.
23:54:38 INFO  : ----------------XSDB Script (After Launch)----------------
targets -set -nocase -filter {name =~ "ARM*#0" && jtag_cable_name =~ "Xilinx TUL 1234-tulA"} -index 0
con
----------------End of Script----------------

23:54:38 INFO  : Launch script is exported to file 'D:\Documents\Vivado_data\soc_uart\soc_uart.sdk\.sdk\launch_scripts\xilinx_c-c++_application_(system_debugger)\system_debugger_using_debug_uart_sdk.elf_on_local.tcl'
00:02:17 INFO  : Disconnected from the channel tcfchan#4.
14:30:10 INFO  : Registering command handlers for SDK TCF services
14:30:10 INFO  : Launching XSCT server: xsct.bat -interactive D:\Documents\Vivado_data\soc_uart\soc_uart.sdk\temp_xsdb_launch_script.tcl
14:30:12 INFO  : XSCT server has started successfully.
14:30:12 INFO  : Successfully done setting XSCT server connection channel  
14:30:15 INFO  : Successfully done setting SDK workspace  
14:30:16 INFO  : Processing command line option -hwspec D:/Documents/Vivado_data/soc_uart/soc_uart.sdk/design_1_wrapper.hdf.
14:30:16 INFO  : Checking for hwspec changes in the project design_1_wrapper_hw_platform_0.
14:30:20 INFO  : SDK has detected change in the last modified timestamps for source hardware specification file Source:1748327312689,  Project:1748274375684
14:30:20 INFO  : The hardware specification for project 'design_1_wrapper_hw_platform_0' is different from D:/Documents/Vivado_data/soc_uart/soc_uart.sdk/design_1_wrapper.hdf.
14:30:20 INFO  : Copied contents of D:/Documents/Vivado_data/soc_uart/soc_uart.sdk/design_1_wrapper.hdf into \design_1_wrapper_hw_platform_0\system.hdf.
14:30:23 INFO  : Synchronizing projects in the workspace with the hardware platform specification changes.
14:30:25 INFO  : 
14:30:25 INFO  : Updating hardware inferred compiler options for uart_sdk.
14:30:25 INFO  : Clearing existing target manager status.
14:30:39 INFO  : 'targets -set -filter {jtag_cable_name =~ "Xilinx TUL 1234-tulA" && level==0} -index 1' command is executed.
14:30:39 INFO  : 'fpga -state' command is executed.
14:30:39 INFO  : Connected to target on host '127.0.0.1' and port '3121'.
14:30:39 INFO  : Jtag cable 'Xilinx TUL 1234-tulA' is selected.
14:30:39 INFO  : 'jtag frequency' command is executed.
14:30:39 INFO  : Sourcing of 'D:/Documents/Vivado_data/soc_uart/soc_uart.sdk/design_1_wrapper_hw_platform_0/ps7_init.tcl' is done.
14:30:39 INFO  : Context for 'APU' is selected.
14:30:39 INFO  : Hardware design information is loaded from 'D:/Documents/Vivado_data/soc_uart/soc_uart.sdk/design_1_wrapper_hw_platform_0/system.hdf'.
14:30:39 INFO  : 'configparams force-mem-access 1' command is executed.
14:30:39 INFO  : Context for 'APU' is selected.
14:30:39 INFO  : 'stop' command is executed.
14:30:39 INFO  : 'ps7_init' command is executed.
14:30:39 INFO  : 'ps7_post_config' command is executed.
14:30:39 INFO  : Context for processor 'ps7_cortexa9_0' is selected.
14:30:39 INFO  : Processor reset is completed for 'ps7_cortexa9_0'.
14:30:39 INFO  : Context for processor 'ps7_cortexa9_0' is selected.
14:30:40 INFO  : The application 'D:/Documents/Vivado_data/soc_uart/soc_uart.sdk/uart_sdk/Debug/uart_sdk.elf' is downloaded to processor 'ps7_cortexa9_0'.
14:30:40 INFO  : 'configparams force-mem-access 0' command is executed.
14:30:40 INFO  : ----------------XSDB Script----------------
connect -url tcp:127.0.0.1:3121
source D:/Documents/Vivado_data/soc_uart/soc_uart.sdk/design_1_wrapper_hw_platform_0/ps7_init.tcl
targets -set -nocase -filter {name =~"APU*" && jtag_cable_name =~ "Xilinx TUL 1234-tulA"} -index 0
loadhw -hw D:/Documents/Vivado_data/soc_uart/soc_uart.sdk/design_1_wrapper_hw_platform_0/system.hdf -mem-ranges [list {0x40000000 0xbfffffff}]
configparams force-mem-access 1
targets -set -nocase -filter {name =~"APU*" && jtag_cable_name =~ "Xilinx TUL 1234-tulA"} -index 0
stop
ps7_init
ps7_post_config
targets -set -nocase -filter {name =~ "ARM*#0" && jtag_cable_name =~ "Xilinx TUL 1234-tulA"} -index 0
rst -processor
targets -set -nocase -filter {name =~ "ARM*#0" && jtag_cable_name =~ "Xilinx TUL 1234-tulA"} -index 0
dow D:/Documents/Vivado_data/soc_uart/soc_uart.sdk/uart_sdk/Debug/uart_sdk.elf
configparams force-mem-access 0
----------------End of Script----------------

14:30:40 INFO  : Memory regions updated for context APU
14:30:40 INFO  : Context for processor 'ps7_cortexa9_0' is selected.
14:30:40 INFO  : 'con' command is executed.
14:30:40 INFO  : ----------------XSDB Script (After Launch)----------------
targets -set -nocase -filter {name =~ "ARM*#0" && jtag_cable_name =~ "Xilinx TUL 1234-tulA"} -index 0
con
----------------End of Script----------------

14:30:40 INFO  : Launch script is exported to file 'D:\Documents\Vivado_data\soc_uart\soc_uart.sdk\.sdk\launch_scripts\xilinx_c-c++_application_(system_debugger)\system_debugger_using_debug_uart_sdk.elf_on_local.tcl'
14:30:50 INFO  : Disconnected from the channel tcfchan#1.
14:30:51 INFO  : 'targets -set -filter {jtag_cable_name =~ "Xilinx TUL 1234-tulA" && level==0} -index 1' command is executed.
14:30:51 INFO  : 'fpga -state' command is executed.
14:30:51 INFO  : Connected to target on host '127.0.0.1' and port '3121'.
14:30:51 INFO  : Jtag cable 'Xilinx TUL 1234-tulA' is selected.
14:30:51 INFO  : 'jtag frequency' command is executed.
14:30:51 INFO  : Sourcing of 'D:/Documents/Vivado_data/soc_uart/soc_uart.sdk/design_1_wrapper_hw_platform_0/ps7_init.tcl' is done.
14:30:51 INFO  : Context for 'APU' is selected.
14:30:53 INFO  : Hardware design information is loaded from 'D:/Documents/Vivado_data/soc_uart/soc_uart.sdk/design_1_wrapper_hw_platform_0/system.hdf'.
14:30:53 INFO  : 'configparams force-mem-access 1' command is executed.
14:30:53 INFO  : Context for 'APU' is selected.
14:30:53 INFO  : 'stop' command is executed.
14:30:53 INFO  : 'ps7_init' command is executed.
14:30:53 INFO  : 'ps7_post_config' command is executed.
14:30:53 INFO  : Context for processor 'ps7_cortexa9_0' is selected.
14:30:53 INFO  : Processor reset is completed for 'ps7_cortexa9_0'.
14:30:53 INFO  : Context for processor 'ps7_cortexa9_0' is selected.
14:30:53 INFO  : The application 'D:/Documents/Vivado_data/soc_uart/soc_uart.sdk/uart_sdk/Debug/uart_sdk.elf' is downloaded to processor 'ps7_cortexa9_0'.
14:30:53 INFO  : 'configparams force-mem-access 0' command is executed.
14:30:53 INFO  : ----------------XSDB Script----------------
connect -url tcp:127.0.0.1:3121
source D:/Documents/Vivado_data/soc_uart/soc_uart.sdk/design_1_wrapper_hw_platform_0/ps7_init.tcl
targets -set -nocase -filter {name =~"APU*" && jtag_cable_name =~ "Xilinx TUL 1234-tulA"} -index 0
loadhw -hw D:/Documents/Vivado_data/soc_uart/soc_uart.sdk/design_1_wrapper_hw_platform_0/system.hdf -mem-ranges [list {0x40000000 0xbfffffff}]
configparams force-mem-access 1
targets -set -nocase -filter {name =~"APU*" && jtag_cable_name =~ "Xilinx TUL 1234-tulA"} -index 0
stop
ps7_init
ps7_post_config
targets -set -nocase -filter {name =~ "ARM*#0" && jtag_cable_name =~ "Xilinx TUL 1234-tulA"} -index 0
rst -processor
targets -set -nocase -filter {name =~ "ARM*#0" && jtag_cable_name =~ "Xilinx TUL 1234-tulA"} -index 0
dow D:/Documents/Vivado_data/soc_uart/soc_uart.sdk/uart_sdk/Debug/uart_sdk.elf
configparams force-mem-access 0
----------------End of Script----------------

14:30:53 INFO  : Memory regions updated for context APU
14:30:53 INFO  : Context for processor 'ps7_cortexa9_0' is selected.
14:30:53 INFO  : 'con' command is executed.
14:30:53 INFO  : ----------------XSDB Script (After Launch)----------------
targets -set -nocase -filter {name =~ "ARM*#0" && jtag_cable_name =~ "Xilinx TUL 1234-tulA"} -index 0
con
----------------End of Script----------------

14:30:53 INFO  : Launch script is exported to file 'D:\Documents\Vivado_data\soc_uart\soc_uart.sdk\.sdk\launch_scripts\xilinx_c-c++_application_(system_debugger)\system_debugger_using_debug_uart_sdk.elf_on_local.tcl'
14:31:22 INFO  : Disconnected from the channel tcfchan#2.
14:31:23 INFO  : 'targets -set -filter {jtag_cable_name =~ "Xilinx TUL 1234-tulA" && level==0} -index 1' command is executed.
14:31:23 INFO  : 'fpga -state' command is executed.
14:31:23 INFO  : Connected to target on host '127.0.0.1' and port '3121'.
14:31:23 INFO  : Jtag cable 'Xilinx TUL 1234-tulA' is selected.
14:31:23 INFO  : 'jtag frequency' command is executed.
14:31:23 INFO  : Sourcing of 'D:/Documents/Vivado_data/soc_uart/soc_uart.sdk/design_1_wrapper_hw_platform_0/ps7_init.tcl' is done.
14:31:23 INFO  : Context for 'APU' is selected.
14:31:23 INFO  : Hardware design information is loaded from 'D:/Documents/Vivado_data/soc_uart/soc_uart.sdk/design_1_wrapper_hw_platform_0/system.hdf'.
14:31:23 INFO  : 'configparams force-mem-access 1' command is executed.
14:31:23 INFO  : Context for 'APU' is selected.
14:31:23 INFO  : 'stop' command is executed.
14:31:24 INFO  : 'ps7_init' command is executed.
14:31:24 INFO  : 'ps7_post_config' command is executed.
14:31:24 INFO  : Context for processor 'ps7_cortexa9_0' is selected.
14:31:24 INFO  : Processor reset is completed for 'ps7_cortexa9_0'.
14:31:24 INFO  : Context for processor 'ps7_cortexa9_0' is selected.
14:31:24 INFO  : The application 'D:/Documents/Vivado_data/soc_uart/soc_uart.sdk/uart_sdk/Debug/uart_sdk.elf' is downloaded to processor 'ps7_cortexa9_0'.
14:31:24 INFO  : 'configparams force-mem-access 0' command is executed.
14:31:24 INFO  : ----------------XSDB Script----------------
connect -url tcp:127.0.0.1:3121
source D:/Documents/Vivado_data/soc_uart/soc_uart.sdk/design_1_wrapper_hw_platform_0/ps7_init.tcl
targets -set -nocase -filter {name =~"APU*" && jtag_cable_name =~ "Xilinx TUL 1234-tulA"} -index 0
loadhw -hw D:/Documents/Vivado_data/soc_uart/soc_uart.sdk/design_1_wrapper_hw_platform_0/system.hdf -mem-ranges [list {0x40000000 0xbfffffff}]
configparams force-mem-access 1
targets -set -nocase -filter {name =~"APU*" && jtag_cable_name =~ "Xilinx TUL 1234-tulA"} -index 0
stop
ps7_init
ps7_post_config
targets -set -nocase -filter {name =~ "ARM*#0" && jtag_cable_name =~ "Xilinx TUL 1234-tulA"} -index 0
rst -processor
targets -set -nocase -filter {name =~ "ARM*#0" && jtag_cable_name =~ "Xilinx TUL 1234-tulA"} -index 0
dow D:/Documents/Vivado_data/soc_uart/soc_uart.sdk/uart_sdk/Debug/uart_sdk.elf
configparams force-mem-access 0
----------------End of Script----------------

14:31:24 INFO  : Memory regions updated for context APU
14:31:24 INFO  : Context for processor 'ps7_cortexa9_0' is selected.
14:31:24 INFO  : 'con' command is executed.
14:31:24 INFO  : ----------------XSDB Script (After Launch)----------------
targets -set -nocase -filter {name =~ "ARM*#0" && jtag_cable_name =~ "Xilinx TUL 1234-tulA"} -index 0
con
----------------End of Script----------------

14:31:24 INFO  : Launch script is exported to file 'D:\Documents\Vivado_data\soc_uart\soc_uart.sdk\.sdk\launch_scripts\xilinx_c-c++_application_(system_debugger)\system_debugger_using_debug_uart_sdk.elf_on_local.tcl'
14:31:33 INFO  : Disconnected from the channel tcfchan#3.
14:31:34 INFO  : 'targets -set -filter {jtag_cable_name =~ "Xilinx TUL 1234-tulA" && level==0} -index 1' command is executed.
14:31:34 INFO  : 'fpga -state' command is executed.
14:31:34 INFO  : Connected to target on host '127.0.0.1' and port '3121'.
14:31:34 INFO  : Jtag cable 'Xilinx TUL 1234-tulA' is selected.
14:31:34 INFO  : 'jtag frequency' command is executed.
14:31:34 INFO  : Sourcing of 'D:/Documents/Vivado_data/soc_uart/soc_uart.sdk/design_1_wrapper_hw_platform_0/ps7_init.tcl' is done.
14:31:34 INFO  : Context for 'APU' is selected.
14:31:34 INFO  : Hardware design information is loaded from 'D:/Documents/Vivado_data/soc_uart/soc_uart.sdk/design_1_wrapper_hw_platform_0/system.hdf'.
14:31:34 INFO  : 'configparams force-mem-access 1' command is executed.
14:31:34 INFO  : Context for 'APU' is selected.
14:31:34 INFO  : 'stop' command is executed.
14:31:35 INFO  : 'ps7_init' command is executed.
14:31:35 INFO  : 'ps7_post_config' command is executed.
14:31:35 INFO  : Context for processor 'ps7_cortexa9_0' is selected.
14:31:35 INFO  : Processor reset is completed for 'ps7_cortexa9_0'.
14:31:35 INFO  : Context for processor 'ps7_cortexa9_0' is selected.
14:31:35 INFO  : The application 'D:/Documents/Vivado_data/soc_uart/soc_uart.sdk/uart_sdk/Debug/uart_sdk.elf' is downloaded to processor 'ps7_cortexa9_0'.
14:31:35 INFO  : 'configparams force-mem-access 0' command is executed.
14:31:35 INFO  : ----------------XSDB Script----------------
connect -url tcp:127.0.0.1:3121
source D:/Documents/Vivado_data/soc_uart/soc_uart.sdk/design_1_wrapper_hw_platform_0/ps7_init.tcl
targets -set -nocase -filter {name =~"APU*" && jtag_cable_name =~ "Xilinx TUL 1234-tulA"} -index 0
loadhw -hw D:/Documents/Vivado_data/soc_uart/soc_uart.sdk/design_1_wrapper_hw_platform_0/system.hdf -mem-ranges [list {0x40000000 0xbfffffff}]
configparams force-mem-access 1
targets -set -nocase -filter {name =~"APU*" && jtag_cable_name =~ "Xilinx TUL 1234-tulA"} -index 0
stop
ps7_init
ps7_post_config
targets -set -nocase -filter {name =~ "ARM*#0" && jtag_cable_name =~ "Xilinx TUL 1234-tulA"} -index 0
rst -processor
targets -set -nocase -filter {name =~ "ARM*#0" && jtag_cable_name =~ "Xilinx TUL 1234-tulA"} -index 0
dow D:/Documents/Vivado_data/soc_uart/soc_uart.sdk/uart_sdk/Debug/uart_sdk.elf
configparams force-mem-access 0
----------------End of Script----------------

14:31:35 INFO  : Memory regions updated for context APU
14:31:35 INFO  : Context for processor 'ps7_cortexa9_0' is selected.
14:31:35 INFO  : 'con' command is executed.
14:31:35 INFO  : ----------------XSDB Script (After Launch)----------------
targets -set -nocase -filter {name =~ "ARM*#0" && jtag_cable_name =~ "Xilinx TUL 1234-tulA"} -index 0
con
----------------End of Script----------------

14:31:35 INFO  : Launch script is exported to file 'D:\Documents\Vivado_data\soc_uart\soc_uart.sdk\.sdk\launch_scripts\xilinx_c-c++_application_(system_debugger)\system_debugger_using_debug_uart_sdk.elf_on_local.tcl'
14:32:32 INFO  : Disconnected from the channel tcfchan#4.
14:32:44 INFO  : Registering command handlers for SDK TCF services
14:32:45 INFO  : Launching XSCT server: xsct.bat -interactive D:\Documents\Vivado_data\soc_uart\soc_uart.sdk\temp_xsdb_launch_script.tcl
14:32:46 INFO  : XSCT server has started successfully.
14:32:46 INFO  : Successfully done setting XSCT server connection channel  
14:32:46 INFO  : Successfully done setting SDK workspace  
14:32:46 INFO  : Processing command line option -hwspec D:/Documents/Vivado_data/soc_uart/soc_uart.sdk/design_1_wrapper.hdf.
14:32:46 INFO  : Checking for hwspec changes in the project design_1_wrapper_hw_platform_0.
14:33:14 INFO  : 'targets -set -filter {jtag_cable_name =~ "Xilinx TUL 1234-tulA" && level==0} -index 1' command is executed.
14:33:14 INFO  : 'fpga -state' command is executed.
14:33:14 INFO  : Connected to target on host '127.0.0.1' and port '3121'.
14:33:14 INFO  : Jtag cable 'Xilinx TUL 1234-tulA' is selected.
14:33:14 INFO  : 'jtag frequency' command is executed.
14:33:14 INFO  : Sourcing of 'D:/Documents/Vivado_data/soc_uart/soc_uart.sdk/design_1_wrapper_hw_platform_0/ps7_init.tcl' is done.
14:33:14 INFO  : Context for 'APU' is selected.
14:33:14 INFO  : Hardware design information is loaded from 'D:/Documents/Vivado_data/soc_uart/soc_uart.sdk/design_1_wrapper_hw_platform_0/system.hdf'.
14:33:14 INFO  : 'configparams force-mem-access 1' command is executed.
14:33:14 INFO  : Context for 'APU' is selected.
14:33:14 INFO  : 'stop' command is executed.
14:33:14 INFO  : 'ps7_init' command is executed.
14:33:14 INFO  : 'ps7_post_config' command is executed.
14:33:14 INFO  : Context for processor 'ps7_cortexa9_0' is selected.
14:33:14 INFO  : Processor reset is completed for 'ps7_cortexa9_0'.
14:33:14 INFO  : Context for processor 'ps7_cortexa9_0' is selected.
14:33:15 INFO  : The application 'D:/Documents/Vivado_data/soc_uart/soc_uart.sdk/uart_sdk/Debug/uart_sdk.elf' is downloaded to processor 'ps7_cortexa9_0'.
14:33:15 INFO  : 'configparams force-mem-access 0' command is executed.
14:33:15 INFO  : ----------------XSDB Script----------------
connect -url tcp:127.0.0.1:3121
source D:/Documents/Vivado_data/soc_uart/soc_uart.sdk/design_1_wrapper_hw_platform_0/ps7_init.tcl
targets -set -nocase -filter {name =~"APU*" && jtag_cable_name =~ "Xilinx TUL 1234-tulA"} -index 0
loadhw -hw D:/Documents/Vivado_data/soc_uart/soc_uart.sdk/design_1_wrapper_hw_platform_0/system.hdf -mem-ranges [list {0x40000000 0xbfffffff}]
configparams force-mem-access 1
targets -set -nocase -filter {name =~"APU*" && jtag_cable_name =~ "Xilinx TUL 1234-tulA"} -index 0
stop
ps7_init
ps7_post_config
targets -set -nocase -filter {name =~ "ARM*#0" && jtag_cable_name =~ "Xilinx TUL 1234-tulA"} -index 0
rst -processor
targets -set -nocase -filter {name =~ "ARM*#0" && jtag_cable_name =~ "Xilinx TUL 1234-tulA"} -index 0
dow D:/Documents/Vivado_data/soc_uart/soc_uart.sdk/uart_sdk/Debug/uart_sdk.elf
configparams force-mem-access 0
----------------End of Script----------------

14:33:15 INFO  : Memory regions updated for context APU
14:33:15 INFO  : Context for processor 'ps7_cortexa9_0' is selected.
14:33:15 INFO  : 'con' command is executed.
14:33:15 INFO  : ----------------XSDB Script (After Launch)----------------
targets -set -nocase -filter {name =~ "ARM*#0" && jtag_cable_name =~ "Xilinx TUL 1234-tulA"} -index 0
con
----------------End of Script----------------

14:33:15 INFO  : Launch script is exported to file 'D:\Documents\Vivado_data\soc_uart\soc_uart.sdk\.sdk\launch_scripts\xilinx_c-c++_application_(system_debugger)\system_debugger_using_debug_uart_sdk.elf_on_local.tcl'
14:33:21 INFO  : Disconnected from the channel tcfchan#1.
14:33:22 INFO  : 'targets -set -filter {jtag_cable_name =~ "Xilinx TUL 1234-tulA" && level==0} -index 1' command is executed.
14:33:22 INFO  : 'fpga -state' command is executed.
14:33:22 INFO  : Connected to target on host '127.0.0.1' and port '3121'.
14:33:22 INFO  : Jtag cable 'Xilinx TUL 1234-tulA' is selected.
14:33:22 INFO  : 'jtag frequency' command is executed.
14:33:22 INFO  : Sourcing of 'D:/Documents/Vivado_data/soc_uart/soc_uart.sdk/design_1_wrapper_hw_platform_0/ps7_init.tcl' is done.
14:33:22 INFO  : Context for 'APU' is selected.
14:33:23 INFO  : Hardware design information is loaded from 'D:/Documents/Vivado_data/soc_uart/soc_uart.sdk/design_1_wrapper_hw_platform_0/system.hdf'.
14:33:23 INFO  : 'configparams force-mem-access 1' command is executed.
14:33:23 INFO  : Context for 'APU' is selected.
14:33:23 INFO  : 'stop' command is executed.
14:33:24 INFO  : 'ps7_init' command is executed.
14:33:24 INFO  : 'ps7_post_config' command is executed.
14:33:24 INFO  : Context for processor 'ps7_cortexa9_0' is selected.
14:33:24 INFO  : Processor reset is completed for 'ps7_cortexa9_0'.
14:33:24 INFO  : Context for processor 'ps7_cortexa9_0' is selected.
14:33:24 INFO  : The application 'D:/Documents/Vivado_data/soc_uart/soc_uart.sdk/uart_sdk/Debug/uart_sdk.elf' is downloaded to processor 'ps7_cortexa9_0'.
14:33:24 INFO  : 'configparams force-mem-access 0' command is executed.
14:33:24 INFO  : ----------------XSDB Script----------------
connect -url tcp:127.0.0.1:3121
source D:/Documents/Vivado_data/soc_uart/soc_uart.sdk/design_1_wrapper_hw_platform_0/ps7_init.tcl
targets -set -nocase -filter {name =~"APU*" && jtag_cable_name =~ "Xilinx TUL 1234-tulA"} -index 0
loadhw -hw D:/Documents/Vivado_data/soc_uart/soc_uart.sdk/design_1_wrapper_hw_platform_0/system.hdf -mem-ranges [list {0x40000000 0xbfffffff}]
configparams force-mem-access 1
targets -set -nocase -filter {name =~"APU*" && jtag_cable_name =~ "Xilinx TUL 1234-tulA"} -index 0
stop
ps7_init
ps7_post_config
targets -set -nocase -filter {name =~ "ARM*#0" && jtag_cable_name =~ "Xilinx TUL 1234-tulA"} -index 0
rst -processor
targets -set -nocase -filter {name =~ "ARM*#0" && jtag_cable_name =~ "Xilinx TUL 1234-tulA"} -index 0
dow D:/Documents/Vivado_data/soc_uart/soc_uart.sdk/uart_sdk/Debug/uart_sdk.elf
configparams force-mem-access 0
----------------End of Script----------------

14:33:24 INFO  : Memory regions updated for context APU
14:33:24 INFO  : Context for processor 'ps7_cortexa9_0' is selected.
14:33:24 INFO  : 'con' command is executed.
14:33:24 INFO  : ----------------XSDB Script (After Launch)----------------
targets -set -nocase -filter {name =~ "ARM*#0" && jtag_cable_name =~ "Xilinx TUL 1234-tulA"} -index 0
con
----------------End of Script----------------

14:33:24 INFO  : Launch script is exported to file 'D:\Documents\Vivado_data\soc_uart\soc_uart.sdk\.sdk\launch_scripts\xilinx_c-c++_application_(system_debugger)\system_debugger_using_debug_uart_sdk.elf_on_local.tcl'
14:37:45 INFO  : Disconnected from the channel tcfchan#2.
14:37:47 INFO  : 'targets -set -filter {jtag_cable_name =~ "Xilinx TUL 1234-tulA" && level==0} -index 1' command is executed.
14:37:47 INFO  : 'fpga -state' command is executed.
14:37:47 INFO  : Connected to target on host '127.0.0.1' and port '3121'.
14:37:47 INFO  : Jtag cable 'Xilinx TUL 1234-tulA' is selected.
14:37:47 INFO  : 'jtag frequency' command is executed.
14:37:47 INFO  : Sourcing of 'D:/Documents/Vivado_data/soc_uart/soc_uart.sdk/design_1_wrapper_hw_platform_0/ps7_init.tcl' is done.
14:37:47 INFO  : Context for 'APU' is selected.
14:37:48 INFO  : Hardware design information is loaded from 'D:/Documents/Vivado_data/soc_uart/soc_uart.sdk/design_1_wrapper_hw_platform_0/system.hdf'.
14:37:48 INFO  : 'configparams force-mem-access 1' command is executed.
14:37:48 INFO  : Context for 'APU' is selected.
14:37:48 INFO  : 'stop' command is executed.
14:37:49 INFO  : 'ps7_init' command is executed.
14:37:49 INFO  : 'ps7_post_config' command is executed.
14:37:49 INFO  : Context for processor 'ps7_cortexa9_0' is selected.
14:37:49 INFO  : Processor reset is completed for 'ps7_cortexa9_0'.
14:37:49 INFO  : Context for processor 'ps7_cortexa9_0' is selected.
14:37:49 INFO  : The application 'D:/Documents/Vivado_data/soc_uart/soc_uart.sdk/uart_sdk/Debug/uart_sdk.elf' is downloaded to processor 'ps7_cortexa9_0'.
14:37:49 INFO  : 'configparams force-mem-access 0' command is executed.
14:37:49 INFO  : ----------------XSDB Script----------------
connect -url tcp:127.0.0.1:3121
source D:/Documents/Vivado_data/soc_uart/soc_uart.sdk/design_1_wrapper_hw_platform_0/ps7_init.tcl
targets -set -nocase -filter {name =~"APU*" && jtag_cable_name =~ "Xilinx TUL 1234-tulA"} -index 0
loadhw -hw D:/Documents/Vivado_data/soc_uart/soc_uart.sdk/design_1_wrapper_hw_platform_0/system.hdf -mem-ranges [list {0x40000000 0xbfffffff}]
configparams force-mem-access 1
targets -set -nocase -filter {name =~"APU*" && jtag_cable_name =~ "Xilinx TUL 1234-tulA"} -index 0
stop
ps7_init
ps7_post_config
targets -set -nocase -filter {name =~ "ARM*#0" && jtag_cable_name =~ "Xilinx TUL 1234-tulA"} -index 0
rst -processor
targets -set -nocase -filter {name =~ "ARM*#0" && jtag_cable_name =~ "Xilinx TUL 1234-tulA"} -index 0
dow D:/Documents/Vivado_data/soc_uart/soc_uart.sdk/uart_sdk/Debug/uart_sdk.elf
configparams force-mem-access 0
----------------End of Script----------------

14:37:49 INFO  : Memory regions updated for context APU
14:37:49 INFO  : Context for processor 'ps7_cortexa9_0' is selected.
14:37:49 INFO  : 'con' command is executed.
14:37:49 INFO  : ----------------XSDB Script (After Launch)----------------
targets -set -nocase -filter {name =~ "ARM*#0" && jtag_cable_name =~ "Xilinx TUL 1234-tulA"} -index 0
con
----------------End of Script----------------

14:37:49 INFO  : Launch script is exported to file 'D:\Documents\Vivado_data\soc_uart\soc_uart.sdk\.sdk\launch_scripts\xilinx_c-c++_application_(system_debugger)\system_debugger_using_debug_uart_sdk.elf_on_local.tcl'
14:38:20 INFO  : Disconnected from the channel tcfchan#3.
14:38:21 INFO  : 'targets -set -filter {jtag_cable_name =~ "Xilinx TUL 1234-tulA" && level==0} -index 1' command is executed.
14:38:21 INFO  : 'fpga -state' command is executed.
14:38:21 INFO  : Connected to target on host '127.0.0.1' and port '3121'.
14:38:22 INFO  : Jtag cable 'Xilinx TUL 1234-tulA' is selected.
14:38:22 INFO  : 'jtag frequency' command is executed.
14:38:22 INFO  : Sourcing of 'D:/Documents/Vivado_data/soc_uart/soc_uart.sdk/design_1_wrapper_hw_platform_0/ps7_init.tcl' is done.
14:38:22 INFO  : Context for 'APU' is selected.
14:38:24 INFO  : Hardware design information is loaded from 'D:/Documents/Vivado_data/soc_uart/soc_uart.sdk/design_1_wrapper_hw_platform_0/system.hdf'.
14:38:24 INFO  : 'configparams force-mem-access 1' command is executed.
14:38:24 INFO  : Context for 'APU' is selected.
14:38:24 INFO  : 'stop' command is executed.
14:38:25 INFO  : 'ps7_init' command is executed.
14:38:25 INFO  : 'ps7_post_config' command is executed.
14:38:25 INFO  : Context for processor 'ps7_cortexa9_0' is selected.
14:38:25 INFO  : Processor reset is completed for 'ps7_cortexa9_0'.
14:38:25 INFO  : Context for processor 'ps7_cortexa9_0' is selected.
14:38:25 INFO  : The application 'D:/Documents/Vivado_data/soc_uart/soc_uart.sdk/uart_sdk/Debug/uart_sdk.elf' is downloaded to processor 'ps7_cortexa9_0'.
14:38:25 INFO  : 'configparams force-mem-access 0' command is executed.
14:38:25 INFO  : ----------------XSDB Script----------------
connect -url tcp:127.0.0.1:3121
source D:/Documents/Vivado_data/soc_uart/soc_uart.sdk/design_1_wrapper_hw_platform_0/ps7_init.tcl
targets -set -nocase -filter {name =~"APU*" && jtag_cable_name =~ "Xilinx TUL 1234-tulA"} -index 0
loadhw -hw D:/Documents/Vivado_data/soc_uart/soc_uart.sdk/design_1_wrapper_hw_platform_0/system.hdf -mem-ranges [list {0x40000000 0xbfffffff}]
configparams force-mem-access 1
targets -set -nocase -filter {name =~"APU*" && jtag_cable_name =~ "Xilinx TUL 1234-tulA"} -index 0
stop
ps7_init
ps7_post_config
targets -set -nocase -filter {name =~ "ARM*#0" && jtag_cable_name =~ "Xilinx TUL 1234-tulA"} -index 0
rst -processor
targets -set -nocase -filter {name =~ "ARM*#0" && jtag_cable_name =~ "Xilinx TUL 1234-tulA"} -index 0
dow D:/Documents/Vivado_data/soc_uart/soc_uart.sdk/uart_sdk/Debug/uart_sdk.elf
configparams force-mem-access 0
----------------End of Script----------------

14:38:25 INFO  : Memory regions updated for context APU
14:38:25 INFO  : Context for processor 'ps7_cortexa9_0' is selected.
14:38:25 INFO  : 'con' command is executed.
14:38:25 INFO  : ----------------XSDB Script (After Launch)----------------
targets -set -nocase -filter {name =~ "ARM*#0" && jtag_cable_name =~ "Xilinx TUL 1234-tulA"} -index 0
con
----------------End of Script----------------

14:38:25 INFO  : Launch script is exported to file 'D:\Documents\Vivado_data\soc_uart\soc_uart.sdk\.sdk\launch_scripts\xilinx_c-c++_application_(system_debugger)\system_debugger_using_debug_uart_sdk.elf_on_local.tcl'
14:45:21 INFO  : Disconnected from the channel tcfchan#4.
14:45:22 INFO  : 'targets -set -filter {jtag_cable_name =~ "Xilinx TUL 1234-tulA" && level==0} -index 1' command is executed.
14:45:22 INFO  : 'fpga -state' command is executed.
14:45:22 INFO  : Connected to target on host '127.0.0.1' and port '3121'.
14:45:22 INFO  : Jtag cable 'Xilinx TUL 1234-tulA' is selected.
14:45:22 INFO  : 'jtag frequency' command is executed.
14:45:22 INFO  : Sourcing of 'D:/Documents/Vivado_data/soc_uart/soc_uart.sdk/design_1_wrapper_hw_platform_0/ps7_init.tcl' is done.
14:45:22 INFO  : Context for 'APU' is selected.
14:45:24 INFO  : Hardware design information is loaded from 'D:/Documents/Vivado_data/soc_uart/soc_uart.sdk/design_1_wrapper_hw_platform_0/system.hdf'.
14:45:24 INFO  : 'configparams force-mem-access 1' command is executed.
14:45:24 INFO  : Context for 'APU' is selected.
14:45:24 INFO  : 'stop' command is executed.
14:45:24 INFO  : 'ps7_init' command is executed.
14:45:24 INFO  : 'ps7_post_config' command is executed.
14:45:24 INFO  : Context for processor 'ps7_cortexa9_0' is selected.
14:45:24 INFO  : Processor reset is completed for 'ps7_cortexa9_0'.
14:45:24 INFO  : Context for processor 'ps7_cortexa9_0' is selected.
14:45:25 INFO  : The application 'D:/Documents/Vivado_data/soc_uart/soc_uart.sdk/uart_sdk/Debug/uart_sdk.elf' is downloaded to processor 'ps7_cortexa9_0'.
14:45:25 INFO  : 'configparams force-mem-access 0' command is executed.
14:45:25 INFO  : ----------------XSDB Script----------------
connect -url tcp:127.0.0.1:3121
source D:/Documents/Vivado_data/soc_uart/soc_uart.sdk/design_1_wrapper_hw_platform_0/ps7_init.tcl
targets -set -nocase -filter {name =~"APU*" && jtag_cable_name =~ "Xilinx TUL 1234-tulA"} -index 0
loadhw -hw D:/Documents/Vivado_data/soc_uart/soc_uart.sdk/design_1_wrapper_hw_platform_0/system.hdf -mem-ranges [list {0x40000000 0xbfffffff}]
configparams force-mem-access 1
targets -set -nocase -filter {name =~"APU*" && jtag_cable_name =~ "Xilinx TUL 1234-tulA"} -index 0
stop
ps7_init
ps7_post_config
targets -set -nocase -filter {name =~ "ARM*#0" && jtag_cable_name =~ "Xilinx TUL 1234-tulA"} -index 0
rst -processor
targets -set -nocase -filter {name =~ "ARM*#0" && jtag_cable_name =~ "Xilinx TUL 1234-tulA"} -index 0
dow D:/Documents/Vivado_data/soc_uart/soc_uart.sdk/uart_sdk/Debug/uart_sdk.elf
configparams force-mem-access 0
----------------End of Script----------------

14:45:25 INFO  : Memory regions updated for context APU
14:45:25 INFO  : Context for processor 'ps7_cortexa9_0' is selected.
14:45:25 INFO  : 'con' command is executed.
14:45:25 INFO  : ----------------XSDB Script (After Launch)----------------
targets -set -nocase -filter {name =~ "ARM*#0" && jtag_cable_name =~ "Xilinx TUL 1234-tulA"} -index 0
con
----------------End of Script----------------

14:45:25 INFO  : Launch script is exported to file 'D:\Documents\Vivado_data\soc_uart\soc_uart.sdk\.sdk\launch_scripts\xilinx_c-c++_application_(system_debugger)\system_debugger_using_debug_uart_sdk.elf_on_local.tcl'
14:46:36 INFO  : Disconnected from the channel tcfchan#5.
14:46:37 INFO  : 'targets -set -filter {jtag_cable_name =~ "Xilinx TUL 1234-tulA" && level==0} -index 1' command is executed.
14:46:37 INFO  : 'fpga -state' command is executed.
14:46:37 INFO  : Connected to target on host '127.0.0.1' and port '3121'.
14:46:37 INFO  : Jtag cable 'Xilinx TUL 1234-tulA' is selected.
14:46:37 INFO  : 'jtag frequency' command is executed.
14:46:37 INFO  : Sourcing of 'D:/Documents/Vivado_data/soc_uart/soc_uart.sdk/design_1_wrapper_hw_platform_0/ps7_init.tcl' is done.
14:46:37 INFO  : Context for 'APU' is selected.
14:46:39 INFO  : Hardware design information is loaded from 'D:/Documents/Vivado_data/soc_uart/soc_uart.sdk/design_1_wrapper_hw_platform_0/system.hdf'.
14:46:39 INFO  : 'configparams force-mem-access 1' command is executed.
14:46:39 INFO  : Context for 'APU' is selected.
14:46:39 INFO  : 'stop' command is executed.
14:46:39 INFO  : 'ps7_init' command is executed.
14:46:39 INFO  : 'ps7_post_config' command is executed.
14:46:39 INFO  : Context for processor 'ps7_cortexa9_0' is selected.
14:46:39 INFO  : Processor reset is completed for 'ps7_cortexa9_0'.
14:46:39 INFO  : Context for processor 'ps7_cortexa9_0' is selected.
14:46:39 INFO  : The application 'D:/Documents/Vivado_data/soc_uart/soc_uart.sdk/uart_sdk/Debug/uart_sdk.elf' is downloaded to processor 'ps7_cortexa9_0'.
14:46:39 INFO  : 'configparams force-mem-access 0' command is executed.
14:46:39 INFO  : ----------------XSDB Script----------------
connect -url tcp:127.0.0.1:3121
source D:/Documents/Vivado_data/soc_uart/soc_uart.sdk/design_1_wrapper_hw_platform_0/ps7_init.tcl
targets -set -nocase -filter {name =~"APU*" && jtag_cable_name =~ "Xilinx TUL 1234-tulA"} -index 0
loadhw -hw D:/Documents/Vivado_data/soc_uart/soc_uart.sdk/design_1_wrapper_hw_platform_0/system.hdf -mem-ranges [list {0x40000000 0xbfffffff}]
configparams force-mem-access 1
targets -set -nocase -filter {name =~"APU*" && jtag_cable_name =~ "Xilinx TUL 1234-tulA"} -index 0
stop
ps7_init
ps7_post_config
targets -set -nocase -filter {name =~ "ARM*#0" && jtag_cable_name =~ "Xilinx TUL 1234-tulA"} -index 0
rst -processor
targets -set -nocase -filter {name =~ "ARM*#0" && jtag_cable_name =~ "Xilinx TUL 1234-tulA"} -index 0
dow D:/Documents/Vivado_data/soc_uart/soc_uart.sdk/uart_sdk/Debug/uart_sdk.elf
configparams force-mem-access 0
----------------End of Script----------------

14:46:39 INFO  : Memory regions updated for context APU
14:46:39 INFO  : Context for processor 'ps7_cortexa9_0' is selected.
14:46:39 INFO  : 'con' command is executed.
14:46:39 INFO  : ----------------XSDB Script (After Launch)----------------
targets -set -nocase -filter {name =~ "ARM*#0" && jtag_cable_name =~ "Xilinx TUL 1234-tulA"} -index 0
con
----------------End of Script----------------

14:46:39 INFO  : Launch script is exported to file 'D:\Documents\Vivado_data\soc_uart\soc_uart.sdk\.sdk\launch_scripts\xilinx_c-c++_application_(system_debugger)\system_debugger_using_debug_uart_sdk.elf_on_local.tcl'
14:47:08 INFO  : Disconnected from the channel tcfchan#6.
14:47:09 INFO  : 'targets -set -filter {jtag_cable_name =~ "Xilinx TUL 1234-tulA" && level==0} -index 1' command is executed.
14:47:09 INFO  : 'fpga -state' command is executed.
14:47:09 INFO  : Connected to target on host '127.0.0.1' and port '3121'.
14:47:09 INFO  : Jtag cable 'Xilinx TUL 1234-tulA' is selected.
14:47:09 INFO  : 'jtag frequency' command is executed.
14:47:09 INFO  : Sourcing of 'D:/Documents/Vivado_data/soc_uart/soc_uart.sdk/design_1_wrapper_hw_platform_0/ps7_init.tcl' is done.
14:47:09 INFO  : Context for 'APU' is selected.
14:47:11 INFO  : Hardware design information is loaded from 'D:/Documents/Vivado_data/soc_uart/soc_uart.sdk/design_1_wrapper_hw_platform_0/system.hdf'.
14:47:11 INFO  : 'configparams force-mem-access 1' command is executed.
14:47:11 INFO  : Context for 'APU' is selected.
14:47:11 INFO  : 'stop' command is executed.
14:47:11 INFO  : 'ps7_init' command is executed.
14:47:11 INFO  : 'ps7_post_config' command is executed.
14:47:11 INFO  : Context for processor 'ps7_cortexa9_0' is selected.
14:47:11 INFO  : Processor reset is completed for 'ps7_cortexa9_0'.
14:47:11 INFO  : Context for processor 'ps7_cortexa9_0' is selected.
14:47:11 INFO  : The application 'D:/Documents/Vivado_data/soc_uart/soc_uart.sdk/uart_sdk/Debug/uart_sdk.elf' is downloaded to processor 'ps7_cortexa9_0'.
14:47:11 INFO  : 'configparams force-mem-access 0' command is executed.
14:47:11 INFO  : ----------------XSDB Script----------------
connect -url tcp:127.0.0.1:3121
source D:/Documents/Vivado_data/soc_uart/soc_uart.sdk/design_1_wrapper_hw_platform_0/ps7_init.tcl
targets -set -nocase -filter {name =~"APU*" && jtag_cable_name =~ "Xilinx TUL 1234-tulA"} -index 0
loadhw -hw D:/Documents/Vivado_data/soc_uart/soc_uart.sdk/design_1_wrapper_hw_platform_0/system.hdf -mem-ranges [list {0x40000000 0xbfffffff}]
configparams force-mem-access 1
targets -set -nocase -filter {name =~"APU*" && jtag_cable_name =~ "Xilinx TUL 1234-tulA"} -index 0
stop
ps7_init
ps7_post_config
targets -set -nocase -filter {name =~ "ARM*#0" && jtag_cable_name =~ "Xilinx TUL 1234-tulA"} -index 0
rst -processor
targets -set -nocase -filter {name =~ "ARM*#0" && jtag_cable_name =~ "Xilinx TUL 1234-tulA"} -index 0
dow D:/Documents/Vivado_data/soc_uart/soc_uart.sdk/uart_sdk/Debug/uart_sdk.elf
configparams force-mem-access 0
----------------End of Script----------------

14:47:12 INFO  : Memory regions updated for context APU
14:47:12 INFO  : Context for processor 'ps7_cortexa9_0' is selected.
14:47:12 INFO  : 'con' command is executed.
14:47:12 INFO  : ----------------XSDB Script (After Launch)----------------
targets -set -nocase -filter {name =~ "ARM*#0" && jtag_cable_name =~ "Xilinx TUL 1234-tulA"} -index 0
con
----------------End of Script----------------

14:47:12 INFO  : Launch script is exported to file 'D:\Documents\Vivado_data\soc_uart\soc_uart.sdk\.sdk\launch_scripts\xilinx_c-c++_application_(system_debugger)\system_debugger_using_debug_uart_sdk.elf_on_local.tcl'
14:49:38 INFO  : Disconnected from the channel tcfchan#7.
14:58:58 INFO  : Registering command handlers for SDK TCF services
14:58:58 INFO  : Launching XSCT server: xsct.bat -interactive D:\Documents\Vivado_data\soc_uart\soc_uart.sdk\temp_xsdb_launch_script.tcl
14:58:59 INFO  : XSCT server has started successfully.
14:58:59 INFO  : Successfully done setting XSCT server connection channel  
14:58:59 INFO  : Processing command line option -hwspec D:/Documents/Vivado_data/soc_uart/soc_uart.sdk/design_1_wrapper.hdf.
14:58:59 INFO  : Successfully done setting SDK workspace  
14:58:59 INFO  : Checking for hwspec changes in the project design_1_wrapper_hw_platform_0.
14:59:01 INFO  : SDK has detected change in the last modified timestamps for source hardware specification file Source:1748328951941,  Project:1748327312689
14:59:01 INFO  : The hardware specification for project 'design_1_wrapper_hw_platform_0' is different from D:/Documents/Vivado_data/soc_uart/soc_uart.sdk/design_1_wrapper.hdf.
14:59:01 INFO  : Copied contents of D:/Documents/Vivado_data/soc_uart/soc_uart.sdk/design_1_wrapper.hdf into \design_1_wrapper_hw_platform_0\system.hdf.
14:59:04 INFO  : Synchronizing projects in the workspace with the hardware platform specification changes.
14:59:06 INFO  : 
14:59:07 INFO  : Updating hardware inferred compiler options for uart_sdk.
14:59:07 INFO  : Clearing existing target manager status.
14:59:24 INFO  : 'targets -set -filter {jtag_cable_name =~ "Xilinx TUL 1234-tulA" && level==0} -index 1' command is executed.
14:59:24 INFO  : 'fpga -state' command is executed.
14:59:24 INFO  : Connected to target on host '127.0.0.1' and port '3121'.
14:59:24 INFO  : Jtag cable 'Xilinx TUL 1234-tulA' is selected.
14:59:24 INFO  : 'jtag frequency' command is executed.
14:59:24 INFO  : Sourcing of 'D:/Documents/Vivado_data/soc_uart/soc_uart.sdk/design_1_wrapper_hw_platform_0/ps7_init.tcl' is done.
14:59:24 INFO  : Context for 'APU' is selected.
14:59:24 INFO  : Hardware design information is loaded from 'D:/Documents/Vivado_data/soc_uart/soc_uart.sdk/design_1_wrapper_hw_platform_0/system.hdf'.
14:59:24 INFO  : 'configparams force-mem-access 1' command is executed.
14:59:24 INFO  : Context for 'APU' is selected.
14:59:24 INFO  : 'stop' command is executed.
14:59:24 INFO  : 'ps7_init' command is executed.
14:59:24 INFO  : 'ps7_post_config' command is executed.
14:59:24 INFO  : Context for processor 'ps7_cortexa9_0' is selected.
14:59:24 INFO  : Processor reset is completed for 'ps7_cortexa9_0'.
14:59:24 INFO  : Context for processor 'ps7_cortexa9_0' is selected.
14:59:24 INFO  : The application 'D:/Documents/Vivado_data/soc_uart/soc_uart.sdk/uart_sdk/Debug/uart_sdk.elf' is downloaded to processor 'ps7_cortexa9_0'.
14:59:24 INFO  : 'configparams force-mem-access 0' command is executed.
14:59:24 INFO  : ----------------XSDB Script----------------
connect -url tcp:127.0.0.1:3121
source D:/Documents/Vivado_data/soc_uart/soc_uart.sdk/design_1_wrapper_hw_platform_0/ps7_init.tcl
targets -set -nocase -filter {name =~"APU*" && jtag_cable_name =~ "Xilinx TUL 1234-tulA"} -index 0
loadhw -hw D:/Documents/Vivado_data/soc_uart/soc_uart.sdk/design_1_wrapper_hw_platform_0/system.hdf -mem-ranges [list {0x40000000 0xbfffffff}]
configparams force-mem-access 1
targets -set -nocase -filter {name =~"APU*" && jtag_cable_name =~ "Xilinx TUL 1234-tulA"} -index 0
stop
ps7_init
ps7_post_config
targets -set -nocase -filter {name =~ "ARM*#0" && jtag_cable_name =~ "Xilinx TUL 1234-tulA"} -index 0
rst -processor
targets -set -nocase -filter {name =~ "ARM*#0" && jtag_cable_name =~ "Xilinx TUL 1234-tulA"} -index 0
dow D:/Documents/Vivado_data/soc_uart/soc_uart.sdk/uart_sdk/Debug/uart_sdk.elf
configparams force-mem-access 0
----------------End of Script----------------

14:59:24 INFO  : Memory regions updated for context APU
14:59:24 INFO  : Context for processor 'ps7_cortexa9_0' is selected.
14:59:24 INFO  : 'con' command is executed.
14:59:24 INFO  : ----------------XSDB Script (After Launch)----------------
targets -set -nocase -filter {name =~ "ARM*#0" && jtag_cable_name =~ "Xilinx TUL 1234-tulA"} -index 0
con
----------------End of Script----------------

14:59:24 INFO  : Launch script is exported to file 'D:\Documents\Vivado_data\soc_uart\soc_uart.sdk\.sdk\launch_scripts\xilinx_c-c++_application_(system_debugger)\system_debugger_using_debug_uart_sdk.elf_on_local.tcl'
14:59:46 INFO  : Disconnected from the channel tcfchan#1.
14:59:55 INFO  : Registering command handlers for SDK TCF services
14:59:55 INFO  : Launching XSCT server: xsct.bat -interactive D:\Documents\Vivado_data\soc_uart\soc_uart.sdk\temp_xsdb_launch_script.tcl
14:59:57 INFO  : XSCT server has started successfully.
14:59:57 INFO  : Successfully done setting XSCT server connection channel  
14:59:57 INFO  : Successfully done setting SDK workspace  
14:59:57 INFO  : Processing command line option -hwspec D:/Documents/Vivado_data/soc_uart/soc_uart.sdk/design_1_wrapper.hdf.
14:59:57 INFO  : Checking for hwspec changes in the project design_1_wrapper_hw_platform_0.
15:00:28 INFO  : 'targets -set -filter {jtag_cable_name =~ "Xilinx TUL 1234-tulA" && level==0} -index 1' command is executed.
15:00:28 INFO  : 'fpga -state' command is executed.
15:00:28 INFO  : Connected to target on host '127.0.0.1' and port '3121'.
15:00:28 INFO  : Jtag cable 'Xilinx TUL 1234-tulA' is selected.
15:00:28 INFO  : 'jtag frequency' command is executed.
15:00:28 INFO  : Sourcing of 'D:/Documents/Vivado_data/soc_uart/soc_uart.sdk/design_1_wrapper_hw_platform_0/ps7_init.tcl' is done.
15:00:28 INFO  : Context for 'APU' is selected.
15:00:28 INFO  : Hardware design information is loaded from 'D:/Documents/Vivado_data/soc_uart/soc_uart.sdk/design_1_wrapper_hw_platform_0/system.hdf'.
15:00:28 INFO  : 'configparams force-mem-access 1' command is executed.
15:00:28 INFO  : Context for 'APU' is selected.
15:00:28 INFO  : 'stop' command is executed.
15:00:29 INFO  : 'ps7_init' command is executed.
15:00:29 INFO  : 'ps7_post_config' command is executed.
15:00:29 INFO  : Context for processor 'ps7_cortexa9_0' is selected.
15:00:29 INFO  : Processor reset is completed for 'ps7_cortexa9_0'.
15:00:29 INFO  : Context for processor 'ps7_cortexa9_0' is selected.
15:00:29 INFO  : The application 'D:/Documents/Vivado_data/soc_uart/soc_uart.sdk/uart_sdk/Debug/uart_sdk.elf' is downloaded to processor 'ps7_cortexa9_0'.
15:00:29 INFO  : 'configparams force-mem-access 0' command is executed.
15:00:29 INFO  : ----------------XSDB Script----------------
connect -url tcp:127.0.0.1:3121
source D:/Documents/Vivado_data/soc_uart/soc_uart.sdk/design_1_wrapper_hw_platform_0/ps7_init.tcl
targets -set -nocase -filter {name =~"APU*" && jtag_cable_name =~ "Xilinx TUL 1234-tulA"} -index 0
loadhw -hw D:/Documents/Vivado_data/soc_uart/soc_uart.sdk/design_1_wrapper_hw_platform_0/system.hdf -mem-ranges [list {0x40000000 0xbfffffff}]
configparams force-mem-access 1
targets -set -nocase -filter {name =~"APU*" && jtag_cable_name =~ "Xilinx TUL 1234-tulA"} -index 0
stop
ps7_init
ps7_post_config
targets -set -nocase -filter {name =~ "ARM*#0" && jtag_cable_name =~ "Xilinx TUL 1234-tulA"} -index 0
rst -processor
targets -set -nocase -filter {name =~ "ARM*#0" && jtag_cable_name =~ "Xilinx TUL 1234-tulA"} -index 0
dow D:/Documents/Vivado_data/soc_uart/soc_uart.sdk/uart_sdk/Debug/uart_sdk.elf
configparams force-mem-access 0
----------------End of Script----------------

15:00:29 INFO  : Memory regions updated for context APU
15:00:29 INFO  : Context for processor 'ps7_cortexa9_0' is selected.
15:00:29 INFO  : 'con' command is executed.
15:00:29 INFO  : ----------------XSDB Script (After Launch)----------------
targets -set -nocase -filter {name =~ "ARM*#0" && jtag_cable_name =~ "Xilinx TUL 1234-tulA"} -index 0
con
----------------End of Script----------------

15:00:29 INFO  : Launch script is exported to file 'D:\Documents\Vivado_data\soc_uart\soc_uart.sdk\.sdk\launch_scripts\xilinx_c-c++_application_(system_debugger)\system_debugger_using_debug_uart_sdk.elf_on_local.tcl'
15:00:48 INFO  : Disconnected from the channel tcfchan#1.
15:00:49 INFO  : 'targets -set -filter {jtag_cable_name =~ "Xilinx TUL 1234-tulA" && level==0} -index 1' command is executed.
15:00:49 INFO  : 'fpga -state' command is executed.
15:00:49 INFO  : Connected to target on host '127.0.0.1' and port '3121'.
15:00:50 INFO  : Jtag cable 'Xilinx TUL 1234-tulA' is selected.
15:00:50 INFO  : 'jtag frequency' command is executed.
15:00:50 INFO  : Sourcing of 'D:/Documents/Vivado_data/soc_uart/soc_uart.sdk/design_1_wrapper_hw_platform_0/ps7_init.tcl' is done.
15:00:50 INFO  : Context for 'APU' is selected.
15:00:51 INFO  : Hardware design information is loaded from 'D:/Documents/Vivado_data/soc_uart/soc_uart.sdk/design_1_wrapper_hw_platform_0/system.hdf'.
15:00:51 INFO  : 'configparams force-mem-access 1' command is executed.
15:00:51 INFO  : Context for 'APU' is selected.
15:00:51 INFO  : 'stop' command is executed.
15:00:52 INFO  : 'ps7_init' command is executed.
15:00:52 INFO  : 'ps7_post_config' command is executed.
15:00:52 INFO  : Context for processor 'ps7_cortexa9_0' is selected.
15:00:52 INFO  : Processor reset is completed for 'ps7_cortexa9_0'.
15:00:52 INFO  : Context for processor 'ps7_cortexa9_0' is selected.
15:00:52 INFO  : The application 'D:/Documents/Vivado_data/soc_uart/soc_uart.sdk/uart_sdk/Debug/uart_sdk.elf' is downloaded to processor 'ps7_cortexa9_0'.
15:00:52 INFO  : 'configparams force-mem-access 0' command is executed.
15:00:52 INFO  : ----------------XSDB Script----------------
connect -url tcp:127.0.0.1:3121
source D:/Documents/Vivado_data/soc_uart/soc_uart.sdk/design_1_wrapper_hw_platform_0/ps7_init.tcl
targets -set -nocase -filter {name =~"APU*" && jtag_cable_name =~ "Xilinx TUL 1234-tulA"} -index 0
loadhw -hw D:/Documents/Vivado_data/soc_uart/soc_uart.sdk/design_1_wrapper_hw_platform_0/system.hdf -mem-ranges [list {0x40000000 0xbfffffff}]
configparams force-mem-access 1
targets -set -nocase -filter {name =~"APU*" && jtag_cable_name =~ "Xilinx TUL 1234-tulA"} -index 0
stop
ps7_init
ps7_post_config
targets -set -nocase -filter {name =~ "ARM*#0" && jtag_cable_name =~ "Xilinx TUL 1234-tulA"} -index 0
rst -processor
targets -set -nocase -filter {name =~ "ARM*#0" && jtag_cable_name =~ "Xilinx TUL 1234-tulA"} -index 0
dow D:/Documents/Vivado_data/soc_uart/soc_uart.sdk/uart_sdk/Debug/uart_sdk.elf
configparams force-mem-access 0
----------------End of Script----------------

15:00:52 INFO  : Memory regions updated for context APU
15:00:52 INFO  : Context for processor 'ps7_cortexa9_0' is selected.
15:00:52 INFO  : 'con' command is executed.
15:00:52 INFO  : ----------------XSDB Script (After Launch)----------------
targets -set -nocase -filter {name =~ "ARM*#0" && jtag_cable_name =~ "Xilinx TUL 1234-tulA"} -index 0
con
----------------End of Script----------------

15:00:52 INFO  : Launch script is exported to file 'D:\Documents\Vivado_data\soc_uart\soc_uart.sdk\.sdk\launch_scripts\xilinx_c-c++_application_(system_debugger)\system_debugger_using_debug_uart_sdk.elf_on_local.tcl'
15:01:03 INFO  : Disconnected from the channel tcfchan#2.
15:01:04 INFO  : 'targets -set -filter {jtag_cable_name =~ "Xilinx TUL 1234-tulA" && level==0} -index 1' command is executed.
15:01:04 INFO  : 'fpga -state' command is executed.
15:01:04 INFO  : Connected to target on host '127.0.0.1' and port '3121'.
15:01:04 INFO  : Jtag cable 'Xilinx TUL 1234-tulA' is selected.
15:01:04 INFO  : 'jtag frequency' command is executed.
15:01:04 INFO  : Sourcing of 'D:/Documents/Vivado_data/soc_uart/soc_uart.sdk/design_1_wrapper_hw_platform_0/ps7_init.tcl' is done.
15:01:04 INFO  : Context for 'APU' is selected.
15:01:06 INFO  : Hardware design information is loaded from 'D:/Documents/Vivado_data/soc_uart/soc_uart.sdk/design_1_wrapper_hw_platform_0/system.hdf'.
15:01:06 INFO  : 'configparams force-mem-access 1' command is executed.
15:01:06 INFO  : Context for 'APU' is selected.
15:01:06 INFO  : 'stop' command is executed.
15:01:06 INFO  : 'ps7_init' command is executed.
15:01:06 INFO  : 'ps7_post_config' command is executed.
15:01:06 INFO  : Context for processor 'ps7_cortexa9_0' is selected.
15:01:06 INFO  : Processor reset is completed for 'ps7_cortexa9_0'.
15:01:06 INFO  : Context for processor 'ps7_cortexa9_0' is selected.
15:01:07 INFO  : The application 'D:/Documents/Vivado_data/soc_uart/soc_uart.sdk/uart_sdk/Debug/uart_sdk.elf' is downloaded to processor 'ps7_cortexa9_0'.
15:01:07 INFO  : 'configparams force-mem-access 0' command is executed.
15:01:07 INFO  : ----------------XSDB Script----------------
connect -url tcp:127.0.0.1:3121
source D:/Documents/Vivado_data/soc_uart/soc_uart.sdk/design_1_wrapper_hw_platform_0/ps7_init.tcl
targets -set -nocase -filter {name =~"APU*" && jtag_cable_name =~ "Xilinx TUL 1234-tulA"} -index 0
loadhw -hw D:/Documents/Vivado_data/soc_uart/soc_uart.sdk/design_1_wrapper_hw_platform_0/system.hdf -mem-ranges [list {0x40000000 0xbfffffff}]
configparams force-mem-access 1
targets -set -nocase -filter {name =~"APU*" && jtag_cable_name =~ "Xilinx TUL 1234-tulA"} -index 0
stop
ps7_init
ps7_post_config
targets -set -nocase -filter {name =~ "ARM*#0" && jtag_cable_name =~ "Xilinx TUL 1234-tulA"} -index 0
rst -processor
targets -set -nocase -filter {name =~ "ARM*#0" && jtag_cable_name =~ "Xilinx TUL 1234-tulA"} -index 0
dow D:/Documents/Vivado_data/soc_uart/soc_uart.sdk/uart_sdk/Debug/uart_sdk.elf
configparams force-mem-access 0
----------------End of Script----------------

15:01:07 INFO  : Memory regions updated for context APU
15:01:07 INFO  : Context for processor 'ps7_cortexa9_0' is selected.
15:01:07 INFO  : 'con' command is executed.
15:01:07 INFO  : ----------------XSDB Script (After Launch)----------------
targets -set -nocase -filter {name =~ "ARM*#0" && jtag_cable_name =~ "Xilinx TUL 1234-tulA"} -index 0
con
----------------End of Script----------------

15:01:07 INFO  : Launch script is exported to file 'D:\Documents\Vivado_data\soc_uart\soc_uart.sdk\.sdk\launch_scripts\xilinx_c-c++_application_(system_debugger)\system_debugger_using_debug_uart_sdk.elf_on_local.tcl'
15:01:45 INFO  : Disconnected from the channel tcfchan#3.
15:01:46 INFO  : 'targets -set -filter {jtag_cable_name =~ "Xilinx TUL 1234-tulA" && level==0} -index 1' command is executed.
15:01:46 INFO  : 'fpga -state' command is executed.
15:01:46 INFO  : Connected to target on host '127.0.0.1' and port '3121'.
15:01:47 INFO  : Jtag cable 'Xilinx TUL 1234-tulA' is selected.
15:01:47 INFO  : 'jtag frequency' command is executed.
15:01:47 INFO  : Sourcing of 'D:/Documents/Vivado_data/soc_uart/soc_uart.sdk/design_1_wrapper_hw_platform_0/ps7_init.tcl' is done.
15:01:47 INFO  : Context for 'APU' is selected.
15:01:48 INFO  : Hardware design information is loaded from 'D:/Documents/Vivado_data/soc_uart/soc_uart.sdk/design_1_wrapper_hw_platform_0/system.hdf'.
15:01:48 INFO  : 'configparams force-mem-access 1' command is executed.
15:01:48 INFO  : Context for 'APU' is selected.
15:01:48 INFO  : 'stop' command is executed.
15:01:49 INFO  : 'ps7_init' command is executed.
15:01:49 INFO  : 'ps7_post_config' command is executed.
15:01:49 INFO  : Context for processor 'ps7_cortexa9_0' is selected.
15:01:49 INFO  : Processor reset is completed for 'ps7_cortexa9_0'.
15:01:49 INFO  : Context for processor 'ps7_cortexa9_0' is selected.
15:01:49 INFO  : The application 'D:/Documents/Vivado_data/soc_uart/soc_uart.sdk/uart_sdk/Debug/uart_sdk.elf' is downloaded to processor 'ps7_cortexa9_0'.
15:01:49 INFO  : 'configparams force-mem-access 0' command is executed.
15:01:49 INFO  : ----------------XSDB Script----------------
connect -url tcp:127.0.0.1:3121
source D:/Documents/Vivado_data/soc_uart/soc_uart.sdk/design_1_wrapper_hw_platform_0/ps7_init.tcl
targets -set -nocase -filter {name =~"APU*" && jtag_cable_name =~ "Xilinx TUL 1234-tulA"} -index 0
loadhw -hw D:/Documents/Vivado_data/soc_uart/soc_uart.sdk/design_1_wrapper_hw_platform_0/system.hdf -mem-ranges [list {0x40000000 0xbfffffff}]
configparams force-mem-access 1
targets -set -nocase -filter {name =~"APU*" && jtag_cable_name =~ "Xilinx TUL 1234-tulA"} -index 0
stop
ps7_init
ps7_post_config
targets -set -nocase -filter {name =~ "ARM*#0" && jtag_cable_name =~ "Xilinx TUL 1234-tulA"} -index 0
rst -processor
targets -set -nocase -filter {name =~ "ARM*#0" && jtag_cable_name =~ "Xilinx TUL 1234-tulA"} -index 0
dow D:/Documents/Vivado_data/soc_uart/soc_uart.sdk/uart_sdk/Debug/uart_sdk.elf
configparams force-mem-access 0
----------------End of Script----------------

15:01:49 INFO  : Memory regions updated for context APU
15:01:49 INFO  : Context for processor 'ps7_cortexa9_0' is selected.
15:01:49 INFO  : 'con' command is executed.
15:01:49 INFO  : ----------------XSDB Script (After Launch)----------------
targets -set -nocase -filter {name =~ "ARM*#0" && jtag_cable_name =~ "Xilinx TUL 1234-tulA"} -index 0
con
----------------End of Script----------------

15:01:49 INFO  : Launch script is exported to file 'D:\Documents\Vivado_data\soc_uart\soc_uart.sdk\.sdk\launch_scripts\xilinx_c-c++_application_(system_debugger)\system_debugger_using_debug_uart_sdk.elf_on_local.tcl'
15:06:57 INFO  : Disconnected from the channel tcfchan#4.
15:06:58 INFO  : 'targets -set -filter {jtag_cable_name =~ "Xilinx TUL 1234-tulA" && level==0} -index 1' command is executed.
15:06:58 INFO  : 'fpga -state' command is executed.
15:06:58 INFO  : Connected to target on host '127.0.0.1' and port '3121'.
15:06:58 INFO  : Jtag cable 'Xilinx TUL 1234-tulA' is selected.
15:06:58 INFO  : 'jtag frequency' command is executed.
15:06:58 INFO  : Sourcing of 'D:/Documents/Vivado_data/soc_uart/soc_uart.sdk/design_1_wrapper_hw_platform_0/ps7_init.tcl' is done.
15:06:58 INFO  : Context for 'APU' is selected.
15:07:00 INFO  : Hardware design information is loaded from 'D:/Documents/Vivado_data/soc_uart/soc_uart.sdk/design_1_wrapper_hw_platform_0/system.hdf'.
15:07:00 INFO  : 'configparams force-mem-access 1' command is executed.
15:07:00 INFO  : Context for 'APU' is selected.
15:07:00 INFO  : 'stop' command is executed.
15:07:00 INFO  : 'ps7_init' command is executed.
15:07:00 INFO  : 'ps7_post_config' command is executed.
15:07:00 INFO  : Context for processor 'ps7_cortexa9_0' is selected.
15:07:00 INFO  : Processor reset is completed for 'ps7_cortexa9_0'.
15:07:00 INFO  : Context for processor 'ps7_cortexa9_0' is selected.
15:07:00 INFO  : The application 'D:/Documents/Vivado_data/soc_uart/soc_uart.sdk/uart_sdk/Debug/uart_sdk.elf' is downloaded to processor 'ps7_cortexa9_0'.
15:07:00 INFO  : 'configparams force-mem-access 0' command is executed.
15:07:00 INFO  : ----------------XSDB Script----------------
connect -url tcp:127.0.0.1:3121
source D:/Documents/Vivado_data/soc_uart/soc_uart.sdk/design_1_wrapper_hw_platform_0/ps7_init.tcl
targets -set -nocase -filter {name =~"APU*" && jtag_cable_name =~ "Xilinx TUL 1234-tulA"} -index 0
loadhw -hw D:/Documents/Vivado_data/soc_uart/soc_uart.sdk/design_1_wrapper_hw_platform_0/system.hdf -mem-ranges [list {0x40000000 0xbfffffff}]
configparams force-mem-access 1
targets -set -nocase -filter {name =~"APU*" && jtag_cable_name =~ "Xilinx TUL 1234-tulA"} -index 0
stop
ps7_init
ps7_post_config
targets -set -nocase -filter {name =~ "ARM*#0" && jtag_cable_name =~ "Xilinx TUL 1234-tulA"} -index 0
rst -processor
targets -set -nocase -filter {name =~ "ARM*#0" && jtag_cable_name =~ "Xilinx TUL 1234-tulA"} -index 0
dow D:/Documents/Vivado_data/soc_uart/soc_uart.sdk/uart_sdk/Debug/uart_sdk.elf
configparams force-mem-access 0
----------------End of Script----------------

15:07:00 INFO  : Memory regions updated for context APU
15:07:00 INFO  : Context for processor 'ps7_cortexa9_0' is selected.
15:07:00 INFO  : 'con' command is executed.
15:07:00 INFO  : ----------------XSDB Script (After Launch)----------------
targets -set -nocase -filter {name =~ "ARM*#0" && jtag_cable_name =~ "Xilinx TUL 1234-tulA"} -index 0
con
----------------End of Script----------------

15:07:00 INFO  : Launch script is exported to file 'D:\Documents\Vivado_data\soc_uart\soc_uart.sdk\.sdk\launch_scripts\xilinx_c-c++_application_(system_debugger)\system_debugger_using_debug_uart_sdk.elf_on_local.tcl'
15:08:41 INFO  : Disconnected from the channel tcfchan#5.
15:08:42 INFO  : 'targets -set -filter {jtag_cable_name =~ "Xilinx TUL 1234-tulA" && level==0} -index 1' command is executed.
15:08:42 INFO  : 'fpga -state' command is executed.
15:08:42 INFO  : Connected to target on host '127.0.0.1' and port '3121'.
15:08:42 INFO  : Jtag cable 'Xilinx TUL 1234-tulA' is selected.
15:08:42 INFO  : 'jtag frequency' command is executed.
15:08:42 INFO  : Sourcing of 'D:/Documents/Vivado_data/soc_uart/soc_uart.sdk/design_1_wrapper_hw_platform_0/ps7_init.tcl' is done.
15:08:42 INFO  : Context for 'APU' is selected.
15:08:44 INFO  : Hardware design information is loaded from 'D:/Documents/Vivado_data/soc_uart/soc_uart.sdk/design_1_wrapper_hw_platform_0/system.hdf'.
15:08:44 INFO  : 'configparams force-mem-access 1' command is executed.
15:08:44 INFO  : Context for 'APU' is selected.
15:08:44 INFO  : 'stop' command is executed.
15:08:44 INFO  : 'ps7_init' command is executed.
15:08:44 INFO  : 'ps7_post_config' command is executed.
15:08:44 INFO  : Context for processor 'ps7_cortexa9_0' is selected.
15:08:44 INFO  : Processor reset is completed for 'ps7_cortexa9_0'.
15:08:44 INFO  : Context for processor 'ps7_cortexa9_0' is selected.
15:08:45 INFO  : The application 'D:/Documents/Vivado_data/soc_uart/soc_uart.sdk/uart_sdk/Debug/uart_sdk.elf' is downloaded to processor 'ps7_cortexa9_0'.
15:08:45 INFO  : 'configparams force-mem-access 0' command is executed.
15:08:45 INFO  : ----------------XSDB Script----------------
connect -url tcp:127.0.0.1:3121
source D:/Documents/Vivado_data/soc_uart/soc_uart.sdk/design_1_wrapper_hw_platform_0/ps7_init.tcl
targets -set -nocase -filter {name =~"APU*" && jtag_cable_name =~ "Xilinx TUL 1234-tulA"} -index 0
loadhw -hw D:/Documents/Vivado_data/soc_uart/soc_uart.sdk/design_1_wrapper_hw_platform_0/system.hdf -mem-ranges [list {0x40000000 0xbfffffff}]
configparams force-mem-access 1
targets -set -nocase -filter {name =~"APU*" && jtag_cable_name =~ "Xilinx TUL 1234-tulA"} -index 0
stop
ps7_init
ps7_post_config
targets -set -nocase -filter {name =~ "ARM*#0" && jtag_cable_name =~ "Xilinx TUL 1234-tulA"} -index 0
rst -processor
targets -set -nocase -filter {name =~ "ARM*#0" && jtag_cable_name =~ "Xilinx TUL 1234-tulA"} -index 0
dow D:/Documents/Vivado_data/soc_uart/soc_uart.sdk/uart_sdk/Debug/uart_sdk.elf
configparams force-mem-access 0
----------------End of Script----------------

15:08:45 INFO  : Memory regions updated for context APU
15:08:45 INFO  : Context for processor 'ps7_cortexa9_0' is selected.
15:08:45 INFO  : 'con' command is executed.
15:08:45 INFO  : ----------------XSDB Script (After Launch)----------------
targets -set -nocase -filter {name =~ "ARM*#0" && jtag_cable_name =~ "Xilinx TUL 1234-tulA"} -index 0
con
----------------End of Script----------------

15:08:45 INFO  : Launch script is exported to file 'D:\Documents\Vivado_data\soc_uart\soc_uart.sdk\.sdk\launch_scripts\xilinx_c-c++_application_(system_debugger)\system_debugger_using_debug_uart_sdk.elf_on_local.tcl'
15:09:17 INFO  : Disconnected from the channel tcfchan#6.
15:09:18 INFO  : 'targets -set -filter {jtag_cable_name =~ "Xilinx TUL 1234-tulA" && level==0} -index 1' command is executed.
15:09:18 INFO  : 'fpga -state' command is executed.
15:09:18 INFO  : Connected to target on host '127.0.0.1' and port '3121'.
15:09:18 INFO  : Jtag cable 'Xilinx TUL 1234-tulA' is selected.
15:09:18 INFO  : 'jtag frequency' command is executed.
15:09:18 INFO  : Sourcing of 'D:/Documents/Vivado_data/soc_uart/soc_uart.sdk/design_1_wrapper_hw_platform_0/ps7_init.tcl' is done.
15:09:18 INFO  : Context for 'APU' is selected.
15:09:20 INFO  : Hardware design information is loaded from 'D:/Documents/Vivado_data/soc_uart/soc_uart.sdk/design_1_wrapper_hw_platform_0/system.hdf'.
15:09:20 INFO  : 'configparams force-mem-access 1' command is executed.
15:09:20 INFO  : Context for 'APU' is selected.
15:09:20 INFO  : 'stop' command is executed.
15:09:20 INFO  : 'ps7_init' command is executed.
15:09:20 INFO  : 'ps7_post_config' command is executed.
15:09:20 INFO  : Context for processor 'ps7_cortexa9_0' is selected.
15:09:21 INFO  : Processor reset is completed for 'ps7_cortexa9_0'.
15:09:21 INFO  : Context for processor 'ps7_cortexa9_0' is selected.
15:09:21 INFO  : The application 'D:/Documents/Vivado_data/soc_uart/soc_uart.sdk/uart_sdk/Debug/uart_sdk.elf' is downloaded to processor 'ps7_cortexa9_0'.
15:09:21 INFO  : 'configparams force-mem-access 0' command is executed.
15:09:21 INFO  : ----------------XSDB Script----------------
connect -url tcp:127.0.0.1:3121
source D:/Documents/Vivado_data/soc_uart/soc_uart.sdk/design_1_wrapper_hw_platform_0/ps7_init.tcl
targets -set -nocase -filter {name =~"APU*" && jtag_cable_name =~ "Xilinx TUL 1234-tulA"} -index 0
loadhw -hw D:/Documents/Vivado_data/soc_uart/soc_uart.sdk/design_1_wrapper_hw_platform_0/system.hdf -mem-ranges [list {0x40000000 0xbfffffff}]
configparams force-mem-access 1
targets -set -nocase -filter {name =~"APU*" && jtag_cable_name =~ "Xilinx TUL 1234-tulA"} -index 0
stop
ps7_init
ps7_post_config
targets -set -nocase -filter {name =~ "ARM*#0" && jtag_cable_name =~ "Xilinx TUL 1234-tulA"} -index 0
rst -processor
targets -set -nocase -filter {name =~ "ARM*#0" && jtag_cable_name =~ "Xilinx TUL 1234-tulA"} -index 0
dow D:/Documents/Vivado_data/soc_uart/soc_uart.sdk/uart_sdk/Debug/uart_sdk.elf
configparams force-mem-access 0
----------------End of Script----------------

15:09:21 INFO  : Memory regions updated for context APU
15:09:21 INFO  : Context for processor 'ps7_cortexa9_0' is selected.
15:09:21 INFO  : 'con' command is executed.
15:09:21 INFO  : ----------------XSDB Script (After Launch)----------------
targets -set -nocase -filter {name =~ "ARM*#0" && jtag_cable_name =~ "Xilinx TUL 1234-tulA"} -index 0
con
----------------End of Script----------------

15:09:21 INFO  : Launch script is exported to file 'D:\Documents\Vivado_data\soc_uart\soc_uart.sdk\.sdk\launch_scripts\xilinx_c-c++_application_(system_debugger)\system_debugger_using_debug_uart_sdk.elf_on_local.tcl'
15:10:02 INFO  : Disconnected from the channel tcfchan#7.
15:10:03 INFO  : 'targets -set -filter {jtag_cable_name =~ "Xilinx TUL 1234-tulA" && level==0} -index 1' command is executed.
15:10:03 INFO  : 'fpga -state' command is executed.
15:10:03 INFO  : Connected to target on host '127.0.0.1' and port '3121'.
15:10:03 INFO  : Jtag cable 'Xilinx TUL 1234-tulA' is selected.
15:10:03 INFO  : 'jtag frequency' command is executed.
15:10:03 INFO  : Sourcing of 'D:/Documents/Vivado_data/soc_uart/soc_uart.sdk/design_1_wrapper_hw_platform_0/ps7_init.tcl' is done.
15:10:03 INFO  : Context for 'APU' is selected.
15:10:04 INFO  : Hardware design information is loaded from 'D:/Documents/Vivado_data/soc_uart/soc_uart.sdk/design_1_wrapper_hw_platform_0/system.hdf'.
15:10:04 INFO  : 'configparams force-mem-access 1' command is executed.
15:10:04 INFO  : Context for 'APU' is selected.
15:10:04 INFO  : 'stop' command is executed.
15:10:05 INFO  : 'ps7_init' command is executed.
15:10:05 INFO  : 'ps7_post_config' command is executed.
15:10:05 INFO  : Context for processor 'ps7_cortexa9_0' is selected.
15:10:05 INFO  : Processor reset is completed for 'ps7_cortexa9_0'.
15:10:05 INFO  : Context for processor 'ps7_cortexa9_0' is selected.
15:10:05 INFO  : The application 'D:/Documents/Vivado_data/soc_uart/soc_uart.sdk/uart_sdk/Debug/uart_sdk.elf' is downloaded to processor 'ps7_cortexa9_0'.
15:10:05 INFO  : 'configparams force-mem-access 0' command is executed.
15:10:05 INFO  : ----------------XSDB Script----------------
connect -url tcp:127.0.0.1:3121
source D:/Documents/Vivado_data/soc_uart/soc_uart.sdk/design_1_wrapper_hw_platform_0/ps7_init.tcl
targets -set -nocase -filter {name =~"APU*" && jtag_cable_name =~ "Xilinx TUL 1234-tulA"} -index 0
loadhw -hw D:/Documents/Vivado_data/soc_uart/soc_uart.sdk/design_1_wrapper_hw_platform_0/system.hdf -mem-ranges [list {0x40000000 0xbfffffff}]
configparams force-mem-access 1
targets -set -nocase -filter {name =~"APU*" && jtag_cable_name =~ "Xilinx TUL 1234-tulA"} -index 0
stop
ps7_init
ps7_post_config
targets -set -nocase -filter {name =~ "ARM*#0" && jtag_cable_name =~ "Xilinx TUL 1234-tulA"} -index 0
rst -processor
targets -set -nocase -filter {name =~ "ARM*#0" && jtag_cable_name =~ "Xilinx TUL 1234-tulA"} -index 0
dow D:/Documents/Vivado_data/soc_uart/soc_uart.sdk/uart_sdk/Debug/uart_sdk.elf
configparams force-mem-access 0
----------------End of Script----------------

15:10:05 INFO  : Memory regions updated for context APU
15:10:05 INFO  : Context for processor 'ps7_cortexa9_0' is selected.
15:10:05 INFO  : 'con' command is executed.
15:10:05 INFO  : ----------------XSDB Script (After Launch)----------------
targets -set -nocase -filter {name =~ "ARM*#0" && jtag_cable_name =~ "Xilinx TUL 1234-tulA"} -index 0
con
----------------End of Script----------------

15:10:05 INFO  : Launch script is exported to file 'D:\Documents\Vivado_data\soc_uart\soc_uart.sdk\.sdk\launch_scripts\xilinx_c-c++_application_(system_debugger)\system_debugger_using_debug_uart_sdk.elf_on_local.tcl'
15:10:16 INFO  : Disconnected from the channel tcfchan#8.
15:10:17 INFO  : 'targets -set -filter {jtag_cable_name =~ "Xilinx TUL 1234-tulA" && level==0} -index 1' command is executed.
15:10:17 INFO  : 'fpga -state' command is executed.
15:10:17 INFO  : Connected to target on host '127.0.0.1' and port '3121'.
15:10:17 INFO  : Jtag cable 'Xilinx TUL 1234-tulA' is selected.
15:10:17 INFO  : 'jtag frequency' command is executed.
15:10:17 INFO  : Sourcing of 'D:/Documents/Vivado_data/soc_uart/soc_uart.sdk/design_1_wrapper_hw_platform_0/ps7_init.tcl' is done.
15:10:17 INFO  : Context for 'APU' is selected.
15:10:19 INFO  : Hardware design information is loaded from 'D:/Documents/Vivado_data/soc_uart/soc_uart.sdk/design_1_wrapper_hw_platform_0/system.hdf'.
15:10:19 INFO  : 'configparams force-mem-access 1' command is executed.
15:10:19 INFO  : Context for 'APU' is selected.
15:10:19 INFO  : 'stop' command is executed.
15:10:19 INFO  : 'ps7_init' command is executed.
15:10:19 INFO  : 'ps7_post_config' command is executed.
15:10:19 INFO  : Context for processor 'ps7_cortexa9_0' is selected.
15:10:20 INFO  : Processor reset is completed for 'ps7_cortexa9_0'.
15:10:20 INFO  : Context for processor 'ps7_cortexa9_0' is selected.
15:10:20 INFO  : The application 'D:/Documents/Vivado_data/soc_uart/soc_uart.sdk/uart_sdk/Debug/uart_sdk.elf' is downloaded to processor 'ps7_cortexa9_0'.
15:10:20 INFO  : 'configparams force-mem-access 0' command is executed.
15:10:20 INFO  : ----------------XSDB Script----------------
connect -url tcp:127.0.0.1:3121
source D:/Documents/Vivado_data/soc_uart/soc_uart.sdk/design_1_wrapper_hw_platform_0/ps7_init.tcl
targets -set -nocase -filter {name =~"APU*" && jtag_cable_name =~ "Xilinx TUL 1234-tulA"} -index 0
loadhw -hw D:/Documents/Vivado_data/soc_uart/soc_uart.sdk/design_1_wrapper_hw_platform_0/system.hdf -mem-ranges [list {0x40000000 0xbfffffff}]
configparams force-mem-access 1
targets -set -nocase -filter {name =~"APU*" && jtag_cable_name =~ "Xilinx TUL 1234-tulA"} -index 0
stop
ps7_init
ps7_post_config
targets -set -nocase -filter {name =~ "ARM*#0" && jtag_cable_name =~ "Xilinx TUL 1234-tulA"} -index 0
rst -processor
targets -set -nocase -filter {name =~ "ARM*#0" && jtag_cable_name =~ "Xilinx TUL 1234-tulA"} -index 0
dow D:/Documents/Vivado_data/soc_uart/soc_uart.sdk/uart_sdk/Debug/uart_sdk.elf
configparams force-mem-access 0
----------------End of Script----------------

15:10:20 INFO  : Memory regions updated for context APU
15:10:20 INFO  : Context for processor 'ps7_cortexa9_0' is selected.
15:10:20 INFO  : 'con' command is executed.
15:10:20 INFO  : ----------------XSDB Script (After Launch)----------------
targets -set -nocase -filter {name =~ "ARM*#0" && jtag_cable_name =~ "Xilinx TUL 1234-tulA"} -index 0
con
----------------End of Script----------------

15:10:20 INFO  : Launch script is exported to file 'D:\Documents\Vivado_data\soc_uart\soc_uart.sdk\.sdk\launch_scripts\xilinx_c-c++_application_(system_debugger)\system_debugger_using_debug_uart_sdk.elf_on_local.tcl'
15:10:34 INFO  : Disconnected from the channel tcfchan#9.
15:10:35 INFO  : 'targets -set -filter {jtag_cable_name =~ "Xilinx TUL 1234-tulA" && level==0} -index 1' command is executed.
15:10:35 INFO  : 'fpga -state' command is executed.
15:10:35 INFO  : Connected to target on host '127.0.0.1' and port '3121'.
15:10:35 INFO  : Jtag cable 'Xilinx TUL 1234-tulA' is selected.
15:10:35 INFO  : 'jtag frequency' command is executed.
15:10:35 INFO  : Sourcing of 'D:/Documents/Vivado_data/soc_uart/soc_uart.sdk/design_1_wrapper_hw_platform_0/ps7_init.tcl' is done.
15:10:35 INFO  : Context for 'APU' is selected.
15:10:36 INFO  : Hardware design information is loaded from 'D:/Documents/Vivado_data/soc_uart/soc_uart.sdk/design_1_wrapper_hw_platform_0/system.hdf'.
15:10:36 INFO  : 'configparams force-mem-access 1' command is executed.
15:10:36 INFO  : Context for 'APU' is selected.
15:10:37 INFO  : 'stop' command is executed.
15:10:37 INFO  : 'ps7_init' command is executed.
15:10:37 INFO  : 'ps7_post_config' command is executed.
15:10:37 INFO  : Context for processor 'ps7_cortexa9_0' is selected.
15:10:37 INFO  : Processor reset is completed for 'ps7_cortexa9_0'.
15:10:37 INFO  : Context for processor 'ps7_cortexa9_0' is selected.
15:10:37 INFO  : The application 'D:/Documents/Vivado_data/soc_uart/soc_uart.sdk/uart_sdk/Debug/uart_sdk.elf' is downloaded to processor 'ps7_cortexa9_0'.
15:10:37 INFO  : 'configparams force-mem-access 0' command is executed.
15:10:37 INFO  : ----------------XSDB Script----------------
connect -url tcp:127.0.0.1:3121
source D:/Documents/Vivado_data/soc_uart/soc_uart.sdk/design_1_wrapper_hw_platform_0/ps7_init.tcl
targets -set -nocase -filter {name =~"APU*" && jtag_cable_name =~ "Xilinx TUL 1234-tulA"} -index 0
loadhw -hw D:/Documents/Vivado_data/soc_uart/soc_uart.sdk/design_1_wrapper_hw_platform_0/system.hdf -mem-ranges [list {0x40000000 0xbfffffff}]
configparams force-mem-access 1
targets -set -nocase -filter {name =~"APU*" && jtag_cable_name =~ "Xilinx TUL 1234-tulA"} -index 0
stop
ps7_init
ps7_post_config
targets -set -nocase -filter {name =~ "ARM*#0" && jtag_cable_name =~ "Xilinx TUL 1234-tulA"} -index 0
rst -processor
targets -set -nocase -filter {name =~ "ARM*#0" && jtag_cable_name =~ "Xilinx TUL 1234-tulA"} -index 0
dow D:/Documents/Vivado_data/soc_uart/soc_uart.sdk/uart_sdk/Debug/uart_sdk.elf
configparams force-mem-access 0
----------------End of Script----------------

15:10:37 INFO  : Memory regions updated for context APU
15:10:37 INFO  : Context for processor 'ps7_cortexa9_0' is selected.
15:10:37 INFO  : 'con' command is executed.
15:10:37 INFO  : ----------------XSDB Script (After Launch)----------------
targets -set -nocase -filter {name =~ "ARM*#0" && jtag_cable_name =~ "Xilinx TUL 1234-tulA"} -index 0
con
----------------End of Script----------------

15:10:37 INFO  : Launch script is exported to file 'D:\Documents\Vivado_data\soc_uart\soc_uart.sdk\.sdk\launch_scripts\xilinx_c-c++_application_(system_debugger)\system_debugger_using_debug_uart_sdk.elf_on_local.tcl'
15:12:24 INFO  : Disconnected from the channel tcfchan#10.
15:12:25 INFO  : 'targets -set -filter {jtag_cable_name =~ "Xilinx TUL 1234-tulA" && level==0} -index 1' command is executed.
15:12:25 INFO  : 'fpga -state' command is executed.
15:12:25 INFO  : Connected to target on host '127.0.0.1' and port '3121'.
15:12:25 INFO  : Jtag cable 'Xilinx TUL 1234-tulA' is selected.
15:12:25 INFO  : 'jtag frequency' command is executed.
15:12:25 INFO  : Sourcing of 'D:/Documents/Vivado_data/soc_uart/soc_uart.sdk/design_1_wrapper_hw_platform_0/ps7_init.tcl' is done.
15:12:25 INFO  : Context for 'APU' is selected.
15:12:27 INFO  : Hardware design information is loaded from 'D:/Documents/Vivado_data/soc_uart/soc_uart.sdk/design_1_wrapper_hw_platform_0/system.hdf'.
15:12:27 INFO  : 'configparams force-mem-access 1' command is executed.
15:12:27 INFO  : Context for 'APU' is selected.
15:12:27 INFO  : 'stop' command is executed.
15:12:27 INFO  : 'ps7_init' command is executed.
15:12:27 INFO  : 'ps7_post_config' command is executed.
15:12:27 INFO  : Context for processor 'ps7_cortexa9_0' is selected.
15:12:27 INFO  : Processor reset is completed for 'ps7_cortexa9_0'.
15:12:27 INFO  : Context for processor 'ps7_cortexa9_0' is selected.
15:12:27 INFO  : The application 'D:/Documents/Vivado_data/soc_uart/soc_uart.sdk/uart_sdk/Debug/uart_sdk.elf' is downloaded to processor 'ps7_cortexa9_0'.
15:12:27 INFO  : 'configparams force-mem-access 0' command is executed.
15:12:27 INFO  : ----------------XSDB Script----------------
connect -url tcp:127.0.0.1:3121
source D:/Documents/Vivado_data/soc_uart/soc_uart.sdk/design_1_wrapper_hw_platform_0/ps7_init.tcl
targets -set -nocase -filter {name =~"APU*" && jtag_cable_name =~ "Xilinx TUL 1234-tulA"} -index 0
loadhw -hw D:/Documents/Vivado_data/soc_uart/soc_uart.sdk/design_1_wrapper_hw_platform_0/system.hdf -mem-ranges [list {0x40000000 0xbfffffff}]
configparams force-mem-access 1
targets -set -nocase -filter {name =~"APU*" && jtag_cable_name =~ "Xilinx TUL 1234-tulA"} -index 0
stop
ps7_init
ps7_post_config
targets -set -nocase -filter {name =~ "ARM*#0" && jtag_cable_name =~ "Xilinx TUL 1234-tulA"} -index 0
rst -processor
targets -set -nocase -filter {name =~ "ARM*#0" && jtag_cable_name =~ "Xilinx TUL 1234-tulA"} -index 0
dow D:/Documents/Vivado_data/soc_uart/soc_uart.sdk/uart_sdk/Debug/uart_sdk.elf
configparams force-mem-access 0
----------------End of Script----------------

15:12:27 INFO  : Memory regions updated for context APU
15:12:27 INFO  : Context for processor 'ps7_cortexa9_0' is selected.
15:12:27 INFO  : 'con' command is executed.
15:12:27 INFO  : ----------------XSDB Script (After Launch)----------------
targets -set -nocase -filter {name =~ "ARM*#0" && jtag_cable_name =~ "Xilinx TUL 1234-tulA"} -index 0
con
----------------End of Script----------------

15:12:27 INFO  : Launch script is exported to file 'D:\Documents\Vivado_data\soc_uart\soc_uart.sdk\.sdk\launch_scripts\xilinx_c-c++_application_(system_debugger)\system_debugger_using_debug_uart_sdk.elf_on_local.tcl'
15:12:48 INFO  : Disconnected from the channel tcfchan#11.
15:12:49 INFO  : 'targets -set -filter {jtag_cable_name =~ "Xilinx TUL 1234-tulA" && level==0} -index 1' command is executed.
15:12:49 INFO  : 'fpga -state' command is executed.
15:12:49 INFO  : Connected to target on host '127.0.0.1' and port '3121'.
15:12:50 INFO  : Jtag cable 'Xilinx TUL 1234-tulA' is selected.
15:12:50 INFO  : 'jtag frequency' command is executed.
15:12:50 INFO  : Sourcing of 'D:/Documents/Vivado_data/soc_uart/soc_uart.sdk/design_1_wrapper_hw_platform_0/ps7_init.tcl' is done.
15:12:50 INFO  : Context for 'APU' is selected.
15:12:51 INFO  : Hardware design information is loaded from 'D:/Documents/Vivado_data/soc_uart/soc_uart.sdk/design_1_wrapper_hw_platform_0/system.hdf'.
15:12:51 INFO  : 'configparams force-mem-access 1' command is executed.
15:12:51 INFO  : Context for 'APU' is selected.
15:12:51 INFO  : 'stop' command is executed.
15:12:52 INFO  : 'ps7_init' command is executed.
15:12:52 INFO  : 'ps7_post_config' command is executed.
15:12:52 INFO  : Context for processor 'ps7_cortexa9_0' is selected.
15:12:52 INFO  : Processor reset is completed for 'ps7_cortexa9_0'.
15:12:52 INFO  : Context for processor 'ps7_cortexa9_0' is selected.
15:12:52 INFO  : The application 'D:/Documents/Vivado_data/soc_uart/soc_uart.sdk/uart_sdk/Debug/uart_sdk.elf' is downloaded to processor 'ps7_cortexa9_0'.
15:12:52 INFO  : 'configparams force-mem-access 0' command is executed.
15:12:52 INFO  : ----------------XSDB Script----------------
connect -url tcp:127.0.0.1:3121
source D:/Documents/Vivado_data/soc_uart/soc_uart.sdk/design_1_wrapper_hw_platform_0/ps7_init.tcl
targets -set -nocase -filter {name =~"APU*" && jtag_cable_name =~ "Xilinx TUL 1234-tulA"} -index 0
loadhw -hw D:/Documents/Vivado_data/soc_uart/soc_uart.sdk/design_1_wrapper_hw_platform_0/system.hdf -mem-ranges [list {0x40000000 0xbfffffff}]
configparams force-mem-access 1
targets -set -nocase -filter {name =~"APU*" && jtag_cable_name =~ "Xilinx TUL 1234-tulA"} -index 0
stop
ps7_init
ps7_post_config
targets -set -nocase -filter {name =~ "ARM*#0" && jtag_cable_name =~ "Xilinx TUL 1234-tulA"} -index 0
rst -processor
targets -set -nocase -filter {name =~ "ARM*#0" && jtag_cable_name =~ "Xilinx TUL 1234-tulA"} -index 0
dow D:/Documents/Vivado_data/soc_uart/soc_uart.sdk/uart_sdk/Debug/uart_sdk.elf
configparams force-mem-access 0
----------------End of Script----------------

15:12:52 INFO  : Memory regions updated for context APU
15:12:52 INFO  : Context for processor 'ps7_cortexa9_0' is selected.
15:12:52 INFO  : 'con' command is executed.
15:12:52 INFO  : ----------------XSDB Script (After Launch)----------------
targets -set -nocase -filter {name =~ "ARM*#0" && jtag_cable_name =~ "Xilinx TUL 1234-tulA"} -index 0
con
----------------End of Script----------------

15:12:52 INFO  : Launch script is exported to file 'D:\Documents\Vivado_data\soc_uart\soc_uart.sdk\.sdk\launch_scripts\xilinx_c-c++_application_(system_debugger)\system_debugger_using_debug_uart_sdk.elf_on_local.tcl'
15:13:53 INFO  : Disconnected from the channel tcfchan#12.
15:13:54 INFO  : 'targets -set -filter {jtag_cable_name =~ "Xilinx TUL 1234-tulA" && level==0} -index 1' command is executed.
15:13:54 INFO  : 'fpga -state' command is executed.
15:13:54 INFO  : Connected to target on host '127.0.0.1' and port '3121'.
15:13:54 INFO  : Jtag cable 'Xilinx TUL 1234-tulA' is selected.
15:13:54 INFO  : 'jtag frequency' command is executed.
15:13:54 INFO  : Sourcing of 'D:/Documents/Vivado_data/soc_uart/soc_uart.sdk/design_1_wrapper_hw_platform_0/ps7_init.tcl' is done.
15:13:54 INFO  : Context for 'APU' is selected.
15:13:55 INFO  : Hardware design information is loaded from 'D:/Documents/Vivado_data/soc_uart/soc_uart.sdk/design_1_wrapper_hw_platform_0/system.hdf'.
15:13:55 INFO  : 'configparams force-mem-access 1' command is executed.
15:13:55 INFO  : Context for 'APU' is selected.
15:13:55 INFO  : 'stop' command is executed.
15:13:56 INFO  : 'ps7_init' command is executed.
15:13:56 INFO  : 'ps7_post_config' command is executed.
15:13:56 INFO  : Context for processor 'ps7_cortexa9_0' is selected.
15:13:56 INFO  : Processor reset is completed for 'ps7_cortexa9_0'.
15:13:56 INFO  : Context for processor 'ps7_cortexa9_0' is selected.
15:13:56 INFO  : The application 'D:/Documents/Vivado_data/soc_uart/soc_uart.sdk/uart_sdk/Debug/uart_sdk.elf' is downloaded to processor 'ps7_cortexa9_0'.
15:13:56 INFO  : 'configparams force-mem-access 0' command is executed.
15:13:56 INFO  : ----------------XSDB Script----------------
connect -url tcp:127.0.0.1:3121
source D:/Documents/Vivado_data/soc_uart/soc_uart.sdk/design_1_wrapper_hw_platform_0/ps7_init.tcl
targets -set -nocase -filter {name =~"APU*" && jtag_cable_name =~ "Xilinx TUL 1234-tulA"} -index 0
loadhw -hw D:/Documents/Vivado_data/soc_uart/soc_uart.sdk/design_1_wrapper_hw_platform_0/system.hdf -mem-ranges [list {0x40000000 0xbfffffff}]
configparams force-mem-access 1
targets -set -nocase -filter {name =~"APU*" && jtag_cable_name =~ "Xilinx TUL 1234-tulA"} -index 0
stop
ps7_init
ps7_post_config
targets -set -nocase -filter {name =~ "ARM*#0" && jtag_cable_name =~ "Xilinx TUL 1234-tulA"} -index 0
rst -processor
targets -set -nocase -filter {name =~ "ARM*#0" && jtag_cable_name =~ "Xilinx TUL 1234-tulA"} -index 0
dow D:/Documents/Vivado_data/soc_uart/soc_uart.sdk/uart_sdk/Debug/uart_sdk.elf
configparams force-mem-access 0
----------------End of Script----------------

15:13:56 INFO  : Memory regions updated for context APU
15:13:56 INFO  : Context for processor 'ps7_cortexa9_0' is selected.
15:13:56 INFO  : 'con' command is executed.
15:13:56 INFO  : ----------------XSDB Script (After Launch)----------------
targets -set -nocase -filter {name =~ "ARM*#0" && jtag_cable_name =~ "Xilinx TUL 1234-tulA"} -index 0
con
----------------End of Script----------------

15:13:56 INFO  : Launch script is exported to file 'D:\Documents\Vivado_data\soc_uart\soc_uart.sdk\.sdk\launch_scripts\xilinx_c-c++_application_(system_debugger)\system_debugger_using_debug_uart_sdk.elf_on_local.tcl'
15:14:15 INFO  : Disconnected from the channel tcfchan#13.
15:14:17 INFO  : 'targets -set -filter {jtag_cable_name =~ "Xilinx TUL 1234-tulA" && level==0} -index 1' command is executed.
15:14:17 INFO  : 'fpga -state' command is executed.
15:14:17 INFO  : Connected to target on host '127.0.0.1' and port '3121'.
15:14:17 INFO  : Jtag cable 'Xilinx TUL 1234-tulA' is selected.
15:14:17 INFO  : 'jtag frequency' command is executed.
15:14:17 INFO  : Sourcing of 'D:/Documents/Vivado_data/soc_uart/soc_uart.sdk/design_1_wrapper_hw_platform_0/ps7_init.tcl' is done.
15:14:17 INFO  : Context for 'APU' is selected.
15:14:18 INFO  : Hardware design information is loaded from 'D:/Documents/Vivado_data/soc_uart/soc_uart.sdk/design_1_wrapper_hw_platform_0/system.hdf'.
15:14:18 INFO  : 'configparams force-mem-access 1' command is executed.
15:14:18 INFO  : Context for 'APU' is selected.
15:14:18 INFO  : 'stop' command is executed.
15:14:19 INFO  : 'ps7_init' command is executed.
15:14:19 INFO  : 'ps7_post_config' command is executed.
15:14:19 INFO  : Context for processor 'ps7_cortexa9_0' is selected.
15:14:19 INFO  : Processor reset is completed for 'ps7_cortexa9_0'.
15:14:19 INFO  : Context for processor 'ps7_cortexa9_0' is selected.
15:14:19 INFO  : The application 'D:/Documents/Vivado_data/soc_uart/soc_uart.sdk/uart_sdk/Debug/uart_sdk.elf' is downloaded to processor 'ps7_cortexa9_0'.
15:14:19 INFO  : 'configparams force-mem-access 0' command is executed.
15:14:19 INFO  : ----------------XSDB Script----------------
connect -url tcp:127.0.0.1:3121
source D:/Documents/Vivado_data/soc_uart/soc_uart.sdk/design_1_wrapper_hw_platform_0/ps7_init.tcl
targets -set -nocase -filter {name =~"APU*" && jtag_cable_name =~ "Xilinx TUL 1234-tulA"} -index 0
loadhw -hw D:/Documents/Vivado_data/soc_uart/soc_uart.sdk/design_1_wrapper_hw_platform_0/system.hdf -mem-ranges [list {0x40000000 0xbfffffff}]
configparams force-mem-access 1
targets -set -nocase -filter {name =~"APU*" && jtag_cable_name =~ "Xilinx TUL 1234-tulA"} -index 0
stop
ps7_init
ps7_post_config
targets -set -nocase -filter {name =~ "ARM*#0" && jtag_cable_name =~ "Xilinx TUL 1234-tulA"} -index 0
rst -processor
targets -set -nocase -filter {name =~ "ARM*#0" && jtag_cable_name =~ "Xilinx TUL 1234-tulA"} -index 0
dow D:/Documents/Vivado_data/soc_uart/soc_uart.sdk/uart_sdk/Debug/uart_sdk.elf
configparams force-mem-access 0
----------------End of Script----------------

15:14:19 INFO  : Memory regions updated for context APU
15:14:19 INFO  : Context for processor 'ps7_cortexa9_0' is selected.
15:14:19 INFO  : 'con' command is executed.
15:14:19 INFO  : ----------------XSDB Script (After Launch)----------------
targets -set -nocase -filter {name =~ "ARM*#0" && jtag_cable_name =~ "Xilinx TUL 1234-tulA"} -index 0
con
----------------End of Script----------------

15:14:19 INFO  : Launch script is exported to file 'D:\Documents\Vivado_data\soc_uart\soc_uart.sdk\.sdk\launch_scripts\xilinx_c-c++_application_(system_debugger)\system_debugger_using_debug_uart_sdk.elf_on_local.tcl'
15:25:43 INFO  : SDK has detected change in the last modified timestamps for source hardware specification file Source:1748330702051,  Project:1748328951941
15:25:43 INFO  : Project design_1_wrapper_hw_platform_0's source hardware specification located at D:/Documents/Vivado_data/soc_uart/soc_uart.sdk/design_1_wrapper.hdf is now different from the local copy.
		 The local copy will be replaced with the source specification and your workspace will be updated.
15:25:44 INFO  : Copied contents of D:/Documents/Vivado_data/soc_uart/soc_uart.sdk/design_1_wrapper.hdf into \design_1_wrapper_hw_platform_0\system.hdf.
15:25:47 INFO  : Synchronizing projects in the workspace with the hardware platform specification changes.
15:25:48 INFO  : 
15:25:49 INFO  : Updating hardware inferred compiler options for uart_sdk.
15:25:49 INFO  : Clearing existing target manager status.
15:26:09 INFO  : Disconnected from the channel tcfchan#14.
15:26:10 INFO  : 'targets -set -filter {jtag_cable_name =~ "Xilinx TUL 1234-tulA" && level==0} -index 1' command is executed.
15:26:10 INFO  : 'fpga -state' command is executed.
15:26:10 INFO  : Connected to target on host '127.0.0.1' and port '3121'.
15:26:10 INFO  : Jtag cable 'Xilinx TUL 1234-tulA' is selected.
15:26:10 INFO  : 'jtag frequency' command is executed.
15:26:10 INFO  : Sourcing of 'D:/Documents/Vivado_data/soc_uart/soc_uart.sdk/design_1_wrapper_hw_platform_0/ps7_init.tcl' is done.
15:26:10 INFO  : Context for 'APU' is selected.
15:26:10 INFO  : Hardware design information is loaded from 'D:/Documents/Vivado_data/soc_uart/soc_uart.sdk/design_1_wrapper_hw_platform_0/system.hdf'.
15:26:10 INFO  : 'configparams force-mem-access 1' command is executed.
15:26:10 INFO  : Context for 'APU' is selected.
15:26:10 INFO  : 'stop' command is executed.
15:26:10 INFO  : 'ps7_init' command is executed.
15:26:10 INFO  : 'ps7_post_config' command is executed.
15:26:10 INFO  : Context for processor 'ps7_cortexa9_0' is selected.
15:26:11 INFO  : Processor reset is completed for 'ps7_cortexa9_0'.
15:26:11 INFO  : Context for processor 'ps7_cortexa9_0' is selected.
15:26:11 INFO  : The application 'D:/Documents/Vivado_data/soc_uart/soc_uart.sdk/uart_sdk/Debug/uart_sdk.elf' is downloaded to processor 'ps7_cortexa9_0'.
15:26:11 INFO  : 'configparams force-mem-access 0' command is executed.
15:26:11 INFO  : ----------------XSDB Script----------------
connect -url tcp:127.0.0.1:3121
source D:/Documents/Vivado_data/soc_uart/soc_uart.sdk/design_1_wrapper_hw_platform_0/ps7_init.tcl
targets -set -nocase -filter {name =~"APU*" && jtag_cable_name =~ "Xilinx TUL 1234-tulA"} -index 0
loadhw -hw D:/Documents/Vivado_data/soc_uart/soc_uart.sdk/design_1_wrapper_hw_platform_0/system.hdf -mem-ranges [list {0x40000000 0xbfffffff}]
configparams force-mem-access 1
targets -set -nocase -filter {name =~"APU*" && jtag_cable_name =~ "Xilinx TUL 1234-tulA"} -index 0
stop
ps7_init
ps7_post_config
targets -set -nocase -filter {name =~ "ARM*#0" && jtag_cable_name =~ "Xilinx TUL 1234-tulA"} -index 0
rst -processor
targets -set -nocase -filter {name =~ "ARM*#0" && jtag_cable_name =~ "Xilinx TUL 1234-tulA"} -index 0
dow D:/Documents/Vivado_data/soc_uart/soc_uart.sdk/uart_sdk/Debug/uart_sdk.elf
configparams force-mem-access 0
----------------End of Script----------------

15:26:11 INFO  : Memory regions updated for context APU
15:26:11 INFO  : Context for processor 'ps7_cortexa9_0' is selected.
15:26:11 INFO  : 'con' command is executed.
15:26:11 INFO  : ----------------XSDB Script (After Launch)----------------
targets -set -nocase -filter {name =~ "ARM*#0" && jtag_cable_name =~ "Xilinx TUL 1234-tulA"} -index 0
con
----------------End of Script----------------

15:26:11 INFO  : Launch script is exported to file 'D:\Documents\Vivado_data\soc_uart\soc_uart.sdk\.sdk\launch_scripts\xilinx_c-c++_application_(system_debugger)\system_debugger_using_debug_uart_sdk.elf_on_local.tcl'
15:26:12 INFO  : Disconnected from the channel tcfchan#15.
15:26:30 INFO  : Registering command handlers for SDK TCF services
15:26:30 INFO  : Launching XSCT server: xsct.bat -interactive D:\Documents\Vivado_data\soc_uart\soc_uart.sdk\temp_xsdb_launch_script.tcl
15:26:31 INFO  : XSCT server has started successfully.
15:26:31 INFO  : Successfully done setting XSCT server connection channel  
15:26:31 INFO  : Successfully done setting SDK workspace  
15:26:31 INFO  : Processing command line option -hwspec D:/Documents/Vivado_data/soc_uart/soc_uart.sdk/design_1_wrapper.hdf.
15:26:31 INFO  : Checking for hwspec changes in the project design_1_wrapper_hw_platform_0.
15:27:09 INFO  : 'targets -set -filter {jtag_cable_name =~ "Xilinx TUL 1234-tulA" && level==0} -index 1' command is executed.
15:27:09 INFO  : 'fpga -state' command is executed.
15:27:09 INFO  : Connected to target on host '127.0.0.1' and port '3121'.
15:27:09 INFO  : Jtag cable 'Xilinx TUL 1234-tulA' is selected.
15:27:09 INFO  : 'jtag frequency' command is executed.
15:27:09 INFO  : Sourcing of 'D:/Documents/Vivado_data/soc_uart/soc_uart.sdk/design_1_wrapper_hw_platform_0/ps7_init.tcl' is done.
15:27:09 INFO  : Context for 'APU' is selected.
15:27:09 INFO  : Hardware design information is loaded from 'D:/Documents/Vivado_data/soc_uart/soc_uart.sdk/design_1_wrapper_hw_platform_0/system.hdf'.
15:27:09 INFO  : 'configparams force-mem-access 1' command is executed.
15:27:09 INFO  : Context for 'APU' is selected.
15:27:09 INFO  : 'stop' command is executed.
15:27:09 INFO  : 'ps7_init' command is executed.
15:27:09 INFO  : 'ps7_post_config' command is executed.
15:27:09 INFO  : Context for processor 'ps7_cortexa9_0' is selected.
15:27:09 INFO  : Processor reset is completed for 'ps7_cortexa9_0'.
15:27:09 INFO  : Context for processor 'ps7_cortexa9_0' is selected.
15:27:10 INFO  : The application 'D:/Documents/Vivado_data/soc_uart/soc_uart.sdk/uart_sdk/Debug/uart_sdk.elf' is downloaded to processor 'ps7_cortexa9_0'.
15:27:10 INFO  : 'configparams force-mem-access 0' command is executed.
15:27:10 INFO  : ----------------XSDB Script----------------
connect -url tcp:127.0.0.1:3121
source D:/Documents/Vivado_data/soc_uart/soc_uart.sdk/design_1_wrapper_hw_platform_0/ps7_init.tcl
targets -set -nocase -filter {name =~"APU*" && jtag_cable_name =~ "Xilinx TUL 1234-tulA"} -index 0
loadhw -hw D:/Documents/Vivado_data/soc_uart/soc_uart.sdk/design_1_wrapper_hw_platform_0/system.hdf -mem-ranges [list {0x40000000 0xbfffffff}]
configparams force-mem-access 1
targets -set -nocase -filter {name =~"APU*" && jtag_cable_name =~ "Xilinx TUL 1234-tulA"} -index 0
stop
ps7_init
ps7_post_config
targets -set -nocase -filter {name =~ "ARM*#0" && jtag_cable_name =~ "Xilinx TUL 1234-tulA"} -index 0
rst -processor
targets -set -nocase -filter {name =~ "ARM*#0" && jtag_cable_name =~ "Xilinx TUL 1234-tulA"} -index 0
dow D:/Documents/Vivado_data/soc_uart/soc_uart.sdk/uart_sdk/Debug/uart_sdk.elf
configparams force-mem-access 0
----------------End of Script----------------

15:27:10 INFO  : Memory regions updated for context APU
15:27:10 INFO  : Context for processor 'ps7_cortexa9_0' is selected.
15:27:10 INFO  : 'con' command is executed.
15:27:10 INFO  : ----------------XSDB Script (After Launch)----------------
targets -set -nocase -filter {name =~ "ARM*#0" && jtag_cable_name =~ "Xilinx TUL 1234-tulA"} -index 0
con
----------------End of Script----------------

15:27:10 INFO  : Launch script is exported to file 'D:\Documents\Vivado_data\soc_uart\soc_uart.sdk\.sdk\launch_scripts\xilinx_c-c++_application_(system_debugger)\system_debugger_using_debug_uart_sdk.elf_on_local.tcl'
15:27:27 INFO  : Disconnected from the channel tcfchan#1.
15:27:28 INFO  : 'targets -set -filter {jtag_cable_name =~ "Xilinx TUL 1234-tulA" && level==0} -index 1' command is executed.
15:27:28 INFO  : 'fpga -state' command is executed.
15:27:28 INFO  : Connected to target on host '127.0.0.1' and port '3121'.
15:27:28 INFO  : Jtag cable 'Xilinx TUL 1234-tulA' is selected.
15:27:28 INFO  : 'jtag frequency' command is executed.
15:27:28 INFO  : Sourcing of 'D:/Documents/Vivado_data/soc_uart/soc_uart.sdk/design_1_wrapper_hw_platform_0/ps7_init.tcl' is done.
15:27:28 INFO  : Context for 'APU' is selected.
15:27:30 INFO  : Hardware design information is loaded from 'D:/Documents/Vivado_data/soc_uart/soc_uart.sdk/design_1_wrapper_hw_platform_0/system.hdf'.
15:27:30 INFO  : 'configparams force-mem-access 1' command is executed.
15:27:30 INFO  : Context for 'APU' is selected.
15:27:30 INFO  : 'stop' command is executed.
15:27:30 INFO  : 'ps7_init' command is executed.
15:27:30 INFO  : 'ps7_post_config' command is executed.
15:27:30 INFO  : Context for processor 'ps7_cortexa9_0' is selected.
15:27:30 INFO  : Processor reset is completed for 'ps7_cortexa9_0'.
15:27:30 INFO  : Context for processor 'ps7_cortexa9_0' is selected.
15:27:30 INFO  : The application 'D:/Documents/Vivado_data/soc_uart/soc_uart.sdk/uart_sdk/Debug/uart_sdk.elf' is downloaded to processor 'ps7_cortexa9_0'.
15:27:30 INFO  : 'configparams force-mem-access 0' command is executed.
15:27:30 INFO  : ----------------XSDB Script----------------
connect -url tcp:127.0.0.1:3121
source D:/Documents/Vivado_data/soc_uart/soc_uart.sdk/design_1_wrapper_hw_platform_0/ps7_init.tcl
targets -set -nocase -filter {name =~"APU*" && jtag_cable_name =~ "Xilinx TUL 1234-tulA"} -index 0
loadhw -hw D:/Documents/Vivado_data/soc_uart/soc_uart.sdk/design_1_wrapper_hw_platform_0/system.hdf -mem-ranges [list {0x40000000 0xbfffffff}]
configparams force-mem-access 1
targets -set -nocase -filter {name =~"APU*" && jtag_cable_name =~ "Xilinx TUL 1234-tulA"} -index 0
stop
ps7_init
ps7_post_config
targets -set -nocase -filter {name =~ "ARM*#0" && jtag_cable_name =~ "Xilinx TUL 1234-tulA"} -index 0
rst -processor
targets -set -nocase -filter {name =~ "ARM*#0" && jtag_cable_name =~ "Xilinx TUL 1234-tulA"} -index 0
dow D:/Documents/Vivado_data/soc_uart/soc_uart.sdk/uart_sdk/Debug/uart_sdk.elf
configparams force-mem-access 0
----------------End of Script----------------

15:27:30 INFO  : Memory regions updated for context APU
15:27:30 INFO  : Context for processor 'ps7_cortexa9_0' is selected.
15:27:30 INFO  : 'con' command is executed.
15:27:30 INFO  : ----------------XSDB Script (After Launch)----------------
targets -set -nocase -filter {name =~ "ARM*#0" && jtag_cable_name =~ "Xilinx TUL 1234-tulA"} -index 0
con
----------------End of Script----------------

15:27:30 INFO  : Launch script is exported to file 'D:\Documents\Vivado_data\soc_uart\soc_uart.sdk\.sdk\launch_scripts\xilinx_c-c++_application_(system_debugger)\system_debugger_using_debug_uart_sdk.elf_on_local.tcl'
15:27:47 INFO  : Disconnected from the channel tcfchan#2.
15:27:48 INFO  : 'targets -set -filter {jtag_cable_name =~ "Xilinx TUL 1234-tulA" && level==0} -index 1' command is executed.
15:27:48 INFO  : 'fpga -state' command is executed.
15:27:48 INFO  : Connected to target on host '127.0.0.1' and port '3121'.
15:27:48 INFO  : Jtag cable 'Xilinx TUL 1234-tulA' is selected.
15:27:48 INFO  : 'jtag frequency' command is executed.
15:27:48 INFO  : Sourcing of 'D:/Documents/Vivado_data/soc_uart/soc_uart.sdk/design_1_wrapper_hw_platform_0/ps7_init.tcl' is done.
15:27:48 INFO  : Context for 'APU' is selected.
15:27:50 INFO  : Hardware design information is loaded from 'D:/Documents/Vivado_data/soc_uart/soc_uart.sdk/design_1_wrapper_hw_platform_0/system.hdf'.
15:27:50 INFO  : 'configparams force-mem-access 1' command is executed.
15:27:50 INFO  : Context for 'APU' is selected.
15:27:50 INFO  : 'stop' command is executed.
15:27:50 INFO  : 'ps7_init' command is executed.
15:27:50 INFO  : 'ps7_post_config' command is executed.
15:27:50 INFO  : Context for processor 'ps7_cortexa9_0' is selected.
15:27:50 INFO  : Processor reset is completed for 'ps7_cortexa9_0'.
15:27:50 INFO  : Context for processor 'ps7_cortexa9_0' is selected.
15:27:50 INFO  : The application 'D:/Documents/Vivado_data/soc_uart/soc_uart.sdk/uart_sdk/Debug/uart_sdk.elf' is downloaded to processor 'ps7_cortexa9_0'.
15:27:50 INFO  : 'configparams force-mem-access 0' command is executed.
15:27:50 INFO  : ----------------XSDB Script----------------
connect -url tcp:127.0.0.1:3121
source D:/Documents/Vivado_data/soc_uart/soc_uart.sdk/design_1_wrapper_hw_platform_0/ps7_init.tcl
targets -set -nocase -filter {name =~"APU*" && jtag_cable_name =~ "Xilinx TUL 1234-tulA"} -index 0
loadhw -hw D:/Documents/Vivado_data/soc_uart/soc_uart.sdk/design_1_wrapper_hw_platform_0/system.hdf -mem-ranges [list {0x40000000 0xbfffffff}]
configparams force-mem-access 1
targets -set -nocase -filter {name =~"APU*" && jtag_cable_name =~ "Xilinx TUL 1234-tulA"} -index 0
stop
ps7_init
ps7_post_config
targets -set -nocase -filter {name =~ "ARM*#0" && jtag_cable_name =~ "Xilinx TUL 1234-tulA"} -index 0
rst -processor
targets -set -nocase -filter {name =~ "ARM*#0" && jtag_cable_name =~ "Xilinx TUL 1234-tulA"} -index 0
dow D:/Documents/Vivado_data/soc_uart/soc_uart.sdk/uart_sdk/Debug/uart_sdk.elf
configparams force-mem-access 0
----------------End of Script----------------

15:27:50 INFO  : Memory regions updated for context APU
15:27:50 INFO  : Context for processor 'ps7_cortexa9_0' is selected.
15:27:50 INFO  : 'con' command is executed.
15:27:50 INFO  : ----------------XSDB Script (After Launch)----------------
targets -set -nocase -filter {name =~ "ARM*#0" && jtag_cable_name =~ "Xilinx TUL 1234-tulA"} -index 0
con
----------------End of Script----------------

15:27:50 INFO  : Launch script is exported to file 'D:\Documents\Vivado_data\soc_uart\soc_uart.sdk\.sdk\launch_scripts\xilinx_c-c++_application_(system_debugger)\system_debugger_using_debug_uart_sdk.elf_on_local.tcl'
15:28:02 INFO  : Disconnected from the channel tcfchan#3.
15:28:03 INFO  : 'targets -set -filter {jtag_cable_name =~ "Xilinx TUL 1234-tulA" && level==0} -index 1' command is executed.
15:28:03 INFO  : 'fpga -state' command is executed.
15:28:03 INFO  : Connected to target on host '127.0.0.1' and port '3121'.
15:28:03 INFO  : Jtag cable 'Xilinx TUL 1234-tulA' is selected.
15:28:03 INFO  : 'jtag frequency' command is executed.
15:28:03 INFO  : Sourcing of 'D:/Documents/Vivado_data/soc_uart/soc_uart.sdk/design_1_wrapper_hw_platform_0/ps7_init.tcl' is done.
15:28:03 INFO  : Context for 'APU' is selected.
15:28:05 INFO  : Hardware design information is loaded from 'D:/Documents/Vivado_data/soc_uart/soc_uart.sdk/design_1_wrapper_hw_platform_0/system.hdf'.
15:28:05 INFO  : 'configparams force-mem-access 1' command is executed.
15:28:05 INFO  : Context for 'APU' is selected.
15:28:05 INFO  : 'stop' command is executed.
15:28:05 INFO  : 'ps7_init' command is executed.
15:28:05 INFO  : 'ps7_post_config' command is executed.
15:28:05 INFO  : Context for processor 'ps7_cortexa9_0' is selected.
15:28:05 INFO  : Processor reset is completed for 'ps7_cortexa9_0'.
15:28:05 INFO  : Context for processor 'ps7_cortexa9_0' is selected.
15:28:06 INFO  : The application 'D:/Documents/Vivado_data/soc_uart/soc_uart.sdk/uart_sdk/Debug/uart_sdk.elf' is downloaded to processor 'ps7_cortexa9_0'.
15:28:06 INFO  : 'configparams force-mem-access 0' command is executed.
15:28:06 INFO  : ----------------XSDB Script----------------
connect -url tcp:127.0.0.1:3121
source D:/Documents/Vivado_data/soc_uart/soc_uart.sdk/design_1_wrapper_hw_platform_0/ps7_init.tcl
targets -set -nocase -filter {name =~"APU*" && jtag_cable_name =~ "Xilinx TUL 1234-tulA"} -index 0
loadhw -hw D:/Documents/Vivado_data/soc_uart/soc_uart.sdk/design_1_wrapper_hw_platform_0/system.hdf -mem-ranges [list {0x40000000 0xbfffffff}]
configparams force-mem-access 1
targets -set -nocase -filter {name =~"APU*" && jtag_cable_name =~ "Xilinx TUL 1234-tulA"} -index 0
stop
ps7_init
ps7_post_config
targets -set -nocase -filter {name =~ "ARM*#0" && jtag_cable_name =~ "Xilinx TUL 1234-tulA"} -index 0
rst -processor
targets -set -nocase -filter {name =~ "ARM*#0" && jtag_cable_name =~ "Xilinx TUL 1234-tulA"} -index 0
dow D:/Documents/Vivado_data/soc_uart/soc_uart.sdk/uart_sdk/Debug/uart_sdk.elf
configparams force-mem-access 0
----------------End of Script----------------

15:28:06 INFO  : Memory regions updated for context APU
15:28:06 INFO  : Context for processor 'ps7_cortexa9_0' is selected.
15:28:06 INFO  : 'con' command is executed.
15:28:06 INFO  : ----------------XSDB Script (After Launch)----------------
targets -set -nocase -filter {name =~ "ARM*#0" && jtag_cable_name =~ "Xilinx TUL 1234-tulA"} -index 0
con
----------------End of Script----------------

15:28:06 INFO  : Launch script is exported to file 'D:\Documents\Vivado_data\soc_uart\soc_uart.sdk\.sdk\launch_scripts\xilinx_c-c++_application_(system_debugger)\system_debugger_using_debug_uart_sdk.elf_on_local.tcl'
15:28:21 INFO  : Disconnected from the channel tcfchan#4.
15:28:22 INFO  : 'targets -set -filter {jtag_cable_name =~ "Xilinx TUL 1234-tulA" && level==0} -index 1' command is executed.
15:28:22 INFO  : 'fpga -state' command is executed.
15:28:22 INFO  : Connected to target on host '127.0.0.1' and port '3121'.
15:28:22 INFO  : Jtag cable 'Xilinx TUL 1234-tulA' is selected.
15:28:22 INFO  : 'jtag frequency' command is executed.
15:28:22 INFO  : Sourcing of 'D:/Documents/Vivado_data/soc_uart/soc_uart.sdk/design_1_wrapper_hw_platform_0/ps7_init.tcl' is done.
15:28:22 INFO  : Context for 'APU' is selected.
15:28:24 INFO  : Hardware design information is loaded from 'D:/Documents/Vivado_data/soc_uart/soc_uart.sdk/design_1_wrapper_hw_platform_0/system.hdf'.
15:28:24 INFO  : 'configparams force-mem-access 1' command is executed.
15:28:24 INFO  : Context for 'APU' is selected.
15:28:24 INFO  : 'stop' command is executed.
15:28:24 INFO  : 'ps7_init' command is executed.
15:28:24 INFO  : 'ps7_post_config' command is executed.
15:28:24 INFO  : Context for processor 'ps7_cortexa9_0' is selected.
15:28:24 INFO  : Processor reset is completed for 'ps7_cortexa9_0'.
15:28:24 INFO  : Context for processor 'ps7_cortexa9_0' is selected.
15:28:24 INFO  : The application 'D:/Documents/Vivado_data/soc_uart/soc_uart.sdk/uart_sdk/Debug/uart_sdk.elf' is downloaded to processor 'ps7_cortexa9_0'.
15:28:24 INFO  : 'configparams force-mem-access 0' command is executed.
15:28:24 INFO  : ----------------XSDB Script----------------
connect -url tcp:127.0.0.1:3121
source D:/Documents/Vivado_data/soc_uart/soc_uart.sdk/design_1_wrapper_hw_platform_0/ps7_init.tcl
targets -set -nocase -filter {name =~"APU*" && jtag_cable_name =~ "Xilinx TUL 1234-tulA"} -index 0
loadhw -hw D:/Documents/Vivado_data/soc_uart/soc_uart.sdk/design_1_wrapper_hw_platform_0/system.hdf -mem-ranges [list {0x40000000 0xbfffffff}]
configparams force-mem-access 1
targets -set -nocase -filter {name =~"APU*" && jtag_cable_name =~ "Xilinx TUL 1234-tulA"} -index 0
stop
ps7_init
ps7_post_config
targets -set -nocase -filter {name =~ "ARM*#0" && jtag_cable_name =~ "Xilinx TUL 1234-tulA"} -index 0
rst -processor
targets -set -nocase -filter {name =~ "ARM*#0" && jtag_cable_name =~ "Xilinx TUL 1234-tulA"} -index 0
dow D:/Documents/Vivado_data/soc_uart/soc_uart.sdk/uart_sdk/Debug/uart_sdk.elf
configparams force-mem-access 0
----------------End of Script----------------

15:28:24 INFO  : Memory regions updated for context APU
15:28:25 INFO  : Context for processor 'ps7_cortexa9_0' is selected.
15:28:25 INFO  : 'con' command is executed.
15:28:25 INFO  : ----------------XSDB Script (After Launch)----------------
targets -set -nocase -filter {name =~ "ARM*#0" && jtag_cable_name =~ "Xilinx TUL 1234-tulA"} -index 0
con
----------------End of Script----------------

15:28:25 INFO  : Launch script is exported to file 'D:\Documents\Vivado_data\soc_uart\soc_uart.sdk\.sdk\launch_scripts\xilinx_c-c++_application_(system_debugger)\system_debugger_using_debug_uart_sdk.elf_on_local.tcl'
15:28:45 INFO  : Disconnected from the channel tcfchan#5.
15:28:46 INFO  : 'targets -set -filter {jtag_cable_name =~ "Xilinx TUL 1234-tulA" && level==0} -index 1' command is executed.
15:28:46 INFO  : 'fpga -state' command is executed.
15:28:46 INFO  : Connected to target on host '127.0.0.1' and port '3121'.
15:28:47 INFO  : Jtag cable 'Xilinx TUL 1234-tulA' is selected.
15:28:47 INFO  : 'jtag frequency' command is executed.
15:28:47 INFO  : Sourcing of 'D:/Documents/Vivado_data/soc_uart/soc_uart.sdk/design_1_wrapper_hw_platform_0/ps7_init.tcl' is done.
15:28:47 INFO  : Context for 'APU' is selected.
15:28:48 INFO  : Hardware design information is loaded from 'D:/Documents/Vivado_data/soc_uart/soc_uart.sdk/design_1_wrapper_hw_platform_0/system.hdf'.
15:28:48 INFO  : 'configparams force-mem-access 1' command is executed.
15:28:48 INFO  : Context for 'APU' is selected.
15:28:48 INFO  : 'stop' command is executed.
15:28:48 INFO  : 'ps7_init' command is executed.
15:28:48 INFO  : 'ps7_post_config' command is executed.
15:28:48 INFO  : Context for processor 'ps7_cortexa9_0' is selected.
15:28:48 INFO  : Processor reset is completed for 'ps7_cortexa9_0'.
15:28:48 INFO  : Context for processor 'ps7_cortexa9_0' is selected.
15:28:48 INFO  : The application 'D:/Documents/Vivado_data/soc_uart/soc_uart.sdk/uart_sdk/Debug/uart_sdk.elf' is downloaded to processor 'ps7_cortexa9_0'.
15:28:48 INFO  : 'configparams force-mem-access 0' command is executed.
15:28:48 INFO  : ----------------XSDB Script----------------
connect -url tcp:127.0.0.1:3121
source D:/Documents/Vivado_data/soc_uart/soc_uart.sdk/design_1_wrapper_hw_platform_0/ps7_init.tcl
targets -set -nocase -filter {name =~"APU*" && jtag_cable_name =~ "Xilinx TUL 1234-tulA"} -index 0
loadhw -hw D:/Documents/Vivado_data/soc_uart/soc_uart.sdk/design_1_wrapper_hw_platform_0/system.hdf -mem-ranges [list {0x40000000 0xbfffffff}]
configparams force-mem-access 1
targets -set -nocase -filter {name =~"APU*" && jtag_cable_name =~ "Xilinx TUL 1234-tulA"} -index 0
stop
ps7_init
ps7_post_config
targets -set -nocase -filter {name =~ "ARM*#0" && jtag_cable_name =~ "Xilinx TUL 1234-tulA"} -index 0
rst -processor
targets -set -nocase -filter {name =~ "ARM*#0" && jtag_cable_name =~ "Xilinx TUL 1234-tulA"} -index 0
dow D:/Documents/Vivado_data/soc_uart/soc_uart.sdk/uart_sdk/Debug/uart_sdk.elf
configparams force-mem-access 0
----------------End of Script----------------

15:28:49 INFO  : Memory regions updated for context APU
15:28:49 INFO  : Context for processor 'ps7_cortexa9_0' is selected.
15:28:49 INFO  : 'con' command is executed.
15:28:49 INFO  : ----------------XSDB Script (After Launch)----------------
targets -set -nocase -filter {name =~ "ARM*#0" && jtag_cable_name =~ "Xilinx TUL 1234-tulA"} -index 0
con
----------------End of Script----------------

15:28:49 INFO  : Launch script is exported to file 'D:\Documents\Vivado_data\soc_uart\soc_uart.sdk\.sdk\launch_scripts\xilinx_c-c++_application_(system_debugger)\system_debugger_using_debug_uart_sdk.elf_on_local.tcl'
15:29:15 INFO  : Disconnected from the channel tcfchan#6.
15:29:16 INFO  : 'targets -set -filter {jtag_cable_name =~ "Xilinx TUL 1234-tulA" && level==0} -index 1' command is executed.
15:29:16 INFO  : 'fpga -state' command is executed.
15:29:16 INFO  : Connected to target on host '127.0.0.1' and port '3121'.
15:29:16 INFO  : Jtag cable 'Xilinx TUL 1234-tulA' is selected.
15:29:16 INFO  : 'jtag frequency' command is executed.
15:29:16 INFO  : Sourcing of 'D:/Documents/Vivado_data/soc_uart/soc_uart.sdk/design_1_wrapper_hw_platform_0/ps7_init.tcl' is done.
15:29:16 INFO  : Context for 'APU' is selected.
15:29:18 INFO  : Hardware design information is loaded from 'D:/Documents/Vivado_data/soc_uart/soc_uart.sdk/design_1_wrapper_hw_platform_0/system.hdf'.
15:29:18 INFO  : 'configparams force-mem-access 1' command is executed.
15:29:18 INFO  : Context for 'APU' is selected.
15:29:18 INFO  : 'stop' command is executed.
15:29:19 INFO  : 'ps7_init' command is executed.
15:29:19 INFO  : 'ps7_post_config' command is executed.
15:29:19 INFO  : Context for processor 'ps7_cortexa9_0' is selected.
15:29:19 INFO  : Processor reset is completed for 'ps7_cortexa9_0'.
15:29:19 INFO  : Context for processor 'ps7_cortexa9_0' is selected.
15:29:19 INFO  : The application 'D:/Documents/Vivado_data/soc_uart/soc_uart.sdk/uart_sdk/Debug/uart_sdk.elf' is downloaded to processor 'ps7_cortexa9_0'.
15:29:19 INFO  : 'configparams force-mem-access 0' command is executed.
15:29:19 INFO  : ----------------XSDB Script----------------
connect -url tcp:127.0.0.1:3121
source D:/Documents/Vivado_data/soc_uart/soc_uart.sdk/design_1_wrapper_hw_platform_0/ps7_init.tcl
targets -set -nocase -filter {name =~"APU*" && jtag_cable_name =~ "Xilinx TUL 1234-tulA"} -index 0
loadhw -hw D:/Documents/Vivado_data/soc_uart/soc_uart.sdk/design_1_wrapper_hw_platform_0/system.hdf -mem-ranges [list {0x40000000 0xbfffffff}]
configparams force-mem-access 1
targets -set -nocase -filter {name =~"APU*" && jtag_cable_name =~ "Xilinx TUL 1234-tulA"} -index 0
stop
ps7_init
ps7_post_config
targets -set -nocase -filter {name =~ "ARM*#0" && jtag_cable_name =~ "Xilinx TUL 1234-tulA"} -index 0
rst -processor
targets -set -nocase -filter {name =~ "ARM*#0" && jtag_cable_name =~ "Xilinx TUL 1234-tulA"} -index 0
dow D:/Documents/Vivado_data/soc_uart/soc_uart.sdk/uart_sdk/Debug/uart_sdk.elf
configparams force-mem-access 0
----------------End of Script----------------

15:29:19 INFO  : Memory regions updated for context APU
15:29:19 INFO  : Context for processor 'ps7_cortexa9_0' is selected.
15:29:19 INFO  : 'con' command is executed.
15:29:19 INFO  : ----------------XSDB Script (After Launch)----------------
targets -set -nocase -filter {name =~ "ARM*#0" && jtag_cable_name =~ "Xilinx TUL 1234-tulA"} -index 0
con
----------------End of Script----------------

15:29:19 INFO  : Launch script is exported to file 'D:\Documents\Vivado_data\soc_uart\soc_uart.sdk\.sdk\launch_scripts\xilinx_c-c++_application_(system_debugger)\system_debugger_using_debug_uart_sdk.elf_on_local.tcl'
15:29:31 INFO  : Disconnected from the channel tcfchan#7.
15:29:32 INFO  : 'targets -set -filter {jtag_cable_name =~ "Xilinx TUL 1234-tulA" && level==0} -index 1' command is executed.
15:29:32 INFO  : 'fpga -state' command is executed.
15:29:32 INFO  : Connected to target on host '127.0.0.1' and port '3121'.
15:29:32 INFO  : Jtag cable 'Xilinx TUL 1234-tulA' is selected.
15:29:32 INFO  : 'jtag frequency' command is executed.
15:29:32 INFO  : Sourcing of 'D:/Documents/Vivado_data/soc_uart/soc_uart.sdk/design_1_wrapper_hw_platform_0/ps7_init.tcl' is done.
15:29:32 INFO  : Context for 'APU' is selected.
15:29:33 INFO  : Hardware design information is loaded from 'D:/Documents/Vivado_data/soc_uart/soc_uart.sdk/design_1_wrapper_hw_platform_0/system.hdf'.
15:29:33 INFO  : 'configparams force-mem-access 1' command is executed.
15:29:33 INFO  : Context for 'APU' is selected.
15:29:33 INFO  : 'stop' command is executed.
15:29:34 INFO  : 'ps7_init' command is executed.
15:29:34 INFO  : 'ps7_post_config' command is executed.
15:29:34 INFO  : Context for processor 'ps7_cortexa9_0' is selected.
15:29:34 INFO  : Processor reset is completed for 'ps7_cortexa9_0'.
15:29:34 INFO  : Context for processor 'ps7_cortexa9_0' is selected.
15:29:34 INFO  : The application 'D:/Documents/Vivado_data/soc_uart/soc_uart.sdk/uart_sdk/Debug/uart_sdk.elf' is downloaded to processor 'ps7_cortexa9_0'.
15:29:34 INFO  : 'configparams force-mem-access 0' command is executed.
15:29:34 INFO  : ----------------XSDB Script----------------
connect -url tcp:127.0.0.1:3121
source D:/Documents/Vivado_data/soc_uart/soc_uart.sdk/design_1_wrapper_hw_platform_0/ps7_init.tcl
targets -set -nocase -filter {name =~"APU*" && jtag_cable_name =~ "Xilinx TUL 1234-tulA"} -index 0
loadhw -hw D:/Documents/Vivado_data/soc_uart/soc_uart.sdk/design_1_wrapper_hw_platform_0/system.hdf -mem-ranges [list {0x40000000 0xbfffffff}]
configparams force-mem-access 1
targets -set -nocase -filter {name =~"APU*" && jtag_cable_name =~ "Xilinx TUL 1234-tulA"} -index 0
stop
ps7_init
ps7_post_config
targets -set -nocase -filter {name =~ "ARM*#0" && jtag_cable_name =~ "Xilinx TUL 1234-tulA"} -index 0
rst -processor
targets -set -nocase -filter {name =~ "ARM*#0" && jtag_cable_name =~ "Xilinx TUL 1234-tulA"} -index 0
dow D:/Documents/Vivado_data/soc_uart/soc_uart.sdk/uart_sdk/Debug/uart_sdk.elf
configparams force-mem-access 0
----------------End of Script----------------

15:29:34 INFO  : Memory regions updated for context APU
15:29:34 INFO  : Context for processor 'ps7_cortexa9_0' is selected.
15:29:34 INFO  : 'con' command is executed.
15:29:34 INFO  : ----------------XSDB Script (After Launch)----------------
targets -set -nocase -filter {name =~ "ARM*#0" && jtag_cable_name =~ "Xilinx TUL 1234-tulA"} -index 0
con
----------------End of Script----------------

15:29:34 INFO  : Launch script is exported to file 'D:\Documents\Vivado_data\soc_uart\soc_uart.sdk\.sdk\launch_scripts\xilinx_c-c++_application_(system_debugger)\system_debugger_using_debug_uart_sdk.elf_on_local.tcl'
15:30:05 INFO  : Disconnected from the channel tcfchan#8.
15:30:06 INFO  : 'targets -set -filter {jtag_cable_name =~ "Xilinx TUL 1234-tulA" && level==0} -index 1' command is executed.
15:30:06 INFO  : 'fpga -state' command is executed.
15:30:06 INFO  : Connected to target on host '127.0.0.1' and port '3121'.
15:30:06 INFO  : Jtag cable 'Xilinx TUL 1234-tulA' is selected.
15:30:06 INFO  : 'jtag frequency' command is executed.
15:30:06 INFO  : Sourcing of 'D:/Documents/Vivado_data/soc_uart/soc_uart.sdk/design_1_wrapper_hw_platform_0/ps7_init.tcl' is done.
15:30:06 INFO  : Context for 'APU' is selected.
15:30:08 INFO  : Hardware design information is loaded from 'D:/Documents/Vivado_data/soc_uart/soc_uart.sdk/design_1_wrapper_hw_platform_0/system.hdf'.
15:30:08 INFO  : 'configparams force-mem-access 1' command is executed.
15:30:08 INFO  : Context for 'APU' is selected.
15:30:08 INFO  : 'stop' command is executed.
15:30:08 INFO  : 'ps7_init' command is executed.
15:30:08 INFO  : 'ps7_post_config' command is executed.
15:30:08 INFO  : Context for processor 'ps7_cortexa9_0' is selected.
15:30:08 INFO  : Processor reset is completed for 'ps7_cortexa9_0'.
15:30:08 INFO  : Context for processor 'ps7_cortexa9_0' is selected.
15:30:08 INFO  : The application 'D:/Documents/Vivado_data/soc_uart/soc_uart.sdk/uart_sdk/Debug/uart_sdk.elf' is downloaded to processor 'ps7_cortexa9_0'.
15:30:08 INFO  : 'configparams force-mem-access 0' command is executed.
15:30:08 INFO  : ----------------XSDB Script----------------
connect -url tcp:127.0.0.1:3121
source D:/Documents/Vivado_data/soc_uart/soc_uart.sdk/design_1_wrapper_hw_platform_0/ps7_init.tcl
targets -set -nocase -filter {name =~"APU*" && jtag_cable_name =~ "Xilinx TUL 1234-tulA"} -index 0
loadhw -hw D:/Documents/Vivado_data/soc_uart/soc_uart.sdk/design_1_wrapper_hw_platform_0/system.hdf -mem-ranges [list {0x40000000 0xbfffffff}]
configparams force-mem-access 1
targets -set -nocase -filter {name =~"APU*" && jtag_cable_name =~ "Xilinx TUL 1234-tulA"} -index 0
stop
ps7_init
ps7_post_config
targets -set -nocase -filter {name =~ "ARM*#0" && jtag_cable_name =~ "Xilinx TUL 1234-tulA"} -index 0
rst -processor
targets -set -nocase -filter {name =~ "ARM*#0" && jtag_cable_name =~ "Xilinx TUL 1234-tulA"} -index 0
dow D:/Documents/Vivado_data/soc_uart/soc_uart.sdk/uart_sdk/Debug/uart_sdk.elf
configparams force-mem-access 0
----------------End of Script----------------

15:30:08 INFO  : Memory regions updated for context APU
15:30:08 INFO  : Context for processor 'ps7_cortexa9_0' is selected.
15:30:08 INFO  : 'con' command is executed.
15:30:08 INFO  : ----------------XSDB Script (After Launch)----------------
targets -set -nocase -filter {name =~ "ARM*#0" && jtag_cable_name =~ "Xilinx TUL 1234-tulA"} -index 0
con
----------------End of Script----------------

15:30:08 INFO  : Launch script is exported to file 'D:\Documents\Vivado_data\soc_uart\soc_uart.sdk\.sdk\launch_scripts\xilinx_c-c++_application_(system_debugger)\system_debugger_using_debug_uart_sdk.elf_on_local.tcl'
15:30:22 INFO  : Disconnected from the channel tcfchan#9.
15:30:24 INFO  : 'targets -set -filter {jtag_cable_name =~ "Xilinx TUL 1234-tulA" && level==0} -index 1' command is executed.
15:30:24 INFO  : 'fpga -state' command is executed.
15:30:24 INFO  : Connected to target on host '127.0.0.1' and port '3121'.
15:30:24 INFO  : Jtag cable 'Xilinx TUL 1234-tulA' is selected.
15:30:24 INFO  : 'jtag frequency' command is executed.
15:30:24 INFO  : Sourcing of 'D:/Documents/Vivado_data/soc_uart/soc_uart.sdk/design_1_wrapper_hw_platform_0/ps7_init.tcl' is done.
15:30:24 INFO  : Context for 'APU' is selected.
15:30:25 INFO  : Hardware design information is loaded from 'D:/Documents/Vivado_data/soc_uart/soc_uart.sdk/design_1_wrapper_hw_platform_0/system.hdf'.
15:30:25 INFO  : 'configparams force-mem-access 1' command is executed.
15:30:25 INFO  : Context for 'APU' is selected.
15:30:25 INFO  : 'stop' command is executed.
15:30:26 INFO  : 'ps7_init' command is executed.
15:30:26 INFO  : 'ps7_post_config' command is executed.
15:30:26 INFO  : Context for processor 'ps7_cortexa9_0' is selected.
15:30:26 INFO  : Processor reset is completed for 'ps7_cortexa9_0'.
15:30:26 INFO  : Context for processor 'ps7_cortexa9_0' is selected.
15:30:26 INFO  : The application 'D:/Documents/Vivado_data/soc_uart/soc_uart.sdk/uart_sdk/Debug/uart_sdk.elf' is downloaded to processor 'ps7_cortexa9_0'.
15:30:26 INFO  : 'configparams force-mem-access 0' command is executed.
15:30:26 INFO  : ----------------XSDB Script----------------
connect -url tcp:127.0.0.1:3121
source D:/Documents/Vivado_data/soc_uart/soc_uart.sdk/design_1_wrapper_hw_platform_0/ps7_init.tcl
targets -set -nocase -filter {name =~"APU*" && jtag_cable_name =~ "Xilinx TUL 1234-tulA"} -index 0
loadhw -hw D:/Documents/Vivado_data/soc_uart/soc_uart.sdk/design_1_wrapper_hw_platform_0/system.hdf -mem-ranges [list {0x40000000 0xbfffffff}]
configparams force-mem-access 1
targets -set -nocase -filter {name =~"APU*" && jtag_cable_name =~ "Xilinx TUL 1234-tulA"} -index 0
stop
ps7_init
ps7_post_config
targets -set -nocase -filter {name =~ "ARM*#0" && jtag_cable_name =~ "Xilinx TUL 1234-tulA"} -index 0
rst -processor
targets -set -nocase -filter {name =~ "ARM*#0" && jtag_cable_name =~ "Xilinx TUL 1234-tulA"} -index 0
dow D:/Documents/Vivado_data/soc_uart/soc_uart.sdk/uart_sdk/Debug/uart_sdk.elf
configparams force-mem-access 0
----------------End of Script----------------

15:30:26 INFO  : Memory regions updated for context APU
15:30:26 INFO  : Context for processor 'ps7_cortexa9_0' is selected.
15:30:26 INFO  : 'con' command is executed.
15:30:26 INFO  : ----------------XSDB Script (After Launch)----------------
targets -set -nocase -filter {name =~ "ARM*#0" && jtag_cable_name =~ "Xilinx TUL 1234-tulA"} -index 0
con
----------------End of Script----------------

15:30:26 INFO  : Launch script is exported to file 'D:\Documents\Vivado_data\soc_uart\soc_uart.sdk\.sdk\launch_scripts\xilinx_c-c++_application_(system_debugger)\system_debugger_using_debug_uart_sdk.elf_on_local.tcl'
15:30:44 INFO  : Disconnected from the channel tcfchan#10.
15:30:45 INFO  : 'targets -set -filter {jtag_cable_name =~ "Xilinx TUL 1234-tulA" && level==0} -index 1' command is executed.
15:30:45 INFO  : 'fpga -state' command is executed.
15:30:45 INFO  : Connected to target on host '127.0.0.1' and port '3121'.
15:30:46 INFO  : Jtag cable 'Xilinx TUL 1234-tulA' is selected.
15:30:46 INFO  : 'jtag frequency' command is executed.
15:30:46 INFO  : Sourcing of 'D:/Documents/Vivado_data/soc_uart/soc_uart.sdk/design_1_wrapper_hw_platform_0/ps7_init.tcl' is done.
15:30:46 INFO  : Context for 'APU' is selected.
15:30:47 INFO  : Hardware design information is loaded from 'D:/Documents/Vivado_data/soc_uart/soc_uart.sdk/design_1_wrapper_hw_platform_0/system.hdf'.
15:30:47 INFO  : 'configparams force-mem-access 1' command is executed.
15:30:47 INFO  : Context for 'APU' is selected.
15:30:47 INFO  : 'stop' command is executed.
15:30:47 INFO  : 'ps7_init' command is executed.
15:30:47 INFO  : 'ps7_post_config' command is executed.
15:30:47 INFO  : Context for processor 'ps7_cortexa9_0' is selected.
15:30:47 INFO  : Processor reset is completed for 'ps7_cortexa9_0'.
15:30:47 INFO  : Context for processor 'ps7_cortexa9_0' is selected.
15:30:48 INFO  : The application 'D:/Documents/Vivado_data/soc_uart/soc_uart.sdk/uart_sdk/Debug/uart_sdk.elf' is downloaded to processor 'ps7_cortexa9_0'.
15:30:48 INFO  : 'configparams force-mem-access 0' command is executed.
15:30:48 INFO  : ----------------XSDB Script----------------
connect -url tcp:127.0.0.1:3121
source D:/Documents/Vivado_data/soc_uart/soc_uart.sdk/design_1_wrapper_hw_platform_0/ps7_init.tcl
targets -set -nocase -filter {name =~"APU*" && jtag_cable_name =~ "Xilinx TUL 1234-tulA"} -index 0
loadhw -hw D:/Documents/Vivado_data/soc_uart/soc_uart.sdk/design_1_wrapper_hw_platform_0/system.hdf -mem-ranges [list {0x40000000 0xbfffffff}]
configparams force-mem-access 1
targets -set -nocase -filter {name =~"APU*" && jtag_cable_name =~ "Xilinx TUL 1234-tulA"} -index 0
stop
ps7_init
ps7_post_config
targets -set -nocase -filter {name =~ "ARM*#0" && jtag_cable_name =~ "Xilinx TUL 1234-tulA"} -index 0
rst -processor
targets -set -nocase -filter {name =~ "ARM*#0" && jtag_cable_name =~ "Xilinx TUL 1234-tulA"} -index 0
dow D:/Documents/Vivado_data/soc_uart/soc_uart.sdk/uart_sdk/Debug/uart_sdk.elf
configparams force-mem-access 0
----------------End of Script----------------

15:30:48 INFO  : Memory regions updated for context APU
15:30:48 INFO  : Context for processor 'ps7_cortexa9_0' is selected.
15:30:48 INFO  : 'con' command is executed.
15:30:48 INFO  : ----------------XSDB Script (After Launch)----------------
targets -set -nocase -filter {name =~ "ARM*#0" && jtag_cable_name =~ "Xilinx TUL 1234-tulA"} -index 0
con
----------------End of Script----------------

15:30:48 INFO  : Launch script is exported to file 'D:\Documents\Vivado_data\soc_uart\soc_uart.sdk\.sdk\launch_scripts\xilinx_c-c++_application_(system_debugger)\system_debugger_using_debug_uart_sdk.elf_on_local.tcl'
15:31:24 INFO  : Disconnected from the channel tcfchan#11.
15:31:25 INFO  : 'targets -set -filter {jtag_cable_name =~ "Xilinx TUL 1234-tulA" && level==0} -index 1' command is executed.
15:31:25 INFO  : 'fpga -state' command is executed.
15:31:25 INFO  : Connected to target on host '127.0.0.1' and port '3121'.
15:31:25 INFO  : Jtag cable 'Xilinx TUL 1234-tulA' is selected.
15:31:25 INFO  : 'jtag frequency' command is executed.
15:31:25 INFO  : Sourcing of 'D:/Documents/Vivado_data/soc_uart/soc_uart.sdk/design_1_wrapper_hw_platform_0/ps7_init.tcl' is done.
15:31:25 INFO  : Context for 'APU' is selected.
15:31:27 INFO  : Hardware design information is loaded from 'D:/Documents/Vivado_data/soc_uart/soc_uart.sdk/design_1_wrapper_hw_platform_0/system.hdf'.
15:31:27 INFO  : 'configparams force-mem-access 1' command is executed.
15:31:27 INFO  : Context for 'APU' is selected.
15:31:27 INFO  : 'stop' command is executed.
15:31:27 INFO  : 'ps7_init' command is executed.
15:31:27 INFO  : 'ps7_post_config' command is executed.
15:31:28 INFO  : Context for processor 'ps7_cortexa9_0' is selected.
15:31:28 INFO  : Processor reset is completed for 'ps7_cortexa9_0'.
15:31:28 INFO  : Context for processor 'ps7_cortexa9_0' is selected.
15:31:28 INFO  : The application 'D:/Documents/Vivado_data/soc_uart/soc_uart.sdk/uart_sdk/Debug/uart_sdk.elf' is downloaded to processor 'ps7_cortexa9_0'.
15:31:28 INFO  : 'configparams force-mem-access 0' command is executed.
15:31:28 INFO  : ----------------XSDB Script----------------
connect -url tcp:127.0.0.1:3121
source D:/Documents/Vivado_data/soc_uart/soc_uart.sdk/design_1_wrapper_hw_platform_0/ps7_init.tcl
targets -set -nocase -filter {name =~"APU*" && jtag_cable_name =~ "Xilinx TUL 1234-tulA"} -index 0
loadhw -hw D:/Documents/Vivado_data/soc_uart/soc_uart.sdk/design_1_wrapper_hw_platform_0/system.hdf -mem-ranges [list {0x40000000 0xbfffffff}]
configparams force-mem-access 1
targets -set -nocase -filter {name =~"APU*" && jtag_cable_name =~ "Xilinx TUL 1234-tulA"} -index 0
stop
ps7_init
ps7_post_config
targets -set -nocase -filter {name =~ "ARM*#0" && jtag_cable_name =~ "Xilinx TUL 1234-tulA"} -index 0
rst -processor
targets -set -nocase -filter {name =~ "ARM*#0" && jtag_cable_name =~ "Xilinx TUL 1234-tulA"} -index 0
dow D:/Documents/Vivado_data/soc_uart/soc_uart.sdk/uart_sdk/Debug/uart_sdk.elf
configparams force-mem-access 0
----------------End of Script----------------

15:31:28 INFO  : Memory regions updated for context APU
15:31:28 INFO  : Context for processor 'ps7_cortexa9_0' is selected.
15:31:28 INFO  : 'con' command is executed.
15:31:28 INFO  : ----------------XSDB Script (After Launch)----------------
targets -set -nocase -filter {name =~ "ARM*#0" && jtag_cable_name =~ "Xilinx TUL 1234-tulA"} -index 0
con
----------------End of Script----------------

15:31:28 INFO  : Launch script is exported to file 'D:\Documents\Vivado_data\soc_uart\soc_uart.sdk\.sdk\launch_scripts\xilinx_c-c++_application_(system_debugger)\system_debugger_using_debug_uart_sdk.elf_on_local.tcl'
15:32:26 INFO  : Disconnected from the channel tcfchan#12.
15:32:27 INFO  : 'targets -set -filter {jtag_cable_name =~ "Xilinx TUL 1234-tulA" && level==0} -index 1' command is executed.
15:32:27 INFO  : 'fpga -state' command is executed.
15:32:27 INFO  : Connected to target on host '127.0.0.1' and port '3121'.
15:32:27 INFO  : Jtag cable 'Xilinx TUL 1234-tulA' is selected.
15:32:27 INFO  : 'jtag frequency' command is executed.
15:32:27 INFO  : Sourcing of 'D:/Documents/Vivado_data/soc_uart/soc_uart.sdk/design_1_wrapper_hw_platform_0/ps7_init.tcl' is done.
15:32:27 INFO  : Context for 'APU' is selected.
15:32:29 INFO  : Hardware design information is loaded from 'D:/Documents/Vivado_data/soc_uart/soc_uart.sdk/design_1_wrapper_hw_platform_0/system.hdf'.
15:32:29 INFO  : 'configparams force-mem-access 1' command is executed.
15:32:29 INFO  : Context for 'APU' is selected.
15:32:29 INFO  : 'stop' command is executed.
15:32:29 INFO  : 'ps7_init' command is executed.
15:32:29 INFO  : 'ps7_post_config' command is executed.
15:32:29 INFO  : Context for processor 'ps7_cortexa9_0' is selected.
15:32:29 INFO  : Processor reset is completed for 'ps7_cortexa9_0'.
15:32:30 INFO  : Context for processor 'ps7_cortexa9_0' is selected.
15:32:30 INFO  : The application 'D:/Documents/Vivado_data/soc_uart/soc_uart.sdk/uart_sdk/Debug/uart_sdk.elf' is downloaded to processor 'ps7_cortexa9_0'.
15:32:30 INFO  : 'configparams force-mem-access 0' command is executed.
15:32:30 INFO  : ----------------XSDB Script----------------
connect -url tcp:127.0.0.1:3121
source D:/Documents/Vivado_data/soc_uart/soc_uart.sdk/design_1_wrapper_hw_platform_0/ps7_init.tcl
targets -set -nocase -filter {name =~"APU*" && jtag_cable_name =~ "Xilinx TUL 1234-tulA"} -index 0
loadhw -hw D:/Documents/Vivado_data/soc_uart/soc_uart.sdk/design_1_wrapper_hw_platform_0/system.hdf -mem-ranges [list {0x40000000 0xbfffffff}]
configparams force-mem-access 1
targets -set -nocase -filter {name =~"APU*" && jtag_cable_name =~ "Xilinx TUL 1234-tulA"} -index 0
stop
ps7_init
ps7_post_config
targets -set -nocase -filter {name =~ "ARM*#0" && jtag_cable_name =~ "Xilinx TUL 1234-tulA"} -index 0
rst -processor
targets -set -nocase -filter {name =~ "ARM*#0" && jtag_cable_name =~ "Xilinx TUL 1234-tulA"} -index 0
dow D:/Documents/Vivado_data/soc_uart/soc_uart.sdk/uart_sdk/Debug/uart_sdk.elf
configparams force-mem-access 0
----------------End of Script----------------

15:32:30 INFO  : Memory regions updated for context APU
15:32:30 INFO  : Context for processor 'ps7_cortexa9_0' is selected.
15:32:30 INFO  : 'con' command is executed.
15:32:30 INFO  : ----------------XSDB Script (After Launch)----------------
targets -set -nocase -filter {name =~ "ARM*#0" && jtag_cable_name =~ "Xilinx TUL 1234-tulA"} -index 0
con
----------------End of Script----------------

15:32:30 INFO  : Launch script is exported to file 'D:\Documents\Vivado_data\soc_uart\soc_uart.sdk\.sdk\launch_scripts\xilinx_c-c++_application_(system_debugger)\system_debugger_using_debug_uart_sdk.elf_on_local.tcl'
15:33:08 INFO  : Disconnected from the channel tcfchan#13.
15:33:09 INFO  : 'targets -set -filter {jtag_cable_name =~ "Xilinx TUL 1234-tulA" && level==0} -index 1' command is executed.
15:33:09 INFO  : 'fpga -state' command is executed.
15:33:09 INFO  : Connected to target on host '127.0.0.1' and port '3121'.
15:33:10 INFO  : Jtag cable 'Xilinx TUL 1234-tulA' is selected.
15:33:10 INFO  : 'jtag frequency' command is executed.
15:33:10 INFO  : Sourcing of 'D:/Documents/Vivado_data/soc_uart/soc_uart.sdk/design_1_wrapper_hw_platform_0/ps7_init.tcl' is done.
15:33:10 INFO  : Context for 'APU' is selected.
15:33:11 INFO  : Hardware design information is loaded from 'D:/Documents/Vivado_data/soc_uart/soc_uart.sdk/design_1_wrapper_hw_platform_0/system.hdf'.
15:33:11 INFO  : 'configparams force-mem-access 1' command is executed.
15:33:11 INFO  : Context for 'APU' is selected.
15:33:11 INFO  : 'stop' command is executed.
15:33:12 INFO  : 'ps7_init' command is executed.
15:33:12 INFO  : 'ps7_post_config' command is executed.
15:33:12 INFO  : Context for processor 'ps7_cortexa9_0' is selected.
15:33:12 INFO  : Processor reset is completed for 'ps7_cortexa9_0'.
15:33:12 INFO  : Context for processor 'ps7_cortexa9_0' is selected.
15:33:12 INFO  : The application 'D:/Documents/Vivado_data/soc_uart/soc_uart.sdk/uart_sdk/Debug/uart_sdk.elf' is downloaded to processor 'ps7_cortexa9_0'.
15:33:12 INFO  : 'configparams force-mem-access 0' command is executed.
15:33:12 INFO  : ----------------XSDB Script----------------
connect -url tcp:127.0.0.1:3121
source D:/Documents/Vivado_data/soc_uart/soc_uart.sdk/design_1_wrapper_hw_platform_0/ps7_init.tcl
targets -set -nocase -filter {name =~"APU*" && jtag_cable_name =~ "Xilinx TUL 1234-tulA"} -index 0
loadhw -hw D:/Documents/Vivado_data/soc_uart/soc_uart.sdk/design_1_wrapper_hw_platform_0/system.hdf -mem-ranges [list {0x40000000 0xbfffffff}]
configparams force-mem-access 1
targets -set -nocase -filter {name =~"APU*" && jtag_cable_name =~ "Xilinx TUL 1234-tulA"} -index 0
stop
ps7_init
ps7_post_config
targets -set -nocase -filter {name =~ "ARM*#0" && jtag_cable_name =~ "Xilinx TUL 1234-tulA"} -index 0
rst -processor
targets -set -nocase -filter {name =~ "ARM*#0" && jtag_cable_name =~ "Xilinx TUL 1234-tulA"} -index 0
dow D:/Documents/Vivado_data/soc_uart/soc_uart.sdk/uart_sdk/Debug/uart_sdk.elf
configparams force-mem-access 0
----------------End of Script----------------

15:33:12 INFO  : Memory regions updated for context APU
15:33:12 INFO  : Context for processor 'ps7_cortexa9_0' is selected.
15:33:12 INFO  : 'con' command is executed.
15:33:12 INFO  : ----------------XSDB Script (After Launch)----------------
targets -set -nocase -filter {name =~ "ARM*#0" && jtag_cable_name =~ "Xilinx TUL 1234-tulA"} -index 0
con
----------------End of Script----------------

15:33:12 INFO  : Launch script is exported to file 'D:\Documents\Vivado_data\soc_uart\soc_uart.sdk\.sdk\launch_scripts\xilinx_c-c++_application_(system_debugger)\system_debugger_using_debug_uart_sdk.elf_on_local.tcl'
15:36:32 INFO  : Disconnected from the channel tcfchan#14.
15:36:33 INFO  : 'targets -set -filter {jtag_cable_name =~ "Xilinx TUL 1234-tulA" && level==0} -index 1' command is executed.
15:36:33 INFO  : 'fpga -state' command is executed.
15:36:33 INFO  : Connected to target on host '127.0.0.1' and port '3121'.
15:36:33 INFO  : Jtag cable 'Xilinx TUL 1234-tulA' is selected.
15:36:33 INFO  : 'jtag frequency' command is executed.
15:36:33 INFO  : Sourcing of 'D:/Documents/Vivado_data/soc_uart/soc_uart.sdk/design_1_wrapper_hw_platform_0/ps7_init.tcl' is done.
15:36:33 INFO  : Context for 'APU' is selected.
15:36:35 INFO  : Hardware design information is loaded from 'D:/Documents/Vivado_data/soc_uart/soc_uart.sdk/design_1_wrapper_hw_platform_0/system.hdf'.
15:36:35 INFO  : 'configparams force-mem-access 1' command is executed.
15:36:35 INFO  : Context for 'APU' is selected.
15:36:35 INFO  : 'stop' command is executed.
15:36:35 INFO  : 'ps7_init' command is executed.
15:36:35 INFO  : 'ps7_post_config' command is executed.
15:36:35 INFO  : Context for processor 'ps7_cortexa9_0' is selected.
15:36:35 INFO  : Processor reset is completed for 'ps7_cortexa9_0'.
15:36:35 INFO  : Context for processor 'ps7_cortexa9_0' is selected.
15:36:35 INFO  : The application 'D:/Documents/Vivado_data/soc_uart/soc_uart.sdk/uart_sdk/Debug/uart_sdk.elf' is downloaded to processor 'ps7_cortexa9_0'.
15:36:35 INFO  : 'configparams force-mem-access 0' command is executed.
15:36:35 INFO  : ----------------XSDB Script----------------
connect -url tcp:127.0.0.1:3121
source D:/Documents/Vivado_data/soc_uart/soc_uart.sdk/design_1_wrapper_hw_platform_0/ps7_init.tcl
targets -set -nocase -filter {name =~"APU*" && jtag_cable_name =~ "Xilinx TUL 1234-tulA"} -index 0
loadhw -hw D:/Documents/Vivado_data/soc_uart/soc_uart.sdk/design_1_wrapper_hw_platform_0/system.hdf -mem-ranges [list {0x40000000 0xbfffffff}]
configparams force-mem-access 1
targets -set -nocase -filter {name =~"APU*" && jtag_cable_name =~ "Xilinx TUL 1234-tulA"} -index 0
stop
ps7_init
ps7_post_config
targets -set -nocase -filter {name =~ "ARM*#0" && jtag_cable_name =~ "Xilinx TUL 1234-tulA"} -index 0
rst -processor
targets -set -nocase -filter {name =~ "ARM*#0" && jtag_cable_name =~ "Xilinx TUL 1234-tulA"} -index 0
dow D:/Documents/Vivado_data/soc_uart/soc_uart.sdk/uart_sdk/Debug/uart_sdk.elf
configparams force-mem-access 0
----------------End of Script----------------

15:36:35 INFO  : Memory regions updated for context APU
15:36:35 INFO  : Context for processor 'ps7_cortexa9_0' is selected.
15:36:35 INFO  : 'con' command is executed.
15:36:35 INFO  : ----------------XSDB Script (After Launch)----------------
targets -set -nocase -filter {name =~ "ARM*#0" && jtag_cable_name =~ "Xilinx TUL 1234-tulA"} -index 0
con
----------------End of Script----------------

15:36:35 INFO  : Launch script is exported to file 'D:\Documents\Vivado_data\soc_uart\soc_uart.sdk\.sdk\launch_scripts\xilinx_c-c++_application_(system_debugger)\system_debugger_using_debug_uart_sdk.elf_on_local.tcl'
15:36:55 INFO  : Disconnected from the channel tcfchan#15.
15:36:56 INFO  : 'targets -set -filter {jtag_cable_name =~ "Xilinx TUL 1234-tulA" && level==0} -index 1' command is executed.
15:36:56 INFO  : 'fpga -state' command is executed.
15:36:56 INFO  : Connected to target on host '127.0.0.1' and port '3121'.
15:36:56 INFO  : Jtag cable 'Xilinx TUL 1234-tulA' is selected.
15:36:56 INFO  : 'jtag frequency' command is executed.
15:36:56 INFO  : Sourcing of 'D:/Documents/Vivado_data/soc_uart/soc_uart.sdk/design_1_wrapper_hw_platform_0/ps7_init.tcl' is done.
15:36:56 INFO  : Context for 'APU' is selected.
15:36:57 INFO  : Hardware design information is loaded from 'D:/Documents/Vivado_data/soc_uart/soc_uart.sdk/design_1_wrapper_hw_platform_0/system.hdf'.
15:36:57 INFO  : 'configparams force-mem-access 1' command is executed.
15:36:57 INFO  : Context for 'APU' is selected.
15:36:57 INFO  : 'stop' command is executed.
15:36:58 INFO  : 'ps7_init' command is executed.
15:36:58 INFO  : 'ps7_post_config' command is executed.
15:36:58 INFO  : Context for processor 'ps7_cortexa9_0' is selected.
15:36:58 INFO  : Processor reset is completed for 'ps7_cortexa9_0'.
15:36:58 INFO  : Context for processor 'ps7_cortexa9_0' is selected.
15:36:58 INFO  : The application 'D:/Documents/Vivado_data/soc_uart/soc_uart.sdk/uart_sdk/Debug/uart_sdk.elf' is downloaded to processor 'ps7_cortexa9_0'.
15:36:58 INFO  : 'configparams force-mem-access 0' command is executed.
15:36:58 INFO  : ----------------XSDB Script----------------
connect -url tcp:127.0.0.1:3121
source D:/Documents/Vivado_data/soc_uart/soc_uart.sdk/design_1_wrapper_hw_platform_0/ps7_init.tcl
targets -set -nocase -filter {name =~"APU*" && jtag_cable_name =~ "Xilinx TUL 1234-tulA"} -index 0
loadhw -hw D:/Documents/Vivado_data/soc_uart/soc_uart.sdk/design_1_wrapper_hw_platform_0/system.hdf -mem-ranges [list {0x40000000 0xbfffffff}]
configparams force-mem-access 1
targets -set -nocase -filter {name =~"APU*" && jtag_cable_name =~ "Xilinx TUL 1234-tulA"} -index 0
stop
ps7_init
ps7_post_config
targets -set -nocase -filter {name =~ "ARM*#0" && jtag_cable_name =~ "Xilinx TUL 1234-tulA"} -index 0
rst -processor
targets -set -nocase -filter {name =~ "ARM*#0" && jtag_cable_name =~ "Xilinx TUL 1234-tulA"} -index 0
dow D:/Documents/Vivado_data/soc_uart/soc_uart.sdk/uart_sdk/Debug/uart_sdk.elf
configparams force-mem-access 0
----------------End of Script----------------

15:36:58 INFO  : Memory regions updated for context APU
15:36:58 INFO  : Context for processor 'ps7_cortexa9_0' is selected.
15:36:58 INFO  : 'con' command is executed.
15:36:58 INFO  : ----------------XSDB Script (After Launch)----------------
targets -set -nocase -filter {name =~ "ARM*#0" && jtag_cable_name =~ "Xilinx TUL 1234-tulA"} -index 0
con
----------------End of Script----------------

15:36:58 INFO  : Launch script is exported to file 'D:\Documents\Vivado_data\soc_uart\soc_uart.sdk\.sdk\launch_scripts\xilinx_c-c++_application_(system_debugger)\system_debugger_using_debug_uart_sdk.elf_on_local.tcl'
15:37:40 INFO  : Disconnected from the channel tcfchan#16.
15:37:42 INFO  : 'targets -set -filter {jtag_cable_name =~ "Xilinx TUL 1234-tulA" && level==0} -index 1' command is executed.
15:37:42 INFO  : 'fpga -state' command is executed.
15:37:42 INFO  : Connected to target on host '127.0.0.1' and port '3121'.
15:37:42 INFO  : Jtag cable 'Xilinx TUL 1234-tulA' is selected.
15:37:42 INFO  : 'jtag frequency' command is executed.
15:37:42 INFO  : Sourcing of 'D:/Documents/Vivado_data/soc_uart/soc_uart.sdk/design_1_wrapper_hw_platform_0/ps7_init.tcl' is done.
15:37:42 INFO  : Context for 'APU' is selected.
15:37:43 INFO  : Hardware design information is loaded from 'D:/Documents/Vivado_data/soc_uart/soc_uart.sdk/design_1_wrapper_hw_platform_0/system.hdf'.
15:37:43 INFO  : 'configparams force-mem-access 1' command is executed.
15:37:43 INFO  : Context for 'APU' is selected.
15:37:43 INFO  : 'stop' command is executed.
15:37:44 INFO  : 'ps7_init' command is executed.
15:37:44 INFO  : 'ps7_post_config' command is executed.
15:37:44 INFO  : Context for processor 'ps7_cortexa9_0' is selected.
15:37:44 INFO  : Processor reset is completed for 'ps7_cortexa9_0'.
15:37:44 INFO  : Context for processor 'ps7_cortexa9_0' is selected.
15:37:44 INFO  : The application 'D:/Documents/Vivado_data/soc_uart/soc_uart.sdk/uart_sdk/Debug/uart_sdk.elf' is downloaded to processor 'ps7_cortexa9_0'.
15:37:44 INFO  : 'configparams force-mem-access 0' command is executed.
15:37:44 INFO  : ----------------XSDB Script----------------
connect -url tcp:127.0.0.1:3121
source D:/Documents/Vivado_data/soc_uart/soc_uart.sdk/design_1_wrapper_hw_platform_0/ps7_init.tcl
targets -set -nocase -filter {name =~"APU*" && jtag_cable_name =~ "Xilinx TUL 1234-tulA"} -index 0
loadhw -hw D:/Documents/Vivado_data/soc_uart/soc_uart.sdk/design_1_wrapper_hw_platform_0/system.hdf -mem-ranges [list {0x40000000 0xbfffffff}]
configparams force-mem-access 1
targets -set -nocase -filter {name =~"APU*" && jtag_cable_name =~ "Xilinx TUL 1234-tulA"} -index 0
stop
ps7_init
ps7_post_config
targets -set -nocase -filter {name =~ "ARM*#0" && jtag_cable_name =~ "Xilinx TUL 1234-tulA"} -index 0
rst -processor
targets -set -nocase -filter {name =~ "ARM*#0" && jtag_cable_name =~ "Xilinx TUL 1234-tulA"} -index 0
dow D:/Documents/Vivado_data/soc_uart/soc_uart.sdk/uart_sdk/Debug/uart_sdk.elf
configparams force-mem-access 0
----------------End of Script----------------

15:37:44 INFO  : Memory regions updated for context APU
15:37:44 INFO  : Context for processor 'ps7_cortexa9_0' is selected.
15:37:44 INFO  : 'con' command is executed.
15:37:44 INFO  : ----------------XSDB Script (After Launch)----------------
targets -set -nocase -filter {name =~ "ARM*#0" && jtag_cable_name =~ "Xilinx TUL 1234-tulA"} -index 0
con
----------------End of Script----------------

15:37:44 INFO  : Launch script is exported to file 'D:\Documents\Vivado_data\soc_uart\soc_uart.sdk\.sdk\launch_scripts\xilinx_c-c++_application_(system_debugger)\system_debugger_using_debug_uart_sdk.elf_on_local.tcl'
15:38:15 INFO  : Disconnected from the channel tcfchan#17.
15:38:16 INFO  : 'targets -set -filter {jtag_cable_name =~ "Xilinx TUL 1234-tulA" && level==0} -index 1' command is executed.
15:38:16 INFO  : 'fpga -state' command is executed.
15:38:16 INFO  : Connected to target on host '127.0.0.1' and port '3121'.
15:38:16 INFO  : Jtag cable 'Xilinx TUL 1234-tulA' is selected.
15:38:16 INFO  : 'jtag frequency' command is executed.
15:38:16 INFO  : Sourcing of 'D:/Documents/Vivado_data/soc_uart/soc_uart.sdk/design_1_wrapper_hw_platform_0/ps7_init.tcl' is done.
15:38:16 INFO  : Context for 'APU' is selected.
15:38:18 INFO  : Hardware design information is loaded from 'D:/Documents/Vivado_data/soc_uart/soc_uart.sdk/design_1_wrapper_hw_platform_0/system.hdf'.
15:38:18 INFO  : 'configparams force-mem-access 1' command is executed.
15:38:18 INFO  : Context for 'APU' is selected.
15:38:18 INFO  : 'stop' command is executed.
15:38:18 INFO  : 'ps7_init' command is executed.
15:38:18 INFO  : 'ps7_post_config' command is executed.
15:38:18 INFO  : Context for processor 'ps7_cortexa9_0' is selected.
15:38:18 INFO  : Processor reset is completed for 'ps7_cortexa9_0'.
15:38:18 INFO  : Context for processor 'ps7_cortexa9_0' is selected.
15:38:18 INFO  : The application 'D:/Documents/Vivado_data/soc_uart/soc_uart.sdk/uart_sdk/Debug/uart_sdk.elf' is downloaded to processor 'ps7_cortexa9_0'.
15:38:18 INFO  : 'configparams force-mem-access 0' command is executed.
15:38:18 INFO  : ----------------XSDB Script----------------
connect -url tcp:127.0.0.1:3121
source D:/Documents/Vivado_data/soc_uart/soc_uart.sdk/design_1_wrapper_hw_platform_0/ps7_init.tcl
targets -set -nocase -filter {name =~"APU*" && jtag_cable_name =~ "Xilinx TUL 1234-tulA"} -index 0
loadhw -hw D:/Documents/Vivado_data/soc_uart/soc_uart.sdk/design_1_wrapper_hw_platform_0/system.hdf -mem-ranges [list {0x40000000 0xbfffffff}]
configparams force-mem-access 1
targets -set -nocase -filter {name =~"APU*" && jtag_cable_name =~ "Xilinx TUL 1234-tulA"} -index 0
stop
ps7_init
ps7_post_config
targets -set -nocase -filter {name =~ "ARM*#0" && jtag_cable_name =~ "Xilinx TUL 1234-tulA"} -index 0
rst -processor
targets -set -nocase -filter {name =~ "ARM*#0" && jtag_cable_name =~ "Xilinx TUL 1234-tulA"} -index 0
dow D:/Documents/Vivado_data/soc_uart/soc_uart.sdk/uart_sdk/Debug/uart_sdk.elf
configparams force-mem-access 0
----------------End of Script----------------

15:38:19 INFO  : Memory regions updated for context APU
15:38:19 INFO  : Context for processor 'ps7_cortexa9_0' is selected.
15:38:19 INFO  : 'con' command is executed.
15:38:19 INFO  : ----------------XSDB Script (After Launch)----------------
targets -set -nocase -filter {name =~ "ARM*#0" && jtag_cable_name =~ "Xilinx TUL 1234-tulA"} -index 0
con
----------------End of Script----------------

15:38:19 INFO  : Launch script is exported to file 'D:\Documents\Vivado_data\soc_uart\soc_uart.sdk\.sdk\launch_scripts\xilinx_c-c++_application_(system_debugger)\system_debugger_using_debug_uart_sdk.elf_on_local.tcl'
15:39:37 INFO  : Disconnected from the channel tcfchan#18.
15:39:38 INFO  : 'targets -set -filter {jtag_cable_name =~ "Xilinx TUL 1234-tulA" && level==0} -index 1' command is executed.
15:39:38 INFO  : 'fpga -state' command is executed.
15:39:38 INFO  : Connected to target on host '127.0.0.1' and port '3121'.
15:39:38 INFO  : Jtag cable 'Xilinx TUL 1234-tulA' is selected.
15:39:38 INFO  : 'jtag frequency' command is executed.
15:39:38 INFO  : Sourcing of 'D:/Documents/Vivado_data/soc_uart/soc_uart.sdk/design_1_wrapper_hw_platform_0/ps7_init.tcl' is done.
15:39:38 INFO  : Context for 'APU' is selected.
15:39:40 INFO  : Hardware design information is loaded from 'D:/Documents/Vivado_data/soc_uart/soc_uart.sdk/design_1_wrapper_hw_platform_0/system.hdf'.
15:39:40 INFO  : 'configparams force-mem-access 1' command is executed.
15:39:40 INFO  : Context for 'APU' is selected.
15:39:40 INFO  : 'stop' command is executed.
15:39:40 INFO  : 'ps7_init' command is executed.
15:39:40 INFO  : 'ps7_post_config' command is executed.
15:39:40 INFO  : Context for processor 'ps7_cortexa9_0' is selected.
15:39:40 INFO  : Processor reset is completed for 'ps7_cortexa9_0'.
15:39:40 INFO  : Context for processor 'ps7_cortexa9_0' is selected.
15:39:40 INFO  : The application 'D:/Documents/Vivado_data/soc_uart/soc_uart.sdk/uart_sdk/Debug/uart_sdk.elf' is downloaded to processor 'ps7_cortexa9_0'.
15:39:40 INFO  : 'configparams force-mem-access 0' command is executed.
15:39:40 INFO  : ----------------XSDB Script----------------
connect -url tcp:127.0.0.1:3121
source D:/Documents/Vivado_data/soc_uart/soc_uart.sdk/design_1_wrapper_hw_platform_0/ps7_init.tcl
targets -set -nocase -filter {name =~"APU*" && jtag_cable_name =~ "Xilinx TUL 1234-tulA"} -index 0
loadhw -hw D:/Documents/Vivado_data/soc_uart/soc_uart.sdk/design_1_wrapper_hw_platform_0/system.hdf -mem-ranges [list {0x40000000 0xbfffffff}]
configparams force-mem-access 1
targets -set -nocase -filter {name =~"APU*" && jtag_cable_name =~ "Xilinx TUL 1234-tulA"} -index 0
stop
ps7_init
ps7_post_config
targets -set -nocase -filter {name =~ "ARM*#0" && jtag_cable_name =~ "Xilinx TUL 1234-tulA"} -index 0
rst -processor
targets -set -nocase -filter {name =~ "ARM*#0" && jtag_cable_name =~ "Xilinx TUL 1234-tulA"} -index 0
dow D:/Documents/Vivado_data/soc_uart/soc_uart.sdk/uart_sdk/Debug/uart_sdk.elf
configparams force-mem-access 0
----------------End of Script----------------

15:39:40 INFO  : Memory regions updated for context APU
15:39:40 INFO  : Context for processor 'ps7_cortexa9_0' is selected.
15:39:40 INFO  : 'con' command is executed.
15:39:40 INFO  : ----------------XSDB Script (After Launch)----------------
targets -set -nocase -filter {name =~ "ARM*#0" && jtag_cable_name =~ "Xilinx TUL 1234-tulA"} -index 0
con
----------------End of Script----------------

15:39:40 INFO  : Launch script is exported to file 'D:\Documents\Vivado_data\soc_uart\soc_uart.sdk\.sdk\launch_scripts\xilinx_c-c++_application_(system_debugger)\system_debugger_using_debug_uart_sdk.elf_on_local.tcl'
15:39:58 INFO  : Disconnected from the channel tcfchan#19.
15:39:59 INFO  : 'targets -set -filter {jtag_cable_name =~ "Xilinx TUL 1234-tulA" && level==0} -index 1' command is executed.
15:39:59 INFO  : 'fpga -state' command is executed.
15:39:59 INFO  : Connected to target on host '127.0.0.1' and port '3121'.
15:39:59 INFO  : Jtag cable 'Xilinx TUL 1234-tulA' is selected.
15:39:59 INFO  : 'jtag frequency' command is executed.
15:39:59 INFO  : Sourcing of 'D:/Documents/Vivado_data/soc_uart/soc_uart.sdk/design_1_wrapper_hw_platform_0/ps7_init.tcl' is done.
15:39:59 INFO  : Context for 'APU' is selected.
15:40:00 INFO  : Hardware design information is loaded from 'D:/Documents/Vivado_data/soc_uart/soc_uart.sdk/design_1_wrapper_hw_platform_0/system.hdf'.
15:40:00 INFO  : 'configparams force-mem-access 1' command is executed.
15:40:00 INFO  : Context for 'APU' is selected.
15:40:00 INFO  : 'stop' command is executed.
15:40:01 INFO  : 'ps7_init' command is executed.
15:40:01 INFO  : 'ps7_post_config' command is executed.
15:40:01 INFO  : Context for processor 'ps7_cortexa9_0' is selected.
15:40:01 INFO  : Processor reset is completed for 'ps7_cortexa9_0'.
15:40:01 INFO  : Context for processor 'ps7_cortexa9_0' is selected.
15:40:01 INFO  : The application 'D:/Documents/Vivado_data/soc_uart/soc_uart.sdk/uart_sdk/Debug/uart_sdk.elf' is downloaded to processor 'ps7_cortexa9_0'.
15:40:01 INFO  : 'configparams force-mem-access 0' command is executed.
15:40:01 INFO  : ----------------XSDB Script----------------
connect -url tcp:127.0.0.1:3121
source D:/Documents/Vivado_data/soc_uart/soc_uart.sdk/design_1_wrapper_hw_platform_0/ps7_init.tcl
targets -set -nocase -filter {name =~"APU*" && jtag_cable_name =~ "Xilinx TUL 1234-tulA"} -index 0
loadhw -hw D:/Documents/Vivado_data/soc_uart/soc_uart.sdk/design_1_wrapper_hw_platform_0/system.hdf -mem-ranges [list {0x40000000 0xbfffffff}]
configparams force-mem-access 1
targets -set -nocase -filter {name =~"APU*" && jtag_cable_name =~ "Xilinx TUL 1234-tulA"} -index 0
stop
ps7_init
ps7_post_config
targets -set -nocase -filter {name =~ "ARM*#0" && jtag_cable_name =~ "Xilinx TUL 1234-tulA"} -index 0
rst -processor
targets -set -nocase -filter {name =~ "ARM*#0" && jtag_cable_name =~ "Xilinx TUL 1234-tulA"} -index 0
dow D:/Documents/Vivado_data/soc_uart/soc_uart.sdk/uart_sdk/Debug/uart_sdk.elf
configparams force-mem-access 0
----------------End of Script----------------

15:40:01 INFO  : Memory regions updated for context APU
15:40:01 INFO  : Context for processor 'ps7_cortexa9_0' is selected.
15:40:01 INFO  : 'con' command is executed.
15:40:01 INFO  : ----------------XSDB Script (After Launch)----------------
targets -set -nocase -filter {name =~ "ARM*#0" && jtag_cable_name =~ "Xilinx TUL 1234-tulA"} -index 0
con
----------------End of Script----------------

15:40:01 INFO  : Launch script is exported to file 'D:\Documents\Vivado_data\soc_uart\soc_uart.sdk\.sdk\launch_scripts\xilinx_c-c++_application_(system_debugger)\system_debugger_using_debug_uart_sdk.elf_on_local.tcl'
15:40:18 INFO  : Disconnected from the channel tcfchan#20.
15:40:19 INFO  : 'targets -set -filter {jtag_cable_name =~ "Xilinx TUL 1234-tulA" && level==0} -index 1' command is executed.
15:40:19 INFO  : 'fpga -state' command is executed.
15:40:19 INFO  : Connected to target on host '127.0.0.1' and port '3121'.
15:40:19 INFO  : Jtag cable 'Xilinx TUL 1234-tulA' is selected.
15:40:19 INFO  : 'jtag frequency' command is executed.
15:40:19 INFO  : Sourcing of 'D:/Documents/Vivado_data/soc_uart/soc_uart.sdk/design_1_wrapper_hw_platform_0/ps7_init.tcl' is done.
15:40:19 INFO  : Context for 'APU' is selected.
15:40:21 INFO  : Hardware design information is loaded from 'D:/Documents/Vivado_data/soc_uart/soc_uart.sdk/design_1_wrapper_hw_platform_0/system.hdf'.
15:40:21 INFO  : 'configparams force-mem-access 1' command is executed.
15:40:21 INFO  : Context for 'APU' is selected.
15:40:21 INFO  : 'stop' command is executed.
15:40:22 INFO  : 'ps7_init' command is executed.
15:40:22 INFO  : 'ps7_post_config' command is executed.
15:40:22 INFO  : Context for processor 'ps7_cortexa9_0' is selected.
15:40:22 INFO  : Processor reset is completed for 'ps7_cortexa9_0'.
15:40:22 INFO  : Context for processor 'ps7_cortexa9_0' is selected.
15:40:22 INFO  : The application 'D:/Documents/Vivado_data/soc_uart/soc_uart.sdk/uart_sdk/Debug/uart_sdk.elf' is downloaded to processor 'ps7_cortexa9_0'.
15:40:22 INFO  : 'configparams force-mem-access 0' command is executed.
15:40:22 INFO  : ----------------XSDB Script----------------
connect -url tcp:127.0.0.1:3121
source D:/Documents/Vivado_data/soc_uart/soc_uart.sdk/design_1_wrapper_hw_platform_0/ps7_init.tcl
targets -set -nocase -filter {name =~"APU*" && jtag_cable_name =~ "Xilinx TUL 1234-tulA"} -index 0
loadhw -hw D:/Documents/Vivado_data/soc_uart/soc_uart.sdk/design_1_wrapper_hw_platform_0/system.hdf -mem-ranges [list {0x40000000 0xbfffffff}]
configparams force-mem-access 1
targets -set -nocase -filter {name =~"APU*" && jtag_cable_name =~ "Xilinx TUL 1234-tulA"} -index 0
stop
ps7_init
ps7_post_config
targets -set -nocase -filter {name =~ "ARM*#0" && jtag_cable_name =~ "Xilinx TUL 1234-tulA"} -index 0
rst -processor
targets -set -nocase -filter {name =~ "ARM*#0" && jtag_cable_name =~ "Xilinx TUL 1234-tulA"} -index 0
dow D:/Documents/Vivado_data/soc_uart/soc_uart.sdk/uart_sdk/Debug/uart_sdk.elf
configparams force-mem-access 0
----------------End of Script----------------

15:40:22 INFO  : Memory regions updated for context APU
15:40:22 INFO  : Context for processor 'ps7_cortexa9_0' is selected.
15:40:22 INFO  : 'con' command is executed.
15:40:22 INFO  : ----------------XSDB Script (After Launch)----------------
targets -set -nocase -filter {name =~ "ARM*#0" && jtag_cable_name =~ "Xilinx TUL 1234-tulA"} -index 0
con
----------------End of Script----------------

15:40:22 INFO  : Launch script is exported to file 'D:\Documents\Vivado_data\soc_uart\soc_uart.sdk\.sdk\launch_scripts\xilinx_c-c++_application_(system_debugger)\system_debugger_using_debug_uart_sdk.elf_on_local.tcl'
15:54:25 INFO  : Disconnected from the channel tcfchan#21.
15:54:26 INFO  : 'targets -set -filter {jtag_cable_name =~ "Xilinx TUL 1234-tulA" && level==0} -index 1' command is executed.
15:54:26 INFO  : 'fpga -state' command is executed.
15:54:26 INFO  : Connected to target on host '127.0.0.1' and port '3121'.
15:54:26 INFO  : Jtag cable 'Xilinx TUL 1234-tulA' is selected.
15:54:26 INFO  : 'jtag frequency' command is executed.
15:54:26 INFO  : Sourcing of 'D:/Documents/Vivado_data/soc_uart/soc_uart.sdk/design_1_wrapper_hw_platform_0/ps7_init.tcl' is done.
15:54:26 INFO  : Context for 'APU' is selected.
15:54:28 INFO  : Hardware design information is loaded from 'D:/Documents/Vivado_data/soc_uart/soc_uart.sdk/design_1_wrapper_hw_platform_0/system.hdf'.
15:54:28 INFO  : 'configparams force-mem-access 1' command is executed.
15:54:28 INFO  : Context for 'APU' is selected.
15:54:28 INFO  : 'stop' command is executed.
15:54:28 INFO  : 'ps7_init' command is executed.
15:54:28 INFO  : 'ps7_post_config' command is executed.
15:54:28 INFO  : Context for processor 'ps7_cortexa9_0' is selected.
15:54:28 INFO  : Processor reset is completed for 'ps7_cortexa9_0'.
15:54:28 INFO  : Context for processor 'ps7_cortexa9_0' is selected.
15:54:28 INFO  : The application 'D:/Documents/Vivado_data/soc_uart/soc_uart.sdk/uart_sdk/Debug/uart_sdk.elf' is downloaded to processor 'ps7_cortexa9_0'.
15:54:28 INFO  : 'configparams force-mem-access 0' command is executed.
15:54:28 INFO  : ----------------XSDB Script----------------
connect -url tcp:127.0.0.1:3121
source D:/Documents/Vivado_data/soc_uart/soc_uart.sdk/design_1_wrapper_hw_platform_0/ps7_init.tcl
targets -set -nocase -filter {name =~"APU*" && jtag_cable_name =~ "Xilinx TUL 1234-tulA"} -index 0
loadhw -hw D:/Documents/Vivado_data/soc_uart/soc_uart.sdk/design_1_wrapper_hw_platform_0/system.hdf -mem-ranges [list {0x40000000 0xbfffffff}]
configparams force-mem-access 1
targets -set -nocase -filter {name =~"APU*" && jtag_cable_name =~ "Xilinx TUL 1234-tulA"} -index 0
stop
ps7_init
ps7_post_config
targets -set -nocase -filter {name =~ "ARM*#0" && jtag_cable_name =~ "Xilinx TUL 1234-tulA"} -index 0
rst -processor
targets -set -nocase -filter {name =~ "ARM*#0" && jtag_cable_name =~ "Xilinx TUL 1234-tulA"} -index 0
dow D:/Documents/Vivado_data/soc_uart/soc_uart.sdk/uart_sdk/Debug/uart_sdk.elf
configparams force-mem-access 0
----------------End of Script----------------

15:54:28 INFO  : Memory regions updated for context APU
15:54:29 INFO  : Context for processor 'ps7_cortexa9_0' is selected.
15:54:29 INFO  : 'con' command is executed.
15:54:29 INFO  : ----------------XSDB Script (After Launch)----------------
targets -set -nocase -filter {name =~ "ARM*#0" && jtag_cable_name =~ "Xilinx TUL 1234-tulA"} -index 0
con
----------------End of Script----------------

15:54:29 INFO  : Launch script is exported to file 'D:\Documents\Vivado_data\soc_uart\soc_uart.sdk\.sdk\launch_scripts\xilinx_c-c++_application_(system_debugger)\system_debugger_using_debug_uart_sdk.elf_on_local.tcl'
15:54:45 INFO  : Disconnected from the channel tcfchan#22.
15:54:46 INFO  : 'targets -set -filter {jtag_cable_name =~ "Xilinx TUL 1234-tulA" && level==0} -index 1' command is executed.
15:54:46 INFO  : 'fpga -state' command is executed.
15:54:46 INFO  : Connected to target on host '127.0.0.1' and port '3121'.
15:54:46 INFO  : Jtag cable 'Xilinx TUL 1234-tulA' is selected.
15:54:46 INFO  : 'jtag frequency' command is executed.
15:54:46 INFO  : Sourcing of 'D:/Documents/Vivado_data/soc_uart/soc_uart.sdk/design_1_wrapper_hw_platform_0/ps7_init.tcl' is done.
15:54:46 INFO  : Context for 'APU' is selected.
15:54:48 INFO  : Hardware design information is loaded from 'D:/Documents/Vivado_data/soc_uart/soc_uart.sdk/design_1_wrapper_hw_platform_0/system.hdf'.
15:54:48 INFO  : 'configparams force-mem-access 1' command is executed.
15:54:48 INFO  : Context for 'APU' is selected.
15:54:48 INFO  : 'stop' command is executed.
15:54:48 INFO  : 'ps7_init' command is executed.
15:54:48 INFO  : 'ps7_post_config' command is executed.
15:54:48 INFO  : Context for processor 'ps7_cortexa9_0' is selected.
15:54:48 INFO  : Processor reset is completed for 'ps7_cortexa9_0'.
15:54:48 INFO  : Context for processor 'ps7_cortexa9_0' is selected.
15:54:48 INFO  : The application 'D:/Documents/Vivado_data/soc_uart/soc_uart.sdk/uart_sdk/Debug/uart_sdk.elf' is downloaded to processor 'ps7_cortexa9_0'.
15:54:48 INFO  : 'configparams force-mem-access 0' command is executed.
15:54:48 INFO  : ----------------XSDB Script----------------
connect -url tcp:127.0.0.1:3121
source D:/Documents/Vivado_data/soc_uart/soc_uart.sdk/design_1_wrapper_hw_platform_0/ps7_init.tcl
targets -set -nocase -filter {name =~"APU*" && jtag_cable_name =~ "Xilinx TUL 1234-tulA"} -index 0
loadhw -hw D:/Documents/Vivado_data/soc_uart/soc_uart.sdk/design_1_wrapper_hw_platform_0/system.hdf -mem-ranges [list {0x40000000 0xbfffffff}]
configparams force-mem-access 1
targets -set -nocase -filter {name =~"APU*" && jtag_cable_name =~ "Xilinx TUL 1234-tulA"} -index 0
stop
ps7_init
ps7_post_config
targets -set -nocase -filter {name =~ "ARM*#0" && jtag_cable_name =~ "Xilinx TUL 1234-tulA"} -index 0
rst -processor
targets -set -nocase -filter {name =~ "ARM*#0" && jtag_cable_name =~ "Xilinx TUL 1234-tulA"} -index 0
dow D:/Documents/Vivado_data/soc_uart/soc_uart.sdk/uart_sdk/Debug/uart_sdk.elf
configparams force-mem-access 0
----------------End of Script----------------

15:54:48 INFO  : Memory regions updated for context APU
15:54:49 INFO  : Context for processor 'ps7_cortexa9_0' is selected.
15:54:49 INFO  : 'con' command is executed.
15:54:49 INFO  : ----------------XSDB Script (After Launch)----------------
targets -set -nocase -filter {name =~ "ARM*#0" && jtag_cable_name =~ "Xilinx TUL 1234-tulA"} -index 0
con
----------------End of Script----------------

15:54:49 INFO  : Launch script is exported to file 'D:\Documents\Vivado_data\soc_uart\soc_uart.sdk\.sdk\launch_scripts\xilinx_c-c++_application_(system_debugger)\system_debugger_using_debug_uart_sdk.elf_on_local.tcl'
15:55:10 INFO  : Disconnected from the channel tcfchan#23.
15:55:11 INFO  : 'targets -set -filter {jtag_cable_name =~ "Xilinx TUL 1234-tulA" && level==0} -index 1' command is executed.
15:55:11 INFO  : 'fpga -state' command is executed.
15:55:11 INFO  : Connected to target on host '127.0.0.1' and port '3121'.
15:55:11 INFO  : Jtag cable 'Xilinx TUL 1234-tulA' is selected.
15:55:11 INFO  : 'jtag frequency' command is executed.
15:55:11 INFO  : Sourcing of 'D:/Documents/Vivado_data/soc_uart/soc_uart.sdk/design_1_wrapper_hw_platform_0/ps7_init.tcl' is done.
15:55:11 INFO  : Context for 'APU' is selected.
15:55:13 INFO  : Hardware design information is loaded from 'D:/Documents/Vivado_data/soc_uart/soc_uart.sdk/design_1_wrapper_hw_platform_0/system.hdf'.
15:55:13 INFO  : 'configparams force-mem-access 1' command is executed.
15:55:13 INFO  : Context for 'APU' is selected.
15:55:13 INFO  : 'stop' command is executed.
15:55:13 INFO  : 'ps7_init' command is executed.
15:55:13 INFO  : 'ps7_post_config' command is executed.
15:55:13 INFO  : Context for processor 'ps7_cortexa9_0' is selected.
15:55:13 INFO  : Processor reset is completed for 'ps7_cortexa9_0'.
15:55:13 INFO  : Context for processor 'ps7_cortexa9_0' is selected.
15:55:13 INFO  : The application 'D:/Documents/Vivado_data/soc_uart/soc_uart.sdk/uart_sdk/Debug/uart_sdk.elf' is downloaded to processor 'ps7_cortexa9_0'.
15:55:13 INFO  : 'configparams force-mem-access 0' command is executed.
15:55:13 INFO  : ----------------XSDB Script----------------
connect -url tcp:127.0.0.1:3121
source D:/Documents/Vivado_data/soc_uart/soc_uart.sdk/design_1_wrapper_hw_platform_0/ps7_init.tcl
targets -set -nocase -filter {name =~"APU*" && jtag_cable_name =~ "Xilinx TUL 1234-tulA"} -index 0
loadhw -hw D:/Documents/Vivado_data/soc_uart/soc_uart.sdk/design_1_wrapper_hw_platform_0/system.hdf -mem-ranges [list {0x40000000 0xbfffffff}]
configparams force-mem-access 1
targets -set -nocase -filter {name =~"APU*" && jtag_cable_name =~ "Xilinx TUL 1234-tulA"} -index 0
stop
ps7_init
ps7_post_config
targets -set -nocase -filter {name =~ "ARM*#0" && jtag_cable_name =~ "Xilinx TUL 1234-tulA"} -index 0
rst -processor
targets -set -nocase -filter {name =~ "ARM*#0" && jtag_cable_name =~ "Xilinx TUL 1234-tulA"} -index 0
dow D:/Documents/Vivado_data/soc_uart/soc_uart.sdk/uart_sdk/Debug/uart_sdk.elf
configparams force-mem-access 0
----------------End of Script----------------

15:55:13 INFO  : Memory regions updated for context APU
15:55:13 INFO  : Context for processor 'ps7_cortexa9_0' is selected.
15:55:13 INFO  : 'con' command is executed.
15:55:13 INFO  : ----------------XSDB Script (After Launch)----------------
targets -set -nocase -filter {name =~ "ARM*#0" && jtag_cable_name =~ "Xilinx TUL 1234-tulA"} -index 0
con
----------------End of Script----------------

15:55:13 INFO  : Launch script is exported to file 'D:\Documents\Vivado_data\soc_uart\soc_uart.sdk\.sdk\launch_scripts\xilinx_c-c++_application_(system_debugger)\system_debugger_using_debug_uart_sdk.elf_on_local.tcl'
15:55:24 INFO  : Disconnected from the channel tcfchan#24.
15:55:25 INFO  : 'targets -set -filter {jtag_cable_name =~ "Xilinx TUL 1234-tulA" && level==0} -index 1' command is executed.
15:55:25 INFO  : 'fpga -state' command is executed.
15:55:25 INFO  : Connected to target on host '127.0.0.1' and port '3121'.
15:55:25 INFO  : Jtag cable 'Xilinx TUL 1234-tulA' is selected.
15:55:25 INFO  : 'jtag frequency' command is executed.
15:55:25 INFO  : Sourcing of 'D:/Documents/Vivado_data/soc_uart/soc_uart.sdk/design_1_wrapper_hw_platform_0/ps7_init.tcl' is done.
15:55:25 INFO  : Context for 'APU' is selected.
15:55:26 INFO  : Hardware design information is loaded from 'D:/Documents/Vivado_data/soc_uart/soc_uart.sdk/design_1_wrapper_hw_platform_0/system.hdf'.
15:55:26 INFO  : 'configparams force-mem-access 1' command is executed.
15:55:26 INFO  : Context for 'APU' is selected.
15:55:27 INFO  : 'stop' command is executed.
15:55:27 INFO  : 'ps7_init' command is executed.
15:55:27 INFO  : 'ps7_post_config' command is executed.
15:55:27 INFO  : Context for processor 'ps7_cortexa9_0' is selected.
15:55:27 INFO  : Processor reset is completed for 'ps7_cortexa9_0'.
15:55:27 INFO  : Context for processor 'ps7_cortexa9_0' is selected.
15:55:27 INFO  : The application 'D:/Documents/Vivado_data/soc_uart/soc_uart.sdk/uart_sdk/Debug/uart_sdk.elf' is downloaded to processor 'ps7_cortexa9_0'.
15:55:27 INFO  : 'configparams force-mem-access 0' command is executed.
15:55:27 INFO  : ----------------XSDB Script----------------
connect -url tcp:127.0.0.1:3121
source D:/Documents/Vivado_data/soc_uart/soc_uart.sdk/design_1_wrapper_hw_platform_0/ps7_init.tcl
targets -set -nocase -filter {name =~"APU*" && jtag_cable_name =~ "Xilinx TUL 1234-tulA"} -index 0
loadhw -hw D:/Documents/Vivado_data/soc_uart/soc_uart.sdk/design_1_wrapper_hw_platform_0/system.hdf -mem-ranges [list {0x40000000 0xbfffffff}]
configparams force-mem-access 1
targets -set -nocase -filter {name =~"APU*" && jtag_cable_name =~ "Xilinx TUL 1234-tulA"} -index 0
stop
ps7_init
ps7_post_config
targets -set -nocase -filter {name =~ "ARM*#0" && jtag_cable_name =~ "Xilinx TUL 1234-tulA"} -index 0
rst -processor
targets -set -nocase -filter {name =~ "ARM*#0" && jtag_cable_name =~ "Xilinx TUL 1234-tulA"} -index 0
dow D:/Documents/Vivado_data/soc_uart/soc_uart.sdk/uart_sdk/Debug/uart_sdk.elf
configparams force-mem-access 0
----------------End of Script----------------

15:55:27 INFO  : Memory regions updated for context APU
15:55:27 INFO  : Context for processor 'ps7_cortexa9_0' is selected.
15:55:27 INFO  : 'con' command is executed.
15:55:27 INFO  : ----------------XSDB Script (After Launch)----------------
targets -set -nocase -filter {name =~ "ARM*#0" && jtag_cable_name =~ "Xilinx TUL 1234-tulA"} -index 0
con
----------------End of Script----------------

15:55:27 INFO  : Launch script is exported to file 'D:\Documents\Vivado_data\soc_uart\soc_uart.sdk\.sdk\launch_scripts\xilinx_c-c++_application_(system_debugger)\system_debugger_using_debug_uart_sdk.elf_on_local.tcl'
15:55:39 INFO  : Disconnected from the channel tcfchan#25.
15:55:40 INFO  : 'targets -set -filter {jtag_cable_name =~ "Xilinx TUL 1234-tulA" && level==0} -index 1' command is executed.
15:55:40 INFO  : 'fpga -state' command is executed.
15:55:40 INFO  : Connected to target on host '127.0.0.1' and port '3121'.
15:55:40 INFO  : Jtag cable 'Xilinx TUL 1234-tulA' is selected.
15:55:40 INFO  : 'jtag frequency' command is executed.
15:55:40 INFO  : Sourcing of 'D:/Documents/Vivado_data/soc_uart/soc_uart.sdk/design_1_wrapper_hw_platform_0/ps7_init.tcl' is done.
15:55:40 INFO  : Context for 'APU' is selected.
15:55:42 INFO  : Hardware design information is loaded from 'D:/Documents/Vivado_data/soc_uart/soc_uart.sdk/design_1_wrapper_hw_platform_0/system.hdf'.
15:55:42 INFO  : 'configparams force-mem-access 1' command is executed.
15:55:42 INFO  : Context for 'APU' is selected.
15:55:42 INFO  : 'stop' command is executed.
15:55:42 INFO  : 'ps7_init' command is executed.
15:55:42 INFO  : 'ps7_post_config' command is executed.
15:55:42 INFO  : Context for processor 'ps7_cortexa9_0' is selected.
15:55:42 INFO  : Processor reset is completed for 'ps7_cortexa9_0'.
15:55:42 INFO  : Context for processor 'ps7_cortexa9_0' is selected.
15:55:42 INFO  : The application 'D:/Documents/Vivado_data/soc_uart/soc_uart.sdk/uart_sdk/Debug/uart_sdk.elf' is downloaded to processor 'ps7_cortexa9_0'.
15:55:42 INFO  : 'configparams force-mem-access 0' command is executed.
15:55:42 INFO  : ----------------XSDB Script----------------
connect -url tcp:127.0.0.1:3121
source D:/Documents/Vivado_data/soc_uart/soc_uart.sdk/design_1_wrapper_hw_platform_0/ps7_init.tcl
targets -set -nocase -filter {name =~"APU*" && jtag_cable_name =~ "Xilinx TUL 1234-tulA"} -index 0
loadhw -hw D:/Documents/Vivado_data/soc_uart/soc_uart.sdk/design_1_wrapper_hw_platform_0/system.hdf -mem-ranges [list {0x40000000 0xbfffffff}]
configparams force-mem-access 1
targets -set -nocase -filter {name =~"APU*" && jtag_cable_name =~ "Xilinx TUL 1234-tulA"} -index 0
stop
ps7_init
ps7_post_config
targets -set -nocase -filter {name =~ "ARM*#0" && jtag_cable_name =~ "Xilinx TUL 1234-tulA"} -index 0
rst -processor
targets -set -nocase -filter {name =~ "ARM*#0" && jtag_cable_name =~ "Xilinx TUL 1234-tulA"} -index 0
dow D:/Documents/Vivado_data/soc_uart/soc_uart.sdk/uart_sdk/Debug/uart_sdk.elf
configparams force-mem-access 0
----------------End of Script----------------

15:55:42 INFO  : Memory regions updated for context APU
15:55:42 INFO  : Context for processor 'ps7_cortexa9_0' is selected.
15:55:42 INFO  : 'con' command is executed.
15:55:42 INFO  : ----------------XSDB Script (After Launch)----------------
targets -set -nocase -filter {name =~ "ARM*#0" && jtag_cable_name =~ "Xilinx TUL 1234-tulA"} -index 0
con
----------------End of Script----------------

15:55:42 INFO  : Launch script is exported to file 'D:\Documents\Vivado_data\soc_uart\soc_uart.sdk\.sdk\launch_scripts\xilinx_c-c++_application_(system_debugger)\system_debugger_using_debug_uart_sdk.elf_on_local.tcl'
15:56:01 INFO  : Disconnected from the channel tcfchan#26.
15:56:02 INFO  : 'targets -set -filter {jtag_cable_name =~ "Xilinx TUL 1234-tulA" && level==0} -index 1' command is executed.
15:56:02 INFO  : 'fpga -state' command is executed.
15:56:02 INFO  : Connected to target on host '127.0.0.1' and port '3121'.
15:56:02 INFO  : Jtag cable 'Xilinx TUL 1234-tulA' is selected.
15:56:02 INFO  : 'jtag frequency' command is executed.
15:56:02 INFO  : Sourcing of 'D:/Documents/Vivado_data/soc_uart/soc_uart.sdk/design_1_wrapper_hw_platform_0/ps7_init.tcl' is done.
15:56:02 INFO  : Context for 'APU' is selected.
15:56:04 INFO  : Hardware design information is loaded from 'D:/Documents/Vivado_data/soc_uart/soc_uart.sdk/design_1_wrapper_hw_platform_0/system.hdf'.
15:56:04 INFO  : 'configparams force-mem-access 1' command is executed.
15:56:04 INFO  : Context for 'APU' is selected.
15:56:04 INFO  : 'stop' command is executed.
15:56:04 INFO  : 'ps7_init' command is executed.
15:56:04 INFO  : 'ps7_post_config' command is executed.
15:56:04 INFO  : Context for processor 'ps7_cortexa9_0' is selected.
15:56:04 INFO  : Processor reset is completed for 'ps7_cortexa9_0'.
15:56:04 INFO  : Context for processor 'ps7_cortexa9_0' is selected.
15:56:05 INFO  : The application 'D:/Documents/Vivado_data/soc_uart/soc_uart.sdk/uart_sdk/Debug/uart_sdk.elf' is downloaded to processor 'ps7_cortexa9_0'.
15:56:05 INFO  : 'configparams force-mem-access 0' command is executed.
15:56:05 INFO  : ----------------XSDB Script----------------
connect -url tcp:127.0.0.1:3121
source D:/Documents/Vivado_data/soc_uart/soc_uart.sdk/design_1_wrapper_hw_platform_0/ps7_init.tcl
targets -set -nocase -filter {name =~"APU*" && jtag_cable_name =~ "Xilinx TUL 1234-tulA"} -index 0
loadhw -hw D:/Documents/Vivado_data/soc_uart/soc_uart.sdk/design_1_wrapper_hw_platform_0/system.hdf -mem-ranges [list {0x40000000 0xbfffffff}]
configparams force-mem-access 1
targets -set -nocase -filter {name =~"APU*" && jtag_cable_name =~ "Xilinx TUL 1234-tulA"} -index 0
stop
ps7_init
ps7_post_config
targets -set -nocase -filter {name =~ "ARM*#0" && jtag_cable_name =~ "Xilinx TUL 1234-tulA"} -index 0
rst -processor
targets -set -nocase -filter {name =~ "ARM*#0" && jtag_cable_name =~ "Xilinx TUL 1234-tulA"} -index 0
dow D:/Documents/Vivado_data/soc_uart/soc_uart.sdk/uart_sdk/Debug/uart_sdk.elf
configparams force-mem-access 0
----------------End of Script----------------

15:56:05 INFO  : Memory regions updated for context APU
15:56:05 INFO  : Context for processor 'ps7_cortexa9_0' is selected.
15:56:05 INFO  : 'con' command is executed.
15:56:05 INFO  : ----------------XSDB Script (After Launch)----------------
targets -set -nocase -filter {name =~ "ARM*#0" && jtag_cable_name =~ "Xilinx TUL 1234-tulA"} -index 0
con
----------------End of Script----------------

15:56:05 INFO  : Launch script is exported to file 'D:\Documents\Vivado_data\soc_uart\soc_uart.sdk\.sdk\launch_scripts\xilinx_c-c++_application_(system_debugger)\system_debugger_using_debug_uart_sdk.elf_on_local.tcl'
15:56:37 INFO  : Disconnected from the channel tcfchan#27.
15:56:38 INFO  : 'targets -set -filter {jtag_cable_name =~ "Xilinx TUL 1234-tulA" && level==0} -index 1' command is executed.
15:56:38 INFO  : 'fpga -state' command is executed.
15:56:38 INFO  : Connected to target on host '127.0.0.1' and port '3121'.
15:56:38 INFO  : Jtag cable 'Xilinx TUL 1234-tulA' is selected.
15:56:38 INFO  : 'jtag frequency' command is executed.
15:56:38 INFO  : Sourcing of 'D:/Documents/Vivado_data/soc_uart/soc_uart.sdk/design_1_wrapper_hw_platform_0/ps7_init.tcl' is done.
15:56:38 INFO  : Context for 'APU' is selected.
15:56:40 INFO  : Hardware design information is loaded from 'D:/Documents/Vivado_data/soc_uart/soc_uart.sdk/design_1_wrapper_hw_platform_0/system.hdf'.
15:56:40 INFO  : 'configparams force-mem-access 1' command is executed.
15:56:40 INFO  : Context for 'APU' is selected.
15:56:40 INFO  : 'stop' command is executed.
15:56:40 INFO  : 'ps7_init' command is executed.
15:56:40 INFO  : 'ps7_post_config' command is executed.
15:56:40 INFO  : Context for processor 'ps7_cortexa9_0' is selected.
15:56:40 INFO  : Processor reset is completed for 'ps7_cortexa9_0'.
15:56:40 INFO  : Context for processor 'ps7_cortexa9_0' is selected.
15:56:40 INFO  : The application 'D:/Documents/Vivado_data/soc_uart/soc_uart.sdk/uart_sdk/Debug/uart_sdk.elf' is downloaded to processor 'ps7_cortexa9_0'.
15:56:40 INFO  : 'configparams force-mem-access 0' command is executed.
15:56:40 INFO  : ----------------XSDB Script----------------
connect -url tcp:127.0.0.1:3121
source D:/Documents/Vivado_data/soc_uart/soc_uart.sdk/design_1_wrapper_hw_platform_0/ps7_init.tcl
targets -set -nocase -filter {name =~"APU*" && jtag_cable_name =~ "Xilinx TUL 1234-tulA"} -index 0
loadhw -hw D:/Documents/Vivado_data/soc_uart/soc_uart.sdk/design_1_wrapper_hw_platform_0/system.hdf -mem-ranges [list {0x40000000 0xbfffffff}]
configparams force-mem-access 1
targets -set -nocase -filter {name =~"APU*" && jtag_cable_name =~ "Xilinx TUL 1234-tulA"} -index 0
stop
ps7_init
ps7_post_config
targets -set -nocase -filter {name =~ "ARM*#0" && jtag_cable_name =~ "Xilinx TUL 1234-tulA"} -index 0
rst -processor
targets -set -nocase -filter {name =~ "ARM*#0" && jtag_cable_name =~ "Xilinx TUL 1234-tulA"} -index 0
dow D:/Documents/Vivado_data/soc_uart/soc_uart.sdk/uart_sdk/Debug/uart_sdk.elf
configparams force-mem-access 0
----------------End of Script----------------

15:56:40 INFO  : Memory regions updated for context APU
15:56:40 INFO  : Context for processor 'ps7_cortexa9_0' is selected.
15:56:40 INFO  : 'con' command is executed.
15:56:40 INFO  : ----------------XSDB Script (After Launch)----------------
targets -set -nocase -filter {name =~ "ARM*#0" && jtag_cable_name =~ "Xilinx TUL 1234-tulA"} -index 0
con
----------------End of Script----------------

15:56:40 INFO  : Launch script is exported to file 'D:\Documents\Vivado_data\soc_uart\soc_uart.sdk\.sdk\launch_scripts\xilinx_c-c++_application_(system_debugger)\system_debugger_using_debug_uart_sdk.elf_on_local.tcl'
15:56:59 INFO  : Disconnected from the channel tcfchan#28.
15:57:00 INFO  : 'targets -set -filter {jtag_cable_name =~ "Xilinx TUL 1234-tulA" && level==0} -index 1' command is executed.
15:57:00 INFO  : 'fpga -state' command is executed.
15:57:00 INFO  : Connected to target on host '127.0.0.1' and port '3121'.
15:57:00 INFO  : Jtag cable 'Xilinx TUL 1234-tulA' is selected.
15:57:00 INFO  : 'jtag frequency' command is executed.
15:57:00 INFO  : Sourcing of 'D:/Documents/Vivado_data/soc_uart/soc_uart.sdk/design_1_wrapper_hw_platform_0/ps7_init.tcl' is done.
15:57:00 INFO  : Context for 'APU' is selected.
15:57:02 INFO  : Hardware design information is loaded from 'D:/Documents/Vivado_data/soc_uart/soc_uart.sdk/design_1_wrapper_hw_platform_0/system.hdf'.
15:57:02 INFO  : 'configparams force-mem-access 1' command is executed.
15:57:02 INFO  : Context for 'APU' is selected.
15:57:02 INFO  : 'stop' command is executed.
15:57:02 INFO  : 'ps7_init' command is executed.
15:57:02 INFO  : 'ps7_post_config' command is executed.
15:57:02 INFO  : Context for processor 'ps7_cortexa9_0' is selected.
15:57:02 INFO  : Processor reset is completed for 'ps7_cortexa9_0'.
15:57:02 INFO  : Context for processor 'ps7_cortexa9_0' is selected.
15:57:02 INFO  : The application 'D:/Documents/Vivado_data/soc_uart/soc_uart.sdk/uart_sdk/Debug/uart_sdk.elf' is downloaded to processor 'ps7_cortexa9_0'.
15:57:02 INFO  : 'configparams force-mem-access 0' command is executed.
15:57:02 INFO  : ----------------XSDB Script----------------
connect -url tcp:127.0.0.1:3121
source D:/Documents/Vivado_data/soc_uart/soc_uart.sdk/design_1_wrapper_hw_platform_0/ps7_init.tcl
targets -set -nocase -filter {name =~"APU*" && jtag_cable_name =~ "Xilinx TUL 1234-tulA"} -index 0
loadhw -hw D:/Documents/Vivado_data/soc_uart/soc_uart.sdk/design_1_wrapper_hw_platform_0/system.hdf -mem-ranges [list {0x40000000 0xbfffffff}]
configparams force-mem-access 1
targets -set -nocase -filter {name =~"APU*" && jtag_cable_name =~ "Xilinx TUL 1234-tulA"} -index 0
stop
ps7_init
ps7_post_config
targets -set -nocase -filter {name =~ "ARM*#0" && jtag_cable_name =~ "Xilinx TUL 1234-tulA"} -index 0
rst -processor
targets -set -nocase -filter {name =~ "ARM*#0" && jtag_cable_name =~ "Xilinx TUL 1234-tulA"} -index 0
dow D:/Documents/Vivado_data/soc_uart/soc_uart.sdk/uart_sdk/Debug/uart_sdk.elf
configparams force-mem-access 0
----------------End of Script----------------

15:57:02 INFO  : Memory regions updated for context APU
15:57:02 INFO  : Context for processor 'ps7_cortexa9_0' is selected.
15:57:03 INFO  : 'con' command is executed.
15:57:03 INFO  : ----------------XSDB Script (After Launch)----------------
targets -set -nocase -filter {name =~ "ARM*#0" && jtag_cable_name =~ "Xilinx TUL 1234-tulA"} -index 0
con
----------------End of Script----------------

15:57:03 INFO  : Launch script is exported to file 'D:\Documents\Vivado_data\soc_uart\soc_uart.sdk\.sdk\launch_scripts\xilinx_c-c++_application_(system_debugger)\system_debugger_using_debug_uart_sdk.elf_on_local.tcl'
15:57:29 INFO  : Disconnected from the channel tcfchan#29.
15:57:30 INFO  : 'targets -set -filter {jtag_cable_name =~ "Xilinx TUL 1234-tulA" && level==0} -index 1' command is executed.
15:57:30 INFO  : 'fpga -state' command is executed.
15:57:30 INFO  : Connected to target on host '127.0.0.1' and port '3121'.
15:57:31 INFO  : Jtag cable 'Xilinx TUL 1234-tulA' is selected.
15:57:31 INFO  : 'jtag frequency' command is executed.
15:57:31 INFO  : Sourcing of 'D:/Documents/Vivado_data/soc_uart/soc_uart.sdk/design_1_wrapper_hw_platform_0/ps7_init.tcl' is done.
15:57:31 INFO  : Context for 'APU' is selected.
15:57:32 INFO  : Hardware design information is loaded from 'D:/Documents/Vivado_data/soc_uart/soc_uart.sdk/design_1_wrapper_hw_platform_0/system.hdf'.
15:57:32 INFO  : 'configparams force-mem-access 1' command is executed.
15:57:32 INFO  : Context for 'APU' is selected.
15:57:32 INFO  : 'stop' command is executed.
15:57:33 INFO  : 'ps7_init' command is executed.
15:57:33 INFO  : 'ps7_post_config' command is executed.
15:57:33 INFO  : Context for processor 'ps7_cortexa9_0' is selected.
15:57:33 INFO  : Processor reset is completed for 'ps7_cortexa9_0'.
15:57:33 INFO  : Context for processor 'ps7_cortexa9_0' is selected.
15:57:33 INFO  : The application 'D:/Documents/Vivado_data/soc_uart/soc_uart.sdk/uart_sdk/Debug/uart_sdk.elf' is downloaded to processor 'ps7_cortexa9_0'.
15:57:33 INFO  : 'configparams force-mem-access 0' command is executed.
15:57:33 INFO  : ----------------XSDB Script----------------
connect -url tcp:127.0.0.1:3121
source D:/Documents/Vivado_data/soc_uart/soc_uart.sdk/design_1_wrapper_hw_platform_0/ps7_init.tcl
targets -set -nocase -filter {name =~"APU*" && jtag_cable_name =~ "Xilinx TUL 1234-tulA"} -index 0
loadhw -hw D:/Documents/Vivado_data/soc_uart/soc_uart.sdk/design_1_wrapper_hw_platform_0/system.hdf -mem-ranges [list {0x40000000 0xbfffffff}]
configparams force-mem-access 1
targets -set -nocase -filter {name =~"APU*" && jtag_cable_name =~ "Xilinx TUL 1234-tulA"} -index 0
stop
ps7_init
ps7_post_config
targets -set -nocase -filter {name =~ "ARM*#0" && jtag_cable_name =~ "Xilinx TUL 1234-tulA"} -index 0
rst -processor
targets -set -nocase -filter {name =~ "ARM*#0" && jtag_cable_name =~ "Xilinx TUL 1234-tulA"} -index 0
dow D:/Documents/Vivado_data/soc_uart/soc_uart.sdk/uart_sdk/Debug/uart_sdk.elf
configparams force-mem-access 0
----------------End of Script----------------

15:57:33 INFO  : Memory regions updated for context APU
15:57:33 INFO  : Context for processor 'ps7_cortexa9_0' is selected.
15:57:33 INFO  : 'con' command is executed.
15:57:33 INFO  : ----------------XSDB Script (After Launch)----------------
targets -set -nocase -filter {name =~ "ARM*#0" && jtag_cable_name =~ "Xilinx TUL 1234-tulA"} -index 0
con
----------------End of Script----------------

15:57:33 INFO  : Launch script is exported to file 'D:\Documents\Vivado_data\soc_uart\soc_uart.sdk\.sdk\launch_scripts\xilinx_c-c++_application_(system_debugger)\system_debugger_using_debug_uart_sdk.elf_on_local.tcl'
15:58:08 INFO  : Disconnected from the channel tcfchan#30.
15:58:09 INFO  : 'targets -set -filter {jtag_cable_name =~ "Xilinx TUL 1234-tulA" && level==0} -index 1' command is executed.
15:58:09 INFO  : 'fpga -state' command is executed.
15:58:09 INFO  : Connected to target on host '127.0.0.1' and port '3121'.
15:58:09 INFO  : Jtag cable 'Xilinx TUL 1234-tulA' is selected.
15:58:09 INFO  : 'jtag frequency' command is executed.
15:58:09 INFO  : Sourcing of 'D:/Documents/Vivado_data/soc_uart/soc_uart.sdk/design_1_wrapper_hw_platform_0/ps7_init.tcl' is done.
15:58:09 INFO  : Context for 'APU' is selected.
15:58:10 INFO  : Hardware design information is loaded from 'D:/Documents/Vivado_data/soc_uart/soc_uart.sdk/design_1_wrapper_hw_platform_0/system.hdf'.
15:58:10 INFO  : 'configparams force-mem-access 1' command is executed.
15:58:10 INFO  : Context for 'APU' is selected.
15:58:11 INFO  : 'stop' command is executed.
15:58:11 INFO  : 'ps7_init' command is executed.
15:58:11 INFO  : 'ps7_post_config' command is executed.
15:58:11 INFO  : Context for processor 'ps7_cortexa9_0' is selected.
15:58:11 INFO  : Processor reset is completed for 'ps7_cortexa9_0'.
15:58:11 INFO  : Context for processor 'ps7_cortexa9_0' is selected.
15:58:11 INFO  : The application 'D:/Documents/Vivado_data/soc_uart/soc_uart.sdk/uart_sdk/Debug/uart_sdk.elf' is downloaded to processor 'ps7_cortexa9_0'.
15:58:11 INFO  : 'configparams force-mem-access 0' command is executed.
15:58:11 INFO  : ----------------XSDB Script----------------
connect -url tcp:127.0.0.1:3121
source D:/Documents/Vivado_data/soc_uart/soc_uart.sdk/design_1_wrapper_hw_platform_0/ps7_init.tcl
targets -set -nocase -filter {name =~"APU*" && jtag_cable_name =~ "Xilinx TUL 1234-tulA"} -index 0
loadhw -hw D:/Documents/Vivado_data/soc_uart/soc_uart.sdk/design_1_wrapper_hw_platform_0/system.hdf -mem-ranges [list {0x40000000 0xbfffffff}]
configparams force-mem-access 1
targets -set -nocase -filter {name =~"APU*" && jtag_cable_name =~ "Xilinx TUL 1234-tulA"} -index 0
stop
ps7_init
ps7_post_config
targets -set -nocase -filter {name =~ "ARM*#0" && jtag_cable_name =~ "Xilinx TUL 1234-tulA"} -index 0
rst -processor
targets -set -nocase -filter {name =~ "ARM*#0" && jtag_cable_name =~ "Xilinx TUL 1234-tulA"} -index 0
dow D:/Documents/Vivado_data/soc_uart/soc_uart.sdk/uart_sdk/Debug/uart_sdk.elf
configparams force-mem-access 0
----------------End of Script----------------

15:58:11 INFO  : Memory regions updated for context APU
15:58:11 INFO  : Context for processor 'ps7_cortexa9_0' is selected.
15:58:11 INFO  : 'con' command is executed.
15:58:11 INFO  : ----------------XSDB Script (After Launch)----------------
targets -set -nocase -filter {name =~ "ARM*#0" && jtag_cable_name =~ "Xilinx TUL 1234-tulA"} -index 0
con
----------------End of Script----------------

15:58:11 INFO  : Launch script is exported to file 'D:\Documents\Vivado_data\soc_uart\soc_uart.sdk\.sdk\launch_scripts\xilinx_c-c++_application_(system_debugger)\system_debugger_using_debug_uart_sdk.elf_on_local.tcl'
15:58:21 INFO  : Disconnected from the channel tcfchan#31.
15:58:22 INFO  : 'targets -set -filter {jtag_cable_name =~ "Xilinx TUL 1234-tulA" && level==0} -index 1' command is executed.
15:58:22 INFO  : 'fpga -state' command is executed.
15:58:22 INFO  : Connected to target on host '127.0.0.1' and port '3121'.
15:58:22 INFO  : Jtag cable 'Xilinx TUL 1234-tulA' is selected.
15:58:22 INFO  : 'jtag frequency' command is executed.
15:58:22 INFO  : Sourcing of 'D:/Documents/Vivado_data/soc_uart/soc_uart.sdk/design_1_wrapper_hw_platform_0/ps7_init.tcl' is done.
15:58:22 INFO  : Context for 'APU' is selected.
15:58:24 INFO  : Hardware design information is loaded from 'D:/Documents/Vivado_data/soc_uart/soc_uart.sdk/design_1_wrapper_hw_platform_0/system.hdf'.
15:58:24 INFO  : 'configparams force-mem-access 1' command is executed.
15:58:24 INFO  : Context for 'APU' is selected.
15:58:24 INFO  : 'stop' command is executed.
15:58:24 INFO  : 'ps7_init' command is executed.
15:58:24 INFO  : 'ps7_post_config' command is executed.
15:58:24 INFO  : Context for processor 'ps7_cortexa9_0' is selected.
15:58:24 INFO  : Processor reset is completed for 'ps7_cortexa9_0'.
15:58:24 INFO  : Context for processor 'ps7_cortexa9_0' is selected.
15:58:24 INFO  : The application 'D:/Documents/Vivado_data/soc_uart/soc_uart.sdk/uart_sdk/Debug/uart_sdk.elf' is downloaded to processor 'ps7_cortexa9_0'.
15:58:24 INFO  : 'configparams force-mem-access 0' command is executed.
15:58:24 INFO  : ----------------XSDB Script----------------
connect -url tcp:127.0.0.1:3121
source D:/Documents/Vivado_data/soc_uart/soc_uart.sdk/design_1_wrapper_hw_platform_0/ps7_init.tcl
targets -set -nocase -filter {name =~"APU*" && jtag_cable_name =~ "Xilinx TUL 1234-tulA"} -index 0
loadhw -hw D:/Documents/Vivado_data/soc_uart/soc_uart.sdk/design_1_wrapper_hw_platform_0/system.hdf -mem-ranges [list {0x40000000 0xbfffffff}]
configparams force-mem-access 1
targets -set -nocase -filter {name =~"APU*" && jtag_cable_name =~ "Xilinx TUL 1234-tulA"} -index 0
stop
ps7_init
ps7_post_config
targets -set -nocase -filter {name =~ "ARM*#0" && jtag_cable_name =~ "Xilinx TUL 1234-tulA"} -index 0
rst -processor
targets -set -nocase -filter {name =~ "ARM*#0" && jtag_cable_name =~ "Xilinx TUL 1234-tulA"} -index 0
dow D:/Documents/Vivado_data/soc_uart/soc_uart.sdk/uart_sdk/Debug/uart_sdk.elf
configparams force-mem-access 0
----------------End of Script----------------

15:58:24 INFO  : Memory regions updated for context APU
15:58:25 INFO  : Context for processor 'ps7_cortexa9_0' is selected.
15:58:25 INFO  : 'con' command is executed.
15:58:25 INFO  : ----------------XSDB Script (After Launch)----------------
targets -set -nocase -filter {name =~ "ARM*#0" && jtag_cable_name =~ "Xilinx TUL 1234-tulA"} -index 0
con
----------------End of Script----------------

15:58:25 INFO  : Launch script is exported to file 'D:\Documents\Vivado_data\soc_uart\soc_uart.sdk\.sdk\launch_scripts\xilinx_c-c++_application_(system_debugger)\system_debugger_using_debug_uart_sdk.elf_on_local.tcl'
15:58:35 INFO  : Disconnected from the channel tcfchan#32.
15:58:36 INFO  : 'targets -set -filter {jtag_cable_name =~ "Xilinx TUL 1234-tulA" && level==0} -index 1' command is executed.
15:58:36 INFO  : 'fpga -state' command is executed.
15:58:36 INFO  : Connected to target on host '127.0.0.1' and port '3121'.
15:58:36 INFO  : Jtag cable 'Xilinx TUL 1234-tulA' is selected.
15:58:36 INFO  : 'jtag frequency' command is executed.
15:58:36 INFO  : Sourcing of 'D:/Documents/Vivado_data/soc_uart/soc_uart.sdk/design_1_wrapper_hw_platform_0/ps7_init.tcl' is done.
15:58:36 INFO  : Context for 'APU' is selected.
15:58:38 INFO  : Hardware design information is loaded from 'D:/Documents/Vivado_data/soc_uart/soc_uart.sdk/design_1_wrapper_hw_platform_0/system.hdf'.
15:58:38 INFO  : 'configparams force-mem-access 1' command is executed.
15:58:38 INFO  : Context for 'APU' is selected.
15:58:38 INFO  : 'stop' command is executed.
15:58:38 INFO  : 'ps7_init' command is executed.
15:58:38 INFO  : 'ps7_post_config' command is executed.
15:58:38 INFO  : Context for processor 'ps7_cortexa9_0' is selected.
15:58:38 INFO  : Processor reset is completed for 'ps7_cortexa9_0'.
15:58:38 INFO  : Context for processor 'ps7_cortexa9_0' is selected.
15:58:38 INFO  : The application 'D:/Documents/Vivado_data/soc_uart/soc_uart.sdk/uart_sdk/Debug/uart_sdk.elf' is downloaded to processor 'ps7_cortexa9_0'.
15:58:38 INFO  : 'configparams force-mem-access 0' command is executed.
15:58:38 INFO  : ----------------XSDB Script----------------
connect -url tcp:127.0.0.1:3121
source D:/Documents/Vivado_data/soc_uart/soc_uart.sdk/design_1_wrapper_hw_platform_0/ps7_init.tcl
targets -set -nocase -filter {name =~"APU*" && jtag_cable_name =~ "Xilinx TUL 1234-tulA"} -index 0
loadhw -hw D:/Documents/Vivado_data/soc_uart/soc_uart.sdk/design_1_wrapper_hw_platform_0/system.hdf -mem-ranges [list {0x40000000 0xbfffffff}]
configparams force-mem-access 1
targets -set -nocase -filter {name =~"APU*" && jtag_cable_name =~ "Xilinx TUL 1234-tulA"} -index 0
stop
ps7_init
ps7_post_config
targets -set -nocase -filter {name =~ "ARM*#0" && jtag_cable_name =~ "Xilinx TUL 1234-tulA"} -index 0
rst -processor
targets -set -nocase -filter {name =~ "ARM*#0" && jtag_cable_name =~ "Xilinx TUL 1234-tulA"} -index 0
dow D:/Documents/Vivado_data/soc_uart/soc_uart.sdk/uart_sdk/Debug/uart_sdk.elf
configparams force-mem-access 0
----------------End of Script----------------

15:58:38 INFO  : Memory regions updated for context APU
15:58:38 INFO  : Context for processor 'ps7_cortexa9_0' is selected.
15:58:38 INFO  : 'con' command is executed.
15:58:38 INFO  : ----------------XSDB Script (After Launch)----------------
targets -set -nocase -filter {name =~ "ARM*#0" && jtag_cable_name =~ "Xilinx TUL 1234-tulA"} -index 0
con
----------------End of Script----------------

15:58:38 INFO  : Launch script is exported to file 'D:\Documents\Vivado_data\soc_uart\soc_uart.sdk\.sdk\launch_scripts\xilinx_c-c++_application_(system_debugger)\system_debugger_using_debug_uart_sdk.elf_on_local.tcl'
16:00:39 INFO  : Disconnected from the channel tcfchan#33.
16:00:40 INFO  : 'targets -set -filter {jtag_cable_name =~ "Xilinx TUL 1234-tulA" && level==0} -index 1' command is executed.
16:00:40 INFO  : 'fpga -state' command is executed.
16:00:40 INFO  : Connected to target on host '127.0.0.1' and port '3121'.
16:00:40 INFO  : Jtag cable 'Xilinx TUL 1234-tulA' is selected.
16:00:40 INFO  : 'jtag frequency' command is executed.
16:00:40 INFO  : Sourcing of 'D:/Documents/Vivado_data/soc_uart/soc_uart.sdk/design_1_wrapper_hw_platform_0/ps7_init.tcl' is done.
16:00:40 INFO  : Context for 'APU' is selected.
16:00:42 INFO  : Hardware design information is loaded from 'D:/Documents/Vivado_data/soc_uart/soc_uart.sdk/design_1_wrapper_hw_platform_0/system.hdf'.
16:00:42 INFO  : 'configparams force-mem-access 1' command is executed.
16:00:42 INFO  : Context for 'APU' is selected.
16:00:42 INFO  : 'stop' command is executed.
16:00:42 INFO  : 'ps7_init' command is executed.
16:00:42 INFO  : 'ps7_post_config' command is executed.
16:00:42 INFO  : Context for processor 'ps7_cortexa9_0' is selected.
16:00:43 INFO  : Processor reset is completed for 'ps7_cortexa9_0'.
16:00:43 INFO  : Context for processor 'ps7_cortexa9_0' is selected.
16:00:43 INFO  : The application 'D:/Documents/Vivado_data/soc_uart/soc_uart.sdk/uart_sdk/Debug/uart_sdk.elf' is downloaded to processor 'ps7_cortexa9_0'.
16:00:43 INFO  : 'configparams force-mem-access 0' command is executed.
16:00:43 INFO  : ----------------XSDB Script----------------
connect -url tcp:127.0.0.1:3121
source D:/Documents/Vivado_data/soc_uart/soc_uart.sdk/design_1_wrapper_hw_platform_0/ps7_init.tcl
targets -set -nocase -filter {name =~"APU*" && jtag_cable_name =~ "Xilinx TUL 1234-tulA"} -index 0
loadhw -hw D:/Documents/Vivado_data/soc_uart/soc_uart.sdk/design_1_wrapper_hw_platform_0/system.hdf -mem-ranges [list {0x40000000 0xbfffffff}]
configparams force-mem-access 1
targets -set -nocase -filter {name =~"APU*" && jtag_cable_name =~ "Xilinx TUL 1234-tulA"} -index 0
stop
ps7_init
ps7_post_config
targets -set -nocase -filter {name =~ "ARM*#0" && jtag_cable_name =~ "Xilinx TUL 1234-tulA"} -index 0
rst -processor
targets -set -nocase -filter {name =~ "ARM*#0" && jtag_cable_name =~ "Xilinx TUL 1234-tulA"} -index 0
dow D:/Documents/Vivado_data/soc_uart/soc_uart.sdk/uart_sdk/Debug/uart_sdk.elf
configparams force-mem-access 0
----------------End of Script----------------

16:00:43 INFO  : Memory regions updated for context APU
16:00:43 INFO  : Context for processor 'ps7_cortexa9_0' is selected.
16:00:43 INFO  : 'con' command is executed.
16:00:43 INFO  : ----------------XSDB Script (After Launch)----------------
targets -set -nocase -filter {name =~ "ARM*#0" && jtag_cable_name =~ "Xilinx TUL 1234-tulA"} -index 0
con
----------------End of Script----------------

16:00:43 INFO  : Launch script is exported to file 'D:\Documents\Vivado_data\soc_uart\soc_uart.sdk\.sdk\launch_scripts\xilinx_c-c++_application_(system_debugger)\system_debugger_using_debug_uart_sdk.elf_on_local.tcl'
16:01:33 INFO  : Disconnected from the channel tcfchan#34.
16:01:34 INFO  : 'targets -set -filter {jtag_cable_name =~ "Xilinx TUL 1234-tulA" && level==0} -index 1' command is executed.
16:01:34 INFO  : 'fpga -state' command is executed.
16:01:34 INFO  : Connected to target on host '127.0.0.1' and port '3121'.
16:01:34 INFO  : Jtag cable 'Xilinx TUL 1234-tulA' is selected.
16:01:35 INFO  : 'jtag frequency' command is executed.
16:01:35 INFO  : Sourcing of 'D:/Documents/Vivado_data/soc_uart/soc_uart.sdk/design_1_wrapper_hw_platform_0/ps7_init.tcl' is done.
16:01:35 INFO  : Context for 'APU' is selected.
16:01:37 INFO  : Hardware design information is loaded from 'D:/Documents/Vivado_data/soc_uart/soc_uart.sdk/design_1_wrapper_hw_platform_0/system.hdf'.
16:01:37 INFO  : 'configparams force-mem-access 1' command is executed.
16:01:37 INFO  : Context for 'APU' is selected.
16:01:37 INFO  : 'stop' command is executed.
16:01:37 INFO  : 'ps7_init' command is executed.
16:01:37 INFO  : 'ps7_post_config' command is executed.
16:01:37 INFO  : Context for processor 'ps7_cortexa9_0' is selected.
16:01:37 INFO  : Processor reset is completed for 'ps7_cortexa9_0'.
16:01:37 INFO  : Context for processor 'ps7_cortexa9_0' is selected.
16:01:37 INFO  : The application 'D:/Documents/Vivado_data/soc_uart/soc_uart.sdk/uart_sdk/Debug/uart_sdk.elf' is downloaded to processor 'ps7_cortexa9_0'.
16:01:37 INFO  : 'configparams force-mem-access 0' command is executed.
16:01:37 INFO  : ----------------XSDB Script----------------
connect -url tcp:127.0.0.1:3121
source D:/Documents/Vivado_data/soc_uart/soc_uart.sdk/design_1_wrapper_hw_platform_0/ps7_init.tcl
targets -set -nocase -filter {name =~"APU*" && jtag_cable_name =~ "Xilinx TUL 1234-tulA"} -index 0
loadhw -hw D:/Documents/Vivado_data/soc_uart/soc_uart.sdk/design_1_wrapper_hw_platform_0/system.hdf -mem-ranges [list {0x40000000 0xbfffffff}]
configparams force-mem-access 1
targets -set -nocase -filter {name =~"APU*" && jtag_cable_name =~ "Xilinx TUL 1234-tulA"} -index 0
stop
ps7_init
ps7_post_config
targets -set -nocase -filter {name =~ "ARM*#0" && jtag_cable_name =~ "Xilinx TUL 1234-tulA"} -index 0
rst -processor
targets -set -nocase -filter {name =~ "ARM*#0" && jtag_cable_name =~ "Xilinx TUL 1234-tulA"} -index 0
dow D:/Documents/Vivado_data/soc_uart/soc_uart.sdk/uart_sdk/Debug/uart_sdk.elf
configparams force-mem-access 0
----------------End of Script----------------

16:01:37 INFO  : Memory regions updated for context APU
16:01:37 INFO  : Context for processor 'ps7_cortexa9_0' is selected.
16:01:37 INFO  : 'con' command is executed.
16:01:37 INFO  : ----------------XSDB Script (After Launch)----------------
targets -set -nocase -filter {name =~ "ARM*#0" && jtag_cable_name =~ "Xilinx TUL 1234-tulA"} -index 0
con
----------------End of Script----------------

16:01:37 INFO  : Launch script is exported to file 'D:\Documents\Vivado_data\soc_uart\soc_uart.sdk\.sdk\launch_scripts\xilinx_c-c++_application_(system_debugger)\system_debugger_using_debug_uart_sdk.elf_on_local.tcl'
16:01:57 INFO  : Disconnected from the channel tcfchan#35.
16:01:58 INFO  : 'targets -set -filter {jtag_cable_name =~ "Xilinx TUL 1234-tulA" && level==0} -index 1' command is executed.
16:01:58 INFO  : 'fpga -state' command is executed.
16:01:58 INFO  : Connected to target on host '127.0.0.1' and port '3121'.
16:01:58 INFO  : Jtag cable 'Xilinx TUL 1234-tulA' is selected.
16:01:58 INFO  : 'jtag frequency' command is executed.
16:01:58 INFO  : Sourcing of 'D:/Documents/Vivado_data/soc_uart/soc_uart.sdk/design_1_wrapper_hw_platform_0/ps7_init.tcl' is done.
16:01:58 INFO  : Context for 'APU' is selected.
16:02:00 INFO  : Hardware design information is loaded from 'D:/Documents/Vivado_data/soc_uart/soc_uart.sdk/design_1_wrapper_hw_platform_0/system.hdf'.
16:02:00 INFO  : 'configparams force-mem-access 1' command is executed.
16:02:00 INFO  : Context for 'APU' is selected.
16:02:00 INFO  : 'stop' command is executed.
16:02:00 INFO  : 'ps7_init' command is executed.
16:02:00 INFO  : 'ps7_post_config' command is executed.
16:02:00 INFO  : Context for processor 'ps7_cortexa9_0' is selected.
16:02:00 INFO  : Processor reset is completed for 'ps7_cortexa9_0'.
16:02:00 INFO  : Context for processor 'ps7_cortexa9_0' is selected.
16:02:01 INFO  : The application 'D:/Documents/Vivado_data/soc_uart/soc_uart.sdk/uart_sdk/Debug/uart_sdk.elf' is downloaded to processor 'ps7_cortexa9_0'.
16:02:01 INFO  : 'configparams force-mem-access 0' command is executed.
16:02:01 INFO  : ----------------XSDB Script----------------
connect -url tcp:127.0.0.1:3121
source D:/Documents/Vivado_data/soc_uart/soc_uart.sdk/design_1_wrapper_hw_platform_0/ps7_init.tcl
targets -set -nocase -filter {name =~"APU*" && jtag_cable_name =~ "Xilinx TUL 1234-tulA"} -index 0
loadhw -hw D:/Documents/Vivado_data/soc_uart/soc_uart.sdk/design_1_wrapper_hw_platform_0/system.hdf -mem-ranges [list {0x40000000 0xbfffffff}]
configparams force-mem-access 1
targets -set -nocase -filter {name =~"APU*" && jtag_cable_name =~ "Xilinx TUL 1234-tulA"} -index 0
stop
ps7_init
ps7_post_config
targets -set -nocase -filter {name =~ "ARM*#0" && jtag_cable_name =~ "Xilinx TUL 1234-tulA"} -index 0
rst -processor
targets -set -nocase -filter {name =~ "ARM*#0" && jtag_cable_name =~ "Xilinx TUL 1234-tulA"} -index 0
dow D:/Documents/Vivado_data/soc_uart/soc_uart.sdk/uart_sdk/Debug/uart_sdk.elf
configparams force-mem-access 0
----------------End of Script----------------

16:02:01 INFO  : Memory regions updated for context APU
16:02:01 INFO  : Context for processor 'ps7_cortexa9_0' is selected.
16:02:01 INFO  : 'con' command is executed.
16:02:01 INFO  : ----------------XSDB Script (After Launch)----------------
targets -set -nocase -filter {name =~ "ARM*#0" && jtag_cable_name =~ "Xilinx TUL 1234-tulA"} -index 0
con
----------------End of Script----------------

16:02:01 INFO  : Launch script is exported to file 'D:\Documents\Vivado_data\soc_uart\soc_uart.sdk\.sdk\launch_scripts\xilinx_c-c++_application_(system_debugger)\system_debugger_using_debug_uart_sdk.elf_on_local.tcl'
16:02:13 INFO  : Disconnected from the channel tcfchan#36.
16:02:15 INFO  : 'targets -set -filter {jtag_cable_name =~ "Xilinx TUL 1234-tulA" && level==0} -index 1' command is executed.
16:02:15 INFO  : 'fpga -state' command is executed.
16:02:15 INFO  : Connected to target on host '127.0.0.1' and port '3121'.
16:02:15 INFO  : Jtag cable 'Xilinx TUL 1234-tulA' is selected.
16:02:15 INFO  : 'jtag frequency' command is executed.
16:02:15 INFO  : Sourcing of 'D:/Documents/Vivado_data/soc_uart/soc_uart.sdk/design_1_wrapper_hw_platform_0/ps7_init.tcl' is done.
16:02:15 INFO  : Context for 'APU' is selected.
16:02:16 INFO  : Hardware design information is loaded from 'D:/Documents/Vivado_data/soc_uart/soc_uart.sdk/design_1_wrapper_hw_platform_0/system.hdf'.
16:02:16 INFO  : 'configparams force-mem-access 1' command is executed.
16:02:16 INFO  : Context for 'APU' is selected.
16:02:16 INFO  : 'stop' command is executed.
16:02:17 INFO  : 'ps7_init' command is executed.
16:02:17 INFO  : 'ps7_post_config' command is executed.
16:02:17 INFO  : Context for processor 'ps7_cortexa9_0' is selected.
16:02:17 INFO  : Processor reset is completed for 'ps7_cortexa9_0'.
16:02:17 INFO  : Context for processor 'ps7_cortexa9_0' is selected.
16:02:17 INFO  : The application 'D:/Documents/Vivado_data/soc_uart/soc_uart.sdk/uart_sdk/Debug/uart_sdk.elf' is downloaded to processor 'ps7_cortexa9_0'.
16:02:17 INFO  : 'configparams force-mem-access 0' command is executed.
16:02:17 INFO  : ----------------XSDB Script----------------
connect -url tcp:127.0.0.1:3121
source D:/Documents/Vivado_data/soc_uart/soc_uart.sdk/design_1_wrapper_hw_platform_0/ps7_init.tcl
targets -set -nocase -filter {name =~"APU*" && jtag_cable_name =~ "Xilinx TUL 1234-tulA"} -index 0
loadhw -hw D:/Documents/Vivado_data/soc_uart/soc_uart.sdk/design_1_wrapper_hw_platform_0/system.hdf -mem-ranges [list {0x40000000 0xbfffffff}]
configparams force-mem-access 1
targets -set -nocase -filter {name =~"APU*" && jtag_cable_name =~ "Xilinx TUL 1234-tulA"} -index 0
stop
ps7_init
ps7_post_config
targets -set -nocase -filter {name =~ "ARM*#0" && jtag_cable_name =~ "Xilinx TUL 1234-tulA"} -index 0
rst -processor
targets -set -nocase -filter {name =~ "ARM*#0" && jtag_cable_name =~ "Xilinx TUL 1234-tulA"} -index 0
dow D:/Documents/Vivado_data/soc_uart/soc_uart.sdk/uart_sdk/Debug/uart_sdk.elf
configparams force-mem-access 0
----------------End of Script----------------

16:02:17 INFO  : Memory regions updated for context APU
16:02:17 INFO  : Context for processor 'ps7_cortexa9_0' is selected.
16:02:17 INFO  : 'con' command is executed.
16:02:17 INFO  : ----------------XSDB Script (After Launch)----------------
targets -set -nocase -filter {name =~ "ARM*#0" && jtag_cable_name =~ "Xilinx TUL 1234-tulA"} -index 0
con
----------------End of Script----------------

16:02:17 INFO  : Launch script is exported to file 'D:\Documents\Vivado_data\soc_uart\soc_uart.sdk\.sdk\launch_scripts\xilinx_c-c++_application_(system_debugger)\system_debugger_using_debug_uart_sdk.elf_on_local.tcl'
16:02:45 INFO  : Disconnected from the channel tcfchan#37.
16:02:46 INFO  : 'targets -set -filter {jtag_cable_name =~ "Xilinx TUL 1234-tulA" && level==0} -index 1' command is executed.
16:02:46 INFO  : 'fpga -state' command is executed.
16:02:46 INFO  : Connected to target on host '127.0.0.1' and port '3121'.
16:02:47 INFO  : Jtag cable 'Xilinx TUL 1234-tulA' is selected.
16:02:47 INFO  : 'jtag frequency' command is executed.
16:02:47 INFO  : Sourcing of 'D:/Documents/Vivado_data/soc_uart/soc_uart.sdk/design_1_wrapper_hw_platform_0/ps7_init.tcl' is done.
16:02:47 INFO  : Context for 'APU' is selected.
16:02:48 INFO  : Hardware design information is loaded from 'D:/Documents/Vivado_data/soc_uart/soc_uart.sdk/design_1_wrapper_hw_platform_0/system.hdf'.
16:02:48 INFO  : 'configparams force-mem-access 1' command is executed.
16:02:48 INFO  : Context for 'APU' is selected.
16:02:48 INFO  : 'stop' command is executed.
16:02:49 INFO  : 'ps7_init' command is executed.
16:02:49 INFO  : 'ps7_post_config' command is executed.
16:02:49 INFO  : Context for processor 'ps7_cortexa9_0' is selected.
16:02:49 INFO  : Processor reset is completed for 'ps7_cortexa9_0'.
16:02:49 INFO  : Context for processor 'ps7_cortexa9_0' is selected.
16:02:49 INFO  : The application 'D:/Documents/Vivado_data/soc_uart/soc_uart.sdk/uart_sdk/Debug/uart_sdk.elf' is downloaded to processor 'ps7_cortexa9_0'.
16:02:49 INFO  : 'configparams force-mem-access 0' command is executed.
16:02:49 INFO  : ----------------XSDB Script----------------
connect -url tcp:127.0.0.1:3121
source D:/Documents/Vivado_data/soc_uart/soc_uart.sdk/design_1_wrapper_hw_platform_0/ps7_init.tcl
targets -set -nocase -filter {name =~"APU*" && jtag_cable_name =~ "Xilinx TUL 1234-tulA"} -index 0
loadhw -hw D:/Documents/Vivado_data/soc_uart/soc_uart.sdk/design_1_wrapper_hw_platform_0/system.hdf -mem-ranges [list {0x40000000 0xbfffffff}]
configparams force-mem-access 1
targets -set -nocase -filter {name =~"APU*" && jtag_cable_name =~ "Xilinx TUL 1234-tulA"} -index 0
stop
ps7_init
ps7_post_config
targets -set -nocase -filter {name =~ "ARM*#0" && jtag_cable_name =~ "Xilinx TUL 1234-tulA"} -index 0
rst -processor
targets -set -nocase -filter {name =~ "ARM*#0" && jtag_cable_name =~ "Xilinx TUL 1234-tulA"} -index 0
dow D:/Documents/Vivado_data/soc_uart/soc_uart.sdk/uart_sdk/Debug/uart_sdk.elf
configparams force-mem-access 0
----------------End of Script----------------

16:02:49 INFO  : Memory regions updated for context APU
16:02:49 INFO  : Context for processor 'ps7_cortexa9_0' is selected.
16:02:49 INFO  : 'con' command is executed.
16:02:49 INFO  : ----------------XSDB Script (After Launch)----------------
targets -set -nocase -filter {name =~ "ARM*#0" && jtag_cable_name =~ "Xilinx TUL 1234-tulA"} -index 0
con
----------------End of Script----------------

16:02:49 INFO  : Launch script is exported to file 'D:\Documents\Vivado_data\soc_uart\soc_uart.sdk\.sdk\launch_scripts\xilinx_c-c++_application_(system_debugger)\system_debugger_using_debug_uart_sdk.elf_on_local.tcl'
16:03:32 INFO  : Disconnected from the channel tcfchan#38.
16:03:33 INFO  : 'targets -set -filter {jtag_cable_name =~ "Xilinx TUL 1234-tulA" && level==0} -index 1' command is executed.
16:03:33 INFO  : 'fpga -state' command is executed.
16:03:33 INFO  : Connected to target on host '127.0.0.1' and port '3121'.
16:03:33 INFO  : Jtag cable 'Xilinx TUL 1234-tulA' is selected.
16:03:33 INFO  : 'jtag frequency' command is executed.
16:03:33 INFO  : Sourcing of 'D:/Documents/Vivado_data/soc_uart/soc_uart.sdk/design_1_wrapper_hw_platform_0/ps7_init.tcl' is done.
16:03:33 INFO  : Context for 'APU' is selected.
16:03:35 INFO  : Hardware design information is loaded from 'D:/Documents/Vivado_data/soc_uart/soc_uart.sdk/design_1_wrapper_hw_platform_0/system.hdf'.
16:03:35 INFO  : 'configparams force-mem-access 1' command is executed.
16:03:35 INFO  : Context for 'APU' is selected.
16:03:35 INFO  : 'stop' command is executed.
16:03:35 INFO  : 'ps7_init' command is executed.
16:03:35 INFO  : 'ps7_post_config' command is executed.
16:03:35 INFO  : Context for processor 'ps7_cortexa9_0' is selected.
16:03:35 INFO  : Processor reset is completed for 'ps7_cortexa9_0'.
16:03:35 INFO  : Context for processor 'ps7_cortexa9_0' is selected.
16:03:35 INFO  : The application 'D:/Documents/Vivado_data/soc_uart/soc_uart.sdk/uart_sdk/Debug/uart_sdk.elf' is downloaded to processor 'ps7_cortexa9_0'.
16:03:35 INFO  : 'configparams force-mem-access 0' command is executed.
16:03:35 INFO  : ----------------XSDB Script----------------
connect -url tcp:127.0.0.1:3121
source D:/Documents/Vivado_data/soc_uart/soc_uart.sdk/design_1_wrapper_hw_platform_0/ps7_init.tcl
targets -set -nocase -filter {name =~"APU*" && jtag_cable_name =~ "Xilinx TUL 1234-tulA"} -index 0
loadhw -hw D:/Documents/Vivado_data/soc_uart/soc_uart.sdk/design_1_wrapper_hw_platform_0/system.hdf -mem-ranges [list {0x40000000 0xbfffffff}]
configparams force-mem-access 1
targets -set -nocase -filter {name =~"APU*" && jtag_cable_name =~ "Xilinx TUL 1234-tulA"} -index 0
stop
ps7_init
ps7_post_config
targets -set -nocase -filter {name =~ "ARM*#0" && jtag_cable_name =~ "Xilinx TUL 1234-tulA"} -index 0
rst -processor
targets -set -nocase -filter {name =~ "ARM*#0" && jtag_cable_name =~ "Xilinx TUL 1234-tulA"} -index 0
dow D:/Documents/Vivado_data/soc_uart/soc_uart.sdk/uart_sdk/Debug/uart_sdk.elf
configparams force-mem-access 0
----------------End of Script----------------

16:03:35 INFO  : Memory regions updated for context APU
16:03:35 INFO  : Context for processor 'ps7_cortexa9_0' is selected.
16:03:35 INFO  : 'con' command is executed.
16:03:35 INFO  : ----------------XSDB Script (After Launch)----------------
targets -set -nocase -filter {name =~ "ARM*#0" && jtag_cable_name =~ "Xilinx TUL 1234-tulA"} -index 0
con
----------------End of Script----------------

16:03:35 INFO  : Launch script is exported to file 'D:\Documents\Vivado_data\soc_uart\soc_uart.sdk\.sdk\launch_scripts\xilinx_c-c++_application_(system_debugger)\system_debugger_using_debug_uart_sdk.elf_on_local.tcl'
16:03:55 INFO  : Disconnected from the channel tcfchan#39.
16:03:56 INFO  : 'targets -set -filter {jtag_cable_name =~ "Xilinx TUL 1234-tulA" && level==0} -index 1' command is executed.
16:03:56 INFO  : 'fpga -state' command is executed.
16:03:56 INFO  : Connected to target on host '127.0.0.1' and port '3121'.
16:03:56 INFO  : Jtag cable 'Xilinx TUL 1234-tulA' is selected.
16:03:56 INFO  : 'jtag frequency' command is executed.
16:03:56 INFO  : Sourcing of 'D:/Documents/Vivado_data/soc_uart/soc_uart.sdk/design_1_wrapper_hw_platform_0/ps7_init.tcl' is done.
16:03:56 INFO  : Context for 'APU' is selected.
16:03:58 INFO  : Hardware design information is loaded from 'D:/Documents/Vivado_data/soc_uart/soc_uart.sdk/design_1_wrapper_hw_platform_0/system.hdf'.
16:03:58 INFO  : 'configparams force-mem-access 1' command is executed.
16:03:58 INFO  : Context for 'APU' is selected.
16:03:58 INFO  : 'stop' command is executed.
16:03:58 INFO  : 'ps7_init' command is executed.
16:03:58 INFO  : 'ps7_post_config' command is executed.
16:03:58 INFO  : Context for processor 'ps7_cortexa9_0' is selected.
16:03:58 INFO  : Processor reset is completed for 'ps7_cortexa9_0'.
16:03:58 INFO  : Context for processor 'ps7_cortexa9_0' is selected.
16:03:58 INFO  : The application 'D:/Documents/Vivado_data/soc_uart/soc_uart.sdk/uart_sdk/Debug/uart_sdk.elf' is downloaded to processor 'ps7_cortexa9_0'.
16:03:58 INFO  : 'configparams force-mem-access 0' command is executed.
16:03:58 INFO  : ----------------XSDB Script----------------
connect -url tcp:127.0.0.1:3121
source D:/Documents/Vivado_data/soc_uart/soc_uart.sdk/design_1_wrapper_hw_platform_0/ps7_init.tcl
targets -set -nocase -filter {name =~"APU*" && jtag_cable_name =~ "Xilinx TUL 1234-tulA"} -index 0
loadhw -hw D:/Documents/Vivado_data/soc_uart/soc_uart.sdk/design_1_wrapper_hw_platform_0/system.hdf -mem-ranges [list {0x40000000 0xbfffffff}]
configparams force-mem-access 1
targets -set -nocase -filter {name =~"APU*" && jtag_cable_name =~ "Xilinx TUL 1234-tulA"} -index 0
stop
ps7_init
ps7_post_config
targets -set -nocase -filter {name =~ "ARM*#0" && jtag_cable_name =~ "Xilinx TUL 1234-tulA"} -index 0
rst -processor
targets -set -nocase -filter {name =~ "ARM*#0" && jtag_cable_name =~ "Xilinx TUL 1234-tulA"} -index 0
dow D:/Documents/Vivado_data/soc_uart/soc_uart.sdk/uart_sdk/Debug/uart_sdk.elf
configparams force-mem-access 0
----------------End of Script----------------

16:03:58 INFO  : Memory regions updated for context APU
16:03:58 INFO  : Context for processor 'ps7_cortexa9_0' is selected.
16:03:58 INFO  : 'con' command is executed.
16:03:58 INFO  : ----------------XSDB Script (After Launch)----------------
targets -set -nocase -filter {name =~ "ARM*#0" && jtag_cable_name =~ "Xilinx TUL 1234-tulA"} -index 0
con
----------------End of Script----------------

16:03:58 INFO  : Launch script is exported to file 'D:\Documents\Vivado_data\soc_uart\soc_uart.sdk\.sdk\launch_scripts\xilinx_c-c++_application_(system_debugger)\system_debugger_using_debug_uart_sdk.elf_on_local.tcl'
16:13:44 INFO  : Disconnected from the channel tcfchan#40.
16:13:45 INFO  : 'targets -set -filter {jtag_cable_name =~ "Xilinx TUL 1234-tulA" && level==0} -index 1' command is executed.
16:13:45 INFO  : 'fpga -state' command is executed.
16:13:45 INFO  : Connected to target on host '127.0.0.1' and port '3121'.
16:13:46 INFO  : Jtag cable 'Xilinx TUL 1234-tulA' is selected.
16:13:46 INFO  : 'jtag frequency' command is executed.
16:13:46 INFO  : Sourcing of 'D:/Documents/Vivado_data/soc_uart/soc_uart.sdk/design_1_wrapper_hw_platform_0/ps7_init.tcl' is done.
16:13:46 INFO  : Context for 'APU' is selected.
16:13:47 INFO  : Hardware design information is loaded from 'D:/Documents/Vivado_data/soc_uart/soc_uart.sdk/design_1_wrapper_hw_platform_0/system.hdf'.
16:13:47 INFO  : 'configparams force-mem-access 1' command is executed.
16:13:47 INFO  : Context for 'APU' is selected.
16:13:47 INFO  : 'stop' command is executed.
16:13:48 INFO  : 'ps7_init' command is executed.
16:13:48 INFO  : 'ps7_post_config' command is executed.
16:13:48 INFO  : Context for processor 'ps7_cortexa9_0' is selected.
16:13:48 INFO  : Processor reset is completed for 'ps7_cortexa9_0'.
16:13:48 INFO  : Context for processor 'ps7_cortexa9_0' is selected.
16:13:48 INFO  : The application 'D:/Documents/Vivado_data/soc_uart/soc_uart.sdk/uart_sdk/Debug/uart_sdk.elf' is downloaded to processor 'ps7_cortexa9_0'.
16:13:48 INFO  : 'configparams force-mem-access 0' command is executed.
16:13:48 INFO  : ----------------XSDB Script----------------
connect -url tcp:127.0.0.1:3121
source D:/Documents/Vivado_data/soc_uart/soc_uart.sdk/design_1_wrapper_hw_platform_0/ps7_init.tcl
targets -set -nocase -filter {name =~"APU*" && jtag_cable_name =~ "Xilinx TUL 1234-tulA"} -index 0
loadhw -hw D:/Documents/Vivado_data/soc_uart/soc_uart.sdk/design_1_wrapper_hw_platform_0/system.hdf -mem-ranges [list {0x40000000 0xbfffffff}]
configparams force-mem-access 1
targets -set -nocase -filter {name =~"APU*" && jtag_cable_name =~ "Xilinx TUL 1234-tulA"} -index 0
stop
ps7_init
ps7_post_config
targets -set -nocase -filter {name =~ "ARM*#0" && jtag_cable_name =~ "Xilinx TUL 1234-tulA"} -index 0
rst -processor
targets -set -nocase -filter {name =~ "ARM*#0" && jtag_cable_name =~ "Xilinx TUL 1234-tulA"} -index 0
dow D:/Documents/Vivado_data/soc_uart/soc_uart.sdk/uart_sdk/Debug/uart_sdk.elf
configparams force-mem-access 0
----------------End of Script----------------

16:13:48 INFO  : Memory regions updated for context APU
16:13:48 INFO  : Context for processor 'ps7_cortexa9_0' is selected.
16:13:48 INFO  : 'con' command is executed.
16:13:48 INFO  : ----------------XSDB Script (After Launch)----------------
targets -set -nocase -filter {name =~ "ARM*#0" && jtag_cable_name =~ "Xilinx TUL 1234-tulA"} -index 0
con
----------------End of Script----------------

16:13:48 INFO  : Launch script is exported to file 'D:\Documents\Vivado_data\soc_uart\soc_uart.sdk\.sdk\launch_scripts\xilinx_c-c++_application_(system_debugger)\system_debugger_using_debug_uart_sdk.elf_on_local.tcl'
16:14:33 INFO  : Disconnected from the channel tcfchan#41.
16:14:34 INFO  : 'targets -set -filter {jtag_cable_name =~ "Xilinx TUL 1234-tulA" && level==0} -index 1' command is executed.
16:14:34 INFO  : 'fpga -state' command is executed.
16:14:34 INFO  : Connected to target on host '127.0.0.1' and port '3121'.
16:14:34 INFO  : Jtag cable 'Xilinx TUL 1234-tulA' is selected.
16:14:34 INFO  : 'jtag frequency' command is executed.
16:14:34 INFO  : Sourcing of 'D:/Documents/Vivado_data/soc_uart/soc_uart.sdk/design_1_wrapper_hw_platform_0/ps7_init.tcl' is done.
16:14:34 INFO  : Context for 'APU' is selected.
16:14:36 INFO  : Hardware design information is loaded from 'D:/Documents/Vivado_data/soc_uart/soc_uart.sdk/design_1_wrapper_hw_platform_0/system.hdf'.
16:14:36 INFO  : 'configparams force-mem-access 1' command is executed.
16:14:36 INFO  : Context for 'APU' is selected.
16:14:36 INFO  : 'stop' command is executed.
16:14:36 INFO  : 'ps7_init' command is executed.
16:14:36 INFO  : 'ps7_post_config' command is executed.
16:14:37 INFO  : Context for processor 'ps7_cortexa9_0' is selected.
16:14:37 INFO  : Processor reset is completed for 'ps7_cortexa9_0'.
16:14:37 INFO  : Context for processor 'ps7_cortexa9_0' is selected.
16:14:37 INFO  : The application 'D:/Documents/Vivado_data/soc_uart/soc_uart.sdk/uart_sdk/Debug/uart_sdk.elf' is downloaded to processor 'ps7_cortexa9_0'.
16:14:37 INFO  : 'configparams force-mem-access 0' command is executed.
16:14:37 INFO  : ----------------XSDB Script----------------
connect -url tcp:127.0.0.1:3121
source D:/Documents/Vivado_data/soc_uart/soc_uart.sdk/design_1_wrapper_hw_platform_0/ps7_init.tcl
targets -set -nocase -filter {name =~"APU*" && jtag_cable_name =~ "Xilinx TUL 1234-tulA"} -index 0
loadhw -hw D:/Documents/Vivado_data/soc_uart/soc_uart.sdk/design_1_wrapper_hw_platform_0/system.hdf -mem-ranges [list {0x40000000 0xbfffffff}]
configparams force-mem-access 1
targets -set -nocase -filter {name =~"APU*" && jtag_cable_name =~ "Xilinx TUL 1234-tulA"} -index 0
stop
ps7_init
ps7_post_config
targets -set -nocase -filter {name =~ "ARM*#0" && jtag_cable_name =~ "Xilinx TUL 1234-tulA"} -index 0
rst -processor
targets -set -nocase -filter {name =~ "ARM*#0" && jtag_cable_name =~ "Xilinx TUL 1234-tulA"} -index 0
dow D:/Documents/Vivado_data/soc_uart/soc_uart.sdk/uart_sdk/Debug/uart_sdk.elf
configparams force-mem-access 0
----------------End of Script----------------

16:14:37 INFO  : Memory regions updated for context APU
16:14:37 INFO  : Context for processor 'ps7_cortexa9_0' is selected.
16:14:37 INFO  : 'con' command is executed.
16:14:37 INFO  : ----------------XSDB Script (After Launch)----------------
targets -set -nocase -filter {name =~ "ARM*#0" && jtag_cable_name =~ "Xilinx TUL 1234-tulA"} -index 0
con
----------------End of Script----------------

16:14:37 INFO  : Launch script is exported to file 'D:\Documents\Vivado_data\soc_uart\soc_uart.sdk\.sdk\launch_scripts\xilinx_c-c++_application_(system_debugger)\system_debugger_using_debug_uart_sdk.elf_on_local.tcl'
16:14:59 INFO  : Disconnected from the channel tcfchan#42.
16:15:00 INFO  : 'targets -set -filter {jtag_cable_name =~ "Xilinx TUL 1234-tulA" && level==0} -index 1' command is executed.
16:15:00 INFO  : 'fpga -state' command is executed.
16:15:00 INFO  : Connected to target on host '127.0.0.1' and port '3121'.
16:15:00 INFO  : Jtag cable 'Xilinx TUL 1234-tulA' is selected.
16:15:00 INFO  : 'jtag frequency' command is executed.
16:15:00 INFO  : Sourcing of 'D:/Documents/Vivado_data/soc_uart/soc_uart.sdk/design_1_wrapper_hw_platform_0/ps7_init.tcl' is done.
16:15:00 INFO  : Context for 'APU' is selected.
16:15:01 INFO  : Hardware design information is loaded from 'D:/Documents/Vivado_data/soc_uart/soc_uart.sdk/design_1_wrapper_hw_platform_0/system.hdf'.
16:15:01 INFO  : 'configparams force-mem-access 1' command is executed.
16:15:01 INFO  : Context for 'APU' is selected.
16:15:02 INFO  : 'stop' command is executed.
16:15:02 INFO  : 'ps7_init' command is executed.
16:15:02 INFO  : 'ps7_post_config' command is executed.
16:15:02 INFO  : Context for processor 'ps7_cortexa9_0' is selected.
16:15:02 INFO  : Processor reset is completed for 'ps7_cortexa9_0'.
16:15:02 INFO  : Context for processor 'ps7_cortexa9_0' is selected.
16:15:02 INFO  : The application 'D:/Documents/Vivado_data/soc_uart/soc_uart.sdk/uart_sdk/Debug/uart_sdk.elf' is downloaded to processor 'ps7_cortexa9_0'.
16:15:02 INFO  : 'configparams force-mem-access 0' command is executed.
16:15:02 INFO  : ----------------XSDB Script----------------
connect -url tcp:127.0.0.1:3121
source D:/Documents/Vivado_data/soc_uart/soc_uart.sdk/design_1_wrapper_hw_platform_0/ps7_init.tcl
targets -set -nocase -filter {name =~"APU*" && jtag_cable_name =~ "Xilinx TUL 1234-tulA"} -index 0
loadhw -hw D:/Documents/Vivado_data/soc_uart/soc_uart.sdk/design_1_wrapper_hw_platform_0/system.hdf -mem-ranges [list {0x40000000 0xbfffffff}]
configparams force-mem-access 1
targets -set -nocase -filter {name =~"APU*" && jtag_cable_name =~ "Xilinx TUL 1234-tulA"} -index 0
stop
ps7_init
ps7_post_config
targets -set -nocase -filter {name =~ "ARM*#0" && jtag_cable_name =~ "Xilinx TUL 1234-tulA"} -index 0
rst -processor
targets -set -nocase -filter {name =~ "ARM*#0" && jtag_cable_name =~ "Xilinx TUL 1234-tulA"} -index 0
dow D:/Documents/Vivado_data/soc_uart/soc_uart.sdk/uart_sdk/Debug/uart_sdk.elf
configparams force-mem-access 0
----------------End of Script----------------

16:15:02 INFO  : Memory regions updated for context APU
16:15:02 INFO  : Context for processor 'ps7_cortexa9_0' is selected.
16:15:02 INFO  : 'con' command is executed.
16:15:02 INFO  : ----------------XSDB Script (After Launch)----------------
targets -set -nocase -filter {name =~ "ARM*#0" && jtag_cable_name =~ "Xilinx TUL 1234-tulA"} -index 0
con
----------------End of Script----------------

16:15:02 INFO  : Launch script is exported to file 'D:\Documents\Vivado_data\soc_uart\soc_uart.sdk\.sdk\launch_scripts\xilinx_c-c++_application_(system_debugger)\system_debugger_using_debug_uart_sdk.elf_on_local.tcl'
16:15:14 INFO  : Disconnected from the channel tcfchan#43.
16:15:16 INFO  : 'targets -set -filter {jtag_cable_name =~ "Xilinx TUL 1234-tulA" && level==0} -index 1' command is executed.
16:15:16 INFO  : 'fpga -state' command is executed.
16:15:16 INFO  : Connected to target on host '127.0.0.1' and port '3121'.
16:15:16 INFO  : Jtag cable 'Xilinx TUL 1234-tulA' is selected.
16:15:16 INFO  : 'jtag frequency' command is executed.
16:15:16 INFO  : Sourcing of 'D:/Documents/Vivado_data/soc_uart/soc_uart.sdk/design_1_wrapper_hw_platform_0/ps7_init.tcl' is done.
16:15:16 INFO  : Context for 'APU' is selected.
16:15:18 INFO  : Hardware design information is loaded from 'D:/Documents/Vivado_data/soc_uart/soc_uart.sdk/design_1_wrapper_hw_platform_0/system.hdf'.
16:15:18 INFO  : 'configparams force-mem-access 1' command is executed.
16:15:18 INFO  : Context for 'APU' is selected.
16:15:18 INFO  : 'stop' command is executed.
16:15:18 INFO  : 'ps7_init' command is executed.
16:15:18 INFO  : 'ps7_post_config' command is executed.
16:15:18 INFO  : Context for processor 'ps7_cortexa9_0' is selected.
16:15:18 INFO  : Processor reset is completed for 'ps7_cortexa9_0'.
16:15:18 INFO  : Context for processor 'ps7_cortexa9_0' is selected.
16:15:18 INFO  : The application 'D:/Documents/Vivado_data/soc_uart/soc_uart.sdk/uart_sdk/Debug/uart_sdk.elf' is downloaded to processor 'ps7_cortexa9_0'.
16:15:18 INFO  : 'configparams force-mem-access 0' command is executed.
16:15:18 INFO  : ----------------XSDB Script----------------
connect -url tcp:127.0.0.1:3121
source D:/Documents/Vivado_data/soc_uart/soc_uart.sdk/design_1_wrapper_hw_platform_0/ps7_init.tcl
targets -set -nocase -filter {name =~"APU*" && jtag_cable_name =~ "Xilinx TUL 1234-tulA"} -index 0
loadhw -hw D:/Documents/Vivado_data/soc_uart/soc_uart.sdk/design_1_wrapper_hw_platform_0/system.hdf -mem-ranges [list {0x40000000 0xbfffffff}]
configparams force-mem-access 1
targets -set -nocase -filter {name =~"APU*" && jtag_cable_name =~ "Xilinx TUL 1234-tulA"} -index 0
stop
ps7_init
ps7_post_config
targets -set -nocase -filter {name =~ "ARM*#0" && jtag_cable_name =~ "Xilinx TUL 1234-tulA"} -index 0
rst -processor
targets -set -nocase -filter {name =~ "ARM*#0" && jtag_cable_name =~ "Xilinx TUL 1234-tulA"} -index 0
dow D:/Documents/Vivado_data/soc_uart/soc_uart.sdk/uart_sdk/Debug/uart_sdk.elf
configparams force-mem-access 0
----------------End of Script----------------

16:15:18 INFO  : Memory regions updated for context APU
16:15:18 INFO  : Context for processor 'ps7_cortexa9_0' is selected.
16:15:18 INFO  : 'con' command is executed.
16:15:18 INFO  : ----------------XSDB Script (After Launch)----------------
targets -set -nocase -filter {name =~ "ARM*#0" && jtag_cable_name =~ "Xilinx TUL 1234-tulA"} -index 0
con
----------------End of Script----------------

16:15:18 INFO  : Launch script is exported to file 'D:\Documents\Vivado_data\soc_uart\soc_uart.sdk\.sdk\launch_scripts\xilinx_c-c++_application_(system_debugger)\system_debugger_using_debug_uart_sdk.elf_on_local.tcl'
16:17:40 INFO  : Disconnected from the channel tcfchan#44.
16:17:41 INFO  : 'targets -set -filter {jtag_cable_name =~ "Xilinx TUL 1234-tulA" && level==0} -index 1' command is executed.
16:17:41 INFO  : 'fpga -state' command is executed.
16:17:41 INFO  : Connected to target on host '127.0.0.1' and port '3121'.
16:17:42 INFO  : Jtag cable 'Xilinx TUL 1234-tulA' is selected.
16:17:42 INFO  : 'jtag frequency' command is executed.
16:17:42 INFO  : Sourcing of 'D:/Documents/Vivado_data/soc_uart/soc_uart.sdk/design_1_wrapper_hw_platform_0/ps7_init.tcl' is done.
16:17:42 INFO  : Context for 'APU' is selected.
16:17:43 INFO  : Hardware design information is loaded from 'D:/Documents/Vivado_data/soc_uart/soc_uart.sdk/design_1_wrapper_hw_platform_0/system.hdf'.
16:17:43 INFO  : 'configparams force-mem-access 1' command is executed.
16:17:43 INFO  : Context for 'APU' is selected.
16:17:43 INFO  : 'stop' command is executed.
16:17:44 INFO  : 'ps7_init' command is executed.
16:17:44 INFO  : 'ps7_post_config' command is executed.
16:17:44 INFO  : Context for processor 'ps7_cortexa9_0' is selected.
16:17:44 INFO  : Processor reset is completed for 'ps7_cortexa9_0'.
16:17:44 INFO  : Context for processor 'ps7_cortexa9_0' is selected.
16:17:44 INFO  : The application 'D:/Documents/Vivado_data/soc_uart/soc_uart.sdk/uart_sdk/Debug/uart_sdk.elf' is downloaded to processor 'ps7_cortexa9_0'.
16:17:44 INFO  : 'configparams force-mem-access 0' command is executed.
16:17:44 INFO  : ----------------XSDB Script----------------
connect -url tcp:127.0.0.1:3121
source D:/Documents/Vivado_data/soc_uart/soc_uart.sdk/design_1_wrapper_hw_platform_0/ps7_init.tcl
targets -set -nocase -filter {name =~"APU*" && jtag_cable_name =~ "Xilinx TUL 1234-tulA"} -index 0
loadhw -hw D:/Documents/Vivado_data/soc_uart/soc_uart.sdk/design_1_wrapper_hw_platform_0/system.hdf -mem-ranges [list {0x40000000 0xbfffffff}]
configparams force-mem-access 1
targets -set -nocase -filter {name =~"APU*" && jtag_cable_name =~ "Xilinx TUL 1234-tulA"} -index 0
stop
ps7_init
ps7_post_config
targets -set -nocase -filter {name =~ "ARM*#0" && jtag_cable_name =~ "Xilinx TUL 1234-tulA"} -index 0
rst -processor
targets -set -nocase -filter {name =~ "ARM*#0" && jtag_cable_name =~ "Xilinx TUL 1234-tulA"} -index 0
dow D:/Documents/Vivado_data/soc_uart/soc_uart.sdk/uart_sdk/Debug/uart_sdk.elf
configparams force-mem-access 0
----------------End of Script----------------

16:17:44 INFO  : Memory regions updated for context APU
16:17:44 INFO  : Context for processor 'ps7_cortexa9_0' is selected.
16:17:44 INFO  : 'con' command is executed.
16:17:44 INFO  : ----------------XSDB Script (After Launch)----------------
targets -set -nocase -filter {name =~ "ARM*#0" && jtag_cable_name =~ "Xilinx TUL 1234-tulA"} -index 0
con
----------------End of Script----------------

16:17:44 INFO  : Launch script is exported to file 'D:\Documents\Vivado_data\soc_uart\soc_uart.sdk\.sdk\launch_scripts\xilinx_c-c++_application_(system_debugger)\system_debugger_using_debug_uart_sdk.elf_on_local.tcl'
16:18:56 INFO  : Disconnected from the channel tcfchan#45.
16:18:57 INFO  : 'targets -set -filter {jtag_cable_name =~ "Xilinx TUL 1234-tulA" && level==0} -index 1' command is executed.
16:18:57 INFO  : 'fpga -state' command is executed.
16:18:57 INFO  : Connected to target on host '127.0.0.1' and port '3121'.
16:18:58 INFO  : Jtag cable 'Xilinx TUL 1234-tulA' is selected.
16:18:58 INFO  : 'jtag frequency' command is executed.
16:18:58 INFO  : Sourcing of 'D:/Documents/Vivado_data/soc_uart/soc_uart.sdk/design_1_wrapper_hw_platform_0/ps7_init.tcl' is done.
16:18:58 INFO  : Context for 'APU' is selected.
16:18:59 INFO  : Hardware design information is loaded from 'D:/Documents/Vivado_data/soc_uart/soc_uart.sdk/design_1_wrapper_hw_platform_0/system.hdf'.
16:18:59 INFO  : 'configparams force-mem-access 1' command is executed.
16:18:59 INFO  : Context for 'APU' is selected.
16:18:59 INFO  : 'stop' command is executed.
16:19:00 INFO  : 'ps7_init' command is executed.
16:19:00 INFO  : 'ps7_post_config' command is executed.
16:19:00 INFO  : Context for processor 'ps7_cortexa9_0' is selected.
16:19:00 INFO  : Processor reset is completed for 'ps7_cortexa9_0'.
16:19:00 INFO  : Context for processor 'ps7_cortexa9_0' is selected.
16:19:00 INFO  : The application 'D:/Documents/Vivado_data/soc_uart/soc_uart.sdk/uart_sdk/Debug/uart_sdk.elf' is downloaded to processor 'ps7_cortexa9_0'.
16:19:00 INFO  : 'configparams force-mem-access 0' command is executed.
16:19:00 INFO  : ----------------XSDB Script----------------
connect -url tcp:127.0.0.1:3121
source D:/Documents/Vivado_data/soc_uart/soc_uart.sdk/design_1_wrapper_hw_platform_0/ps7_init.tcl
targets -set -nocase -filter {name =~"APU*" && jtag_cable_name =~ "Xilinx TUL 1234-tulA"} -index 0
loadhw -hw D:/Documents/Vivado_data/soc_uart/soc_uart.sdk/design_1_wrapper_hw_platform_0/system.hdf -mem-ranges [list {0x40000000 0xbfffffff}]
configparams force-mem-access 1
targets -set -nocase -filter {name =~"APU*" && jtag_cable_name =~ "Xilinx TUL 1234-tulA"} -index 0
stop
ps7_init
ps7_post_config
targets -set -nocase -filter {name =~ "ARM*#0" && jtag_cable_name =~ "Xilinx TUL 1234-tulA"} -index 0
rst -processor
targets -set -nocase -filter {name =~ "ARM*#0" && jtag_cable_name =~ "Xilinx TUL 1234-tulA"} -index 0
dow D:/Documents/Vivado_data/soc_uart/soc_uart.sdk/uart_sdk/Debug/uart_sdk.elf
configparams force-mem-access 0
----------------End of Script----------------

16:19:00 INFO  : Memory regions updated for context APU
16:19:00 INFO  : Context for processor 'ps7_cortexa9_0' is selected.
16:19:00 INFO  : 'con' command is executed.
16:19:00 INFO  : ----------------XSDB Script (After Launch)----------------
targets -set -nocase -filter {name =~ "ARM*#0" && jtag_cable_name =~ "Xilinx TUL 1234-tulA"} -index 0
con
----------------End of Script----------------

16:19:00 INFO  : Launch script is exported to file 'D:\Documents\Vivado_data\soc_uart\soc_uart.sdk\.sdk\launch_scripts\xilinx_c-c++_application_(system_debugger)\system_debugger_using_debug_uart_sdk.elf_on_local.tcl'
16:19:20 INFO  : Disconnected from the channel tcfchan#46.
16:19:21 INFO  : 'targets -set -filter {jtag_cable_name =~ "Xilinx TUL 1234-tulA" && level==0} -index 1' command is executed.
16:19:21 INFO  : 'fpga -state' command is executed.
16:19:21 INFO  : Connected to target on host '127.0.0.1' and port '3121'.
16:19:21 INFO  : Jtag cable 'Xilinx TUL 1234-tulA' is selected.
16:19:21 INFO  : 'jtag frequency' command is executed.
16:19:21 INFO  : Sourcing of 'D:/Documents/Vivado_data/soc_uart/soc_uart.sdk/design_1_wrapper_hw_platform_0/ps7_init.tcl' is done.
16:19:21 INFO  : Context for 'APU' is selected.
16:19:23 INFO  : Hardware design information is loaded from 'D:/Documents/Vivado_data/soc_uart/soc_uart.sdk/design_1_wrapper_hw_platform_0/system.hdf'.
16:19:23 INFO  : 'configparams force-mem-access 1' command is executed.
16:19:23 INFO  : Context for 'APU' is selected.
16:19:23 INFO  : 'stop' command is executed.
16:19:23 INFO  : 'ps7_init' command is executed.
16:19:23 INFO  : 'ps7_post_config' command is executed.
16:19:23 INFO  : Context for processor 'ps7_cortexa9_0' is selected.
16:19:23 INFO  : Processor reset is completed for 'ps7_cortexa9_0'.
16:19:23 INFO  : Context for processor 'ps7_cortexa9_0' is selected.
16:19:23 INFO  : The application 'D:/Documents/Vivado_data/soc_uart/soc_uart.sdk/uart_sdk/Debug/uart_sdk.elf' is downloaded to processor 'ps7_cortexa9_0'.
16:19:23 INFO  : 'configparams force-mem-access 0' command is executed.
16:19:23 INFO  : ----------------XSDB Script----------------
connect -url tcp:127.0.0.1:3121
source D:/Documents/Vivado_data/soc_uart/soc_uart.sdk/design_1_wrapper_hw_platform_0/ps7_init.tcl
targets -set -nocase -filter {name =~"APU*" && jtag_cable_name =~ "Xilinx TUL 1234-tulA"} -index 0
loadhw -hw D:/Documents/Vivado_data/soc_uart/soc_uart.sdk/design_1_wrapper_hw_platform_0/system.hdf -mem-ranges [list {0x40000000 0xbfffffff}]
configparams force-mem-access 1
targets -set -nocase -filter {name =~"APU*" && jtag_cable_name =~ "Xilinx TUL 1234-tulA"} -index 0
stop
ps7_init
ps7_post_config
targets -set -nocase -filter {name =~ "ARM*#0" && jtag_cable_name =~ "Xilinx TUL 1234-tulA"} -index 0
rst -processor
targets -set -nocase -filter {name =~ "ARM*#0" && jtag_cable_name =~ "Xilinx TUL 1234-tulA"} -index 0
dow D:/Documents/Vivado_data/soc_uart/soc_uart.sdk/uart_sdk/Debug/uart_sdk.elf
configparams force-mem-access 0
----------------End of Script----------------

16:19:23 INFO  : Memory regions updated for context APU
16:19:23 INFO  : Context for processor 'ps7_cortexa9_0' is selected.
16:19:23 INFO  : 'con' command is executed.
16:19:23 INFO  : ----------------XSDB Script (After Launch)----------------
targets -set -nocase -filter {name =~ "ARM*#0" && jtag_cable_name =~ "Xilinx TUL 1234-tulA"} -index 0
con
----------------End of Script----------------

16:19:23 INFO  : Launch script is exported to file 'D:\Documents\Vivado_data\soc_uart\soc_uart.sdk\.sdk\launch_scripts\xilinx_c-c++_application_(system_debugger)\system_debugger_using_debug_uart_sdk.elf_on_local.tcl'
16:19:41 INFO  : Disconnected from the channel tcfchan#47.
16:19:42 INFO  : 'targets -set -filter {jtag_cable_name =~ "Xilinx TUL 1234-tulA" && level==0} -index 1' command is executed.
16:19:42 INFO  : 'fpga -state' command is executed.
16:19:42 INFO  : Connected to target on host '127.0.0.1' and port '3121'.
16:19:42 INFO  : Jtag cable 'Xilinx TUL 1234-tulA' is selected.
16:19:42 INFO  : 'jtag frequency' command is executed.
16:19:42 INFO  : Sourcing of 'D:/Documents/Vivado_data/soc_uart/soc_uart.sdk/design_1_wrapper_hw_platform_0/ps7_init.tcl' is done.
16:19:42 INFO  : Context for 'APU' is selected.
16:19:44 INFO  : Hardware design information is loaded from 'D:/Documents/Vivado_data/soc_uart/soc_uart.sdk/design_1_wrapper_hw_platform_0/system.hdf'.
16:19:44 INFO  : 'configparams force-mem-access 1' command is executed.
16:19:44 INFO  : Context for 'APU' is selected.
16:19:44 INFO  : 'stop' command is executed.
16:19:44 INFO  : 'ps7_init' command is executed.
16:19:44 INFO  : 'ps7_post_config' command is executed.
16:19:44 INFO  : Context for processor 'ps7_cortexa9_0' is selected.
16:19:44 INFO  : Processor reset is completed for 'ps7_cortexa9_0'.
16:19:44 INFO  : Context for processor 'ps7_cortexa9_0' is selected.
16:19:44 INFO  : The application 'D:/Documents/Vivado_data/soc_uart/soc_uart.sdk/uart_sdk/Debug/uart_sdk.elf' is downloaded to processor 'ps7_cortexa9_0'.
16:19:44 INFO  : 'configparams force-mem-access 0' command is executed.
16:19:44 INFO  : ----------------XSDB Script----------------
connect -url tcp:127.0.0.1:3121
source D:/Documents/Vivado_data/soc_uart/soc_uart.sdk/design_1_wrapper_hw_platform_0/ps7_init.tcl
targets -set -nocase -filter {name =~"APU*" && jtag_cable_name =~ "Xilinx TUL 1234-tulA"} -index 0
loadhw -hw D:/Documents/Vivado_data/soc_uart/soc_uart.sdk/design_1_wrapper_hw_platform_0/system.hdf -mem-ranges [list {0x40000000 0xbfffffff}]
configparams force-mem-access 1
targets -set -nocase -filter {name =~"APU*" && jtag_cable_name =~ "Xilinx TUL 1234-tulA"} -index 0
stop
ps7_init
ps7_post_config
targets -set -nocase -filter {name =~ "ARM*#0" && jtag_cable_name =~ "Xilinx TUL 1234-tulA"} -index 0
rst -processor
targets -set -nocase -filter {name =~ "ARM*#0" && jtag_cable_name =~ "Xilinx TUL 1234-tulA"} -index 0
dow D:/Documents/Vivado_data/soc_uart/soc_uart.sdk/uart_sdk/Debug/uart_sdk.elf
configparams force-mem-access 0
----------------End of Script----------------

16:19:44 INFO  : Memory regions updated for context APU
16:19:44 INFO  : Context for processor 'ps7_cortexa9_0' is selected.
16:19:44 INFO  : 'con' command is executed.
16:19:44 INFO  : ----------------XSDB Script (After Launch)----------------
targets -set -nocase -filter {name =~ "ARM*#0" && jtag_cable_name =~ "Xilinx TUL 1234-tulA"} -index 0
con
----------------End of Script----------------

16:19:44 INFO  : Launch script is exported to file 'D:\Documents\Vivado_data\soc_uart\soc_uart.sdk\.sdk\launch_scripts\xilinx_c-c++_application_(system_debugger)\system_debugger_using_debug_uart_sdk.elf_on_local.tcl'
16:22:27 INFO  : Disconnected from the channel tcfchan#48.
16:22:28 INFO  : 'targets -set -filter {jtag_cable_name =~ "Xilinx TUL 1234-tulA" && level==0} -index 1' command is executed.
16:22:28 INFO  : 'fpga -state' command is executed.
16:22:28 INFO  : Connected to target on host '127.0.0.1' and port '3121'.
16:22:28 INFO  : Jtag cable 'Xilinx TUL 1234-tulA' is selected.
16:22:28 INFO  : 'jtag frequency' command is executed.
16:22:28 INFO  : Sourcing of 'D:/Documents/Vivado_data/soc_uart/soc_uart.sdk/design_1_wrapper_hw_platform_0/ps7_init.tcl' is done.
16:22:28 INFO  : Context for 'APU' is selected.
16:22:30 INFO  : Hardware design information is loaded from 'D:/Documents/Vivado_data/soc_uart/soc_uart.sdk/design_1_wrapper_hw_platform_0/system.hdf'.
16:22:30 INFO  : 'configparams force-mem-access 1' command is executed.
16:22:30 INFO  : Context for 'APU' is selected.
16:22:30 INFO  : 'stop' command is executed.
16:22:30 INFO  : 'ps7_init' command is executed.
16:22:30 INFO  : 'ps7_post_config' command is executed.
16:22:30 INFO  : Context for processor 'ps7_cortexa9_0' is selected.
16:22:30 INFO  : Processor reset is completed for 'ps7_cortexa9_0'.
16:22:30 INFO  : Context for processor 'ps7_cortexa9_0' is selected.
16:22:31 INFO  : The application 'D:/Documents/Vivado_data/soc_uart/soc_uart.sdk/uart_sdk/Debug/uart_sdk.elf' is downloaded to processor 'ps7_cortexa9_0'.
16:22:31 INFO  : 'configparams force-mem-access 0' command is executed.
16:22:31 INFO  : ----------------XSDB Script----------------
connect -url tcp:127.0.0.1:3121
source D:/Documents/Vivado_data/soc_uart/soc_uart.sdk/design_1_wrapper_hw_platform_0/ps7_init.tcl
targets -set -nocase -filter {name =~"APU*" && jtag_cable_name =~ "Xilinx TUL 1234-tulA"} -index 0
loadhw -hw D:/Documents/Vivado_data/soc_uart/soc_uart.sdk/design_1_wrapper_hw_platform_0/system.hdf -mem-ranges [list {0x40000000 0xbfffffff}]
configparams force-mem-access 1
targets -set -nocase -filter {name =~"APU*" && jtag_cable_name =~ "Xilinx TUL 1234-tulA"} -index 0
stop
ps7_init
ps7_post_config
targets -set -nocase -filter {name =~ "ARM*#0" && jtag_cable_name =~ "Xilinx TUL 1234-tulA"} -index 0
rst -processor
targets -set -nocase -filter {name =~ "ARM*#0" && jtag_cable_name =~ "Xilinx TUL 1234-tulA"} -index 0
dow D:/Documents/Vivado_data/soc_uart/soc_uart.sdk/uart_sdk/Debug/uart_sdk.elf
configparams force-mem-access 0
----------------End of Script----------------

16:22:31 INFO  : Memory regions updated for context APU
16:22:31 INFO  : Context for processor 'ps7_cortexa9_0' is selected.
16:22:31 INFO  : 'con' command is executed.
16:22:31 INFO  : ----------------XSDB Script (After Launch)----------------
targets -set -nocase -filter {name =~ "ARM*#0" && jtag_cable_name =~ "Xilinx TUL 1234-tulA"} -index 0
con
----------------End of Script----------------

16:22:31 INFO  : Launch script is exported to file 'D:\Documents\Vivado_data\soc_uart\soc_uart.sdk\.sdk\launch_scripts\xilinx_c-c++_application_(system_debugger)\system_debugger_using_debug_uart_sdk.elf_on_local.tcl'
16:29:31 INFO  : Disconnected from the channel tcfchan#49.
16:29:32 INFO  : 'targets -set -filter {jtag_cable_name =~ "Xilinx TUL 1234-tulA" && level==0} -index 1' command is executed.
16:29:32 INFO  : 'fpga -state' command is executed.
16:29:32 INFO  : Connected to target on host '127.0.0.1' and port '3121'.
16:29:32 INFO  : Jtag cable 'Xilinx TUL 1234-tulA' is selected.
16:29:32 INFO  : 'jtag frequency' command is executed.
16:29:32 INFO  : Sourcing of 'D:/Documents/Vivado_data/soc_uart/soc_uart.sdk/design_1_wrapper_hw_platform_0/ps7_init.tcl' is done.
16:29:32 INFO  : Context for 'APU' is selected.
16:29:34 INFO  : Hardware design information is loaded from 'D:/Documents/Vivado_data/soc_uart/soc_uart.sdk/design_1_wrapper_hw_platform_0/system.hdf'.
16:29:34 INFO  : 'configparams force-mem-access 1' command is executed.
16:29:34 INFO  : Context for 'APU' is selected.
16:29:34 INFO  : 'stop' command is executed.
16:29:34 INFO  : 'ps7_init' command is executed.
16:29:34 INFO  : 'ps7_post_config' command is executed.
16:29:34 INFO  : Context for processor 'ps7_cortexa9_0' is selected.
16:29:34 INFO  : Processor reset is completed for 'ps7_cortexa9_0'.
16:29:34 INFO  : Context for processor 'ps7_cortexa9_0' is selected.
16:29:35 INFO  : The application 'D:/Documents/Vivado_data/soc_uart/soc_uart.sdk/uart_sdk/Debug/uart_sdk.elf' is downloaded to processor 'ps7_cortexa9_0'.
16:29:35 INFO  : 'configparams force-mem-access 0' command is executed.
16:29:35 INFO  : ----------------XSDB Script----------------
connect -url tcp:127.0.0.1:3121
source D:/Documents/Vivado_data/soc_uart/soc_uart.sdk/design_1_wrapper_hw_platform_0/ps7_init.tcl
targets -set -nocase -filter {name =~"APU*" && jtag_cable_name =~ "Xilinx TUL 1234-tulA"} -index 0
loadhw -hw D:/Documents/Vivado_data/soc_uart/soc_uart.sdk/design_1_wrapper_hw_platform_0/system.hdf -mem-ranges [list {0x40000000 0xbfffffff}]
configparams force-mem-access 1
targets -set -nocase -filter {name =~"APU*" && jtag_cable_name =~ "Xilinx TUL 1234-tulA"} -index 0
stop
ps7_init
ps7_post_config
targets -set -nocase -filter {name =~ "ARM*#0" && jtag_cable_name =~ "Xilinx TUL 1234-tulA"} -index 0
rst -processor
targets -set -nocase -filter {name =~ "ARM*#0" && jtag_cable_name =~ "Xilinx TUL 1234-tulA"} -index 0
dow D:/Documents/Vivado_data/soc_uart/soc_uart.sdk/uart_sdk/Debug/uart_sdk.elf
configparams force-mem-access 0
----------------End of Script----------------

16:29:35 INFO  : Memory regions updated for context APU
16:29:35 INFO  : Context for processor 'ps7_cortexa9_0' is selected.
16:29:35 INFO  : 'con' command is executed.
16:29:35 INFO  : ----------------XSDB Script (After Launch)----------------
targets -set -nocase -filter {name =~ "ARM*#0" && jtag_cable_name =~ "Xilinx TUL 1234-tulA"} -index 0
con
----------------End of Script----------------

16:29:35 INFO  : Launch script is exported to file 'D:\Documents\Vivado_data\soc_uart\soc_uart.sdk\.sdk\launch_scripts\xilinx_c-c++_application_(system_debugger)\system_debugger_using_debug_uart_sdk.elf_on_local.tcl'
16:33:51 INFO  : Disconnected from the channel tcfchan#50.
16:33:52 INFO  : 'targets -set -filter {jtag_cable_name =~ "Xilinx TUL 1234-tulA" && level==0} -index 1' command is executed.
16:33:52 INFO  : 'fpga -state' command is executed.
16:33:52 INFO  : Connected to target on host '127.0.0.1' and port '3121'.
16:33:53 INFO  : Jtag cable 'Xilinx TUL 1234-tulA' is selected.
16:33:53 INFO  : 'jtag frequency' command is executed.
16:33:53 INFO  : Sourcing of 'D:/Documents/Vivado_data/soc_uart/soc_uart.sdk/design_1_wrapper_hw_platform_0/ps7_init.tcl' is done.
16:33:53 INFO  : Context for 'APU' is selected.
16:33:54 INFO  : Hardware design information is loaded from 'D:/Documents/Vivado_data/soc_uart/soc_uart.sdk/design_1_wrapper_hw_platform_0/system.hdf'.
16:33:54 INFO  : 'configparams force-mem-access 1' command is executed.
16:33:54 INFO  : Context for 'APU' is selected.
16:33:54 INFO  : 'stop' command is executed.
16:33:55 INFO  : 'ps7_init' command is executed.
16:33:55 INFO  : 'ps7_post_config' command is executed.
16:33:55 INFO  : Context for processor 'ps7_cortexa9_0' is selected.
16:33:55 INFO  : Processor reset is completed for 'ps7_cortexa9_0'.
16:33:55 INFO  : Context for processor 'ps7_cortexa9_0' is selected.
16:33:55 INFO  : The application 'D:/Documents/Vivado_data/soc_uart/soc_uart.sdk/uart_sdk/Debug/uart_sdk.elf' is downloaded to processor 'ps7_cortexa9_0'.
16:33:55 INFO  : 'configparams force-mem-access 0' command is executed.
16:33:55 INFO  : ----------------XSDB Script----------------
connect -url tcp:127.0.0.1:3121
source D:/Documents/Vivado_data/soc_uart/soc_uart.sdk/design_1_wrapper_hw_platform_0/ps7_init.tcl
targets -set -nocase -filter {name =~"APU*" && jtag_cable_name =~ "Xilinx TUL 1234-tulA"} -index 0
loadhw -hw D:/Documents/Vivado_data/soc_uart/soc_uart.sdk/design_1_wrapper_hw_platform_0/system.hdf -mem-ranges [list {0x40000000 0xbfffffff}]
configparams force-mem-access 1
targets -set -nocase -filter {name =~"APU*" && jtag_cable_name =~ "Xilinx TUL 1234-tulA"} -index 0
stop
ps7_init
ps7_post_config
targets -set -nocase -filter {name =~ "ARM*#0" && jtag_cable_name =~ "Xilinx TUL 1234-tulA"} -index 0
rst -processor
targets -set -nocase -filter {name =~ "ARM*#0" && jtag_cable_name =~ "Xilinx TUL 1234-tulA"} -index 0
dow D:/Documents/Vivado_data/soc_uart/soc_uart.sdk/uart_sdk/Debug/uart_sdk.elf
configparams force-mem-access 0
----------------End of Script----------------

16:33:55 INFO  : Memory regions updated for context APU
16:33:55 INFO  : Context for processor 'ps7_cortexa9_0' is selected.
16:33:55 INFO  : 'con' command is executed.
16:33:55 INFO  : ----------------XSDB Script (After Launch)----------------
targets -set -nocase -filter {name =~ "ARM*#0" && jtag_cable_name =~ "Xilinx TUL 1234-tulA"} -index 0
con
----------------End of Script----------------

16:33:55 INFO  : Launch script is exported to file 'D:\Documents\Vivado_data\soc_uart\soc_uart.sdk\.sdk\launch_scripts\xilinx_c-c++_application_(system_debugger)\system_debugger_using_debug_uart_sdk.elf_on_local.tcl'
16:34:14 INFO  : Disconnected from the channel tcfchan#51.
16:34:15 INFO  : 'targets -set -filter {jtag_cable_name =~ "Xilinx TUL 1234-tulA" && level==0} -index 1' command is executed.
16:34:15 INFO  : 'fpga -state' command is executed.
16:34:15 INFO  : Connected to target on host '127.0.0.1' and port '3121'.
16:34:15 INFO  : Jtag cable 'Xilinx TUL 1234-tulA' is selected.
16:34:15 INFO  : 'jtag frequency' command is executed.
16:34:15 INFO  : Sourcing of 'D:/Documents/Vivado_data/soc_uart/soc_uart.sdk/design_1_wrapper_hw_platform_0/ps7_init.tcl' is done.
16:34:15 INFO  : Context for 'APU' is selected.
16:34:17 INFO  : Hardware design information is loaded from 'D:/Documents/Vivado_data/soc_uart/soc_uart.sdk/design_1_wrapper_hw_platform_0/system.hdf'.
16:34:17 INFO  : 'configparams force-mem-access 1' command is executed.
16:34:17 INFO  : Context for 'APU' is selected.
16:34:17 INFO  : 'stop' command is executed.
16:34:17 INFO  : 'ps7_init' command is executed.
16:34:17 INFO  : 'ps7_post_config' command is executed.
16:34:17 INFO  : Context for processor 'ps7_cortexa9_0' is selected.
16:34:17 INFO  : Processor reset is completed for 'ps7_cortexa9_0'.
16:34:17 INFO  : Context for processor 'ps7_cortexa9_0' is selected.
16:34:17 INFO  : The application 'D:/Documents/Vivado_data/soc_uart/soc_uart.sdk/uart_sdk/Debug/uart_sdk.elf' is downloaded to processor 'ps7_cortexa9_0'.
16:34:17 INFO  : 'configparams force-mem-access 0' command is executed.
16:34:17 INFO  : ----------------XSDB Script----------------
connect -url tcp:127.0.0.1:3121
source D:/Documents/Vivado_data/soc_uart/soc_uart.sdk/design_1_wrapper_hw_platform_0/ps7_init.tcl
targets -set -nocase -filter {name =~"APU*" && jtag_cable_name =~ "Xilinx TUL 1234-tulA"} -index 0
loadhw -hw D:/Documents/Vivado_data/soc_uart/soc_uart.sdk/design_1_wrapper_hw_platform_0/system.hdf -mem-ranges [list {0x40000000 0xbfffffff}]
configparams force-mem-access 1
targets -set -nocase -filter {name =~"APU*" && jtag_cable_name =~ "Xilinx TUL 1234-tulA"} -index 0
stop
ps7_init
ps7_post_config
targets -set -nocase -filter {name =~ "ARM*#0" && jtag_cable_name =~ "Xilinx TUL 1234-tulA"} -index 0
rst -processor
targets -set -nocase -filter {name =~ "ARM*#0" && jtag_cable_name =~ "Xilinx TUL 1234-tulA"} -index 0
dow D:/Documents/Vivado_data/soc_uart/soc_uart.sdk/uart_sdk/Debug/uart_sdk.elf
configparams force-mem-access 0
----------------End of Script----------------

16:34:17 INFO  : Memory regions updated for context APU
16:34:17 INFO  : Context for processor 'ps7_cortexa9_0' is selected.
16:34:18 INFO  : 'con' command is executed.
16:34:18 INFO  : ----------------XSDB Script (After Launch)----------------
targets -set -nocase -filter {name =~ "ARM*#0" && jtag_cable_name =~ "Xilinx TUL 1234-tulA"} -index 0
con
----------------End of Script----------------

16:34:18 INFO  : Launch script is exported to file 'D:\Documents\Vivado_data\soc_uart\soc_uart.sdk\.sdk\launch_scripts\xilinx_c-c++_application_(system_debugger)\system_debugger_using_debug_uart_sdk.elf_on_local.tcl'
16:38:40 INFO  : Disconnected from the channel tcfchan#52.
16:38:41 INFO  : 'targets -set -filter {jtag_cable_name =~ "Xilinx TUL 1234-tulA" && level==0} -index 1' command is executed.
16:38:41 INFO  : 'fpga -state' command is executed.
16:38:41 INFO  : Connected to target on host '127.0.0.1' and port '3121'.
16:38:41 INFO  : Jtag cable 'Xilinx TUL 1234-tulA' is selected.
16:38:41 INFO  : 'jtag frequency' command is executed.
16:38:41 INFO  : Sourcing of 'D:/Documents/Vivado_data/soc_uart/soc_uart.sdk/design_1_wrapper_hw_platform_0/ps7_init.tcl' is done.
16:38:41 INFO  : Context for 'APU' is selected.
16:38:43 INFO  : Hardware design information is loaded from 'D:/Documents/Vivado_data/soc_uart/soc_uart.sdk/design_1_wrapper_hw_platform_0/system.hdf'.
16:38:43 INFO  : 'configparams force-mem-access 1' command is executed.
16:38:43 INFO  : Context for 'APU' is selected.
16:38:43 INFO  : 'stop' command is executed.
16:38:43 INFO  : 'ps7_init' command is executed.
16:38:43 INFO  : 'ps7_post_config' command is executed.
16:38:43 INFO  : Context for processor 'ps7_cortexa9_0' is selected.
16:38:43 INFO  : Processor reset is completed for 'ps7_cortexa9_0'.
16:38:43 INFO  : Context for processor 'ps7_cortexa9_0' is selected.
16:38:43 INFO  : The application 'D:/Documents/Vivado_data/soc_uart/soc_uart.sdk/uart_sdk/Debug/uart_sdk.elf' is downloaded to processor 'ps7_cortexa9_0'.
16:38:43 INFO  : 'configparams force-mem-access 0' command is executed.
16:38:43 INFO  : ----------------XSDB Script----------------
connect -url tcp:127.0.0.1:3121
source D:/Documents/Vivado_data/soc_uart/soc_uart.sdk/design_1_wrapper_hw_platform_0/ps7_init.tcl
targets -set -nocase -filter {name =~"APU*" && jtag_cable_name =~ "Xilinx TUL 1234-tulA"} -index 0
loadhw -hw D:/Documents/Vivado_data/soc_uart/soc_uart.sdk/design_1_wrapper_hw_platform_0/system.hdf -mem-ranges [list {0x40000000 0xbfffffff}]
configparams force-mem-access 1
targets -set -nocase -filter {name =~"APU*" && jtag_cable_name =~ "Xilinx TUL 1234-tulA"} -index 0
stop
ps7_init
ps7_post_config
targets -set -nocase -filter {name =~ "ARM*#0" && jtag_cable_name =~ "Xilinx TUL 1234-tulA"} -index 0
rst -processor
targets -set -nocase -filter {name =~ "ARM*#0" && jtag_cable_name =~ "Xilinx TUL 1234-tulA"} -index 0
dow D:/Documents/Vivado_data/soc_uart/soc_uart.sdk/uart_sdk/Debug/uart_sdk.elf
configparams force-mem-access 0
----------------End of Script----------------

16:38:43 INFO  : Memory regions updated for context APU
16:38:43 INFO  : Context for processor 'ps7_cortexa9_0' is selected.
16:38:43 INFO  : 'con' command is executed.
16:38:43 INFO  : ----------------XSDB Script (After Launch)----------------
targets -set -nocase -filter {name =~ "ARM*#0" && jtag_cable_name =~ "Xilinx TUL 1234-tulA"} -index 0
con
----------------End of Script----------------

16:38:43 INFO  : Launch script is exported to file 'D:\Documents\Vivado_data\soc_uart\soc_uart.sdk\.sdk\launch_scripts\xilinx_c-c++_application_(system_debugger)\system_debugger_using_debug_uart_sdk.elf_on_local.tcl'
16:40:07 INFO  : Disconnected from the channel tcfchan#53.
16:40:08 INFO  : 'targets -set -filter {jtag_cable_name =~ "Xilinx TUL 1234-tulA" && level==0} -index 1' command is executed.
16:40:08 INFO  : 'fpga -state' command is executed.
16:40:08 INFO  : Connected to target on host '127.0.0.1' and port '3121'.
16:40:08 INFO  : Jtag cable 'Xilinx TUL 1234-tulA' is selected.
16:40:08 INFO  : 'jtag frequency' command is executed.
16:40:08 INFO  : Sourcing of 'D:/Documents/Vivado_data/soc_uart/soc_uart.sdk/design_1_wrapper_hw_platform_0/ps7_init.tcl' is done.
16:40:08 INFO  : Context for 'APU' is selected.
16:40:09 INFO  : Hardware design information is loaded from 'D:/Documents/Vivado_data/soc_uart/soc_uart.sdk/design_1_wrapper_hw_platform_0/system.hdf'.
16:40:09 INFO  : 'configparams force-mem-access 1' command is executed.
16:40:09 INFO  : Context for 'APU' is selected.
16:40:09 INFO  : 'stop' command is executed.
16:40:10 INFO  : 'ps7_init' command is executed.
16:40:10 INFO  : 'ps7_post_config' command is executed.
16:40:10 INFO  : Context for processor 'ps7_cortexa9_0' is selected.
16:40:10 INFO  : Processor reset is completed for 'ps7_cortexa9_0'.
16:40:10 INFO  : Context for processor 'ps7_cortexa9_0' is selected.
16:40:10 INFO  : The application 'D:/Documents/Vivado_data/soc_uart/soc_uart.sdk/uart_sdk/Debug/uart_sdk.elf' is downloaded to processor 'ps7_cortexa9_0'.
16:40:10 INFO  : 'configparams force-mem-access 0' command is executed.
16:40:10 INFO  : ----------------XSDB Script----------------
connect -url tcp:127.0.0.1:3121
source D:/Documents/Vivado_data/soc_uart/soc_uart.sdk/design_1_wrapper_hw_platform_0/ps7_init.tcl
targets -set -nocase -filter {name =~"APU*" && jtag_cable_name =~ "Xilinx TUL 1234-tulA"} -index 0
loadhw -hw D:/Documents/Vivado_data/soc_uart/soc_uart.sdk/design_1_wrapper_hw_platform_0/system.hdf -mem-ranges [list {0x40000000 0xbfffffff}]
configparams force-mem-access 1
targets -set -nocase -filter {name =~"APU*" && jtag_cable_name =~ "Xilinx TUL 1234-tulA"} -index 0
stop
ps7_init
ps7_post_config
targets -set -nocase -filter {name =~ "ARM*#0" && jtag_cable_name =~ "Xilinx TUL 1234-tulA"} -index 0
rst -processor
targets -set -nocase -filter {name =~ "ARM*#0" && jtag_cable_name =~ "Xilinx TUL 1234-tulA"} -index 0
dow D:/Documents/Vivado_data/soc_uart/soc_uart.sdk/uart_sdk/Debug/uart_sdk.elf
configparams force-mem-access 0
----------------End of Script----------------

16:40:10 INFO  : Memory regions updated for context APU
16:40:10 INFO  : Context for processor 'ps7_cortexa9_0' is selected.
16:40:10 INFO  : 'con' command is executed.
16:40:10 INFO  : ----------------XSDB Script (After Launch)----------------
targets -set -nocase -filter {name =~ "ARM*#0" && jtag_cable_name =~ "Xilinx TUL 1234-tulA"} -index 0
con
----------------End of Script----------------

16:40:10 INFO  : Launch script is exported to file 'D:\Documents\Vivado_data\soc_uart\soc_uart.sdk\.sdk\launch_scripts\xilinx_c-c++_application_(system_debugger)\system_debugger_using_debug_uart_sdk.elf_on_local.tcl'
16:44:29 INFO  : Disconnected from the channel tcfchan#54.
16:44:30 INFO  : 'targets -set -filter {jtag_cable_name =~ "Xilinx TUL 1234-tulA" && level==0} -index 1' command is executed.
16:44:30 INFO  : 'fpga -state' command is executed.
16:44:30 INFO  : Connected to target on host '127.0.0.1' and port '3121'.
16:44:30 INFO  : Jtag cable 'Xilinx TUL 1234-tulA' is selected.
16:44:30 INFO  : 'jtag frequency' command is executed.
16:44:30 INFO  : Sourcing of 'D:/Documents/Vivado_data/soc_uart/soc_uart.sdk/design_1_wrapper_hw_platform_0/ps7_init.tcl' is done.
16:44:30 INFO  : Context for 'APU' is selected.
16:44:32 INFO  : Hardware design information is loaded from 'D:/Documents/Vivado_data/soc_uart/soc_uart.sdk/design_1_wrapper_hw_platform_0/system.hdf'.
16:44:32 INFO  : 'configparams force-mem-access 1' command is executed.
16:44:32 INFO  : Context for 'APU' is selected.
16:44:32 INFO  : 'stop' command is executed.
16:44:32 INFO  : 'ps7_init' command is executed.
16:44:32 INFO  : 'ps7_post_config' command is executed.
16:44:32 INFO  : Context for processor 'ps7_cortexa9_0' is selected.
16:44:32 INFO  : Processor reset is completed for 'ps7_cortexa9_0'.
16:44:32 INFO  : Context for processor 'ps7_cortexa9_0' is selected.
16:44:32 INFO  : The application 'D:/Documents/Vivado_data/soc_uart/soc_uart.sdk/uart_sdk/Debug/uart_sdk.elf' is downloaded to processor 'ps7_cortexa9_0'.
16:44:32 INFO  : 'configparams force-mem-access 0' command is executed.
16:44:32 INFO  : ----------------XSDB Script----------------
connect -url tcp:127.0.0.1:3121
source D:/Documents/Vivado_data/soc_uart/soc_uart.sdk/design_1_wrapper_hw_platform_0/ps7_init.tcl
targets -set -nocase -filter {name =~"APU*" && jtag_cable_name =~ "Xilinx TUL 1234-tulA"} -index 0
loadhw -hw D:/Documents/Vivado_data/soc_uart/soc_uart.sdk/design_1_wrapper_hw_platform_0/system.hdf -mem-ranges [list {0x40000000 0xbfffffff}]
configparams force-mem-access 1
targets -set -nocase -filter {name =~"APU*" && jtag_cable_name =~ "Xilinx TUL 1234-tulA"} -index 0
stop
ps7_init
ps7_post_config
targets -set -nocase -filter {name =~ "ARM*#0" && jtag_cable_name =~ "Xilinx TUL 1234-tulA"} -index 0
rst -processor
targets -set -nocase -filter {name =~ "ARM*#0" && jtag_cable_name =~ "Xilinx TUL 1234-tulA"} -index 0
dow D:/Documents/Vivado_data/soc_uart/soc_uart.sdk/uart_sdk/Debug/uart_sdk.elf
configparams force-mem-access 0
----------------End of Script----------------

16:44:32 INFO  : Memory regions updated for context APU
16:44:32 INFO  : Context for processor 'ps7_cortexa9_0' is selected.
16:44:32 INFO  : 'con' command is executed.
16:44:32 INFO  : ----------------XSDB Script (After Launch)----------------
targets -set -nocase -filter {name =~ "ARM*#0" && jtag_cable_name =~ "Xilinx TUL 1234-tulA"} -index 0
con
----------------End of Script----------------

16:44:32 INFO  : Launch script is exported to file 'D:\Documents\Vivado_data\soc_uart\soc_uart.sdk\.sdk\launch_scripts\xilinx_c-c++_application_(system_debugger)\system_debugger_using_debug_uart_sdk.elf_on_local.tcl'
17:03:13 INFO  : SDK has detected change in the last modified timestamps for source hardware specification file Source:1748336535838,  Project:1748330702051
17:03:13 INFO  : Project design_1_wrapper_hw_platform_0's source hardware specification located at D:/Documents/Vivado_data/soc_uart/soc_uart.sdk/design_1_wrapper.hdf is now different from the local copy.
		 The local copy will be replaced with the source specification and your workspace will be updated.
17:03:46 INFO  : Copied contents of D:/Documents/Vivado_data/soc_uart/soc_uart.sdk/design_1_wrapper.hdf into \design_1_wrapper_hw_platform_0\system.hdf.
17:03:51 INFO  : Synchronizing projects in the workspace with the hardware platform specification changes.
17:03:52 INFO  : 
17:03:53 INFO  : Updating hardware inferred compiler options for uart_sdk.
17:03:53 INFO  : Clearing existing target manager status.
17:05:00 INFO  : Disconnected from the channel tcfchan#55.
17:05:01 INFO  : 'targets -set -filter {jtag_cable_name =~ "Xilinx TUL 1234-tulA" && level==0} -index 1' command is executed.
17:05:01 INFO  : 'fpga -state' command is executed.
17:05:01 INFO  : Connected to target on host '127.0.0.1' and port '3121'.
17:05:01 INFO  : Jtag cable 'Xilinx TUL 1234-tulA' is selected.
17:05:01 INFO  : 'jtag frequency' command is executed.
17:05:01 INFO  : Sourcing of 'D:/Documents/Vivado_data/soc_uart/soc_uart.sdk/design_1_wrapper_hw_platform_0/ps7_init.tcl' is done.
17:05:01 INFO  : Context for 'APU' is selected.
17:05:01 INFO  : Hardware design information is loaded from 'D:/Documents/Vivado_data/soc_uart/soc_uart.sdk/design_1_wrapper_hw_platform_0/system.hdf'.
17:05:01 INFO  : 'configparams force-mem-access 1' command is executed.
17:05:01 INFO  : Context for 'APU' is selected.
17:05:01 INFO  : 'stop' command is executed.
17:05:01 INFO  : 'ps7_init' command is executed.
17:05:01 INFO  : 'ps7_post_config' command is executed.
17:05:01 INFO  : Context for processor 'ps7_cortexa9_0' is selected.
17:05:01 INFO  : Processor reset is completed for 'ps7_cortexa9_0'.
17:05:01 INFO  : Context for processor 'ps7_cortexa9_0' is selected.
17:05:01 INFO  : The application 'D:/Documents/Vivado_data/soc_uart/soc_uart.sdk/uart_sdk/Debug/uart_sdk.elf' is downloaded to processor 'ps7_cortexa9_0'.
17:05:01 INFO  : 'configparams force-mem-access 0' command is executed.
17:05:01 INFO  : ----------------XSDB Script----------------
connect -url tcp:127.0.0.1:3121
source D:/Documents/Vivado_data/soc_uart/soc_uart.sdk/design_1_wrapper_hw_platform_0/ps7_init.tcl
targets -set -nocase -filter {name =~"APU*" && jtag_cable_name =~ "Xilinx TUL 1234-tulA"} -index 0
loadhw -hw D:/Documents/Vivado_data/soc_uart/soc_uart.sdk/design_1_wrapper_hw_platform_0/system.hdf -mem-ranges [list {0x40000000 0xbfffffff}]
configparams force-mem-access 1
targets -set -nocase -filter {name =~"APU*" && jtag_cable_name =~ "Xilinx TUL 1234-tulA"} -index 0
stop
ps7_init
ps7_post_config
targets -set -nocase -filter {name =~ "ARM*#0" && jtag_cable_name =~ "Xilinx TUL 1234-tulA"} -index 0
rst -processor
targets -set -nocase -filter {name =~ "ARM*#0" && jtag_cable_name =~ "Xilinx TUL 1234-tulA"} -index 0
dow D:/Documents/Vivado_data/soc_uart/soc_uart.sdk/uart_sdk/Debug/uart_sdk.elf
configparams force-mem-access 0
----------------End of Script----------------

17:05:01 INFO  : Memory regions updated for context APU
17:05:01 INFO  : Context for processor 'ps7_cortexa9_0' is selected.
17:05:02 INFO  : 'con' command is executed.
17:05:02 INFO  : ----------------XSDB Script (After Launch)----------------
targets -set -nocase -filter {name =~ "ARM*#0" && jtag_cable_name =~ "Xilinx TUL 1234-tulA"} -index 0
con
----------------End of Script----------------

17:05:02 INFO  : Launch script is exported to file 'D:\Documents\Vivado_data\soc_uart\soc_uart.sdk\.sdk\launch_scripts\xilinx_c-c++_application_(system_debugger)\system_debugger_using_debug_uart_sdk.elf_on_local.tcl'
17:05:19 INFO  : Disconnected from the channel tcfchan#56.
17:05:28 INFO  : Registering command handlers for SDK TCF services
17:05:28 INFO  : Launching XSCT server: xsct.bat -interactive D:\Documents\Vivado_data\soc_uart\soc_uart.sdk\temp_xsdb_launch_script.tcl
17:05:31 INFO  : XSCT server has started successfully.
17:05:31 INFO  : Successfully done setting XSCT server connection channel  
17:05:31 INFO  : Successfully done setting SDK workspace  
17:05:31 INFO  : Processing command line option -hwspec D:/Documents/Vivado_data/soc_uart/soc_uart.sdk/design_1_wrapper.hdf.
17:05:31 INFO  : Checking for hwspec changes in the project design_1_wrapper_hw_platform_0.
17:06:25 INFO  : 'targets -set -filter {jtag_cable_name =~ "Xilinx TUL 1234-tulA" && level==0} -index 1' command is executed.
17:06:25 INFO  : 'fpga -state' command is executed.
17:06:25 INFO  : Connected to target on host '127.0.0.1' and port '3121'.
17:06:26 INFO  : Jtag cable 'Xilinx TUL 1234-tulA' is selected.
17:06:26 INFO  : 'jtag frequency' command is executed.
17:06:26 INFO  : Sourcing of 'D:/Documents/Vivado_data/soc_uart/soc_uart.sdk/design_1_wrapper_hw_platform_0/ps7_init.tcl' is done.
17:06:26 INFO  : Context for 'APU' is selected.
17:06:26 INFO  : Hardware design information is loaded from 'D:/Documents/Vivado_data/soc_uart/soc_uart.sdk/design_1_wrapper_hw_platform_0/system.hdf'.
17:06:26 INFO  : 'configparams force-mem-access 1' command is executed.
17:06:26 INFO  : Context for 'APU' is selected.
17:06:26 INFO  : 'stop' command is executed.
17:06:28 INFO  : 'ps7_init' command is executed.
17:06:28 INFO  : 'ps7_post_config' command is executed.
17:06:28 INFO  : Context for processor 'ps7_cortexa9_0' is selected.
17:06:28 INFO  : Processor reset is completed for 'ps7_cortexa9_0'.
17:06:28 INFO  : Context for processor 'ps7_cortexa9_0' is selected.
17:06:30 ERROR : Memory write error at 0x100000. APB AP transaction error, DAP status f0000021
17:06:30 INFO  : ----------------XSDB Script----------------
connect -url tcp:127.0.0.1:3121
source D:/Documents/Vivado_data/soc_uart/soc_uart.sdk/design_1_wrapper_hw_platform_0/ps7_init.tcl
targets -set -nocase -filter {name =~"APU*" && jtag_cable_name =~ "Xilinx TUL 1234-tulA"} -index 0
loadhw -hw D:/Documents/Vivado_data/soc_uart/soc_uart.sdk/design_1_wrapper_hw_platform_0/system.hdf -mem-ranges [list {0x40000000 0xbfffffff}]
configparams force-mem-access 1
targets -set -nocase -filter {name =~"APU*" && jtag_cable_name =~ "Xilinx TUL 1234-tulA"} -index 0
stop
ps7_init
ps7_post_config
targets -set -nocase -filter {name =~ "ARM*#0" && jtag_cable_name =~ "Xilinx TUL 1234-tulA"} -index 0
rst -processor
targets -set -nocase -filter {name =~ "ARM*#0" && jtag_cable_name =~ "Xilinx TUL 1234-tulA"} -index 0
dow D:/Documents/Vivado_data/soc_uart/soc_uart.sdk/uart_sdk/Debug/uart_sdk.elf
----------------End of Script----------------

17:09:40 INFO  : 'targets -set -filter {jtag_cable_name =~ "Xilinx TUL 1234-tulA" && level==0} -index 1' command is executed.
17:09:40 INFO  : 'fpga -state' command is executed.
17:09:40 INFO  : Connected to target on host '127.0.0.1' and port '3121'.
17:09:41 INFO  : Jtag cable 'Xilinx TUL 1234-tulA' is selected.
17:09:41 INFO  : 'jtag frequency' command is executed.
17:09:41 INFO  : Sourcing of 'D:/Documents/Vivado_data/soc_uart/soc_uart.sdk/design_1_wrapper_hw_platform_0/ps7_init.tcl' is done.
17:09:41 INFO  : Context for 'APU' is selected.
17:09:41 INFO  : Hardware design information is loaded from 'D:/Documents/Vivado_data/soc_uart/soc_uart.sdk/design_1_wrapper_hw_platform_0/system.hdf'.
17:09:41 INFO  : 'configparams force-mem-access 1' command is executed.
17:09:41 INFO  : Context for 'APU' is selected.
17:09:41 INFO  : 'stop' command is executed.
17:09:41 ERROR : AP transaction error, DAP status f0000021
17:09:41 INFO  : ----------------XSDB Script----------------
connect -url tcp:127.0.0.1:3121
source D:/Documents/Vivado_data/soc_uart/soc_uart.sdk/design_1_wrapper_hw_platform_0/ps7_init.tcl
targets -set -nocase -filter {name =~"APU*" && jtag_cable_name =~ "Xilinx TUL 1234-tulA"} -index 0
loadhw -hw D:/Documents/Vivado_data/soc_uart/soc_uart.sdk/design_1_wrapper_hw_platform_0/system.hdf -mem-ranges [list {0x40000000 0xbfffffff}]
configparams force-mem-access 1
targets -set -nocase -filter {name =~"APU*" && jtag_cable_name =~ "Xilinx TUL 1234-tulA"} -index 0
stop
ps7_init
----------------End of Script----------------

17:11:41 INFO  : 'targets -set -filter {jtag_cable_name =~ "Xilinx TUL 1234-tulA" && level==0} -index 1' command is executed.
17:11:41 INFO  : 'fpga -state' command is executed.
17:11:41 INFO  : Connected to target on host '127.0.0.1' and port '3121'.
17:11:41 INFO  : Jtag cable 'Xilinx TUL 1234-tulA' is selected.
17:11:41 INFO  : 'jtag frequency' command is executed.
17:11:41 INFO  : Sourcing of 'D:/Documents/Vivado_data/soc_uart/soc_uart.sdk/design_1_wrapper_hw_platform_0/ps7_init.tcl' is done.
17:11:41 INFO  : Context for 'APU' is selected.
17:11:41 INFO  : Hardware design information is loaded from 'D:/Documents/Vivado_data/soc_uart/soc_uart.sdk/design_1_wrapper_hw_platform_0/system.hdf'.
17:11:41 INFO  : 'configparams force-mem-access 1' command is executed.
17:11:41 INFO  : Context for 'APU' is selected.
17:11:41 INFO  : 'stop' command is executed.
17:11:41 ERROR : AP transaction error, DAP status f0000021
17:11:41 INFO  : ----------------XSDB Script----------------
connect -url tcp:127.0.0.1:3121
source D:/Documents/Vivado_data/soc_uart/soc_uart.sdk/design_1_wrapper_hw_platform_0/ps7_init.tcl
targets -set -nocase -filter {name =~"APU*" && jtag_cable_name =~ "Xilinx TUL 1234-tulA"} -index 0
loadhw -hw D:/Documents/Vivado_data/soc_uart/soc_uart.sdk/design_1_wrapper_hw_platform_0/system.hdf -mem-ranges [list {0x40000000 0xbfffffff}]
configparams force-mem-access 1
targets -set -nocase -filter {name =~"APU*" && jtag_cable_name =~ "Xilinx TUL 1234-tulA"} -index 0
stop
ps7_init
----------------End of Script----------------

17:13:49 INFO  : 'targets -set -filter {jtag_cable_name =~ "Xilinx TUL 1234-tulA" && level==0} -index 1' command is executed.
17:13:49 INFO  : 'fpga -state' command is executed.
17:13:49 INFO  : Connected to target on host '127.0.0.1' and port '3121'.
17:13:50 INFO  : Jtag cable 'Xilinx TUL 1234-tulA' is selected.
17:13:50 INFO  : 'jtag frequency' command is executed.
17:13:50 INFO  : Sourcing of 'D:/Documents/Vivado_data/soc_uart/soc_uart.sdk/design_1_wrapper_hw_platform_0/ps7_init.tcl' is done.
17:13:50 INFO  : Context for 'APU' is selected.
17:13:50 INFO  : Hardware design information is loaded from 'D:/Documents/Vivado_data/soc_uart/soc_uart.sdk/design_1_wrapper_hw_platform_0/system.hdf'.
17:13:50 INFO  : 'configparams force-mem-access 1' command is executed.
17:13:50 INFO  : Context for 'APU' is selected.
17:13:50 INFO  : 'stop' command is executed.
17:13:50 INFO  : 'ps7_init' command is executed.
17:13:50 INFO  : 'ps7_post_config' command is executed.
17:13:50 INFO  : Context for processor 'ps7_cortexa9_0' is selected.
17:13:50 INFO  : Processor reset is completed for 'ps7_cortexa9_0'.
17:13:50 INFO  : Context for processor 'ps7_cortexa9_0' is selected.
17:13:50 INFO  : The application 'D:/Documents/Vivado_data/soc_uart/soc_uart.sdk/uart_sdk2/Debug/uart_sdk2.elf' is downloaded to processor 'ps7_cortexa9_0'.
17:13:50 INFO  : 'configparams force-mem-access 0' command is executed.
17:13:50 INFO  : ----------------XSDB Script----------------
connect -url tcp:127.0.0.1:3121
source D:/Documents/Vivado_data/soc_uart/soc_uart.sdk/design_1_wrapper_hw_platform_0/ps7_init.tcl
targets -set -nocase -filter {name =~"APU*" && jtag_cable_name =~ "Xilinx TUL 1234-tulA"} -index 0
loadhw -hw D:/Documents/Vivado_data/soc_uart/soc_uart.sdk/design_1_wrapper_hw_platform_0/system.hdf -mem-ranges [list {0x40000000 0xbfffffff}]
configparams force-mem-access 1
targets -set -nocase -filter {name =~"APU*" && jtag_cable_name =~ "Xilinx TUL 1234-tulA"} -index 0
stop
ps7_init
ps7_post_config
targets -set -nocase -filter {name =~ "ARM*#0" && jtag_cable_name =~ "Xilinx TUL 1234-tulA"} -index 0
rst -processor
targets -set -nocase -filter {name =~ "ARM*#0" && jtag_cable_name =~ "Xilinx TUL 1234-tulA"} -index 0
dow D:/Documents/Vivado_data/soc_uart/soc_uart.sdk/uart_sdk2/Debug/uart_sdk2.elf
configparams force-mem-access 0
----------------End of Script----------------

17:13:50 INFO  : Memory regions updated for context APU
17:13:50 INFO  : Context for processor 'ps7_cortexa9_0' is selected.
17:13:50 INFO  : 'con' command is executed.
17:13:50 INFO  : ----------------XSDB Script (After Launch)----------------
targets -set -nocase -filter {name =~ "ARM*#0" && jtag_cable_name =~ "Xilinx TUL 1234-tulA"} -index 0
con
----------------End of Script----------------

17:13:50 INFO  : Launch script is exported to file 'D:\Documents\Vivado_data\soc_uart\soc_uart.sdk\.sdk\launch_scripts\xilinx_c-c++_application_(system_debugger)\system_debugger_using_debug_uart_sdk2.elf_on_local.tcl'
17:14:14 INFO  : Disconnected from the channel tcfchan#1.
17:14:15 INFO  : 'targets -set -filter {jtag_cable_name =~ "Xilinx TUL 1234-tulA" && level==0} -index 1' command is executed.
17:14:15 INFO  : 'fpga -state' command is executed.
17:14:15 INFO  : Connected to target on host '127.0.0.1' and port '3121'.
17:14:15 INFO  : Jtag cable 'Xilinx TUL 1234-tulA' is selected.
17:14:15 INFO  : 'jtag frequency' command is executed.
17:14:15 INFO  : Sourcing of 'D:/Documents/Vivado_data/soc_uart/soc_uart.sdk/design_1_wrapper_hw_platform_0/ps7_init.tcl' is done.
17:14:15 INFO  : Context for 'APU' is selected.
17:14:16 INFO  : Hardware design information is loaded from 'D:/Documents/Vivado_data/soc_uart/soc_uart.sdk/design_1_wrapper_hw_platform_0/system.hdf'.
17:14:16 INFO  : 'configparams force-mem-access 1' command is executed.
17:14:16 INFO  : Context for 'APU' is selected.
17:14:16 INFO  : 'stop' command is executed.
17:14:17 INFO  : 'ps7_init' command is executed.
17:14:17 INFO  : 'ps7_post_config' command is executed.
17:14:17 INFO  : Context for processor 'ps7_cortexa9_0' is selected.
17:14:17 INFO  : Processor reset is completed for 'ps7_cortexa9_0'.
17:14:17 INFO  : Context for processor 'ps7_cortexa9_0' is selected.
17:14:17 INFO  : The application 'D:/Documents/Vivado_data/soc_uart/soc_uart.sdk/uart_sdk2/Debug/uart_sdk2.elf' is downloaded to processor 'ps7_cortexa9_0'.
17:14:17 INFO  : 'configparams force-mem-access 0' command is executed.
17:14:17 INFO  : ----------------XSDB Script----------------
connect -url tcp:127.0.0.1:3121
source D:/Documents/Vivado_data/soc_uart/soc_uart.sdk/design_1_wrapper_hw_platform_0/ps7_init.tcl
targets -set -nocase -filter {name =~"APU*" && jtag_cable_name =~ "Xilinx TUL 1234-tulA"} -index 0
loadhw -hw D:/Documents/Vivado_data/soc_uart/soc_uart.sdk/design_1_wrapper_hw_platform_0/system.hdf -mem-ranges [list {0x40000000 0xbfffffff}]
configparams force-mem-access 1
targets -set -nocase -filter {name =~"APU*" && jtag_cable_name =~ "Xilinx TUL 1234-tulA"} -index 0
stop
ps7_init
ps7_post_config
targets -set -nocase -filter {name =~ "ARM*#0" && jtag_cable_name =~ "Xilinx TUL 1234-tulA"} -index 0
rst -processor
targets -set -nocase -filter {name =~ "ARM*#0" && jtag_cable_name =~ "Xilinx TUL 1234-tulA"} -index 0
dow D:/Documents/Vivado_data/soc_uart/soc_uart.sdk/uart_sdk2/Debug/uart_sdk2.elf
configparams force-mem-access 0
----------------End of Script----------------

17:14:17 INFO  : Memory regions updated for context APU
17:14:17 INFO  : Context for processor 'ps7_cortexa9_0' is selected.
17:14:17 INFO  : 'con' command is executed.
17:14:17 INFO  : ----------------XSDB Script (After Launch)----------------
targets -set -nocase -filter {name =~ "ARM*#0" && jtag_cable_name =~ "Xilinx TUL 1234-tulA"} -index 0
con
----------------End of Script----------------

17:14:17 INFO  : Launch script is exported to file 'D:\Documents\Vivado_data\soc_uart\soc_uart.sdk\.sdk\launch_scripts\xilinx_c-c++_application_(system_debugger)\system_debugger_using_debug_uart_sdk2.elf_on_local.tcl'
17:14:34 INFO  : Disconnected from the channel tcfchan#2.
17:14:47 INFO  : Registering command handlers for SDK TCF services
17:14:47 INFO  : Launching XSCT server: xsct.bat -interactive D:\Documents\Vivado_data\soc_uart\soc_uart.sdk\temp_xsdb_launch_script.tcl
17:14:48 INFO  : XSCT server has started successfully.
17:14:48 INFO  : Successfully done setting XSCT server connection channel  
17:14:48 INFO  : Successfully done setting SDK workspace  
17:14:48 INFO  : Processing command line option -hwspec D:/Documents/Vivado_data/soc_uart/soc_uart.sdk/design_1_wrapper.hdf.
17:14:48 INFO  : Checking for hwspec changes in the project design_1_wrapper_hw_platform_0.
17:16:16 INFO  : 'targets -set -filter {jtag_cable_name =~ "Xilinx TUL 1234-tulA" && level==0} -index 1' command is executed.
17:16:16 INFO  : 'fpga -state' command is executed.
17:16:16 INFO  : Connected to target on host '127.0.0.1' and port '3121'.
17:16:16 INFO  : Jtag cable 'Xilinx TUL 1234-tulA' is selected.
17:16:16 INFO  : 'jtag frequency' command is executed.
17:16:16 INFO  : Sourcing of 'D:/Documents/Vivado_data/soc_uart/soc_uart.sdk/design_1_wrapper_hw_platform_0/ps7_init.tcl' is done.
17:16:16 INFO  : Context for 'APU' is selected.
17:16:16 INFO  : Hardware design information is loaded from 'D:/Documents/Vivado_data/soc_uart/soc_uart.sdk/design_1_wrapper_hw_platform_0/system.hdf'.
17:16:16 INFO  : 'configparams force-mem-access 1' command is executed.
17:16:16 INFO  : Context for 'APU' is selected.
17:16:17 INFO  : 'stop' command is executed.
17:16:17 INFO  : 'ps7_init' command is executed.
17:16:17 INFO  : 'ps7_post_config' command is executed.
17:16:17 INFO  : Context for processor 'ps7_cortexa9_0' is selected.
17:16:17 INFO  : Processor reset is completed for 'ps7_cortexa9_0'.
17:16:17 INFO  : Context for processor 'ps7_cortexa9_0' is selected.
17:16:17 INFO  : The application 'D:/Documents/Vivado_data/soc_uart/soc_uart.sdk/uart_sdk2/Debug/uart_sdk2.elf' is downloaded to processor 'ps7_cortexa9_0'.
17:16:17 INFO  : 'configparams force-mem-access 0' command is executed.
17:16:17 INFO  : ----------------XSDB Script----------------
connect -url tcp:127.0.0.1:3121
source D:/Documents/Vivado_data/soc_uart/soc_uart.sdk/design_1_wrapper_hw_platform_0/ps7_init.tcl
targets -set -nocase -filter {name =~"APU*" && jtag_cable_name =~ "Xilinx TUL 1234-tulA"} -index 0
loadhw -hw D:/Documents/Vivado_data/soc_uart/soc_uart.sdk/design_1_wrapper_hw_platform_0/system.hdf -mem-ranges [list {0x40000000 0xbfffffff}]
configparams force-mem-access 1
targets -set -nocase -filter {name =~"APU*" && jtag_cable_name =~ "Xilinx TUL 1234-tulA"} -index 0
stop
ps7_init
ps7_post_config
targets -set -nocase -filter {name =~ "ARM*#0" && jtag_cable_name =~ "Xilinx TUL 1234-tulA"} -index 0
rst -processor
targets -set -nocase -filter {name =~ "ARM*#0" && jtag_cable_name =~ "Xilinx TUL 1234-tulA"} -index 0
dow D:/Documents/Vivado_data/soc_uart/soc_uart.sdk/uart_sdk2/Debug/uart_sdk2.elf
configparams force-mem-access 0
----------------End of Script----------------

17:16:17 INFO  : Memory regions updated for context APU
17:16:17 INFO  : Context for processor 'ps7_cortexa9_0' is selected.
17:16:17 INFO  : 'con' command is executed.
17:16:17 INFO  : ----------------XSDB Script (After Launch)----------------
targets -set -nocase -filter {name =~ "ARM*#0" && jtag_cable_name =~ "Xilinx TUL 1234-tulA"} -index 0
con
----------------End of Script----------------

17:16:17 INFO  : Launch script is exported to file 'D:\Documents\Vivado_data\soc_uart\soc_uart.sdk\.sdk\launch_scripts\xilinx_c-c++_application_(system_debugger)\system_debugger_using_debug_uart_sdk2.elf_on_local.tcl'
17:17:54 INFO  : Disconnected from the channel tcfchan#1.
17:17:55 INFO  : 'targets -set -filter {jtag_cable_name =~ "Xilinx TUL 1234-tulA" && level==0} -index 1' command is executed.
17:17:55 INFO  : 'fpga -state' command is executed.
17:17:55 INFO  : Connected to target on host '127.0.0.1' and port '3121'.
17:17:55 INFO  : Jtag cable 'Xilinx TUL 1234-tulA' is selected.
17:17:55 INFO  : 'jtag frequency' command is executed.
17:17:55 INFO  : Sourcing of 'D:/Documents/Vivado_data/soc_uart/soc_uart.sdk/design_1_wrapper_hw_platform_0/ps7_init.tcl' is done.
17:17:55 INFO  : Context for 'APU' is selected.
17:17:56 INFO  : Hardware design information is loaded from 'D:/Documents/Vivado_data/soc_uart/soc_uart.sdk/design_1_wrapper_hw_platform_0/system.hdf'.
17:17:56 INFO  : 'configparams force-mem-access 1' command is executed.
17:17:57 INFO  : Context for 'APU' is selected.
17:17:57 INFO  : 'stop' command is executed.
17:17:57 INFO  : 'ps7_init' command is executed.
17:17:57 INFO  : 'ps7_post_config' command is executed.
17:17:57 INFO  : Context for processor 'ps7_cortexa9_0' is selected.
17:17:57 INFO  : Processor reset is completed for 'ps7_cortexa9_0'.
17:17:57 INFO  : Context for processor 'ps7_cortexa9_0' is selected.
17:17:57 INFO  : The application 'D:/Documents/Vivado_data/soc_uart/soc_uart.sdk/uart_sdk2/Debug/uart_sdk2.elf' is downloaded to processor 'ps7_cortexa9_0'.
17:17:57 INFO  : 'configparams force-mem-access 0' command is executed.
17:17:57 INFO  : ----------------XSDB Script----------------
connect -url tcp:127.0.0.1:3121
source D:/Documents/Vivado_data/soc_uart/soc_uart.sdk/design_1_wrapper_hw_platform_0/ps7_init.tcl
targets -set -nocase -filter {name =~"APU*" && jtag_cable_name =~ "Xilinx TUL 1234-tulA"} -index 0
loadhw -hw D:/Documents/Vivado_data/soc_uart/soc_uart.sdk/design_1_wrapper_hw_platform_0/system.hdf -mem-ranges [list {0x40000000 0xbfffffff}]
configparams force-mem-access 1
targets -set -nocase -filter {name =~"APU*" && jtag_cable_name =~ "Xilinx TUL 1234-tulA"} -index 0
stop
ps7_init
ps7_post_config
targets -set -nocase -filter {name =~ "ARM*#0" && jtag_cable_name =~ "Xilinx TUL 1234-tulA"} -index 0
rst -processor
targets -set -nocase -filter {name =~ "ARM*#0" && jtag_cable_name =~ "Xilinx TUL 1234-tulA"} -index 0
dow D:/Documents/Vivado_data/soc_uart/soc_uart.sdk/uart_sdk2/Debug/uart_sdk2.elf
configparams force-mem-access 0
----------------End of Script----------------

17:17:57 INFO  : Memory regions updated for context APU
17:17:57 INFO  : Context for processor 'ps7_cortexa9_0' is selected.
17:17:57 INFO  : 'con' command is executed.
17:17:57 INFO  : ----------------XSDB Script (After Launch)----------------
targets -set -nocase -filter {name =~ "ARM*#0" && jtag_cable_name =~ "Xilinx TUL 1234-tulA"} -index 0
con
----------------End of Script----------------

17:17:57 INFO  : Launch script is exported to file 'D:\Documents\Vivado_data\soc_uart\soc_uart.sdk\.sdk\launch_scripts\xilinx_c-c++_application_(system_debugger)\system_debugger_using_debug_uart_sdk2.elf_on_local.tcl'
18:23:42 INFO  : Disconnected from the channel tcfchan#2.
21:51:37 INFO  : Registering command handlers for SDK TCF services
21:51:38 INFO  : Launching XSCT server: xsct.bat -interactive D:\Documents\Vivado_data\soc_uart\soc_uart.sdk\temp_xsdb_launch_script.tcl
21:51:40 INFO  : XSCT server has started successfully.
21:51:43 INFO  : Successfully done setting XSCT server connection channel  
21:51:43 INFO  : Successfully done setting SDK workspace  
21:51:43 INFO  : Processing command line option -hwspec D:/Documents/Vivado_data/soc_uart/soc_uart.sdk/design_1_wrapper.hdf.
21:51:44 INFO  : Checking for hwspec changes in the project design_1_wrapper_hw_platform_0.
21:51:48 INFO  : SDK has detected change in the last modified timestamps for source hardware specification file Source:1748353724895,  Project:1748336535838
21:51:48 INFO  : The hardware specification for project 'design_1_wrapper_hw_platform_0' is different from D:/Documents/Vivado_data/soc_uart/soc_uart.sdk/design_1_wrapper.hdf.
21:51:48 INFO  : Copied contents of D:/Documents/Vivado_data/soc_uart/soc_uart.sdk/design_1_wrapper.hdf into \design_1_wrapper_hw_platform_0\system.hdf.
21:51:51 INFO  : Synchronizing projects in the workspace with the hardware platform specification changes.
21:51:53 INFO  : 
21:51:54 INFO  : Updating hardware inferred compiler options for uart_sdk2.
21:51:54 INFO  : Clearing existing target manager status.
21:52:12 INFO  : 'targets -set -filter {jtag_cable_name =~ "Xilinx TUL 1234-tulA" && level==0} -index 1' command is executed.
21:52:12 INFO  : 'fpga -state' command is executed.
21:52:12 INFO  : Connected to target on host '127.0.0.1' and port '3121'.
21:52:12 INFO  : Jtag cable 'Xilinx TUL 1234-tulA' is selected.
21:52:12 INFO  : 'jtag frequency' command is executed.
21:52:12 INFO  : Sourcing of 'D:/Documents/Vivado_data/soc_uart/soc_uart.sdk/design_1_wrapper_hw_platform_0/ps7_init.tcl' is done.
21:52:12 INFO  : Context for 'APU' is selected.
21:52:12 INFO  : Hardware design information is loaded from 'D:/Documents/Vivado_data/soc_uart/soc_uart.sdk/design_1_wrapper_hw_platform_0/system.hdf'.
21:52:12 INFO  : 'configparams force-mem-access 1' command is executed.
21:52:12 INFO  : Context for 'APU' is selected.
21:52:13 INFO  : 'stop' command is executed.
21:52:13 INFO  : 'ps7_init' command is executed.
21:52:13 INFO  : 'ps7_post_config' command is executed.
21:52:13 INFO  : Context for processor 'ps7_cortexa9_0' is selected.
21:52:13 INFO  : Processor reset is completed for 'ps7_cortexa9_0'.
21:52:13 INFO  : Context for processor 'ps7_cortexa9_0' is selected.
21:52:13 INFO  : The application 'D:/Documents/Vivado_data/soc_uart/soc_uart.sdk/uart_sdk2/Debug/uart_sdk2.elf' is downloaded to processor 'ps7_cortexa9_0'.
21:52:13 INFO  : 'configparams force-mem-access 0' command is executed.
21:52:13 INFO  : ----------------XSDB Script----------------
connect -url tcp:127.0.0.1:3121
source D:/Documents/Vivado_data/soc_uart/soc_uart.sdk/design_1_wrapper_hw_platform_0/ps7_init.tcl
targets -set -nocase -filter {name =~"APU*" && jtag_cable_name =~ "Xilinx TUL 1234-tulA"} -index 0
loadhw -hw D:/Documents/Vivado_data/soc_uart/soc_uart.sdk/design_1_wrapper_hw_platform_0/system.hdf -mem-ranges [list {0x40000000 0xbfffffff}]
configparams force-mem-access 1
targets -set -nocase -filter {name =~"APU*" && jtag_cable_name =~ "Xilinx TUL 1234-tulA"} -index 0
stop
ps7_init
ps7_post_config
targets -set -nocase -filter {name =~ "ARM*#0" && jtag_cable_name =~ "Xilinx TUL 1234-tulA"} -index 0
rst -processor
targets -set -nocase -filter {name =~ "ARM*#0" && jtag_cable_name =~ "Xilinx TUL 1234-tulA"} -index 0
dow D:/Documents/Vivado_data/soc_uart/soc_uart.sdk/uart_sdk2/Debug/uart_sdk2.elf
configparams force-mem-access 0
----------------End of Script----------------

21:52:13 INFO  : Memory regions updated for context APU
21:52:13 INFO  : Context for processor 'ps7_cortexa9_0' is selected.
21:52:13 INFO  : 'con' command is executed.
21:52:13 INFO  : ----------------XSDB Script (After Launch)----------------
targets -set -nocase -filter {name =~ "ARM*#0" && jtag_cable_name =~ "Xilinx TUL 1234-tulA"} -index 0
con
----------------End of Script----------------

21:52:13 INFO  : Launch script is exported to file 'D:\Documents\Vivado_data\soc_uart\soc_uart.sdk\.sdk\launch_scripts\xilinx_c-c++_application_(system_debugger)\system_debugger_using_debug_uart_sdk2.elf_on_local.tcl'
21:52:21 INFO  : Disconnected from the channel tcfchan#1.
21:52:22 INFO  : 'targets -set -filter {jtag_cable_name =~ "Xilinx TUL 1234-tulA" && level==0} -index 1' command is executed.
21:52:22 INFO  : 'fpga -state' command is executed.
21:52:22 INFO  : Connected to target on host '127.0.0.1' and port '3121'.
21:52:22 INFO  : Jtag cable 'Xilinx TUL 1234-tulA' is selected.
21:52:22 INFO  : 'jtag frequency' command is executed.
21:52:22 INFO  : Sourcing of 'D:/Documents/Vivado_data/soc_uart/soc_uart.sdk/design_1_wrapper_hw_platform_0/ps7_init.tcl' is done.
21:52:22 INFO  : Context for 'APU' is selected.
21:52:24 INFO  : Hardware design information is loaded from 'D:/Documents/Vivado_data/soc_uart/soc_uart.sdk/design_1_wrapper_hw_platform_0/system.hdf'.
21:52:24 INFO  : 'configparams force-mem-access 1' command is executed.
21:52:24 INFO  : Context for 'APU' is selected.
21:52:24 INFO  : 'stop' command is executed.
21:52:24 INFO  : 'ps7_init' command is executed.
21:52:24 INFO  : 'ps7_post_config' command is executed.
21:52:24 INFO  : Context for processor 'ps7_cortexa9_0' is selected.
21:52:24 INFO  : Processor reset is completed for 'ps7_cortexa9_0'.
21:52:24 INFO  : Context for processor 'ps7_cortexa9_0' is selected.
21:52:25 INFO  : The application 'D:/Documents/Vivado_data/soc_uart/soc_uart.sdk/uart_sdk2/Debug/uart_sdk2.elf' is downloaded to processor 'ps7_cortexa9_0'.
21:52:25 INFO  : 'configparams force-mem-access 0' command is executed.
21:52:25 INFO  : ----------------XSDB Script----------------
connect -url tcp:127.0.0.1:3121
source D:/Documents/Vivado_data/soc_uart/soc_uart.sdk/design_1_wrapper_hw_platform_0/ps7_init.tcl
targets -set -nocase -filter {name =~"APU*" && jtag_cable_name =~ "Xilinx TUL 1234-tulA"} -index 0
loadhw -hw D:/Documents/Vivado_data/soc_uart/soc_uart.sdk/design_1_wrapper_hw_platform_0/system.hdf -mem-ranges [list {0x40000000 0xbfffffff}]
configparams force-mem-access 1
targets -set -nocase -filter {name =~"APU*" && jtag_cable_name =~ "Xilinx TUL 1234-tulA"} -index 0
stop
ps7_init
ps7_post_config
targets -set -nocase -filter {name =~ "ARM*#0" && jtag_cable_name =~ "Xilinx TUL 1234-tulA"} -index 0
rst -processor
targets -set -nocase -filter {name =~ "ARM*#0" && jtag_cable_name =~ "Xilinx TUL 1234-tulA"} -index 0
dow D:/Documents/Vivado_data/soc_uart/soc_uart.sdk/uart_sdk2/Debug/uart_sdk2.elf
configparams force-mem-access 0
----------------End of Script----------------

21:52:25 INFO  : Memory regions updated for context APU
21:52:25 INFO  : Context for processor 'ps7_cortexa9_0' is selected.
21:52:25 INFO  : 'con' command is executed.
21:52:25 INFO  : ----------------XSDB Script (After Launch)----------------
targets -set -nocase -filter {name =~ "ARM*#0" && jtag_cable_name =~ "Xilinx TUL 1234-tulA"} -index 0
con
----------------End of Script----------------

21:52:25 INFO  : Launch script is exported to file 'D:\Documents\Vivado_data\soc_uart\soc_uart.sdk\.sdk\launch_scripts\xilinx_c-c++_application_(system_debugger)\system_debugger_using_debug_uart_sdk2.elf_on_local.tcl'
21:53:04 INFO  : Disconnected from the channel tcfchan#2.
21:57:43 INFO  : Registering command handlers for SDK TCF services
21:57:43 INFO  : Launching XSCT server: xsct.bat -interactive D:\Documents\Vivado_data\soc_uart\soc_uart.sdk\temp_xsdb_launch_script.tcl
21:57:44 INFO  : XSCT server has started successfully.
21:57:44 INFO  : Successfully done setting XSCT server connection channel  
21:57:44 INFO  : Successfully done setting SDK workspace  
21:57:44 INFO  : Processing command line option -hwspec D:/Documents/Vivado_data/soc_uart/soc_uart.sdk/design_1_wrapper.hdf.
21:57:44 INFO  : Checking for hwspec changes in the project design_1_wrapper_hw_platform_0.
21:57:47 INFO  : SDK has detected change in the last modified timestamps for source hardware specification file Source:1748354220335,  Project:1748353724895
21:57:47 INFO  : The hardware specification for project 'design_1_wrapper_hw_platform_0' is different from D:/Documents/Vivado_data/soc_uart/soc_uart.sdk/design_1_wrapper.hdf.
21:57:47 INFO  : Copied contents of D:/Documents/Vivado_data/soc_uart/soc_uart.sdk/design_1_wrapper.hdf into \design_1_wrapper_hw_platform_0\system.hdf.
21:58:05 INFO  : Synchronizing projects in the workspace with the hardware platform specification changes.
21:58:06 INFO  : 
21:58:07 INFO  : Updating hardware inferred compiler options for uart_sdk2.
21:58:07 INFO  : Clearing existing target manager status.
21:59:02 INFO  : 'targets -set -filter {jtag_cable_name =~ "Xilinx TUL 1234-tulA" && level==0} -index 1' command is executed.
21:59:02 INFO  : 'fpga -state' command is executed.
21:59:02 INFO  : Connected to target on host '127.0.0.1' and port '3121'.
21:59:03 INFO  : Jtag cable 'Xilinx TUL 1234-tulA' is selected.
21:59:03 INFO  : 'jtag frequency' command is executed.
21:59:03 INFO  : Sourcing of 'D:/Documents/Vivado_data/soc_uart/soc_uart.sdk/design_1_wrapper_hw_platform_0/ps7_init.tcl' is done.
21:59:03 INFO  : Context for 'APU' is selected.
21:59:03 INFO  : Hardware design information is loaded from 'D:/Documents/Vivado_data/soc_uart/soc_uart.sdk/design_1_wrapper_hw_platform_0/system.hdf'.
21:59:03 INFO  : 'configparams force-mem-access 1' command is executed.
21:59:03 INFO  : Context for 'APU' is selected.
21:59:03 INFO  : 'stop' command is executed.
21:59:03 INFO  : 'ps7_init' command is executed.
21:59:03 INFO  : 'ps7_post_config' command is executed.
21:59:03 INFO  : Context for processor 'ps7_cortexa9_0' is selected.
21:59:03 INFO  : Processor reset is completed for 'ps7_cortexa9_0'.
21:59:03 INFO  : Context for processor 'ps7_cortexa9_0' is selected.
21:59:03 INFO  : The application 'D:/Documents/Vivado_data/soc_uart/soc_uart.sdk/uart_sdk2/Debug/uart_sdk2.elf' is downloaded to processor 'ps7_cortexa9_0'.
21:59:03 INFO  : 'configparams force-mem-access 0' command is executed.
21:59:03 INFO  : ----------------XSDB Script----------------
connect -url tcp:127.0.0.1:3121
source D:/Documents/Vivado_data/soc_uart/soc_uart.sdk/design_1_wrapper_hw_platform_0/ps7_init.tcl
targets -set -nocase -filter {name =~"APU*" && jtag_cable_name =~ "Xilinx TUL 1234-tulA"} -index 0
loadhw -hw D:/Documents/Vivado_data/soc_uart/soc_uart.sdk/design_1_wrapper_hw_platform_0/system.hdf -mem-ranges [list {0x40000000 0xbfffffff}]
configparams force-mem-access 1
targets -set -nocase -filter {name =~"APU*" && jtag_cable_name =~ "Xilinx TUL 1234-tulA"} -index 0
stop
ps7_init
ps7_post_config
targets -set -nocase -filter {name =~ "ARM*#0" && jtag_cable_name =~ "Xilinx TUL 1234-tulA"} -index 0
rst -processor
targets -set -nocase -filter {name =~ "ARM*#0" && jtag_cable_name =~ "Xilinx TUL 1234-tulA"} -index 0
dow D:/Documents/Vivado_data/soc_uart/soc_uart.sdk/uart_sdk2/Debug/uart_sdk2.elf
configparams force-mem-access 0
----------------End of Script----------------

21:59:03 INFO  : Memory regions updated for context APU
21:59:03 INFO  : Context for processor 'ps7_cortexa9_0' is selected.
21:59:03 INFO  : 'con' command is executed.
21:59:03 INFO  : ----------------XSDB Script (After Launch)----------------
targets -set -nocase -filter {name =~ "ARM*#0" && jtag_cable_name =~ "Xilinx TUL 1234-tulA"} -index 0
con
----------------End of Script----------------

21:59:03 INFO  : Launch script is exported to file 'D:\Documents\Vivado_data\soc_uart\soc_uart.sdk\.sdk\launch_scripts\xilinx_c-c++_application_(system_debugger)\system_debugger_using_debug_uart_sdk2.elf_on_local.tcl'
21:59:45 INFO  : Disconnected from the channel tcfchan#1.
21:59:46 INFO  : 'targets -set -filter {jtag_cable_name =~ "Xilinx TUL 1234-tulA" && level==0} -index 1' command is executed.
21:59:46 INFO  : 'fpga -state' command is executed.
21:59:46 INFO  : Connected to target on host '127.0.0.1' and port '3121'.
21:59:46 INFO  : Jtag cable 'Xilinx TUL 1234-tulA' is selected.
21:59:46 INFO  : 'jtag frequency' command is executed.
21:59:46 INFO  : Sourcing of 'D:/Documents/Vivado_data/soc_uart/soc_uart.sdk/design_1_wrapper_hw_platform_0/ps7_init.tcl' is done.
21:59:46 INFO  : Context for 'APU' is selected.
21:59:48 INFO  : Hardware design information is loaded from 'D:/Documents/Vivado_data/soc_uart/soc_uart.sdk/design_1_wrapper_hw_platform_0/system.hdf'.
21:59:48 INFO  : 'configparams force-mem-access 1' command is executed.
21:59:48 INFO  : Context for 'APU' is selected.
21:59:48 INFO  : 'stop' command is executed.
21:59:48 INFO  : 'ps7_init' command is executed.
21:59:48 INFO  : 'ps7_post_config' command is executed.
21:59:48 INFO  : Context for processor 'ps7_cortexa9_0' is selected.
21:59:48 INFO  : Processor reset is completed for 'ps7_cortexa9_0'.
21:59:48 INFO  : Context for processor 'ps7_cortexa9_0' is selected.
21:59:49 INFO  : The application 'D:/Documents/Vivado_data/soc_uart/soc_uart.sdk/uart_sdk2/Debug/uart_sdk2.elf' is downloaded to processor 'ps7_cortexa9_0'.
21:59:49 INFO  : 'configparams force-mem-access 0' command is executed.
21:59:49 INFO  : ----------------XSDB Script----------------
connect -url tcp:127.0.0.1:3121
source D:/Documents/Vivado_data/soc_uart/soc_uart.sdk/design_1_wrapper_hw_platform_0/ps7_init.tcl
targets -set -nocase -filter {name =~"APU*" && jtag_cable_name =~ "Xilinx TUL 1234-tulA"} -index 0
loadhw -hw D:/Documents/Vivado_data/soc_uart/soc_uart.sdk/design_1_wrapper_hw_platform_0/system.hdf -mem-ranges [list {0x40000000 0xbfffffff}]
configparams force-mem-access 1
targets -set -nocase -filter {name =~"APU*" && jtag_cable_name =~ "Xilinx TUL 1234-tulA"} -index 0
stop
ps7_init
ps7_post_config
targets -set -nocase -filter {name =~ "ARM*#0" && jtag_cable_name =~ "Xilinx TUL 1234-tulA"} -index 0
rst -processor
targets -set -nocase -filter {name =~ "ARM*#0" && jtag_cable_name =~ "Xilinx TUL 1234-tulA"} -index 0
dow D:/Documents/Vivado_data/soc_uart/soc_uart.sdk/uart_sdk2/Debug/uart_sdk2.elf
configparams force-mem-access 0
----------------End of Script----------------

21:59:49 INFO  : Memory regions updated for context APU
21:59:49 INFO  : Context for processor 'ps7_cortexa9_0' is selected.
21:59:49 INFO  : 'con' command is executed.
21:59:49 INFO  : ----------------XSDB Script (After Launch)----------------
targets -set -nocase -filter {name =~ "ARM*#0" && jtag_cable_name =~ "Xilinx TUL 1234-tulA"} -index 0
con
----------------End of Script----------------

21:59:49 INFO  : Launch script is exported to file 'D:\Documents\Vivado_data\soc_uart\soc_uart.sdk\.sdk\launch_scripts\xilinx_c-c++_application_(system_debugger)\system_debugger_using_debug_uart_sdk2.elf_on_local.tcl'
22:01:21 INFO  : Disconnected from the channel tcfchan#2.
22:01:22 INFO  : 'targets -set -filter {jtag_cable_name =~ "Xilinx TUL 1234-tulA" && level==0} -index 1' command is executed.
22:01:22 INFO  : 'fpga -state' command is executed.
22:01:22 INFO  : Connected to target on host '127.0.0.1' and port '3121'.
22:01:22 INFO  : Jtag cable 'Xilinx TUL 1234-tulA' is selected.
22:01:22 INFO  : 'jtag frequency' command is executed.
22:01:22 INFO  : Sourcing of 'D:/Documents/Vivado_data/soc_uart/soc_uart.sdk/design_1_wrapper_hw_platform_0/ps7_init.tcl' is done.
22:01:22 INFO  : Context for 'APU' is selected.
22:01:22 INFO  : Hardware design information is loaded from 'D:/Documents/Vivado_data/soc_uart/soc_uart.sdk/design_1_wrapper_hw_platform_0/system.hdf'.
22:01:22 INFO  : 'configparams force-mem-access 1' command is executed.
22:01:22 INFO  : Context for 'APU' is selected.
22:01:22 INFO  : 'stop' command is executed.
22:01:23 INFO  : 'ps7_init' command is executed.
22:01:23 INFO  : 'ps7_post_config' command is executed.
22:01:23 INFO  : Context for processor 'ps7_cortexa9_0' is selected.
22:01:23 INFO  : Processor reset is completed for 'ps7_cortexa9_0'.
22:01:23 INFO  : Context for processor 'ps7_cortexa9_0' is selected.
22:01:23 INFO  : The application 'D:/Documents/Vivado_data/soc_uart/soc_uart.sdk/uart_sdk2/Debug/uart_sdk2.elf' is downloaded to processor 'ps7_cortexa9_0'.
22:01:23 INFO  : 'configparams force-mem-access 0' command is executed.
22:01:23 INFO  : ----------------XSDB Script----------------
connect -url tcp:127.0.0.1:3121
source D:/Documents/Vivado_data/soc_uart/soc_uart.sdk/design_1_wrapper_hw_platform_0/ps7_init.tcl
targets -set -nocase -filter {name =~"APU*" && jtag_cable_name =~ "Xilinx TUL 1234-tulA"} -index 0
loadhw -hw D:/Documents/Vivado_data/soc_uart/soc_uart.sdk/design_1_wrapper_hw_platform_0/system.hdf -mem-ranges [list {0x40000000 0xbfffffff}]
configparams force-mem-access 1
targets -set -nocase -filter {name =~"APU*" && jtag_cable_name =~ "Xilinx TUL 1234-tulA"} -index 0
stop
ps7_init
ps7_post_config
targets -set -nocase -filter {name =~ "ARM*#0" && jtag_cable_name =~ "Xilinx TUL 1234-tulA"} -index 0
rst -processor
targets -set -nocase -filter {name =~ "ARM*#0" && jtag_cable_name =~ "Xilinx TUL 1234-tulA"} -index 0
dow D:/Documents/Vivado_data/soc_uart/soc_uart.sdk/uart_sdk2/Debug/uart_sdk2.elf
configparams force-mem-access 0
----------------End of Script----------------

22:01:23 INFO  : Memory regions updated for context APU
22:01:23 INFO  : Context for processor 'ps7_cortexa9_0' is selected.
22:01:23 INFO  : 'con' command is executed.
22:01:23 INFO  : ----------------XSDB Script (After Launch)----------------
targets -set -nocase -filter {name =~ "ARM*#0" && jtag_cable_name =~ "Xilinx TUL 1234-tulA"} -index 0
con
----------------End of Script----------------

22:01:23 INFO  : Launch script is exported to file 'D:\Documents\Vivado_data\soc_uart\soc_uart.sdk\.sdk\launch_scripts\xilinx_c-c++_application_(system_debugger)\system_debugger_using_debug_uart_sdk2.elf_on_local.tcl'
22:01:27 INFO  : Disconnected from the channel tcfchan#3.
22:01:28 INFO  : 'targets -set -filter {jtag_cable_name =~ "Xilinx TUL 1234-tulA" && level==0} -index 1' command is executed.
22:01:28 INFO  : 'fpga -state' command is executed.
22:01:28 INFO  : Connected to target on host '127.0.0.1' and port '3121'.
22:01:28 INFO  : Jtag cable 'Xilinx TUL 1234-tulA' is selected.
22:01:28 INFO  : 'jtag frequency' command is executed.
22:01:28 INFO  : Sourcing of 'D:/Documents/Vivado_data/soc_uart/soc_uart.sdk/design_1_wrapper_hw_platform_0/ps7_init.tcl' is done.
22:01:28 INFO  : Context for 'APU' is selected.
22:01:29 INFO  : Hardware design information is loaded from 'D:/Documents/Vivado_data/soc_uart/soc_uart.sdk/design_1_wrapper_hw_platform_0/system.hdf'.
22:01:29 INFO  : 'configparams force-mem-access 1' command is executed.
22:01:29 INFO  : Context for 'APU' is selected.
22:01:29 INFO  : 'stop' command is executed.
22:01:29 INFO  : 'ps7_init' command is executed.
22:01:29 INFO  : 'ps7_post_config' command is executed.
22:01:29 INFO  : Context for processor 'ps7_cortexa9_0' is selected.
22:01:29 INFO  : Processor reset is completed for 'ps7_cortexa9_0'.
22:01:29 INFO  : Context for processor 'ps7_cortexa9_0' is selected.
22:01:29 INFO  : The application 'D:/Documents/Vivado_data/soc_uart/soc_uart.sdk/uart_sdk2/Debug/uart_sdk2.elf' is downloaded to processor 'ps7_cortexa9_0'.
22:01:29 INFO  : 'configparams force-mem-access 0' command is executed.
22:01:29 INFO  : ----------------XSDB Script----------------
connect -url tcp:127.0.0.1:3121
source D:/Documents/Vivado_data/soc_uart/soc_uart.sdk/design_1_wrapper_hw_platform_0/ps7_init.tcl
targets -set -nocase -filter {name =~"APU*" && jtag_cable_name =~ "Xilinx TUL 1234-tulA"} -index 0
loadhw -hw D:/Documents/Vivado_data/soc_uart/soc_uart.sdk/design_1_wrapper_hw_platform_0/system.hdf -mem-ranges [list {0x40000000 0xbfffffff}]
configparams force-mem-access 1
targets -set -nocase -filter {name =~"APU*" && jtag_cable_name =~ "Xilinx TUL 1234-tulA"} -index 0
stop
ps7_init
ps7_post_config
targets -set -nocase -filter {name =~ "ARM*#0" && jtag_cable_name =~ "Xilinx TUL 1234-tulA"} -index 0
rst -processor
targets -set -nocase -filter {name =~ "ARM*#0" && jtag_cable_name =~ "Xilinx TUL 1234-tulA"} -index 0
dow D:/Documents/Vivado_data/soc_uart/soc_uart.sdk/uart_sdk2/Debug/uart_sdk2.elf
configparams force-mem-access 0
----------------End of Script----------------

22:01:29 INFO  : Memory regions updated for context APU
22:01:29 INFO  : Context for processor 'ps7_cortexa9_0' is selected.
22:01:29 INFO  : 'con' command is executed.
22:01:29 INFO  : ----------------XSDB Script (After Launch)----------------
targets -set -nocase -filter {name =~ "ARM*#0" && jtag_cable_name =~ "Xilinx TUL 1234-tulA"} -index 0
con
----------------End of Script----------------

22:01:29 INFO  : Launch script is exported to file 'D:\Documents\Vivado_data\soc_uart\soc_uart.sdk\.sdk\launch_scripts\xilinx_c-c++_application_(system_debugger)\system_debugger_using_debug_uart_sdk2.elf_on_local.tcl'
22:01:50 INFO  : Disconnected from the channel tcfchan#4.
22:01:51 INFO  : 'targets -set -filter {jtag_cable_name =~ "Xilinx TUL 1234-tulA" && level==0} -index 1' command is executed.
22:01:51 INFO  : 'fpga -state' command is executed.
22:01:51 INFO  : Connected to target on host '127.0.0.1' and port '3121'.
22:01:51 INFO  : Jtag cable 'Xilinx TUL 1234-tulA' is selected.
22:01:51 INFO  : 'jtag frequency' command is executed.
22:01:51 INFO  : Sourcing of 'D:/Documents/Vivado_data/soc_uart/soc_uart.sdk/design_1_wrapper_hw_platform_0/ps7_init.tcl' is done.
22:01:51 INFO  : Context for 'APU' is selected.
22:01:51 INFO  : Hardware design information is loaded from 'D:/Documents/Vivado_data/soc_uart/soc_uart.sdk/design_1_wrapper_hw_platform_0/system.hdf'.
22:01:51 INFO  : 'configparams force-mem-access 1' command is executed.
22:01:51 INFO  : Context for 'APU' is selected.
22:01:51 INFO  : 'stop' command is executed.
22:01:52 INFO  : 'ps7_init' command is executed.
22:01:52 INFO  : 'ps7_post_config' command is executed.
22:01:52 INFO  : Context for processor 'ps7_cortexa9_0' is selected.
22:01:52 INFO  : Processor reset is completed for 'ps7_cortexa9_0'.
22:01:52 INFO  : Context for processor 'ps7_cortexa9_0' is selected.
22:01:52 INFO  : The application 'D:/Documents/Vivado_data/soc_uart/soc_uart.sdk/uart_sdk2/Debug/uart_sdk2.elf' is downloaded to processor 'ps7_cortexa9_0'.
22:01:52 INFO  : 'configparams force-mem-access 0' command is executed.
22:01:52 INFO  : ----------------XSDB Script----------------
connect -url tcp:127.0.0.1:3121
source D:/Documents/Vivado_data/soc_uart/soc_uart.sdk/design_1_wrapper_hw_platform_0/ps7_init.tcl
targets -set -nocase -filter {name =~"APU*" && jtag_cable_name =~ "Xilinx TUL 1234-tulA"} -index 0
loadhw -hw D:/Documents/Vivado_data/soc_uart/soc_uart.sdk/design_1_wrapper_hw_platform_0/system.hdf -mem-ranges [list {0x40000000 0xbfffffff}]
configparams force-mem-access 1
targets -set -nocase -filter {name =~"APU*" && jtag_cable_name =~ "Xilinx TUL 1234-tulA"} -index 0
stop
ps7_init
ps7_post_config
targets -set -nocase -filter {name =~ "ARM*#0" && jtag_cable_name =~ "Xilinx TUL 1234-tulA"} -index 0
rst -processor
targets -set -nocase -filter {name =~ "ARM*#0" && jtag_cable_name =~ "Xilinx TUL 1234-tulA"} -index 0
dow D:/Documents/Vivado_data/soc_uart/soc_uart.sdk/uart_sdk2/Debug/uart_sdk2.elf
configparams force-mem-access 0
----------------End of Script----------------

22:01:52 INFO  : Memory regions updated for context APU
22:01:52 INFO  : Context for processor 'ps7_cortexa9_0' is selected.
22:01:52 INFO  : 'con' command is executed.
22:01:52 INFO  : ----------------XSDB Script (After Launch)----------------
targets -set -nocase -filter {name =~ "ARM*#0" && jtag_cable_name =~ "Xilinx TUL 1234-tulA"} -index 0
con
----------------End of Script----------------

22:01:52 INFO  : Launch script is exported to file 'D:\Documents\Vivado_data\soc_uart\soc_uart.sdk\.sdk\launch_scripts\xilinx_c-c++_application_(system_debugger)\system_debugger_using_debug_uart_sdk2.elf_on_local.tcl'
22:03:20 INFO  : Disconnected from the channel tcfchan#5.
22:03:21 INFO  : 'targets -set -filter {jtag_cable_name =~ "Xilinx TUL 1234-tulA" && level==0} -index 1' command is executed.
22:03:21 INFO  : 'fpga -state' command is executed.
22:03:21 INFO  : Connected to target on host '127.0.0.1' and port '3121'.
22:03:21 INFO  : Jtag cable 'Xilinx TUL 1234-tulA' is selected.
22:03:21 INFO  : 'jtag frequency' command is executed.
22:03:21 INFO  : Sourcing of 'D:/Documents/Vivado_data/soc_uart/soc_uart.sdk/design_1_wrapper_hw_platform_0/ps7_init.tcl' is done.
22:03:21 INFO  : Context for 'APU' is selected.
22:03:21 INFO  : Hardware design information is loaded from 'D:/Documents/Vivado_data/soc_uart/soc_uart.sdk/design_1_wrapper_hw_platform_0/system.hdf'.
22:03:21 INFO  : 'configparams force-mem-access 1' command is executed.
22:03:21 INFO  : Context for 'APU' is selected.
22:03:21 INFO  : 'stop' command is executed.
22:03:21 INFO  : 'ps7_init' command is executed.
22:03:21 INFO  : 'ps7_post_config' command is executed.
22:03:21 INFO  : Context for processor 'ps7_cortexa9_0' is selected.
22:03:22 INFO  : Processor reset is completed for 'ps7_cortexa9_0'.
22:03:22 INFO  : Context for processor 'ps7_cortexa9_0' is selected.
22:03:22 INFO  : The application 'D:/Documents/Vivado_data/soc_uart/soc_uart.sdk/uart_sdk2/Debug/uart_sdk2.elf' is downloaded to processor 'ps7_cortexa9_0'.
22:03:22 INFO  : 'configparams force-mem-access 0' command is executed.
22:03:22 INFO  : ----------------XSDB Script----------------
connect -url tcp:127.0.0.1:3121
source D:/Documents/Vivado_data/soc_uart/soc_uart.sdk/design_1_wrapper_hw_platform_0/ps7_init.tcl
targets -set -nocase -filter {name =~"APU*" && jtag_cable_name =~ "Xilinx TUL 1234-tulA"} -index 0
loadhw -hw D:/Documents/Vivado_data/soc_uart/soc_uart.sdk/design_1_wrapper_hw_platform_0/system.hdf -mem-ranges [list {0x40000000 0xbfffffff}]
configparams force-mem-access 1
targets -set -nocase -filter {name =~"APU*" && jtag_cable_name =~ "Xilinx TUL 1234-tulA"} -index 0
stop
ps7_init
ps7_post_config
targets -set -nocase -filter {name =~ "ARM*#0" && jtag_cable_name =~ "Xilinx TUL 1234-tulA"} -index 0
rst -processor
targets -set -nocase -filter {name =~ "ARM*#0" && jtag_cable_name =~ "Xilinx TUL 1234-tulA"} -index 0
dow D:/Documents/Vivado_data/soc_uart/soc_uart.sdk/uart_sdk2/Debug/uart_sdk2.elf
configparams force-mem-access 0
----------------End of Script----------------

22:03:22 INFO  : Memory regions updated for context APU
22:03:22 INFO  : Context for processor 'ps7_cortexa9_0' is selected.
22:03:22 INFO  : 'con' command is executed.
22:03:22 INFO  : ----------------XSDB Script (After Launch)----------------
targets -set -nocase -filter {name =~ "ARM*#0" && jtag_cable_name =~ "Xilinx TUL 1234-tulA"} -index 0
con
----------------End of Script----------------

22:03:22 INFO  : Launch script is exported to file 'D:\Documents\Vivado_data\soc_uart\soc_uart.sdk\.sdk\launch_scripts\xilinx_c-c++_application_(system_debugger)\system_debugger_using_debug_uart_sdk2.elf_on_local.tcl'
22:05:54 INFO  : Disconnected from the channel tcfchan#6.
22:05:55 INFO  : 'targets -set -filter {jtag_cable_name =~ "Xilinx TUL 1234-tulA" && level==0} -index 1' command is executed.
22:05:55 INFO  : 'fpga -state' command is executed.
22:05:55 INFO  : Connected to target on host '127.0.0.1' and port '3121'.
22:05:55 INFO  : Jtag cable 'Xilinx TUL 1234-tulA' is selected.
22:05:55 INFO  : 'jtag frequency' command is executed.
22:05:55 INFO  : Sourcing of 'D:/Documents/Vivado_data/soc_uart/soc_uart.sdk/design_1_wrapper_hw_platform_0/ps7_init.tcl' is done.
22:05:55 INFO  : Context for 'APU' is selected.
22:05:55 INFO  : Hardware design information is loaded from 'D:/Documents/Vivado_data/soc_uart/soc_uart.sdk/design_1_wrapper_hw_platform_0/system.hdf'.
22:05:55 INFO  : 'configparams force-mem-access 1' command is executed.
22:05:55 INFO  : Context for 'APU' is selected.
22:05:55 INFO  : 'stop' command is executed.
22:05:55 INFO  : 'ps7_init' command is executed.
22:05:55 INFO  : 'ps7_post_config' command is executed.
22:05:55 INFO  : Context for processor 'ps7_cortexa9_0' is selected.
22:05:55 INFO  : Processor reset is completed for 'ps7_cortexa9_0'.
22:05:55 INFO  : Context for processor 'ps7_cortexa9_0' is selected.
22:05:56 INFO  : The application 'D:/Documents/Vivado_data/soc_uart/soc_uart.sdk/uart_sdk2/Debug/uart_sdk2.elf' is downloaded to processor 'ps7_cortexa9_0'.
22:05:56 INFO  : 'configparams force-mem-access 0' command is executed.
22:05:56 INFO  : ----------------XSDB Script----------------
connect -url tcp:127.0.0.1:3121
source D:/Documents/Vivado_data/soc_uart/soc_uart.sdk/design_1_wrapper_hw_platform_0/ps7_init.tcl
targets -set -nocase -filter {name =~"APU*" && jtag_cable_name =~ "Xilinx TUL 1234-tulA"} -index 0
loadhw -hw D:/Documents/Vivado_data/soc_uart/soc_uart.sdk/design_1_wrapper_hw_platform_0/system.hdf -mem-ranges [list {0x40000000 0xbfffffff}]
configparams force-mem-access 1
targets -set -nocase -filter {name =~"APU*" && jtag_cable_name =~ "Xilinx TUL 1234-tulA"} -index 0
stop
ps7_init
ps7_post_config
targets -set -nocase -filter {name =~ "ARM*#0" && jtag_cable_name =~ "Xilinx TUL 1234-tulA"} -index 0
rst -processor
targets -set -nocase -filter {name =~ "ARM*#0" && jtag_cable_name =~ "Xilinx TUL 1234-tulA"} -index 0
dow D:/Documents/Vivado_data/soc_uart/soc_uart.sdk/uart_sdk2/Debug/uart_sdk2.elf
configparams force-mem-access 0
----------------End of Script----------------

22:05:56 INFO  : Memory regions updated for context APU
22:05:56 INFO  : Context for processor 'ps7_cortexa9_0' is selected.
22:05:56 INFO  : 'con' command is executed.
22:05:56 INFO  : ----------------XSDB Script (After Launch)----------------
targets -set -nocase -filter {name =~ "ARM*#0" && jtag_cable_name =~ "Xilinx TUL 1234-tulA"} -index 0
con
----------------End of Script----------------

22:05:56 INFO  : Launch script is exported to file 'D:\Documents\Vivado_data\soc_uart\soc_uart.sdk\.sdk\launch_scripts\xilinx_c-c++_application_(system_debugger)\system_debugger_using_debug_uart_sdk2.elf_on_local.tcl'
22:06:02 INFO  : Disconnected from the channel tcfchan#7.
22:06:03 INFO  : 'targets -set -filter {jtag_cable_name =~ "Xilinx TUL 1234-tulA" && level==0} -index 1' command is executed.
22:06:03 INFO  : 'fpga -state' command is executed.
22:06:03 INFO  : Connected to target on host '127.0.0.1' and port '3121'.
22:06:03 INFO  : Jtag cable 'Xilinx TUL 1234-tulA' is selected.
22:06:03 INFO  : 'jtag frequency' command is executed.
22:06:03 INFO  : Sourcing of 'D:/Documents/Vivado_data/soc_uart/soc_uart.sdk/design_1_wrapper_hw_platform_0/ps7_init.tcl' is done.
22:06:03 INFO  : Context for 'APU' is selected.
22:06:03 INFO  : Hardware design information is loaded from 'D:/Documents/Vivado_data/soc_uart/soc_uart.sdk/design_1_wrapper_hw_platform_0/system.hdf'.
22:06:03 INFO  : 'configparams force-mem-access 1' command is executed.
22:06:03 INFO  : Context for 'APU' is selected.
22:06:03 INFO  : 'stop' command is executed.
22:06:03 INFO  : 'ps7_init' command is executed.
22:06:03 INFO  : 'ps7_post_config' command is executed.
22:06:03 INFO  : Context for processor 'ps7_cortexa9_0' is selected.
22:06:03 INFO  : Processor reset is completed for 'ps7_cortexa9_0'.
22:06:03 INFO  : Context for processor 'ps7_cortexa9_0' is selected.
22:06:03 INFO  : The application 'D:/Documents/Vivado_data/soc_uart/soc_uart.sdk/uart_sdk2/Debug/uart_sdk2.elf' is downloaded to processor 'ps7_cortexa9_0'.
22:06:03 INFO  : 'configparams force-mem-access 0' command is executed.
22:06:03 INFO  : ----------------XSDB Script----------------
connect -url tcp:127.0.0.1:3121
source D:/Documents/Vivado_data/soc_uart/soc_uart.sdk/design_1_wrapper_hw_platform_0/ps7_init.tcl
targets -set -nocase -filter {name =~"APU*" && jtag_cable_name =~ "Xilinx TUL 1234-tulA"} -index 0
loadhw -hw D:/Documents/Vivado_data/soc_uart/soc_uart.sdk/design_1_wrapper_hw_platform_0/system.hdf -mem-ranges [list {0x40000000 0xbfffffff}]
configparams force-mem-access 1
targets -set -nocase -filter {name =~"APU*" && jtag_cable_name =~ "Xilinx TUL 1234-tulA"} -index 0
stop
ps7_init
ps7_post_config
targets -set -nocase -filter {name =~ "ARM*#0" && jtag_cable_name =~ "Xilinx TUL 1234-tulA"} -index 0
rst -processor
targets -set -nocase -filter {name =~ "ARM*#0" && jtag_cable_name =~ "Xilinx TUL 1234-tulA"} -index 0
dow D:/Documents/Vivado_data/soc_uart/soc_uart.sdk/uart_sdk2/Debug/uart_sdk2.elf
configparams force-mem-access 0
----------------End of Script----------------

22:06:03 INFO  : Memory regions updated for context APU
22:06:03 INFO  : Context for processor 'ps7_cortexa9_0' is selected.
22:06:03 INFO  : 'con' command is executed.
22:06:03 INFO  : ----------------XSDB Script (After Launch)----------------
targets -set -nocase -filter {name =~ "ARM*#0" && jtag_cable_name =~ "Xilinx TUL 1234-tulA"} -index 0
con
----------------End of Script----------------

22:06:03 INFO  : Launch script is exported to file 'D:\Documents\Vivado_data\soc_uart\soc_uart.sdk\.sdk\launch_scripts\xilinx_c-c++_application_(system_debugger)\system_debugger_using_debug_uart_sdk2.elf_on_local.tcl'
22:08:08 INFO  : Disconnected from the channel tcfchan#8.
22:08:09 INFO  : 'targets -set -filter {jtag_cable_name =~ "Xilinx TUL 1234-tulA" && level==0} -index 1' command is executed.
22:08:09 INFO  : 'fpga -state' command is executed.
22:08:09 INFO  : Connected to target on host '127.0.0.1' and port '3121'.
22:08:10 INFO  : Jtag cable 'Xilinx TUL 1234-tulA' is selected.
22:08:10 INFO  : 'jtag frequency' command is executed.
22:08:10 INFO  : Sourcing of 'D:/Documents/Vivado_data/soc_uart/soc_uart.sdk/design_1_wrapper_hw_platform_0/ps7_init.tcl' is done.
22:08:10 INFO  : Context for 'APU' is selected.
22:08:10 INFO  : Hardware design information is loaded from 'D:/Documents/Vivado_data/soc_uart/soc_uart.sdk/design_1_wrapper_hw_platform_0/system.hdf'.
22:08:10 INFO  : 'configparams force-mem-access 1' command is executed.
22:08:10 INFO  : Context for 'APU' is selected.
22:08:10 INFO  : 'stop' command is executed.
22:08:10 INFO  : 'ps7_init' command is executed.
22:08:10 INFO  : 'ps7_post_config' command is executed.
22:08:10 INFO  : Context for processor 'ps7_cortexa9_0' is selected.
22:08:10 INFO  : Processor reset is completed for 'ps7_cortexa9_0'.
22:08:10 INFO  : Context for processor 'ps7_cortexa9_0' is selected.
22:08:10 INFO  : The application 'D:/Documents/Vivado_data/soc_uart/soc_uart.sdk/uart_sdk2/Debug/uart_sdk2.elf' is downloaded to processor 'ps7_cortexa9_0'.
22:08:10 INFO  : 'configparams force-mem-access 0' command is executed.
22:08:10 INFO  : ----------------XSDB Script----------------
connect -url tcp:127.0.0.1:3121
source D:/Documents/Vivado_data/soc_uart/soc_uart.sdk/design_1_wrapper_hw_platform_0/ps7_init.tcl
targets -set -nocase -filter {name =~"APU*" && jtag_cable_name =~ "Xilinx TUL 1234-tulA"} -index 0
loadhw -hw D:/Documents/Vivado_data/soc_uart/soc_uart.sdk/design_1_wrapper_hw_platform_0/system.hdf -mem-ranges [list {0x40000000 0xbfffffff}]
configparams force-mem-access 1
targets -set -nocase -filter {name =~"APU*" && jtag_cable_name =~ "Xilinx TUL 1234-tulA"} -index 0
stop
ps7_init
ps7_post_config
targets -set -nocase -filter {name =~ "ARM*#0" && jtag_cable_name =~ "Xilinx TUL 1234-tulA"} -index 0
rst -processor
targets -set -nocase -filter {name =~ "ARM*#0" && jtag_cable_name =~ "Xilinx TUL 1234-tulA"} -index 0
dow D:/Documents/Vivado_data/soc_uart/soc_uart.sdk/uart_sdk2/Debug/uart_sdk2.elf
configparams force-mem-access 0
----------------End of Script----------------

22:08:10 INFO  : Memory regions updated for context APU
22:08:10 INFO  : Context for processor 'ps7_cortexa9_0' is selected.
22:08:10 INFO  : 'con' command is executed.
22:08:10 INFO  : ----------------XSDB Script (After Launch)----------------
targets -set -nocase -filter {name =~ "ARM*#0" && jtag_cable_name =~ "Xilinx TUL 1234-tulA"} -index 0
con
----------------End of Script----------------

22:08:10 INFO  : Launch script is exported to file 'D:\Documents\Vivado_data\soc_uart\soc_uart.sdk\.sdk\launch_scripts\xilinx_c-c++_application_(system_debugger)\system_debugger_using_debug_uart_sdk2.elf_on_local.tcl'
22:17:01 INFO  : Disconnected from the channel tcfchan#9.
22:24:27 INFO  : Registering command handlers for SDK TCF services
22:24:27 INFO  : Launching XSCT server: xsct.bat -interactive D:\Documents\Vivado_data\soc_uart\soc_uart.sdk\temp_xsdb_launch_script.tcl
22:24:28 INFO  : XSCT server has started successfully.
22:24:28 INFO  : Successfully done setting XSCT server connection channel  
22:24:28 INFO  : Successfully done setting SDK workspace  
22:24:28 INFO  : Processing command line option -hwspec D:/Documents/Vivado_data/soc_uart/soc_uart.sdk/design_1_wrapper.hdf.
22:24:28 INFO  : Checking for hwspec changes in the project design_1_wrapper_hw_platform_0.
22:24:31 INFO  : SDK has detected change in the last modified timestamps for source hardware specification file Source:1748355784271,  Project:1748354220335
22:24:31 INFO  : The hardware specification for project 'design_1_wrapper_hw_platform_0' is different from D:/Documents/Vivado_data/soc_uart/soc_uart.sdk/design_1_wrapper.hdf.
22:24:31 INFO  : Copied contents of D:/Documents/Vivado_data/soc_uart/soc_uart.sdk/design_1_wrapper.hdf into \design_1_wrapper_hw_platform_0\system.hdf.
22:24:34 INFO  : Synchronizing projects in the workspace with the hardware platform specification changes.
22:24:35 INFO  : 
22:24:36 INFO  : Updating hardware inferred compiler options for uart_sdk2.
22:24:36 INFO  : Clearing existing target manager status.
22:25:20 INFO  : 'targets -set -filter {jtag_cable_name =~ "Xilinx TUL 1234-tulA" && level==0} -index 1' command is executed.
22:25:20 INFO  : 'fpga -state' command is executed.
22:25:20 INFO  : Connected to target on host '127.0.0.1' and port '3121'.
22:25:20 INFO  : Jtag cable 'Xilinx TUL 1234-tulA' is selected.
22:25:20 INFO  : 'jtag frequency' command is executed.
22:25:20 INFO  : Sourcing of 'D:/Documents/Vivado_data/soc_uart/soc_uart.sdk/design_1_wrapper_hw_platform_0/ps7_init.tcl' is done.
22:25:20 INFO  : Context for 'APU' is selected.
22:25:20 INFO  : Hardware design information is loaded from 'D:/Documents/Vivado_data/soc_uart/soc_uart.sdk/design_1_wrapper_hw_platform_0/system.hdf'.
22:25:20 INFO  : 'configparams force-mem-access 1' command is executed.
22:25:20 INFO  : Context for 'APU' is selected.
22:25:20 INFO  : 'stop' command is executed.
22:25:21 INFO  : 'ps7_init' command is executed.
22:25:21 INFO  : 'ps7_post_config' command is executed.
22:25:21 INFO  : Context for processor 'ps7_cortexa9_0' is selected.
22:25:21 INFO  : Processor reset is completed for 'ps7_cortexa9_0'.
22:25:21 INFO  : Context for processor 'ps7_cortexa9_0' is selected.
22:25:21 INFO  : The application 'D:/Documents/Vivado_data/soc_uart/soc_uart.sdk/uart_sdk2/Debug/uart_sdk2.elf' is downloaded to processor 'ps7_cortexa9_0'.
22:25:21 INFO  : 'configparams force-mem-access 0' command is executed.
22:25:21 INFO  : ----------------XSDB Script----------------
connect -url tcp:127.0.0.1:3121
source D:/Documents/Vivado_data/soc_uart/soc_uart.sdk/design_1_wrapper_hw_platform_0/ps7_init.tcl
targets -set -nocase -filter {name =~"APU*" && jtag_cable_name =~ "Xilinx TUL 1234-tulA"} -index 0
loadhw -hw D:/Documents/Vivado_data/soc_uart/soc_uart.sdk/design_1_wrapper_hw_platform_0/system.hdf -mem-ranges [list {0x40000000 0xbfffffff}]
configparams force-mem-access 1
targets -set -nocase -filter {name =~"APU*" && jtag_cable_name =~ "Xilinx TUL 1234-tulA"} -index 0
stop
ps7_init
ps7_post_config
targets -set -nocase -filter {name =~ "ARM*#0" && jtag_cable_name =~ "Xilinx TUL 1234-tulA"} -index 0
rst -processor
targets -set -nocase -filter {name =~ "ARM*#0" && jtag_cable_name =~ "Xilinx TUL 1234-tulA"} -index 0
dow D:/Documents/Vivado_data/soc_uart/soc_uart.sdk/uart_sdk2/Debug/uart_sdk2.elf
configparams force-mem-access 0
----------------End of Script----------------

22:25:21 INFO  : Memory regions updated for context APU
22:25:21 INFO  : Context for processor 'ps7_cortexa9_0' is selected.
22:25:21 INFO  : 'con' command is executed.
22:25:21 INFO  : ----------------XSDB Script (After Launch)----------------
targets -set -nocase -filter {name =~ "ARM*#0" && jtag_cable_name =~ "Xilinx TUL 1234-tulA"} -index 0
con
----------------End of Script----------------

22:25:21 INFO  : Launch script is exported to file 'D:\Documents\Vivado_data\soc_uart\soc_uart.sdk\.sdk\launch_scripts\xilinx_c-c++_application_(system_debugger)\system_debugger_using_debug_uart_sdk2.elf_on_local.tcl'
22:25:26 INFO  : Disconnected from the channel tcfchan#1.
22:25:27 INFO  : 'targets -set -filter {jtag_cable_name =~ "Xilinx TUL 1234-tulA" && level==0} -index 1' command is executed.
22:25:27 INFO  : 'fpga -state' command is executed.
22:25:27 INFO  : Connected to target on host '127.0.0.1' and port '3121'.
22:25:28 INFO  : Jtag cable 'Xilinx TUL 1234-tulA' is selected.
22:25:28 INFO  : 'jtag frequency' command is executed.
22:25:28 INFO  : Sourcing of 'D:/Documents/Vivado_data/soc_uart/soc_uart.sdk/design_1_wrapper_hw_platform_0/ps7_init.tcl' is done.
22:25:28 INFO  : Context for 'APU' is selected.
22:25:29 INFO  : Hardware design information is loaded from 'D:/Documents/Vivado_data/soc_uart/soc_uart.sdk/design_1_wrapper_hw_platform_0/system.hdf'.
22:25:29 INFO  : 'configparams force-mem-access 1' command is executed.
22:25:29 INFO  : Context for 'APU' is selected.
22:25:29 INFO  : 'stop' command is executed.
22:25:30 INFO  : 'ps7_init' command is executed.
22:25:30 INFO  : 'ps7_post_config' command is executed.
22:25:30 INFO  : Context for processor 'ps7_cortexa9_0' is selected.
22:25:30 INFO  : Processor reset is completed for 'ps7_cortexa9_0'.
22:25:30 INFO  : Context for processor 'ps7_cortexa9_0' is selected.
22:25:30 INFO  : The application 'D:/Documents/Vivado_data/soc_uart/soc_uart.sdk/uart_sdk2/Debug/uart_sdk2.elf' is downloaded to processor 'ps7_cortexa9_0'.
22:25:30 INFO  : 'configparams force-mem-access 0' command is executed.
22:25:30 INFO  : ----------------XSDB Script----------------
connect -url tcp:127.0.0.1:3121
source D:/Documents/Vivado_data/soc_uart/soc_uart.sdk/design_1_wrapper_hw_platform_0/ps7_init.tcl
targets -set -nocase -filter {name =~"APU*" && jtag_cable_name =~ "Xilinx TUL 1234-tulA"} -index 0
loadhw -hw D:/Documents/Vivado_data/soc_uart/soc_uart.sdk/design_1_wrapper_hw_platform_0/system.hdf -mem-ranges [list {0x40000000 0xbfffffff}]
configparams force-mem-access 1
targets -set -nocase -filter {name =~"APU*" && jtag_cable_name =~ "Xilinx TUL 1234-tulA"} -index 0
stop
ps7_init
ps7_post_config
targets -set -nocase -filter {name =~ "ARM*#0" && jtag_cable_name =~ "Xilinx TUL 1234-tulA"} -index 0
rst -processor
targets -set -nocase -filter {name =~ "ARM*#0" && jtag_cable_name =~ "Xilinx TUL 1234-tulA"} -index 0
dow D:/Documents/Vivado_data/soc_uart/soc_uart.sdk/uart_sdk2/Debug/uart_sdk2.elf
configparams force-mem-access 0
----------------End of Script----------------

22:25:30 INFO  : Memory regions updated for context APU
22:25:30 INFO  : Context for processor 'ps7_cortexa9_0' is selected.
22:25:30 INFO  : 'con' command is executed.
22:25:30 INFO  : ----------------XSDB Script (After Launch)----------------
targets -set -nocase -filter {name =~ "ARM*#0" && jtag_cable_name =~ "Xilinx TUL 1234-tulA"} -index 0
con
----------------End of Script----------------

22:25:30 INFO  : Launch script is exported to file 'D:\Documents\Vivado_data\soc_uart\soc_uart.sdk\.sdk\launch_scripts\xilinx_c-c++_application_(system_debugger)\system_debugger_using_debug_uart_sdk2.elf_on_local.tcl'
22:31:16 INFO  : Disconnected from the channel tcfchan#2.
22:31:17 INFO  : 'targets -set -filter {jtag_cable_name =~ "Xilinx TUL 1234-tulA" && level==0} -index 1' command is executed.
22:31:17 INFO  : 'fpga -state' command is executed.
22:31:17 INFO  : Connected to target on host '127.0.0.1' and port '3121'.
22:31:17 INFO  : Jtag cable 'Xilinx TUL 1234-tulA' is selected.
22:31:17 INFO  : 'jtag frequency' command is executed.
22:31:17 INFO  : Sourcing of 'D:/Documents/Vivado_data/soc_uart/soc_uart.sdk/design_1_wrapper_hw_platform_0/ps7_init.tcl' is done.
22:31:17 INFO  : Context for 'APU' is selected.
22:31:17 INFO  : Hardware design information is loaded from 'D:/Documents/Vivado_data/soc_uart/soc_uart.sdk/design_1_wrapper_hw_platform_0/system.hdf'.
22:31:17 INFO  : 'configparams force-mem-access 1' command is executed.
22:31:17 INFO  : Context for 'APU' is selected.
22:31:17 INFO  : 'stop' command is executed.
22:31:17 INFO  : 'ps7_init' command is executed.
22:31:17 INFO  : 'ps7_post_config' command is executed.
22:31:17 INFO  : Context for processor 'ps7_cortexa9_0' is selected.
22:31:18 INFO  : Processor reset is completed for 'ps7_cortexa9_0'.
22:31:18 INFO  : Context for processor 'ps7_cortexa9_0' is selected.
22:31:18 INFO  : The application 'D:/Documents/Vivado_data/soc_uart/soc_uart.sdk/uart_sdk2/Debug/uart_sdk2.elf' is downloaded to processor 'ps7_cortexa9_0'.
22:31:18 INFO  : 'configparams force-mem-access 0' command is executed.
22:31:18 INFO  : ----------------XSDB Script----------------
connect -url tcp:127.0.0.1:3121
source D:/Documents/Vivado_data/soc_uart/soc_uart.sdk/design_1_wrapper_hw_platform_0/ps7_init.tcl
targets -set -nocase -filter {name =~"APU*" && jtag_cable_name =~ "Xilinx TUL 1234-tulA"} -index 0
loadhw -hw D:/Documents/Vivado_data/soc_uart/soc_uart.sdk/design_1_wrapper_hw_platform_0/system.hdf -mem-ranges [list {0x40000000 0xbfffffff}]
configparams force-mem-access 1
targets -set -nocase -filter {name =~"APU*" && jtag_cable_name =~ "Xilinx TUL 1234-tulA"} -index 0
stop
ps7_init
ps7_post_config
targets -set -nocase -filter {name =~ "ARM*#0" && jtag_cable_name =~ "Xilinx TUL 1234-tulA"} -index 0
rst -processor
targets -set -nocase -filter {name =~ "ARM*#0" && jtag_cable_name =~ "Xilinx TUL 1234-tulA"} -index 0
dow D:/Documents/Vivado_data/soc_uart/soc_uart.sdk/uart_sdk2/Debug/uart_sdk2.elf
configparams force-mem-access 0
----------------End of Script----------------

22:31:18 INFO  : Memory regions updated for context APU
22:31:18 INFO  : Context for processor 'ps7_cortexa9_0' is selected.
22:31:18 INFO  : 'con' command is executed.
22:31:18 INFO  : ----------------XSDB Script (After Launch)----------------
targets -set -nocase -filter {name =~ "ARM*#0" && jtag_cable_name =~ "Xilinx TUL 1234-tulA"} -index 0
con
----------------End of Script----------------

22:31:18 INFO  : Launch script is exported to file 'D:\Documents\Vivado_data\soc_uart\soc_uart.sdk\.sdk\launch_scripts\xilinx_c-c++_application_(system_debugger)\system_debugger_using_debug_uart_sdk2.elf_on_local.tcl'
22:43:18 INFO  : Disconnected from the channel tcfchan#3.
22:43:19 INFO  : 'targets -set -filter {jtag_cable_name =~ "Xilinx TUL 1234-tulA" && level==0} -index 1' command is executed.
22:43:19 INFO  : 'fpga -state' command is executed.
22:43:19 INFO  : Connected to target on host '127.0.0.1' and port '3121'.
22:43:19 INFO  : Jtag cable 'Xilinx TUL 1234-tulA' is selected.
22:43:19 INFO  : 'jtag frequency' command is executed.
22:43:19 INFO  : Sourcing of 'D:/Documents/Vivado_data/soc_uart/soc_uart.sdk/design_1_wrapper_hw_platform_0/ps7_init.tcl' is done.
22:43:19 INFO  : Context for 'APU' is selected.
22:43:19 INFO  : Hardware design information is loaded from 'D:/Documents/Vivado_data/soc_uart/soc_uart.sdk/design_1_wrapper_hw_platform_0/system.hdf'.
22:43:19 INFO  : 'configparams force-mem-access 1' command is executed.
22:43:20 INFO  : Context for 'APU' is selected.
22:43:20 INFO  : 'stop' command is executed.
22:43:20 INFO  : 'ps7_init' command is executed.
22:43:20 INFO  : 'ps7_post_config' command is executed.
22:43:20 INFO  : Context for processor 'ps7_cortexa9_0' is selected.
22:43:20 INFO  : Processor reset is completed for 'ps7_cortexa9_0'.
22:43:20 INFO  : Context for processor 'ps7_cortexa9_0' is selected.
22:43:20 INFO  : The application 'D:/Documents/Vivado_data/soc_uart/soc_uart.sdk/uart_sdk2/Debug/uart_sdk2.elf' is downloaded to processor 'ps7_cortexa9_0'.
22:43:20 INFO  : 'configparams force-mem-access 0' command is executed.
22:43:20 INFO  : ----------------XSDB Script----------------
connect -url tcp:127.0.0.1:3121
source D:/Documents/Vivado_data/soc_uart/soc_uart.sdk/design_1_wrapper_hw_platform_0/ps7_init.tcl
targets -set -nocase -filter {name =~"APU*" && jtag_cable_name =~ "Xilinx TUL 1234-tulA"} -index 0
loadhw -hw D:/Documents/Vivado_data/soc_uart/soc_uart.sdk/design_1_wrapper_hw_platform_0/system.hdf -mem-ranges [list {0x40000000 0xbfffffff}]
configparams force-mem-access 1
targets -set -nocase -filter {name =~"APU*" && jtag_cable_name =~ "Xilinx TUL 1234-tulA"} -index 0
stop
ps7_init
ps7_post_config
targets -set -nocase -filter {name =~ "ARM*#0" && jtag_cable_name =~ "Xilinx TUL 1234-tulA"} -index 0
rst -processor
targets -set -nocase -filter {name =~ "ARM*#0" && jtag_cable_name =~ "Xilinx TUL 1234-tulA"} -index 0
dow D:/Documents/Vivado_data/soc_uart/soc_uart.sdk/uart_sdk2/Debug/uart_sdk2.elf
configparams force-mem-access 0
----------------End of Script----------------

22:43:20 INFO  : Memory regions updated for context APU
22:43:20 INFO  : Context for processor 'ps7_cortexa9_0' is selected.
22:43:20 INFO  : 'con' command is executed.
22:43:20 INFO  : ----------------XSDB Script (After Launch)----------------
targets -set -nocase -filter {name =~ "ARM*#0" && jtag_cable_name =~ "Xilinx TUL 1234-tulA"} -index 0
con
----------------End of Script----------------

22:43:20 INFO  : Launch script is exported to file 'D:\Documents\Vivado_data\soc_uart\soc_uart.sdk\.sdk\launch_scripts\xilinx_c-c++_application_(system_debugger)\system_debugger_using_debug_uart_sdk2.elf_on_local.tcl'
22:59:03 INFO  : SDK has detected change in the last modified timestamps for source hardware specification file Source:1748357866593,  Project:1748355784271
22:59:03 INFO  : Project design_1_wrapper_hw_platform_0's source hardware specification located at D:/Documents/Vivado_data/soc_uart/soc_uart.sdk/design_1_wrapper.hdf is now different from the local copy.
		 The local copy will be replaced with the source specification and your workspace will be updated.
22:59:04 INFO  : Copied contents of D:/Documents/Vivado_data/soc_uart/soc_uart.sdk/design_1_wrapper.hdf into \design_1_wrapper_hw_platform_0\system.hdf.
22:59:08 INFO  : Synchronizing projects in the workspace with the hardware platform specification changes.
22:59:10 INFO  : 
22:59:11 INFO  : Updating hardware inferred compiler options for uart_sdk2.
22:59:11 INFO  : Clearing existing target manager status.
23:00:10 INFO  : Disconnected from the channel tcfchan#4.
23:00:11 INFO  : 'targets -set -filter {jtag_cable_name =~ "Xilinx TUL 1234-tulA" && level==0} -index 1' command is executed.
23:00:11 INFO  : 'fpga -state' command is executed.
23:00:11 INFO  : Connected to target on host '127.0.0.1' and port '3121'.
23:00:11 INFO  : Jtag cable 'Xilinx TUL 1234-tulA' is selected.
23:00:11 INFO  : 'jtag frequency' command is executed.
23:00:11 INFO  : Sourcing of 'D:/Documents/Vivado_data/soc_uart/soc_uart.sdk/design_1_wrapper_hw_platform_0/ps7_init.tcl' is done.
23:00:11 INFO  : Context for 'APU' is selected.
23:00:11 INFO  : Hardware design information is loaded from 'D:/Documents/Vivado_data/soc_uart/soc_uart.sdk/design_1_wrapper_hw_platform_0/system.hdf'.
23:00:11 INFO  : 'configparams force-mem-access 1' command is executed.
23:00:11 INFO  : Context for 'APU' is selected.
23:00:11 INFO  : 'stop' command is executed.
23:00:12 INFO  : 'ps7_init' command is executed.
23:00:12 INFO  : 'ps7_post_config' command is executed.
23:00:12 INFO  : Context for processor 'ps7_cortexa9_0' is selected.
23:00:12 INFO  : Processor reset is completed for 'ps7_cortexa9_0'.
23:00:12 INFO  : Context for processor 'ps7_cortexa9_0' is selected.
23:00:12 INFO  : The application 'D:/Documents/Vivado_data/soc_uart/soc_uart.sdk/uart_sdk2/Debug/uart_sdk2.elf' is downloaded to processor 'ps7_cortexa9_0'.
23:00:12 INFO  : 'configparams force-mem-access 0' command is executed.
23:00:12 INFO  : ----------------XSDB Script----------------
connect -url tcp:127.0.0.1:3121
source D:/Documents/Vivado_data/soc_uart/soc_uart.sdk/design_1_wrapper_hw_platform_0/ps7_init.tcl
targets -set -nocase -filter {name =~"APU*" && jtag_cable_name =~ "Xilinx TUL 1234-tulA"} -index 0
loadhw -hw D:/Documents/Vivado_data/soc_uart/soc_uart.sdk/design_1_wrapper_hw_platform_0/system.hdf -mem-ranges [list {0x40000000 0xbfffffff}]
configparams force-mem-access 1
targets -set -nocase -filter {name =~"APU*" && jtag_cable_name =~ "Xilinx TUL 1234-tulA"} -index 0
stop
ps7_init
ps7_post_config
targets -set -nocase -filter {name =~ "ARM*#0" && jtag_cable_name =~ "Xilinx TUL 1234-tulA"} -index 0
rst -processor
targets -set -nocase -filter {name =~ "ARM*#0" && jtag_cable_name =~ "Xilinx TUL 1234-tulA"} -index 0
dow D:/Documents/Vivado_data/soc_uart/soc_uart.sdk/uart_sdk2/Debug/uart_sdk2.elf
configparams force-mem-access 0
----------------End of Script----------------

23:00:12 INFO  : Memory regions updated for context APU
23:00:12 INFO  : Context for processor 'ps7_cortexa9_0' is selected.
23:00:12 INFO  : 'con' command is executed.
23:00:12 INFO  : ----------------XSDB Script (After Launch)----------------
targets -set -nocase -filter {name =~ "ARM*#0" && jtag_cable_name =~ "Xilinx TUL 1234-tulA"} -index 0
con
----------------End of Script----------------

23:00:12 INFO  : Launch script is exported to file 'D:\Documents\Vivado_data\soc_uart\soc_uart.sdk\.sdk\launch_scripts\xilinx_c-c++_application_(system_debugger)\system_debugger_using_debug_uart_sdk2.elf_on_local.tcl'
23:00:27 INFO  : Disconnected from the channel tcfchan#5.
23:00:28 INFO  : 'targets -set -filter {jtag_cable_name =~ "Xilinx TUL 1234-tulA" && level==0} -index 1' command is executed.
23:00:28 INFO  : 'fpga -state' command is executed.
23:00:28 INFO  : Connected to target on host '127.0.0.1' and port '3121'.
23:00:28 INFO  : Jtag cable 'Xilinx TUL 1234-tulA' is selected.
23:00:28 INFO  : 'jtag frequency' command is executed.
23:00:28 INFO  : Sourcing of 'D:/Documents/Vivado_data/soc_uart/soc_uart.sdk/design_1_wrapper_hw_platform_0/ps7_init.tcl' is done.
23:00:28 INFO  : Context for 'APU' is selected.
23:00:28 INFO  : Hardware design information is loaded from 'D:/Documents/Vivado_data/soc_uart/soc_uart.sdk/design_1_wrapper_hw_platform_0/system.hdf'.
23:00:28 INFO  : 'configparams force-mem-access 1' command is executed.
23:00:28 INFO  : Context for 'APU' is selected.
23:00:28 INFO  : 'stop' command is executed.
23:00:29 INFO  : 'ps7_init' command is executed.
23:00:29 INFO  : 'ps7_post_config' command is executed.
23:00:29 INFO  : Context for processor 'ps7_cortexa9_0' is selected.
23:00:29 INFO  : Processor reset is completed for 'ps7_cortexa9_0'.
23:00:29 INFO  : Context for processor 'ps7_cortexa9_0' is selected.
23:00:29 INFO  : The application 'D:/Documents/Vivado_data/soc_uart/soc_uart.sdk/uart_sdk2/Debug/uart_sdk2.elf' is downloaded to processor 'ps7_cortexa9_0'.
23:00:29 INFO  : 'configparams force-mem-access 0' command is executed.
23:00:29 INFO  : ----------------XSDB Script----------------
connect -url tcp:127.0.0.1:3121
source D:/Documents/Vivado_data/soc_uart/soc_uart.sdk/design_1_wrapper_hw_platform_0/ps7_init.tcl
targets -set -nocase -filter {name =~"APU*" && jtag_cable_name =~ "Xilinx TUL 1234-tulA"} -index 0
loadhw -hw D:/Documents/Vivado_data/soc_uart/soc_uart.sdk/design_1_wrapper_hw_platform_0/system.hdf -mem-ranges [list {0x40000000 0xbfffffff}]
configparams force-mem-access 1
targets -set -nocase -filter {name =~"APU*" && jtag_cable_name =~ "Xilinx TUL 1234-tulA"} -index 0
stop
ps7_init
ps7_post_config
targets -set -nocase -filter {name =~ "ARM*#0" && jtag_cable_name =~ "Xilinx TUL 1234-tulA"} -index 0
rst -processor
targets -set -nocase -filter {name =~ "ARM*#0" && jtag_cable_name =~ "Xilinx TUL 1234-tulA"} -index 0
dow D:/Documents/Vivado_data/soc_uart/soc_uart.sdk/uart_sdk2/Debug/uart_sdk2.elf
configparams force-mem-access 0
----------------End of Script----------------

23:00:29 INFO  : Memory regions updated for context APU
23:00:29 INFO  : Context for processor 'ps7_cortexa9_0' is selected.
23:00:29 INFO  : 'con' command is executed.
23:00:29 INFO  : ----------------XSDB Script (After Launch)----------------
targets -set -nocase -filter {name =~ "ARM*#0" && jtag_cable_name =~ "Xilinx TUL 1234-tulA"} -index 0
con
----------------End of Script----------------

23:00:29 INFO  : Launch script is exported to file 'D:\Documents\Vivado_data\soc_uart\soc_uart.sdk\.sdk\launch_scripts\xilinx_c-c++_application_(system_debugger)\system_debugger_using_debug_uart_sdk2.elf_on_local.tcl'
23:00:45 INFO  : Disconnected from the channel tcfchan#6.
23:00:46 INFO  : 'targets -set -filter {jtag_cable_name =~ "Xilinx TUL 1234-tulA" && level==0} -index 1' command is executed.
23:00:46 INFO  : 'fpga -state' command is executed.
23:00:46 INFO  : Connected to target on host '127.0.0.1' and port '3121'.
23:00:46 INFO  : Jtag cable 'Xilinx TUL 1234-tulA' is selected.
23:00:46 INFO  : 'jtag frequency' command is executed.
23:00:46 INFO  : Sourcing of 'D:/Documents/Vivado_data/soc_uart/soc_uart.sdk/design_1_wrapper_hw_platform_0/ps7_init.tcl' is done.
23:00:46 INFO  : Context for 'APU' is selected.
23:00:46 INFO  : Hardware design information is loaded from 'D:/Documents/Vivado_data/soc_uart/soc_uart.sdk/design_1_wrapper_hw_platform_0/system.hdf'.
23:00:46 INFO  : 'configparams force-mem-access 1' command is executed.
23:00:46 INFO  : Context for 'APU' is selected.
23:00:46 INFO  : 'stop' command is executed.
23:00:47 INFO  : 'ps7_init' command is executed.
23:00:47 INFO  : 'ps7_post_config' command is executed.
23:00:47 INFO  : Context for processor 'ps7_cortexa9_0' is selected.
23:00:47 INFO  : Processor reset is completed for 'ps7_cortexa9_0'.
23:00:47 INFO  : Context for processor 'ps7_cortexa9_0' is selected.
23:00:47 INFO  : The application 'D:/Documents/Vivado_data/soc_uart/soc_uart.sdk/uart_sdk2/Debug/uart_sdk2.elf' is downloaded to processor 'ps7_cortexa9_0'.
23:00:47 INFO  : 'configparams force-mem-access 0' command is executed.
23:00:47 INFO  : ----------------XSDB Script----------------
connect -url tcp:127.0.0.1:3121
source D:/Documents/Vivado_data/soc_uart/soc_uart.sdk/design_1_wrapper_hw_platform_0/ps7_init.tcl
targets -set -nocase -filter {name =~"APU*" && jtag_cable_name =~ "Xilinx TUL 1234-tulA"} -index 0
loadhw -hw D:/Documents/Vivado_data/soc_uart/soc_uart.sdk/design_1_wrapper_hw_platform_0/system.hdf -mem-ranges [list {0x40000000 0xbfffffff}]
configparams force-mem-access 1
targets -set -nocase -filter {name =~"APU*" && jtag_cable_name =~ "Xilinx TUL 1234-tulA"} -index 0
stop
ps7_init
ps7_post_config
targets -set -nocase -filter {name =~ "ARM*#0" && jtag_cable_name =~ "Xilinx TUL 1234-tulA"} -index 0
rst -processor
targets -set -nocase -filter {name =~ "ARM*#0" && jtag_cable_name =~ "Xilinx TUL 1234-tulA"} -index 0
dow D:/Documents/Vivado_data/soc_uart/soc_uart.sdk/uart_sdk2/Debug/uart_sdk2.elf
configparams force-mem-access 0
----------------End of Script----------------

23:00:47 INFO  : Memory regions updated for context APU
23:00:47 INFO  : Context for processor 'ps7_cortexa9_0' is selected.
23:00:47 INFO  : 'con' command is executed.
23:00:47 INFO  : ----------------XSDB Script (After Launch)----------------
targets -set -nocase -filter {name =~ "ARM*#0" && jtag_cable_name =~ "Xilinx TUL 1234-tulA"} -index 0
con
----------------End of Script----------------

23:00:47 INFO  : Launch script is exported to file 'D:\Documents\Vivado_data\soc_uart\soc_uart.sdk\.sdk\launch_scripts\xilinx_c-c++_application_(system_debugger)\system_debugger_using_debug_uart_sdk2.elf_on_local.tcl'
23:05:47 INFO  : Disconnected from the channel tcfchan#7.
23:05:48 INFO  : 'targets -set -filter {jtag_cable_name =~ "Xilinx TUL 1234-tulA" && level==0} -index 1' command is executed.
23:05:48 INFO  : 'fpga -state' command is executed.
23:05:48 INFO  : Connected to target on host '127.0.0.1' and port '3121'.
23:05:48 INFO  : Jtag cable 'Xilinx TUL 1234-tulA' is selected.
23:05:48 INFO  : 'jtag frequency' command is executed.
23:05:48 INFO  : Sourcing of 'D:/Documents/Vivado_data/soc_uart/soc_uart.sdk/design_1_wrapper_hw_platform_0/ps7_init.tcl' is done.
23:05:48 INFO  : Context for 'APU' is selected.
23:05:48 INFO  : Hardware design information is loaded from 'D:/Documents/Vivado_data/soc_uart/soc_uart.sdk/design_1_wrapper_hw_platform_0/system.hdf'.
23:05:48 INFO  : 'configparams force-mem-access 1' command is executed.
23:05:48 INFO  : Context for 'APU' is selected.
23:05:48 INFO  : 'stop' command is executed.
23:05:49 INFO  : 'ps7_init' command is executed.
23:05:49 INFO  : 'ps7_post_config' command is executed.
23:05:49 INFO  : Context for processor 'ps7_cortexa9_0' is selected.
23:05:49 INFO  : Processor reset is completed for 'ps7_cortexa9_0'.
23:05:49 INFO  : Context for processor 'ps7_cortexa9_0' is selected.
23:05:49 INFO  : The application 'D:/Documents/Vivado_data/soc_uart/soc_uart.sdk/uart_sdk2/Debug/uart_sdk2.elf' is downloaded to processor 'ps7_cortexa9_0'.
23:05:49 INFO  : 'configparams force-mem-access 0' command is executed.
23:05:49 INFO  : ----------------XSDB Script----------------
connect -url tcp:127.0.0.1:3121
source D:/Documents/Vivado_data/soc_uart/soc_uart.sdk/design_1_wrapper_hw_platform_0/ps7_init.tcl
targets -set -nocase -filter {name =~"APU*" && jtag_cable_name =~ "Xilinx TUL 1234-tulA"} -index 0
loadhw -hw D:/Documents/Vivado_data/soc_uart/soc_uart.sdk/design_1_wrapper_hw_platform_0/system.hdf -mem-ranges [list {0x40000000 0xbfffffff}]
configparams force-mem-access 1
targets -set -nocase -filter {name =~"APU*" && jtag_cable_name =~ "Xilinx TUL 1234-tulA"} -index 0
stop
ps7_init
ps7_post_config
targets -set -nocase -filter {name =~ "ARM*#0" && jtag_cable_name =~ "Xilinx TUL 1234-tulA"} -index 0
rst -processor
targets -set -nocase -filter {name =~ "ARM*#0" && jtag_cable_name =~ "Xilinx TUL 1234-tulA"} -index 0
dow D:/Documents/Vivado_data/soc_uart/soc_uart.sdk/uart_sdk2/Debug/uart_sdk2.elf
configparams force-mem-access 0
----------------End of Script----------------

23:05:49 INFO  : Memory regions updated for context APU
23:05:49 INFO  : Context for processor 'ps7_cortexa9_0' is selected.
23:05:49 INFO  : 'con' command is executed.
23:05:49 INFO  : ----------------XSDB Script (After Launch)----------------
targets -set -nocase -filter {name =~ "ARM*#0" && jtag_cable_name =~ "Xilinx TUL 1234-tulA"} -index 0
con
----------------End of Script----------------

23:05:49 INFO  : Launch script is exported to file 'D:\Documents\Vivado_data\soc_uart\soc_uart.sdk\.sdk\launch_scripts\xilinx_c-c++_application_(system_debugger)\system_debugger_using_debug_uart_sdk2.elf_on_local.tcl'
23:06:27 INFO  : Disconnected from the channel tcfchan#8.
23:06:28 INFO  : 'targets -set -filter {jtag_cable_name =~ "Xilinx TUL 1234-tulA" && level==0} -index 1' command is executed.
23:06:28 INFO  : 'fpga -state' command is executed.
23:06:28 INFO  : Connected to target on host '127.0.0.1' and port '3121'.
23:06:28 INFO  : Jtag cable 'Xilinx TUL 1234-tulA' is selected.
23:06:28 INFO  : 'jtag frequency' command is executed.
23:06:28 INFO  : Sourcing of 'D:/Documents/Vivado_data/soc_uart/soc_uart.sdk/design_1_wrapper_hw_platform_0/ps7_init.tcl' is done.
23:06:28 INFO  : Context for 'APU' is selected.
23:06:28 INFO  : Hardware design information is loaded from 'D:/Documents/Vivado_data/soc_uart/soc_uart.sdk/design_1_wrapper_hw_platform_0/system.hdf'.
23:06:28 INFO  : 'configparams force-mem-access 1' command is executed.
23:06:28 INFO  : Context for 'APU' is selected.
23:06:28 INFO  : 'stop' command is executed.
23:06:29 INFO  : 'ps7_init' command is executed.
23:06:29 INFO  : 'ps7_post_config' command is executed.
23:06:29 INFO  : Context for processor 'ps7_cortexa9_0' is selected.
23:06:29 INFO  : Processor reset is completed for 'ps7_cortexa9_0'.
23:06:29 INFO  : Context for processor 'ps7_cortexa9_0' is selected.
23:06:29 INFO  : The application 'D:/Documents/Vivado_data/soc_uart/soc_uart.sdk/uart_sdk2/Debug/uart_sdk2.elf' is downloaded to processor 'ps7_cortexa9_0'.
23:06:29 INFO  : 'configparams force-mem-access 0' command is executed.
23:06:29 INFO  : ----------------XSDB Script----------------
connect -url tcp:127.0.0.1:3121
source D:/Documents/Vivado_data/soc_uart/soc_uart.sdk/design_1_wrapper_hw_platform_0/ps7_init.tcl
targets -set -nocase -filter {name =~"APU*" && jtag_cable_name =~ "Xilinx TUL 1234-tulA"} -index 0
loadhw -hw D:/Documents/Vivado_data/soc_uart/soc_uart.sdk/design_1_wrapper_hw_platform_0/system.hdf -mem-ranges [list {0x40000000 0xbfffffff}]
configparams force-mem-access 1
targets -set -nocase -filter {name =~"APU*" && jtag_cable_name =~ "Xilinx TUL 1234-tulA"} -index 0
stop
ps7_init
ps7_post_config
targets -set -nocase -filter {name =~ "ARM*#0" && jtag_cable_name =~ "Xilinx TUL 1234-tulA"} -index 0
rst -processor
targets -set -nocase -filter {name =~ "ARM*#0" && jtag_cable_name =~ "Xilinx TUL 1234-tulA"} -index 0
dow D:/Documents/Vivado_data/soc_uart/soc_uart.sdk/uart_sdk2/Debug/uart_sdk2.elf
configparams force-mem-access 0
----------------End of Script----------------

23:06:29 INFO  : Memory regions updated for context APU
23:06:29 INFO  : Context for processor 'ps7_cortexa9_0' is selected.
23:06:29 INFO  : 'con' command is executed.
23:06:29 INFO  : ----------------XSDB Script (After Launch)----------------
targets -set -nocase -filter {name =~ "ARM*#0" && jtag_cable_name =~ "Xilinx TUL 1234-tulA"} -index 0
con
----------------End of Script----------------

23:06:29 INFO  : Launch script is exported to file 'D:\Documents\Vivado_data\soc_uart\soc_uart.sdk\.sdk\launch_scripts\xilinx_c-c++_application_(system_debugger)\system_debugger_using_debug_uart_sdk2.elf_on_local.tcl'
23:12:08 INFO  : Disconnected from the channel tcfchan#9.
23:12:09 INFO  : 'targets -set -filter {jtag_cable_name =~ "Xilinx TUL 1234-tulA" && level==0} -index 1' command is executed.
23:12:09 INFO  : 'fpga -state' command is executed.
23:12:09 INFO  : Connected to target on host '127.0.0.1' and port '3121'.
23:12:09 INFO  : Jtag cable 'Xilinx TUL 1234-tulA' is selected.
23:12:09 INFO  : 'jtag frequency' command is executed.
23:12:09 INFO  : Sourcing of 'D:/Documents/Vivado_data/soc_uart/soc_uart.sdk/design_1_wrapper_hw_platform_0/ps7_init.tcl' is done.
23:12:09 INFO  : Context for 'APU' is selected.
23:12:09 INFO  : Hardware design information is loaded from 'D:/Documents/Vivado_data/soc_uart/soc_uart.sdk/design_1_wrapper_hw_platform_0/system.hdf'.
23:12:09 INFO  : 'configparams force-mem-access 1' command is executed.
23:12:09 INFO  : Context for 'APU' is selected.
23:12:09 INFO  : 'stop' command is executed.
23:12:10 INFO  : 'ps7_init' command is executed.
23:12:10 INFO  : 'ps7_post_config' command is executed.
23:12:10 INFO  : Context for processor 'ps7_cortexa9_0' is selected.
23:12:10 INFO  : Processor reset is completed for 'ps7_cortexa9_0'.
23:12:10 INFO  : Context for processor 'ps7_cortexa9_0' is selected.
23:12:10 INFO  : The application 'D:/Documents/Vivado_data/soc_uart/soc_uart.sdk/uart_sdk2/Debug/uart_sdk2.elf' is downloaded to processor 'ps7_cortexa9_0'.
23:12:10 INFO  : 'configparams force-mem-access 0' command is executed.
23:12:10 INFO  : ----------------XSDB Script----------------
connect -url tcp:127.0.0.1:3121
source D:/Documents/Vivado_data/soc_uart/soc_uart.sdk/design_1_wrapper_hw_platform_0/ps7_init.tcl
targets -set -nocase -filter {name =~"APU*" && jtag_cable_name =~ "Xilinx TUL 1234-tulA"} -index 0
loadhw -hw D:/Documents/Vivado_data/soc_uart/soc_uart.sdk/design_1_wrapper_hw_platform_0/system.hdf -mem-ranges [list {0x40000000 0xbfffffff}]
configparams force-mem-access 1
targets -set -nocase -filter {name =~"APU*" && jtag_cable_name =~ "Xilinx TUL 1234-tulA"} -index 0
stop
ps7_init
ps7_post_config
targets -set -nocase -filter {name =~ "ARM*#0" && jtag_cable_name =~ "Xilinx TUL 1234-tulA"} -index 0
rst -processor
targets -set -nocase -filter {name =~ "ARM*#0" && jtag_cable_name =~ "Xilinx TUL 1234-tulA"} -index 0
dow D:/Documents/Vivado_data/soc_uart/soc_uart.sdk/uart_sdk2/Debug/uart_sdk2.elf
configparams force-mem-access 0
----------------End of Script----------------

23:12:10 INFO  : Memory regions updated for context APU
23:12:10 INFO  : Context for processor 'ps7_cortexa9_0' is selected.
23:12:10 INFO  : 'con' command is executed.
23:12:10 INFO  : ----------------XSDB Script (After Launch)----------------
targets -set -nocase -filter {name =~ "ARM*#0" && jtag_cable_name =~ "Xilinx TUL 1234-tulA"} -index 0
con
----------------End of Script----------------

23:12:10 INFO  : Launch script is exported to file 'D:\Documents\Vivado_data\soc_uart\soc_uart.sdk\.sdk\launch_scripts\xilinx_c-c++_application_(system_debugger)\system_debugger_using_debug_uart_sdk2.elf_on_local.tcl'
23:16:09 INFO  : Disconnected from the channel tcfchan#10.
23:16:10 INFO  : 'targets -set -filter {jtag_cable_name =~ "Xilinx TUL 1234-tulA" && level==0} -index 1' command is executed.
23:16:10 INFO  : 'fpga -state' command is executed.
23:16:10 INFO  : Connected to target on host '127.0.0.1' and port '3121'.
23:16:10 INFO  : Jtag cable 'Xilinx TUL 1234-tulA' is selected.
23:16:10 INFO  : 'jtag frequency' command is executed.
23:16:10 INFO  : Sourcing of 'D:/Documents/Vivado_data/soc_uart/soc_uart.sdk/design_1_wrapper_hw_platform_0/ps7_init.tcl' is done.
23:16:10 INFO  : Context for 'APU' is selected.
23:16:10 INFO  : Hardware design information is loaded from 'D:/Documents/Vivado_data/soc_uart/soc_uart.sdk/design_1_wrapper_hw_platform_0/system.hdf'.
23:16:10 INFO  : 'configparams force-mem-access 1' command is executed.
23:16:10 INFO  : Context for 'APU' is selected.
23:16:10 INFO  : 'stop' command is executed.
23:16:10 INFO  : 'ps7_init' command is executed.
23:16:10 INFO  : 'ps7_post_config' command is executed.
23:16:10 INFO  : Context for processor 'ps7_cortexa9_0' is selected.
23:16:10 INFO  : Processor reset is completed for 'ps7_cortexa9_0'.
23:16:10 INFO  : Context for processor 'ps7_cortexa9_0' is selected.
23:16:11 INFO  : The application 'D:/Documents/Vivado_data/soc_uart/soc_uart.sdk/uart_sdk2/Debug/uart_sdk2.elf' is downloaded to processor 'ps7_cortexa9_0'.
23:16:11 INFO  : 'configparams force-mem-access 0' command is executed.
23:16:11 INFO  : ----------------XSDB Script----------------
connect -url tcp:127.0.0.1:3121
source D:/Documents/Vivado_data/soc_uart/soc_uart.sdk/design_1_wrapper_hw_platform_0/ps7_init.tcl
targets -set -nocase -filter {name =~"APU*" && jtag_cable_name =~ "Xilinx TUL 1234-tulA"} -index 0
loadhw -hw D:/Documents/Vivado_data/soc_uart/soc_uart.sdk/design_1_wrapper_hw_platform_0/system.hdf -mem-ranges [list {0x40000000 0xbfffffff}]
configparams force-mem-access 1
targets -set -nocase -filter {name =~"APU*" && jtag_cable_name =~ "Xilinx TUL 1234-tulA"} -index 0
stop
ps7_init
ps7_post_config
targets -set -nocase -filter {name =~ "ARM*#0" && jtag_cable_name =~ "Xilinx TUL 1234-tulA"} -index 0
rst -processor
targets -set -nocase -filter {name =~ "ARM*#0" && jtag_cable_name =~ "Xilinx TUL 1234-tulA"} -index 0
dow D:/Documents/Vivado_data/soc_uart/soc_uart.sdk/uart_sdk2/Debug/uart_sdk2.elf
configparams force-mem-access 0
----------------End of Script----------------

23:16:11 INFO  : Memory regions updated for context APU
23:16:11 INFO  : Context for processor 'ps7_cortexa9_0' is selected.
23:16:11 INFO  : 'con' command is executed.
23:16:11 INFO  : ----------------XSDB Script (After Launch)----------------
targets -set -nocase -filter {name =~ "ARM*#0" && jtag_cable_name =~ "Xilinx TUL 1234-tulA"} -index 0
con
----------------End of Script----------------

23:16:11 INFO  : Launch script is exported to file 'D:\Documents\Vivado_data\soc_uart\soc_uart.sdk\.sdk\launch_scripts\xilinx_c-c++_application_(system_debugger)\system_debugger_using_debug_uart_sdk2.elf_on_local.tcl'
23:16:44 INFO  : Disconnected from the channel tcfchan#11.
23:16:45 INFO  : 'targets -set -filter {jtag_cable_name =~ "Xilinx TUL 1234-tulA" && level==0} -index 1' command is executed.
23:16:45 INFO  : 'fpga -state' command is executed.
23:16:45 INFO  : Connected to target on host '127.0.0.1' and port '3121'.
23:16:45 INFO  : Jtag cable 'Xilinx TUL 1234-tulA' is selected.
23:16:45 INFO  : 'jtag frequency' command is executed.
23:16:45 INFO  : Sourcing of 'D:/Documents/Vivado_data/soc_uart/soc_uart.sdk/design_1_wrapper_hw_platform_0/ps7_init.tcl' is done.
23:16:45 INFO  : Context for 'APU' is selected.
23:16:45 INFO  : Hardware design information is loaded from 'D:/Documents/Vivado_data/soc_uart/soc_uart.sdk/design_1_wrapper_hw_platform_0/system.hdf'.
23:16:45 INFO  : 'configparams force-mem-access 1' command is executed.
23:16:45 INFO  : Context for 'APU' is selected.
23:16:45 INFO  : 'stop' command is executed.
23:16:45 INFO  : 'ps7_init' command is executed.
23:16:45 INFO  : 'ps7_post_config' command is executed.
23:16:45 INFO  : Context for processor 'ps7_cortexa9_0' is selected.
23:16:46 INFO  : Processor reset is completed for 'ps7_cortexa9_0'.
23:16:46 INFO  : Context for processor 'ps7_cortexa9_0' is selected.
23:16:46 INFO  : The application 'D:/Documents/Vivado_data/soc_uart/soc_uart.sdk/uart_sdk2/Debug/uart_sdk2.elf' is downloaded to processor 'ps7_cortexa9_0'.
23:16:46 INFO  : 'configparams force-mem-access 0' command is executed.
23:16:46 INFO  : ----------------XSDB Script----------------
connect -url tcp:127.0.0.1:3121
source D:/Documents/Vivado_data/soc_uart/soc_uart.sdk/design_1_wrapper_hw_platform_0/ps7_init.tcl
targets -set -nocase -filter {name =~"APU*" && jtag_cable_name =~ "Xilinx TUL 1234-tulA"} -index 0
loadhw -hw D:/Documents/Vivado_data/soc_uart/soc_uart.sdk/design_1_wrapper_hw_platform_0/system.hdf -mem-ranges [list {0x40000000 0xbfffffff}]
configparams force-mem-access 1
targets -set -nocase -filter {name =~"APU*" && jtag_cable_name =~ "Xilinx TUL 1234-tulA"} -index 0
stop
ps7_init
ps7_post_config
targets -set -nocase -filter {name =~ "ARM*#0" && jtag_cable_name =~ "Xilinx TUL 1234-tulA"} -index 0
rst -processor
targets -set -nocase -filter {name =~ "ARM*#0" && jtag_cable_name =~ "Xilinx TUL 1234-tulA"} -index 0
dow D:/Documents/Vivado_data/soc_uart/soc_uart.sdk/uart_sdk2/Debug/uart_sdk2.elf
configparams force-mem-access 0
----------------End of Script----------------

23:16:46 INFO  : Memory regions updated for context APU
23:16:46 INFO  : Context for processor 'ps7_cortexa9_0' is selected.
23:16:46 INFO  : 'con' command is executed.
23:16:46 INFO  : ----------------XSDB Script (After Launch)----------------
targets -set -nocase -filter {name =~ "ARM*#0" && jtag_cable_name =~ "Xilinx TUL 1234-tulA"} -index 0
con
----------------End of Script----------------

23:16:46 INFO  : Launch script is exported to file 'D:\Documents\Vivado_data\soc_uart\soc_uart.sdk\.sdk\launch_scripts\xilinx_c-c++_application_(system_debugger)\system_debugger_using_debug_uart_sdk2.elf_on_local.tcl'
23:16:55 INFO  : Disconnected from the channel tcfchan#12.
23:16:56 INFO  : 'targets -set -filter {jtag_cable_name =~ "Xilinx TUL 1234-tulA" && level==0} -index 1' command is executed.
23:16:56 INFO  : 'fpga -state' command is executed.
23:16:56 INFO  : Connected to target on host '127.0.0.1' and port '3121'.
23:16:56 INFO  : Jtag cable 'Xilinx TUL 1234-tulA' is selected.
23:16:56 INFO  : 'jtag frequency' command is executed.
23:16:56 INFO  : Sourcing of 'D:/Documents/Vivado_data/soc_uart/soc_uart.sdk/design_1_wrapper_hw_platform_0/ps7_init.tcl' is done.
23:16:56 INFO  : Context for 'APU' is selected.
23:16:56 INFO  : Hardware design information is loaded from 'D:/Documents/Vivado_data/soc_uart/soc_uart.sdk/design_1_wrapper_hw_platform_0/system.hdf'.
23:16:56 INFO  : 'configparams force-mem-access 1' command is executed.
23:16:56 INFO  : Context for 'APU' is selected.
23:16:56 INFO  : 'stop' command is executed.
23:16:56 INFO  : 'ps7_init' command is executed.
23:16:56 INFO  : 'ps7_post_config' command is executed.
23:16:56 INFO  : Context for processor 'ps7_cortexa9_0' is selected.
23:16:57 INFO  : Processor reset is completed for 'ps7_cortexa9_0'.
23:16:57 INFO  : Context for processor 'ps7_cortexa9_0' is selected.
23:16:57 INFO  : The application 'D:/Documents/Vivado_data/soc_uart/soc_uart.sdk/uart_sdk2/Debug/uart_sdk2.elf' is downloaded to processor 'ps7_cortexa9_0'.
23:16:57 INFO  : 'configparams force-mem-access 0' command is executed.
23:16:57 INFO  : ----------------XSDB Script----------------
connect -url tcp:127.0.0.1:3121
source D:/Documents/Vivado_data/soc_uart/soc_uart.sdk/design_1_wrapper_hw_platform_0/ps7_init.tcl
targets -set -nocase -filter {name =~"APU*" && jtag_cable_name =~ "Xilinx TUL 1234-tulA"} -index 0
loadhw -hw D:/Documents/Vivado_data/soc_uart/soc_uart.sdk/design_1_wrapper_hw_platform_0/system.hdf -mem-ranges [list {0x40000000 0xbfffffff}]
configparams force-mem-access 1
targets -set -nocase -filter {name =~"APU*" && jtag_cable_name =~ "Xilinx TUL 1234-tulA"} -index 0
stop
ps7_init
ps7_post_config
targets -set -nocase -filter {name =~ "ARM*#0" && jtag_cable_name =~ "Xilinx TUL 1234-tulA"} -index 0
rst -processor
targets -set -nocase -filter {name =~ "ARM*#0" && jtag_cable_name =~ "Xilinx TUL 1234-tulA"} -index 0
dow D:/Documents/Vivado_data/soc_uart/soc_uart.sdk/uart_sdk2/Debug/uart_sdk2.elf
configparams force-mem-access 0
----------------End of Script----------------

23:16:57 INFO  : Memory regions updated for context APU
23:16:57 INFO  : Context for processor 'ps7_cortexa9_0' is selected.
23:16:57 INFO  : 'con' command is executed.
23:16:57 INFO  : ----------------XSDB Script (After Launch)----------------
targets -set -nocase -filter {name =~ "ARM*#0" && jtag_cable_name =~ "Xilinx TUL 1234-tulA"} -index 0
con
----------------End of Script----------------

23:16:57 INFO  : Launch script is exported to file 'D:\Documents\Vivado_data\soc_uart\soc_uart.sdk\.sdk\launch_scripts\xilinx_c-c++_application_(system_debugger)\system_debugger_using_debug_uart_sdk2.elf_on_local.tcl'
23:19:57 INFO  : Disconnected from the channel tcfchan#13.
23:19:58 INFO  : 'targets -set -filter {jtag_cable_name =~ "Xilinx TUL 1234-tulA" && level==0} -index 1' command is executed.
23:19:58 INFO  : 'fpga -state' command is executed.
23:19:58 INFO  : Connected to target on host '127.0.0.1' and port '3121'.
23:19:58 INFO  : Jtag cable 'Xilinx TUL 1234-tulA' is selected.
23:19:58 INFO  : 'jtag frequency' command is executed.
23:19:58 INFO  : Sourcing of 'D:/Documents/Vivado_data/soc_uart/soc_uart.sdk/design_1_wrapper_hw_platform_0/ps7_init.tcl' is done.
23:19:58 INFO  : Context for 'APU' is selected.
23:19:58 INFO  : Hardware design information is loaded from 'D:/Documents/Vivado_data/soc_uart/soc_uart.sdk/design_1_wrapper_hw_platform_0/system.hdf'.
23:19:58 INFO  : 'configparams force-mem-access 1' command is executed.
23:19:58 INFO  : Context for 'APU' is selected.
23:19:58 INFO  : 'stop' command is executed.
23:19:58 INFO  : 'ps7_init' command is executed.
23:19:58 INFO  : 'ps7_post_config' command is executed.
23:19:58 INFO  : Context for processor 'ps7_cortexa9_0' is selected.
23:19:59 INFO  : Processor reset is completed for 'ps7_cortexa9_0'.
23:19:59 INFO  : Context for processor 'ps7_cortexa9_0' is selected.
23:19:59 INFO  : The application 'D:/Documents/Vivado_data/soc_uart/soc_uart.sdk/uart_sdk2/Debug/uart_sdk2.elf' is downloaded to processor 'ps7_cortexa9_0'.
23:19:59 INFO  : 'configparams force-mem-access 0' command is executed.
23:19:59 INFO  : ----------------XSDB Script----------------
connect -url tcp:127.0.0.1:3121
source D:/Documents/Vivado_data/soc_uart/soc_uart.sdk/design_1_wrapper_hw_platform_0/ps7_init.tcl
targets -set -nocase -filter {name =~"APU*" && jtag_cable_name =~ "Xilinx TUL 1234-tulA"} -index 0
loadhw -hw D:/Documents/Vivado_data/soc_uart/soc_uart.sdk/design_1_wrapper_hw_platform_0/system.hdf -mem-ranges [list {0x40000000 0xbfffffff}]
configparams force-mem-access 1
targets -set -nocase -filter {name =~"APU*" && jtag_cable_name =~ "Xilinx TUL 1234-tulA"} -index 0
stop
ps7_init
ps7_post_config
targets -set -nocase -filter {name =~ "ARM*#0" && jtag_cable_name =~ "Xilinx TUL 1234-tulA"} -index 0
rst -processor
targets -set -nocase -filter {name =~ "ARM*#0" && jtag_cable_name =~ "Xilinx TUL 1234-tulA"} -index 0
dow D:/Documents/Vivado_data/soc_uart/soc_uart.sdk/uart_sdk2/Debug/uart_sdk2.elf
configparams force-mem-access 0
----------------End of Script----------------

23:19:59 INFO  : Memory regions updated for context APU
23:19:59 INFO  : Context for processor 'ps7_cortexa9_0' is selected.
23:19:59 INFO  : 'con' command is executed.
23:19:59 INFO  : ----------------XSDB Script (After Launch)----------------
targets -set -nocase -filter {name =~ "ARM*#0" && jtag_cable_name =~ "Xilinx TUL 1234-tulA"} -index 0
con
----------------End of Script----------------

23:19:59 INFO  : Launch script is exported to file 'D:\Documents\Vivado_data\soc_uart\soc_uart.sdk\.sdk\launch_scripts\xilinx_c-c++_application_(system_debugger)\system_debugger_using_debug_uart_sdk2.elf_on_local.tcl'
00:21:40 INFO  : SDK has detected change in the last modified timestamps for source hardware specification file Source:1748362865527,  Project:1748357866593
00:21:40 INFO  : Project design_1_wrapper_hw_platform_0's source hardware specification located at D:/Documents/Vivado_data/soc_uart/soc_uart.sdk/design_1_wrapper.hdf is now different from the local copy.
		 The local copy will be replaced with the source specification and your workspace will be updated.
00:21:45 INFO  : Copied contents of D:/Documents/Vivado_data/soc_uart/soc_uart.sdk/design_1_wrapper.hdf into \design_1_wrapper_hw_platform_0\system.hdf.
00:21:48 INFO  : Synchronizing projects in the workspace with the hardware platform specification changes.
00:21:49 INFO  : 
00:21:50 INFO  : Updating hardware inferred compiler options for uart_sdk2.
00:21:50 INFO  : Clearing existing target manager status.
00:22:30 INFO  : Disconnected from the channel tcfchan#14.
00:22:31 INFO  : 'targets -set -filter {jtag_cable_name =~ "Xilinx TUL 1234-tulA" && level==0} -index 1' command is executed.
00:22:31 INFO  : 'fpga -state' command is executed.
00:22:31 INFO  : Connected to target on host '127.0.0.1' and port '3121'.
00:22:31 INFO  : Jtag cable 'Xilinx TUL 1234-tulA' is selected.
00:22:31 INFO  : 'jtag frequency' command is executed.
00:22:31 INFO  : Sourcing of 'D:/Documents/Vivado_data/soc_uart/soc_uart.sdk/design_1_wrapper_hw_platform_0/ps7_init.tcl' is done.
00:22:31 INFO  : Context for 'APU' is selected.
00:22:31 INFO  : Hardware design information is loaded from 'D:/Documents/Vivado_data/soc_uart/soc_uart.sdk/design_1_wrapper_hw_platform_0/system.hdf'.
00:22:31 INFO  : 'configparams force-mem-access 1' command is executed.
00:22:31 INFO  : Context for 'APU' is selected.
00:22:31 INFO  : 'stop' command is executed.
00:22:32 INFO  : 'ps7_init' command is executed.
00:22:32 INFO  : 'ps7_post_config' command is executed.
00:22:32 INFO  : Context for processor 'ps7_cortexa9_0' is selected.
00:22:32 INFO  : Processor reset is completed for 'ps7_cortexa9_0'.
00:22:32 INFO  : Context for processor 'ps7_cortexa9_0' is selected.
00:22:32 INFO  : The application 'D:/Documents/Vivado_data/soc_uart/soc_uart.sdk/uart_sdk2/Debug/uart_sdk2.elf' is downloaded to processor 'ps7_cortexa9_0'.
00:22:32 INFO  : 'configparams force-mem-access 0' command is executed.
00:22:32 INFO  : ----------------XSDB Script----------------
connect -url tcp:127.0.0.1:3121
source D:/Documents/Vivado_data/soc_uart/soc_uart.sdk/design_1_wrapper_hw_platform_0/ps7_init.tcl
targets -set -nocase -filter {name =~"APU*" && jtag_cable_name =~ "Xilinx TUL 1234-tulA"} -index 0
loadhw -hw D:/Documents/Vivado_data/soc_uart/soc_uart.sdk/design_1_wrapper_hw_platform_0/system.hdf -mem-ranges [list {0x40000000 0xbfffffff}]
configparams force-mem-access 1
targets -set -nocase -filter {name =~"APU*" && jtag_cable_name =~ "Xilinx TUL 1234-tulA"} -index 0
stop
ps7_init
ps7_post_config
targets -set -nocase -filter {name =~ "ARM*#0" && jtag_cable_name =~ "Xilinx TUL 1234-tulA"} -index 0
rst -processor
targets -set -nocase -filter {name =~ "ARM*#0" && jtag_cable_name =~ "Xilinx TUL 1234-tulA"} -index 0
dow D:/Documents/Vivado_data/soc_uart/soc_uart.sdk/uart_sdk2/Debug/uart_sdk2.elf
configparams force-mem-access 0
----------------End of Script----------------

00:22:32 INFO  : Memory regions updated for context APU
00:22:32 INFO  : Context for processor 'ps7_cortexa9_0' is selected.
00:22:32 INFO  : 'con' command is executed.
00:22:32 INFO  : ----------------XSDB Script (After Launch)----------------
targets -set -nocase -filter {name =~ "ARM*#0" && jtag_cable_name =~ "Xilinx TUL 1234-tulA"} -index 0
con
----------------End of Script----------------

00:22:32 INFO  : Launch script is exported to file 'D:\Documents\Vivado_data\soc_uart\soc_uart.sdk\.sdk\launch_scripts\xilinx_c-c++_application_(system_debugger)\system_debugger_using_debug_uart_sdk2.elf_on_local.tcl'
00:22:44 INFO  : Disconnected from the channel tcfchan#15.
00:22:45 INFO  : 'targets -set -filter {jtag_cable_name =~ "Xilinx TUL 1234-tulA" && level==0} -index 1' command is executed.
00:22:45 INFO  : 'fpga -state' command is executed.
00:22:45 INFO  : Connected to target on host '127.0.0.1' and port '3121'.
00:22:45 INFO  : Jtag cable 'Xilinx TUL 1234-tulA' is selected.
00:22:45 INFO  : 'jtag frequency' command is executed.
00:22:45 INFO  : Sourcing of 'D:/Documents/Vivado_data/soc_uart/soc_uart.sdk/design_1_wrapper_hw_platform_0/ps7_init.tcl' is done.
00:22:46 INFO  : Context for 'APU' is selected.
00:22:46 INFO  : Hardware design information is loaded from 'D:/Documents/Vivado_data/soc_uart/soc_uart.sdk/design_1_wrapper_hw_platform_0/system.hdf'.
00:22:46 INFO  : 'configparams force-mem-access 1' command is executed.
00:22:46 INFO  : Context for 'APU' is selected.
00:22:46 INFO  : 'stop' command is executed.
00:22:46 INFO  : 'ps7_init' command is executed.
00:22:46 INFO  : 'ps7_post_config' command is executed.
00:22:46 INFO  : Context for processor 'ps7_cortexa9_0' is selected.
00:22:46 INFO  : Processor reset is completed for 'ps7_cortexa9_0'.
00:22:46 INFO  : Context for processor 'ps7_cortexa9_0' is selected.
00:22:46 INFO  : The application 'D:/Documents/Vivado_data/soc_uart/soc_uart.sdk/uart_sdk2/Debug/uart_sdk2.elf' is downloaded to processor 'ps7_cortexa9_0'.
00:22:46 INFO  : 'configparams force-mem-access 0' command is executed.
00:22:46 INFO  : ----------------XSDB Script----------------
connect -url tcp:127.0.0.1:3121
source D:/Documents/Vivado_data/soc_uart/soc_uart.sdk/design_1_wrapper_hw_platform_0/ps7_init.tcl
targets -set -nocase -filter {name =~"APU*" && jtag_cable_name =~ "Xilinx TUL 1234-tulA"} -index 0
loadhw -hw D:/Documents/Vivado_data/soc_uart/soc_uart.sdk/design_1_wrapper_hw_platform_0/system.hdf -mem-ranges [list {0x40000000 0xbfffffff}]
configparams force-mem-access 1
targets -set -nocase -filter {name =~"APU*" && jtag_cable_name =~ "Xilinx TUL 1234-tulA"} -index 0
stop
ps7_init
ps7_post_config
targets -set -nocase -filter {name =~ "ARM*#0" && jtag_cable_name =~ "Xilinx TUL 1234-tulA"} -index 0
rst -processor
targets -set -nocase -filter {name =~ "ARM*#0" && jtag_cable_name =~ "Xilinx TUL 1234-tulA"} -index 0
dow D:/Documents/Vivado_data/soc_uart/soc_uart.sdk/uart_sdk2/Debug/uart_sdk2.elf
configparams force-mem-access 0
----------------End of Script----------------

00:22:46 INFO  : Memory regions updated for context APU
00:22:46 INFO  : Context for processor 'ps7_cortexa9_0' is selected.
00:22:46 INFO  : 'con' command is executed.
00:22:46 INFO  : ----------------XSDB Script (After Launch)----------------
targets -set -nocase -filter {name =~ "ARM*#0" && jtag_cable_name =~ "Xilinx TUL 1234-tulA"} -index 0
con
----------------End of Script----------------

00:22:46 INFO  : Launch script is exported to file 'D:\Documents\Vivado_data\soc_uart\soc_uart.sdk\.sdk\launch_scripts\xilinx_c-c++_application_(system_debugger)\system_debugger_using_debug_uart_sdk2.elf_on_local.tcl'
00:25:47 INFO  : Disconnected from the channel tcfchan#16.
00:25:48 INFO  : 'targets -set -filter {jtag_cable_name =~ "Xilinx TUL 1234-tulA" && level==0} -index 1' command is executed.
00:25:48 INFO  : 'fpga -state' command is executed.
00:25:48 INFO  : Connected to target on host '127.0.0.1' and port '3121'.
00:25:48 INFO  : Jtag cable 'Xilinx TUL 1234-tulA' is selected.
00:25:48 INFO  : 'jtag frequency' command is executed.
00:25:48 INFO  : Sourcing of 'D:/Documents/Vivado_data/soc_uart/soc_uart.sdk/design_1_wrapper_hw_platform_0/ps7_init.tcl' is done.
00:25:48 INFO  : Context for 'APU' is selected.
00:25:48 INFO  : Hardware design information is loaded from 'D:/Documents/Vivado_data/soc_uart/soc_uart.sdk/design_1_wrapper_hw_platform_0/system.hdf'.
00:25:48 INFO  : 'configparams force-mem-access 1' command is executed.
00:25:48 INFO  : Context for 'APU' is selected.
00:25:48 INFO  : 'stop' command is executed.
00:25:48 INFO  : 'ps7_init' command is executed.
00:25:48 INFO  : 'ps7_post_config' command is executed.
00:25:48 INFO  : Context for processor 'ps7_cortexa9_0' is selected.
00:25:49 INFO  : Processor reset is completed for 'ps7_cortexa9_0'.
00:25:49 INFO  : Context for processor 'ps7_cortexa9_0' is selected.
00:25:49 INFO  : The application 'D:/Documents/Vivado_data/soc_uart/soc_uart.sdk/uart_sdk2/Debug/uart_sdk2.elf' is downloaded to processor 'ps7_cortexa9_0'.
00:25:49 INFO  : 'configparams force-mem-access 0' command is executed.
00:25:49 INFO  : ----------------XSDB Script----------------
connect -url tcp:127.0.0.1:3121
source D:/Documents/Vivado_data/soc_uart/soc_uart.sdk/design_1_wrapper_hw_platform_0/ps7_init.tcl
targets -set -nocase -filter {name =~"APU*" && jtag_cable_name =~ "Xilinx TUL 1234-tulA"} -index 0
loadhw -hw D:/Documents/Vivado_data/soc_uart/soc_uart.sdk/design_1_wrapper_hw_platform_0/system.hdf -mem-ranges [list {0x40000000 0xbfffffff}]
configparams force-mem-access 1
targets -set -nocase -filter {name =~"APU*" && jtag_cable_name =~ "Xilinx TUL 1234-tulA"} -index 0
stop
ps7_init
ps7_post_config
targets -set -nocase -filter {name =~ "ARM*#0" && jtag_cable_name =~ "Xilinx TUL 1234-tulA"} -index 0
rst -processor
targets -set -nocase -filter {name =~ "ARM*#0" && jtag_cable_name =~ "Xilinx TUL 1234-tulA"} -index 0
dow D:/Documents/Vivado_data/soc_uart/soc_uart.sdk/uart_sdk2/Debug/uart_sdk2.elf
configparams force-mem-access 0
----------------End of Script----------------

00:25:49 INFO  : Memory regions updated for context APU
00:25:49 INFO  : Context for processor 'ps7_cortexa9_0' is selected.
00:25:49 INFO  : 'con' command is executed.
00:25:49 INFO  : ----------------XSDB Script (After Launch)----------------
targets -set -nocase -filter {name =~ "ARM*#0" && jtag_cable_name =~ "Xilinx TUL 1234-tulA"} -index 0
con
----------------End of Script----------------

00:25:49 INFO  : Launch script is exported to file 'D:\Documents\Vivado_data\soc_uart\soc_uart.sdk\.sdk\launch_scripts\xilinx_c-c++_application_(system_debugger)\system_debugger_using_debug_uart_sdk2.elf_on_local.tcl'
00:26:21 INFO  : Disconnected from the channel tcfchan#17.
00:26:22 INFO  : 'targets -set -filter {jtag_cable_name =~ "Xilinx TUL 1234-tulA" && level==0} -index 1' command is executed.
00:26:22 INFO  : 'fpga -state' command is executed.
00:26:22 INFO  : Connected to target on host '127.0.0.1' and port '3121'.
00:26:22 INFO  : Jtag cable 'Xilinx TUL 1234-tulA' is selected.
00:26:22 INFO  : 'jtag frequency' command is executed.
00:26:22 INFO  : Sourcing of 'D:/Documents/Vivado_data/soc_uart/soc_uart.sdk/design_1_wrapper_hw_platform_0/ps7_init.tcl' is done.
00:26:22 INFO  : Context for 'APU' is selected.
00:26:22 INFO  : Hardware design information is loaded from 'D:/Documents/Vivado_data/soc_uart/soc_uart.sdk/design_1_wrapper_hw_platform_0/system.hdf'.
00:26:22 INFO  : 'configparams force-mem-access 1' command is executed.
00:26:22 INFO  : Context for 'APU' is selected.
00:26:22 INFO  : 'stop' command is executed.
00:26:23 INFO  : 'ps7_init' command is executed.
00:26:23 INFO  : 'ps7_post_config' command is executed.
00:26:23 INFO  : Context for processor 'ps7_cortexa9_0' is selected.
00:26:23 INFO  : Processor reset is completed for 'ps7_cortexa9_0'.
00:26:23 INFO  : Context for processor 'ps7_cortexa9_0' is selected.
00:26:23 INFO  : The application 'D:/Documents/Vivado_data/soc_uart/soc_uart.sdk/uart_sdk2/Debug/uart_sdk2.elf' is downloaded to processor 'ps7_cortexa9_0'.
00:26:23 INFO  : 'configparams force-mem-access 0' command is executed.
00:26:23 INFO  : ----------------XSDB Script----------------
connect -url tcp:127.0.0.1:3121
source D:/Documents/Vivado_data/soc_uart/soc_uart.sdk/design_1_wrapper_hw_platform_0/ps7_init.tcl
targets -set -nocase -filter {name =~"APU*" && jtag_cable_name =~ "Xilinx TUL 1234-tulA"} -index 0
loadhw -hw D:/Documents/Vivado_data/soc_uart/soc_uart.sdk/design_1_wrapper_hw_platform_0/system.hdf -mem-ranges [list {0x40000000 0xbfffffff}]
configparams force-mem-access 1
targets -set -nocase -filter {name =~"APU*" && jtag_cable_name =~ "Xilinx TUL 1234-tulA"} -index 0
stop
ps7_init
ps7_post_config
targets -set -nocase -filter {name =~ "ARM*#0" && jtag_cable_name =~ "Xilinx TUL 1234-tulA"} -index 0
rst -processor
targets -set -nocase -filter {name =~ "ARM*#0" && jtag_cable_name =~ "Xilinx TUL 1234-tulA"} -index 0
dow D:/Documents/Vivado_data/soc_uart/soc_uart.sdk/uart_sdk2/Debug/uart_sdk2.elf
configparams force-mem-access 0
----------------End of Script----------------

00:26:23 INFO  : Memory regions updated for context APU
00:26:23 INFO  : Context for processor 'ps7_cortexa9_0' is selected.
00:26:23 INFO  : 'con' command is executed.
00:26:23 INFO  : ----------------XSDB Script (After Launch)----------------
targets -set -nocase -filter {name =~ "ARM*#0" && jtag_cable_name =~ "Xilinx TUL 1234-tulA"} -index 0
con
----------------End of Script----------------

00:26:23 INFO  : Launch script is exported to file 'D:\Documents\Vivado_data\soc_uart\soc_uart.sdk\.sdk\launch_scripts\xilinx_c-c++_application_(system_debugger)\system_debugger_using_debug_uart_sdk2.elf_on_local.tcl'
00:26:34 INFO  : Disconnected from the channel tcfchan#18.
00:26:35 INFO  : 'targets -set -filter {jtag_cable_name =~ "Xilinx TUL 1234-tulA" && level==0} -index 1' command is executed.
00:26:35 INFO  : 'fpga -state' command is executed.
00:26:35 INFO  : Connected to target on host '127.0.0.1' and port '3121'.
00:26:35 INFO  : Jtag cable 'Xilinx TUL 1234-tulA' is selected.
00:26:35 INFO  : 'jtag frequency' command is executed.
00:26:35 INFO  : Sourcing of 'D:/Documents/Vivado_data/soc_uart/soc_uart.sdk/design_1_wrapper_hw_platform_0/ps7_init.tcl' is done.
00:26:35 INFO  : Context for 'APU' is selected.
00:26:35 INFO  : Hardware design information is loaded from 'D:/Documents/Vivado_data/soc_uart/soc_uart.sdk/design_1_wrapper_hw_platform_0/system.hdf'.
00:26:35 INFO  : 'configparams force-mem-access 1' command is executed.
00:26:35 INFO  : Context for 'APU' is selected.
00:26:35 INFO  : 'stop' command is executed.
00:26:36 INFO  : 'ps7_init' command is executed.
00:26:36 INFO  : 'ps7_post_config' command is executed.
00:26:36 INFO  : Context for processor 'ps7_cortexa9_0' is selected.
00:26:36 INFO  : Processor reset is completed for 'ps7_cortexa9_0'.
00:26:36 INFO  : Context for processor 'ps7_cortexa9_0' is selected.
00:26:36 INFO  : The application 'D:/Documents/Vivado_data/soc_uart/soc_uart.sdk/uart_sdk2/Debug/uart_sdk2.elf' is downloaded to processor 'ps7_cortexa9_0'.
00:26:36 INFO  : 'configparams force-mem-access 0' command is executed.
00:26:36 INFO  : ----------------XSDB Script----------------
connect -url tcp:127.0.0.1:3121
source D:/Documents/Vivado_data/soc_uart/soc_uart.sdk/design_1_wrapper_hw_platform_0/ps7_init.tcl
targets -set -nocase -filter {name =~"APU*" && jtag_cable_name =~ "Xilinx TUL 1234-tulA"} -index 0
loadhw -hw D:/Documents/Vivado_data/soc_uart/soc_uart.sdk/design_1_wrapper_hw_platform_0/system.hdf -mem-ranges [list {0x40000000 0xbfffffff}]
configparams force-mem-access 1
targets -set -nocase -filter {name =~"APU*" && jtag_cable_name =~ "Xilinx TUL 1234-tulA"} -index 0
stop
ps7_init
ps7_post_config
targets -set -nocase -filter {name =~ "ARM*#0" && jtag_cable_name =~ "Xilinx TUL 1234-tulA"} -index 0
rst -processor
targets -set -nocase -filter {name =~ "ARM*#0" && jtag_cable_name =~ "Xilinx TUL 1234-tulA"} -index 0
dow D:/Documents/Vivado_data/soc_uart/soc_uart.sdk/uart_sdk2/Debug/uart_sdk2.elf
configparams force-mem-access 0
----------------End of Script----------------

00:26:36 INFO  : Memory regions updated for context APU
00:26:36 INFO  : Context for processor 'ps7_cortexa9_0' is selected.
00:26:36 INFO  : 'con' command is executed.
00:26:36 INFO  : ----------------XSDB Script (After Launch)----------------
targets -set -nocase -filter {name =~ "ARM*#0" && jtag_cable_name =~ "Xilinx TUL 1234-tulA"} -index 0
con
----------------End of Script----------------

00:26:36 INFO  : Launch script is exported to file 'D:\Documents\Vivado_data\soc_uart\soc_uart.sdk\.sdk\launch_scripts\xilinx_c-c++_application_(system_debugger)\system_debugger_using_debug_uart_sdk2.elf_on_local.tcl'
00:39:57 INFO  : SDK has detected change in the last modified timestamps for source hardware specification file Source:1748363976536,  Project:1748362865527
00:39:57 INFO  : Project design_1_wrapper_hw_platform_0's source hardware specification located at D:/Documents/Vivado_data/soc_uart/soc_uart.sdk/design_1_wrapper.hdf is now different from the local copy.
		 The local copy will be replaced with the source specification and your workspace will be updated.
00:40:03 INFO  : Copied contents of D:/Documents/Vivado_data/soc_uart/soc_uart.sdk/design_1_wrapper.hdf into \design_1_wrapper_hw_platform_0\system.hdf.
00:40:06 INFO  : Synchronizing projects in the workspace with the hardware platform specification changes.
00:40:07 INFO  : 
00:40:08 INFO  : Updating hardware inferred compiler options for uart_sdk2.
00:40:08 INFO  : Clearing existing target manager status.
00:40:43 INFO  : Disconnected from the channel tcfchan#19.
00:40:44 INFO  : 'targets -set -filter {jtag_cable_name =~ "Xilinx TUL 1234-tulA" && level==0} -index 1' command is executed.
00:40:44 INFO  : 'fpga -state' command is executed.
00:40:44 INFO  : Connected to target on host '127.0.0.1' and port '3121'.
00:40:44 INFO  : Jtag cable 'Xilinx TUL 1234-tulA' is selected.
00:40:44 INFO  : 'jtag frequency' command is executed.
00:40:44 INFO  : Sourcing of 'D:/Documents/Vivado_data/soc_uart/soc_uart.sdk/design_1_wrapper_hw_platform_0/ps7_init.tcl' is done.
00:40:44 INFO  : Context for 'APU' is selected.
00:40:44 INFO  : Hardware design information is loaded from 'D:/Documents/Vivado_data/soc_uart/soc_uart.sdk/design_1_wrapper_hw_platform_0/system.hdf'.
00:40:44 INFO  : 'configparams force-mem-access 1' command is executed.
00:40:44 INFO  : Context for 'APU' is selected.
00:40:44 INFO  : 'stop' command is executed.
00:40:45 INFO  : 'ps7_init' command is executed.
00:40:45 INFO  : 'ps7_post_config' command is executed.
00:40:45 INFO  : Context for processor 'ps7_cortexa9_0' is selected.
00:40:45 INFO  : Processor reset is completed for 'ps7_cortexa9_0'.
00:40:45 INFO  : Context for processor 'ps7_cortexa9_0' is selected.
00:40:45 INFO  : The application 'D:/Documents/Vivado_data/soc_uart/soc_uart.sdk/uart_sdk2/Debug/uart_sdk2.elf' is downloaded to processor 'ps7_cortexa9_0'.
00:40:45 INFO  : 'configparams force-mem-access 0' command is executed.
00:40:45 INFO  : ----------------XSDB Script----------------
connect -url tcp:127.0.0.1:3121
source D:/Documents/Vivado_data/soc_uart/soc_uart.sdk/design_1_wrapper_hw_platform_0/ps7_init.tcl
targets -set -nocase -filter {name =~"APU*" && jtag_cable_name =~ "Xilinx TUL 1234-tulA"} -index 0
loadhw -hw D:/Documents/Vivado_data/soc_uart/soc_uart.sdk/design_1_wrapper_hw_platform_0/system.hdf -mem-ranges [list {0x40000000 0xbfffffff}]
configparams force-mem-access 1
targets -set -nocase -filter {name =~"APU*" && jtag_cable_name =~ "Xilinx TUL 1234-tulA"} -index 0
stop
ps7_init
ps7_post_config
targets -set -nocase -filter {name =~ "ARM*#0" && jtag_cable_name =~ "Xilinx TUL 1234-tulA"} -index 0
rst -processor
targets -set -nocase -filter {name =~ "ARM*#0" && jtag_cable_name =~ "Xilinx TUL 1234-tulA"} -index 0
dow D:/Documents/Vivado_data/soc_uart/soc_uart.sdk/uart_sdk2/Debug/uart_sdk2.elf
configparams force-mem-access 0
----------------End of Script----------------

00:40:45 INFO  : Memory regions updated for context APU
00:40:45 INFO  : Context for processor 'ps7_cortexa9_0' is selected.
00:40:45 INFO  : 'con' command is executed.
00:40:45 INFO  : ----------------XSDB Script (After Launch)----------------
targets -set -nocase -filter {name =~ "ARM*#0" && jtag_cable_name =~ "Xilinx TUL 1234-tulA"} -index 0
con
----------------End of Script----------------

00:40:45 INFO  : Launch script is exported to file 'D:\Documents\Vivado_data\soc_uart\soc_uart.sdk\.sdk\launch_scripts\xilinx_c-c++_application_(system_debugger)\system_debugger_using_debug_uart_sdk2.elf_on_local.tcl'
00:41:03 INFO  : Disconnected from the channel tcfchan#20.
00:41:04 INFO  : 'targets -set -filter {jtag_cable_name =~ "Xilinx TUL 1234-tulA" && level==0} -index 1' command is executed.
00:41:04 INFO  : 'fpga -state' command is executed.
00:41:04 INFO  : Connected to target on host '127.0.0.1' and port '3121'.
00:41:04 INFO  : Jtag cable 'Xilinx TUL 1234-tulA' is selected.
00:41:04 INFO  : 'jtag frequency' command is executed.
00:41:04 INFO  : Sourcing of 'D:/Documents/Vivado_data/soc_uart/soc_uart.sdk/design_1_wrapper_hw_platform_0/ps7_init.tcl' is done.
00:41:04 INFO  : Context for 'APU' is selected.
00:41:04 INFO  : Hardware design information is loaded from 'D:/Documents/Vivado_data/soc_uart/soc_uart.sdk/design_1_wrapper_hw_platform_0/system.hdf'.
00:41:04 INFO  : 'configparams force-mem-access 1' command is executed.
00:41:04 INFO  : Context for 'APU' is selected.
00:41:04 INFO  : 'stop' command is executed.
00:41:05 INFO  : 'ps7_init' command is executed.
00:41:05 INFO  : 'ps7_post_config' command is executed.
00:41:05 INFO  : Context for processor 'ps7_cortexa9_0' is selected.
00:41:05 INFO  : Processor reset is completed for 'ps7_cortexa9_0'.
00:41:05 INFO  : Context for processor 'ps7_cortexa9_0' is selected.
00:41:05 INFO  : The application 'D:/Documents/Vivado_data/soc_uart/soc_uart.sdk/uart_sdk2/Debug/uart_sdk2.elf' is downloaded to processor 'ps7_cortexa9_0'.
00:41:05 INFO  : 'configparams force-mem-access 0' command is executed.
00:41:05 INFO  : ----------------XSDB Script----------------
connect -url tcp:127.0.0.1:3121
source D:/Documents/Vivado_data/soc_uart/soc_uart.sdk/design_1_wrapper_hw_platform_0/ps7_init.tcl
targets -set -nocase -filter {name =~"APU*" && jtag_cable_name =~ "Xilinx TUL 1234-tulA"} -index 0
loadhw -hw D:/Documents/Vivado_data/soc_uart/soc_uart.sdk/design_1_wrapper_hw_platform_0/system.hdf -mem-ranges [list {0x40000000 0xbfffffff}]
configparams force-mem-access 1
targets -set -nocase -filter {name =~"APU*" && jtag_cable_name =~ "Xilinx TUL 1234-tulA"} -index 0
stop
ps7_init
ps7_post_config
targets -set -nocase -filter {name =~ "ARM*#0" && jtag_cable_name =~ "Xilinx TUL 1234-tulA"} -index 0
rst -processor
targets -set -nocase -filter {name =~ "ARM*#0" && jtag_cable_name =~ "Xilinx TUL 1234-tulA"} -index 0
dow D:/Documents/Vivado_data/soc_uart/soc_uart.sdk/uart_sdk2/Debug/uart_sdk2.elf
configparams force-mem-access 0
----------------End of Script----------------

00:41:05 INFO  : Memory regions updated for context APU
00:41:05 INFO  : Context for processor 'ps7_cortexa9_0' is selected.
00:41:05 INFO  : 'con' command is executed.
00:41:05 INFO  : ----------------XSDB Script (After Launch)----------------
targets -set -nocase -filter {name =~ "ARM*#0" && jtag_cable_name =~ "Xilinx TUL 1234-tulA"} -index 0
con
----------------End of Script----------------

00:41:05 INFO  : Launch script is exported to file 'D:\Documents\Vivado_data\soc_uart\soc_uart.sdk\.sdk\launch_scripts\xilinx_c-c++_application_(system_debugger)\system_debugger_using_debug_uart_sdk2.elf_on_local.tcl'
00:51:47 INFO  : Disconnected from the channel tcfchan#21.
00:51:48 INFO  : 'targets -set -filter {jtag_cable_name =~ "Xilinx TUL 1234-tulA" && level==0} -index 1' command is executed.
00:51:48 INFO  : 'fpga -state' command is executed.
00:51:48 INFO  : Connected to target on host '127.0.0.1' and port '3121'.
00:51:48 INFO  : Jtag cable 'Xilinx TUL 1234-tulA' is selected.
00:51:48 INFO  : 'jtag frequency' command is executed.
00:51:48 INFO  : Sourcing of 'D:/Documents/Vivado_data/soc_uart/soc_uart.sdk/design_1_wrapper_hw_platform_0/ps7_init.tcl' is done.
00:51:48 INFO  : Context for 'APU' is selected.
00:51:48 INFO  : Hardware design information is loaded from 'D:/Documents/Vivado_data/soc_uart/soc_uart.sdk/design_1_wrapper_hw_platform_0/system.hdf'.
00:51:48 INFO  : 'configparams force-mem-access 1' command is executed.
00:51:48 INFO  : Context for 'APU' is selected.
00:51:48 INFO  : 'stop' command is executed.
00:51:48 INFO  : 'ps7_init' command is executed.
00:51:48 INFO  : 'ps7_post_config' command is executed.
00:51:48 INFO  : Context for processor 'ps7_cortexa9_0' is selected.
00:51:48 INFO  : Processor reset is completed for 'ps7_cortexa9_0'.
00:51:48 INFO  : Context for processor 'ps7_cortexa9_0' is selected.
00:51:48 INFO  : The application 'D:/Documents/Vivado_data/soc_uart/soc_uart.sdk/uart_sdk2/Debug/uart_sdk2.elf' is downloaded to processor 'ps7_cortexa9_0'.
00:51:48 INFO  : 'configparams force-mem-access 0' command is executed.
00:51:48 INFO  : ----------------XSDB Script----------------
connect -url tcp:127.0.0.1:3121
source D:/Documents/Vivado_data/soc_uart/soc_uart.sdk/design_1_wrapper_hw_platform_0/ps7_init.tcl
targets -set -nocase -filter {name =~"APU*" && jtag_cable_name =~ "Xilinx TUL 1234-tulA"} -index 0
loadhw -hw D:/Documents/Vivado_data/soc_uart/soc_uart.sdk/design_1_wrapper_hw_platform_0/system.hdf -mem-ranges [list {0x40000000 0xbfffffff}]
configparams force-mem-access 1
targets -set -nocase -filter {name =~"APU*" && jtag_cable_name =~ "Xilinx TUL 1234-tulA"} -index 0
stop
ps7_init
ps7_post_config
targets -set -nocase -filter {name =~ "ARM*#0" && jtag_cable_name =~ "Xilinx TUL 1234-tulA"} -index 0
rst -processor
targets -set -nocase -filter {name =~ "ARM*#0" && jtag_cable_name =~ "Xilinx TUL 1234-tulA"} -index 0
dow D:/Documents/Vivado_data/soc_uart/soc_uart.sdk/uart_sdk2/Debug/uart_sdk2.elf
configparams force-mem-access 0
----------------End of Script----------------

00:51:48 INFO  : Memory regions updated for context APU
00:51:48 INFO  : Context for processor 'ps7_cortexa9_0' is selected.
00:51:48 INFO  : 'con' command is executed.
00:51:48 INFO  : ----------------XSDB Script (After Launch)----------------
targets -set -nocase -filter {name =~ "ARM*#0" && jtag_cable_name =~ "Xilinx TUL 1234-tulA"} -index 0
con
----------------End of Script----------------

00:51:48 INFO  : Launch script is exported to file 'D:\Documents\Vivado_data\soc_uart\soc_uart.sdk\.sdk\launch_scripts\xilinx_c-c++_application_(system_debugger)\system_debugger_using_debug_uart_sdk2.elf_on_local.tcl'
00:52:14 INFO  : Disconnected from the channel tcfchan#22.
00:52:15 INFO  : 'targets -set -filter {jtag_cable_name =~ "Xilinx TUL 1234-tulA" && level==0} -index 1' command is executed.
00:52:15 INFO  : 'fpga -state' command is executed.
00:52:15 INFO  : Connected to target on host '127.0.0.1' and port '3121'.
00:52:15 INFO  : Jtag cable 'Xilinx TUL 1234-tulA' is selected.
00:52:15 INFO  : 'jtag frequency' command is executed.
00:52:15 INFO  : Sourcing of 'D:/Documents/Vivado_data/soc_uart/soc_uart.sdk/design_1_wrapper_hw_platform_0/ps7_init.tcl' is done.
00:52:15 INFO  : Context for 'APU' is selected.
00:52:15 INFO  : Hardware design information is loaded from 'D:/Documents/Vivado_data/soc_uart/soc_uart.sdk/design_1_wrapper_hw_platform_0/system.hdf'.
00:52:15 INFO  : 'configparams force-mem-access 1' command is executed.
00:52:15 INFO  : Context for 'APU' is selected.
00:52:15 INFO  : 'stop' command is executed.
00:52:16 INFO  : 'ps7_init' command is executed.
00:52:16 INFO  : 'ps7_post_config' command is executed.
00:52:16 INFO  : Context for processor 'ps7_cortexa9_0' is selected.
00:52:16 INFO  : Processor reset is completed for 'ps7_cortexa9_0'.
00:52:16 INFO  : Context for processor 'ps7_cortexa9_0' is selected.
00:52:16 INFO  : The application 'D:/Documents/Vivado_data/soc_uart/soc_uart.sdk/uart_sdk2/Debug/uart_sdk2.elf' is downloaded to processor 'ps7_cortexa9_0'.
00:52:16 INFO  : 'configparams force-mem-access 0' command is executed.
00:52:16 INFO  : ----------------XSDB Script----------------
connect -url tcp:127.0.0.1:3121
source D:/Documents/Vivado_data/soc_uart/soc_uart.sdk/design_1_wrapper_hw_platform_0/ps7_init.tcl
targets -set -nocase -filter {name =~"APU*" && jtag_cable_name =~ "Xilinx TUL 1234-tulA"} -index 0
loadhw -hw D:/Documents/Vivado_data/soc_uart/soc_uart.sdk/design_1_wrapper_hw_platform_0/system.hdf -mem-ranges [list {0x40000000 0xbfffffff}]
configparams force-mem-access 1
targets -set -nocase -filter {name =~"APU*" && jtag_cable_name =~ "Xilinx TUL 1234-tulA"} -index 0
stop
ps7_init
ps7_post_config
targets -set -nocase -filter {name =~ "ARM*#0" && jtag_cable_name =~ "Xilinx TUL 1234-tulA"} -index 0
rst -processor
targets -set -nocase -filter {name =~ "ARM*#0" && jtag_cable_name =~ "Xilinx TUL 1234-tulA"} -index 0
dow D:/Documents/Vivado_data/soc_uart/soc_uart.sdk/uart_sdk2/Debug/uart_sdk2.elf
configparams force-mem-access 0
----------------End of Script----------------

00:52:16 INFO  : Memory regions updated for context APU
00:52:16 INFO  : Context for processor 'ps7_cortexa9_0' is selected.
00:52:16 INFO  : 'con' command is executed.
00:52:16 INFO  : ----------------XSDB Script (After Launch)----------------
targets -set -nocase -filter {name =~ "ARM*#0" && jtag_cable_name =~ "Xilinx TUL 1234-tulA"} -index 0
con
----------------End of Script----------------

00:52:16 INFO  : Launch script is exported to file 'D:\Documents\Vivado_data\soc_uart\soc_uart.sdk\.sdk\launch_scripts\xilinx_c-c++_application_(system_debugger)\system_debugger_using_debug_uart_sdk2.elf_on_local.tcl'
00:55:12 INFO  : Disconnected from the channel tcfchan#23.
00:55:13 INFO  : 'targets -set -filter {jtag_cable_name =~ "Xilinx TUL 1234-tulA" && level==0} -index 1' command is executed.
00:55:14 INFO  : 'fpga -state' command is executed.
00:55:14 INFO  : Connected to target on host '127.0.0.1' and port '3121'.
00:55:14 INFO  : Jtag cable 'Xilinx TUL 1234-tulA' is selected.
00:55:14 INFO  : 'jtag frequency' command is executed.
00:55:14 INFO  : Sourcing of 'D:/Documents/Vivado_data/soc_uart/soc_uart.sdk/design_1_wrapper_hw_platform_0/ps7_init.tcl' is done.
00:55:14 INFO  : Context for 'APU' is selected.
00:55:14 INFO  : Hardware design information is loaded from 'D:/Documents/Vivado_data/soc_uart/soc_uart.sdk/design_1_wrapper_hw_platform_0/system.hdf'.
00:55:14 INFO  : 'configparams force-mem-access 1' command is executed.
00:55:14 INFO  : Context for 'APU' is selected.
00:55:14 INFO  : 'stop' command is executed.
00:55:14 INFO  : 'ps7_init' command is executed.
00:55:14 INFO  : 'ps7_post_config' command is executed.
00:55:14 INFO  : Context for processor 'ps7_cortexa9_0' is selected.
00:55:14 INFO  : Processor reset is completed for 'ps7_cortexa9_0'.
00:55:14 INFO  : Context for processor 'ps7_cortexa9_0' is selected.
00:55:14 INFO  : The application 'D:/Documents/Vivado_data/soc_uart/soc_uart.sdk/uart_sdk2/Debug/uart_sdk2.elf' is downloaded to processor 'ps7_cortexa9_0'.
00:55:14 INFO  : 'configparams force-mem-access 0' command is executed.
00:55:14 INFO  : ----------------XSDB Script----------------
connect -url tcp:127.0.0.1:3121
source D:/Documents/Vivado_data/soc_uart/soc_uart.sdk/design_1_wrapper_hw_platform_0/ps7_init.tcl
targets -set -nocase -filter {name =~"APU*" && jtag_cable_name =~ "Xilinx TUL 1234-tulA"} -index 0
loadhw -hw D:/Documents/Vivado_data/soc_uart/soc_uart.sdk/design_1_wrapper_hw_platform_0/system.hdf -mem-ranges [list {0x40000000 0xbfffffff}]
configparams force-mem-access 1
targets -set -nocase -filter {name =~"APU*" && jtag_cable_name =~ "Xilinx TUL 1234-tulA"} -index 0
stop
ps7_init
ps7_post_config
targets -set -nocase -filter {name =~ "ARM*#0" && jtag_cable_name =~ "Xilinx TUL 1234-tulA"} -index 0
rst -processor
targets -set -nocase -filter {name =~ "ARM*#0" && jtag_cable_name =~ "Xilinx TUL 1234-tulA"} -index 0
dow D:/Documents/Vivado_data/soc_uart/soc_uart.sdk/uart_sdk2/Debug/uart_sdk2.elf
configparams force-mem-access 0
----------------End of Script----------------

00:55:14 INFO  : Memory regions updated for context APU
00:55:14 INFO  : Context for processor 'ps7_cortexa9_0' is selected.
00:55:14 INFO  : 'con' command is executed.
00:55:14 INFO  : ----------------XSDB Script (After Launch)----------------
targets -set -nocase -filter {name =~ "ARM*#0" && jtag_cable_name =~ "Xilinx TUL 1234-tulA"} -index 0
con
----------------End of Script----------------

00:55:14 INFO  : Launch script is exported to file 'D:\Documents\Vivado_data\soc_uart\soc_uart.sdk\.sdk\launch_scripts\xilinx_c-c++_application_(system_debugger)\system_debugger_using_debug_uart_sdk2.elf_on_local.tcl'
00:57:11 INFO  : Disconnected from the channel tcfchan#24.
00:57:12 INFO  : 'targets -set -filter {jtag_cable_name =~ "Xilinx TUL 1234-tulA" && level==0} -index 1' command is executed.
00:57:12 INFO  : 'fpga -state' command is executed.
00:57:12 INFO  : Connected to target on host '127.0.0.1' and port '3121'.
00:57:12 INFO  : Jtag cable 'Xilinx TUL 1234-tulA' is selected.
00:57:12 INFO  : 'jtag frequency' command is executed.
00:57:12 INFO  : Sourcing of 'D:/Documents/Vivado_data/soc_uart/soc_uart.sdk/design_1_wrapper_hw_platform_0/ps7_init.tcl' is done.
00:57:12 INFO  : Context for 'APU' is selected.
00:57:12 INFO  : Hardware design information is loaded from 'D:/Documents/Vivado_data/soc_uart/soc_uart.sdk/design_1_wrapper_hw_platform_0/system.hdf'.
00:57:12 INFO  : 'configparams force-mem-access 1' command is executed.
00:57:12 INFO  : Context for 'APU' is selected.
00:57:12 INFO  : 'stop' command is executed.
00:57:13 INFO  : 'ps7_init' command is executed.
00:57:13 INFO  : 'ps7_post_config' command is executed.
00:57:13 INFO  : Context for processor 'ps7_cortexa9_0' is selected.
00:57:13 INFO  : Processor reset is completed for 'ps7_cortexa9_0'.
00:57:13 INFO  : Context for processor 'ps7_cortexa9_0' is selected.
00:57:13 INFO  : The application 'D:/Documents/Vivado_data/soc_uart/soc_uart.sdk/uart_sdk2/Debug/uart_sdk2.elf' is downloaded to processor 'ps7_cortexa9_0'.
00:57:13 INFO  : 'configparams force-mem-access 0' command is executed.
00:57:13 INFO  : ----------------XSDB Script----------------
connect -url tcp:127.0.0.1:3121
source D:/Documents/Vivado_data/soc_uart/soc_uart.sdk/design_1_wrapper_hw_platform_0/ps7_init.tcl
targets -set -nocase -filter {name =~"APU*" && jtag_cable_name =~ "Xilinx TUL 1234-tulA"} -index 0
loadhw -hw D:/Documents/Vivado_data/soc_uart/soc_uart.sdk/design_1_wrapper_hw_platform_0/system.hdf -mem-ranges [list {0x40000000 0xbfffffff}]
configparams force-mem-access 1
targets -set -nocase -filter {name =~"APU*" && jtag_cable_name =~ "Xilinx TUL 1234-tulA"} -index 0
stop
ps7_init
ps7_post_config
targets -set -nocase -filter {name =~ "ARM*#0" && jtag_cable_name =~ "Xilinx TUL 1234-tulA"} -index 0
rst -processor
targets -set -nocase -filter {name =~ "ARM*#0" && jtag_cable_name =~ "Xilinx TUL 1234-tulA"} -index 0
dow D:/Documents/Vivado_data/soc_uart/soc_uart.sdk/uart_sdk2/Debug/uart_sdk2.elf
configparams force-mem-access 0
----------------End of Script----------------

00:57:13 INFO  : Memory regions updated for context APU
00:57:13 INFO  : Context for processor 'ps7_cortexa9_0' is selected.
00:57:13 INFO  : 'con' command is executed.
00:57:13 INFO  : ----------------XSDB Script (After Launch)----------------
targets -set -nocase -filter {name =~ "ARM*#0" && jtag_cable_name =~ "Xilinx TUL 1234-tulA"} -index 0
con
----------------End of Script----------------

00:57:13 INFO  : Launch script is exported to file 'D:\Documents\Vivado_data\soc_uart\soc_uart.sdk\.sdk\launch_scripts\xilinx_c-c++_application_(system_debugger)\system_debugger_using_debug_uart_sdk2.elf_on_local.tcl'
00:57:19 INFO  : Disconnected from the channel tcfchan#25.
00:57:20 INFO  : 'targets -set -filter {jtag_cable_name =~ "Xilinx TUL 1234-tulA" && level==0} -index 1' command is executed.
00:57:20 INFO  : 'fpga -state' command is executed.
00:57:20 INFO  : Connected to target on host '127.0.0.1' and port '3121'.
00:57:20 INFO  : Jtag cable 'Xilinx TUL 1234-tulA' is selected.
00:57:20 INFO  : 'jtag frequency' command is executed.
00:57:20 INFO  : Sourcing of 'D:/Documents/Vivado_data/soc_uart/soc_uart.sdk/design_1_wrapper_hw_platform_0/ps7_init.tcl' is done.
00:57:20 INFO  : Context for 'APU' is selected.
00:57:20 INFO  : Hardware design information is loaded from 'D:/Documents/Vivado_data/soc_uart/soc_uart.sdk/design_1_wrapper_hw_platform_0/system.hdf'.
00:57:20 INFO  : 'configparams force-mem-access 1' command is executed.
00:57:20 INFO  : Context for 'APU' is selected.
00:57:20 INFO  : 'stop' command is executed.
00:57:21 INFO  : 'ps7_init' command is executed.
00:57:21 INFO  : 'ps7_post_config' command is executed.
00:57:21 INFO  : Context for processor 'ps7_cortexa9_0' is selected.
00:57:21 INFO  : Processor reset is completed for 'ps7_cortexa9_0'.
00:57:21 INFO  : Context for processor 'ps7_cortexa9_0' is selected.
00:57:21 INFO  : The application 'D:/Documents/Vivado_data/soc_uart/soc_uart.sdk/uart_sdk2/Debug/uart_sdk2.elf' is downloaded to processor 'ps7_cortexa9_0'.
00:57:21 INFO  : 'configparams force-mem-access 0' command is executed.
00:57:21 INFO  : ----------------XSDB Script----------------
connect -url tcp:127.0.0.1:3121
source D:/Documents/Vivado_data/soc_uart/soc_uart.sdk/design_1_wrapper_hw_platform_0/ps7_init.tcl
targets -set -nocase -filter {name =~"APU*" && jtag_cable_name =~ "Xilinx TUL 1234-tulA"} -index 0
loadhw -hw D:/Documents/Vivado_data/soc_uart/soc_uart.sdk/design_1_wrapper_hw_platform_0/system.hdf -mem-ranges [list {0x40000000 0xbfffffff}]
configparams force-mem-access 1
targets -set -nocase -filter {name =~"APU*" && jtag_cable_name =~ "Xilinx TUL 1234-tulA"} -index 0
stop
ps7_init
ps7_post_config
targets -set -nocase -filter {name =~ "ARM*#0" && jtag_cable_name =~ "Xilinx TUL 1234-tulA"} -index 0
rst -processor
targets -set -nocase -filter {name =~ "ARM*#0" && jtag_cable_name =~ "Xilinx TUL 1234-tulA"} -index 0
dow D:/Documents/Vivado_data/soc_uart/soc_uart.sdk/uart_sdk2/Debug/uart_sdk2.elf
configparams force-mem-access 0
----------------End of Script----------------

00:57:21 INFO  : Memory regions updated for context APU
00:57:21 INFO  : Context for processor 'ps7_cortexa9_0' is selected.
00:57:21 INFO  : 'con' command is executed.
00:57:21 INFO  : ----------------XSDB Script (After Launch)----------------
targets -set -nocase -filter {name =~ "ARM*#0" && jtag_cable_name =~ "Xilinx TUL 1234-tulA"} -index 0
con
----------------End of Script----------------

00:57:21 INFO  : Launch script is exported to file 'D:\Documents\Vivado_data\soc_uart\soc_uart.sdk\.sdk\launch_scripts\xilinx_c-c++_application_(system_debugger)\system_debugger_using_debug_uart_sdk2.elf_on_local.tcl'
01:01:46 INFO  : Disconnected from the channel tcfchan#26.
01:01:47 INFO  : 'targets -set -filter {jtag_cable_name =~ "Xilinx TUL 1234-tulA" && level==0} -index 1' command is executed.
01:01:47 INFO  : 'fpga -state' command is executed.
01:01:47 INFO  : Connected to target on host '127.0.0.1' and port '3121'.
01:01:47 INFO  : Jtag cable 'Xilinx TUL 1234-tulA' is selected.
01:01:47 INFO  : 'jtag frequency' command is executed.
01:01:47 INFO  : Sourcing of 'D:/Documents/Vivado_data/soc_uart/soc_uart.sdk/design_1_wrapper_hw_platform_0/ps7_init.tcl' is done.
01:01:47 INFO  : Context for 'APU' is selected.
01:01:47 INFO  : Hardware design information is loaded from 'D:/Documents/Vivado_data/soc_uart/soc_uart.sdk/design_1_wrapper_hw_platform_0/system.hdf'.
01:01:47 INFO  : 'configparams force-mem-access 1' command is executed.
01:01:47 INFO  : Context for 'APU' is selected.
01:01:47 INFO  : 'stop' command is executed.
01:01:48 INFO  : 'ps7_init' command is executed.
01:01:48 INFO  : 'ps7_post_config' command is executed.
01:01:48 INFO  : Context for processor 'ps7_cortexa9_0' is selected.
01:01:48 INFO  : Processor reset is completed for 'ps7_cortexa9_0'.
01:01:48 INFO  : Context for processor 'ps7_cortexa9_0' is selected.
01:01:48 INFO  : The application 'D:/Documents/Vivado_data/soc_uart/soc_uart.sdk/uart_sdk2/Debug/uart_sdk2.elf' is downloaded to processor 'ps7_cortexa9_0'.
01:01:48 INFO  : 'configparams force-mem-access 0' command is executed.
01:01:48 INFO  : ----------------XSDB Script----------------
connect -url tcp:127.0.0.1:3121
source D:/Documents/Vivado_data/soc_uart/soc_uart.sdk/design_1_wrapper_hw_platform_0/ps7_init.tcl
targets -set -nocase -filter {name =~"APU*" && jtag_cable_name =~ "Xilinx TUL 1234-tulA"} -index 0
loadhw -hw D:/Documents/Vivado_data/soc_uart/soc_uart.sdk/design_1_wrapper_hw_platform_0/system.hdf -mem-ranges [list {0x40000000 0xbfffffff}]
configparams force-mem-access 1
targets -set -nocase -filter {name =~"APU*" && jtag_cable_name =~ "Xilinx TUL 1234-tulA"} -index 0
stop
ps7_init
ps7_post_config
targets -set -nocase -filter {name =~ "ARM*#0" && jtag_cable_name =~ "Xilinx TUL 1234-tulA"} -index 0
rst -processor
targets -set -nocase -filter {name =~ "ARM*#0" && jtag_cable_name =~ "Xilinx TUL 1234-tulA"} -index 0
dow D:/Documents/Vivado_data/soc_uart/soc_uart.sdk/uart_sdk2/Debug/uart_sdk2.elf
configparams force-mem-access 0
----------------End of Script----------------

01:01:48 INFO  : Memory regions updated for context APU
01:01:48 INFO  : Context for processor 'ps7_cortexa9_0' is selected.
01:01:48 INFO  : 'con' command is executed.
01:01:48 INFO  : ----------------XSDB Script (After Launch)----------------
targets -set -nocase -filter {name =~ "ARM*#0" && jtag_cable_name =~ "Xilinx TUL 1234-tulA"} -index 0
con
----------------End of Script----------------

01:01:48 INFO  : Launch script is exported to file 'D:\Documents\Vivado_data\soc_uart\soc_uart.sdk\.sdk\launch_scripts\xilinx_c-c++_application_(system_debugger)\system_debugger_using_debug_uart_sdk2.elf_on_local.tcl'
01:02:06 INFO  : Disconnected from the channel tcfchan#27.
01:02:08 INFO  : 'targets -set -filter {jtag_cable_name =~ "Xilinx TUL 1234-tulA" && level==0} -index 1' command is executed.
01:02:08 INFO  : 'fpga -state' command is executed.
01:02:08 INFO  : Connected to target on host '127.0.0.1' and port '3121'.
01:02:08 INFO  : Jtag cable 'Xilinx TUL 1234-tulA' is selected.
01:02:08 INFO  : 'jtag frequency' command is executed.
01:02:08 INFO  : Sourcing of 'D:/Documents/Vivado_data/soc_uart/soc_uart.sdk/design_1_wrapper_hw_platform_0/ps7_init.tcl' is done.
01:02:08 INFO  : Context for 'APU' is selected.
01:02:08 INFO  : Hardware design information is loaded from 'D:/Documents/Vivado_data/soc_uart/soc_uart.sdk/design_1_wrapper_hw_platform_0/system.hdf'.
01:02:08 INFO  : 'configparams force-mem-access 1' command is executed.
01:02:08 INFO  : Context for 'APU' is selected.
01:02:08 INFO  : 'stop' command is executed.
01:02:08 INFO  : 'ps7_init' command is executed.
01:02:08 INFO  : 'ps7_post_config' command is executed.
01:02:08 INFO  : Context for processor 'ps7_cortexa9_0' is selected.
01:02:08 INFO  : Processor reset is completed for 'ps7_cortexa9_0'.
01:02:08 INFO  : Context for processor 'ps7_cortexa9_0' is selected.
01:02:08 INFO  : The application 'D:/Documents/Vivado_data/soc_uart/soc_uart.sdk/uart_sdk2/Debug/uart_sdk2.elf' is downloaded to processor 'ps7_cortexa9_0'.
01:02:08 INFO  : 'configparams force-mem-access 0' command is executed.
01:02:08 INFO  : ----------------XSDB Script----------------
connect -url tcp:127.0.0.1:3121
source D:/Documents/Vivado_data/soc_uart/soc_uart.sdk/design_1_wrapper_hw_platform_0/ps7_init.tcl
targets -set -nocase -filter {name =~"APU*" && jtag_cable_name =~ "Xilinx TUL 1234-tulA"} -index 0
loadhw -hw D:/Documents/Vivado_data/soc_uart/soc_uart.sdk/design_1_wrapper_hw_platform_0/system.hdf -mem-ranges [list {0x40000000 0xbfffffff}]
configparams force-mem-access 1
targets -set -nocase -filter {name =~"APU*" && jtag_cable_name =~ "Xilinx TUL 1234-tulA"} -index 0
stop
ps7_init
ps7_post_config
targets -set -nocase -filter {name =~ "ARM*#0" && jtag_cable_name =~ "Xilinx TUL 1234-tulA"} -index 0
rst -processor
targets -set -nocase -filter {name =~ "ARM*#0" && jtag_cable_name =~ "Xilinx TUL 1234-tulA"} -index 0
dow D:/Documents/Vivado_data/soc_uart/soc_uart.sdk/uart_sdk2/Debug/uart_sdk2.elf
configparams force-mem-access 0
----------------End of Script----------------

01:02:08 INFO  : Memory regions updated for context APU
01:02:08 INFO  : Context for processor 'ps7_cortexa9_0' is selected.
01:02:08 INFO  : 'con' command is executed.
01:02:08 INFO  : ----------------XSDB Script (After Launch)----------------
targets -set -nocase -filter {name =~ "ARM*#0" && jtag_cable_name =~ "Xilinx TUL 1234-tulA"} -index 0
con
----------------End of Script----------------

01:02:08 INFO  : Launch script is exported to file 'D:\Documents\Vivado_data\soc_uart\soc_uart.sdk\.sdk\launch_scripts\xilinx_c-c++_application_(system_debugger)\system_debugger_using_debug_uart_sdk2.elf_on_local.tcl'
01:02:36 INFO  : Disconnected from the channel tcfchan#28.
01:02:37 INFO  : 'targets -set -filter {jtag_cable_name =~ "Xilinx TUL 1234-tulA" && level==0} -index 1' command is executed.
01:02:37 INFO  : 'fpga -state' command is executed.
01:02:37 INFO  : Connected to target on host '127.0.0.1' and port '3121'.
01:02:37 INFO  : Jtag cable 'Xilinx TUL 1234-tulA' is selected.
01:02:37 INFO  : 'jtag frequency' command is executed.
01:02:37 INFO  : Sourcing of 'D:/Documents/Vivado_data/soc_uart/soc_uart.sdk/design_1_wrapper_hw_platform_0/ps7_init.tcl' is done.
01:02:37 INFO  : Context for 'APU' is selected.
01:02:37 INFO  : Hardware design information is loaded from 'D:/Documents/Vivado_data/soc_uart/soc_uart.sdk/design_1_wrapper_hw_platform_0/system.hdf'.
01:02:37 INFO  : 'configparams force-mem-access 1' command is executed.
01:02:37 INFO  : Context for 'APU' is selected.
01:02:37 INFO  : 'stop' command is executed.
01:02:38 INFO  : 'ps7_init' command is executed.
01:02:38 INFO  : 'ps7_post_config' command is executed.
01:02:38 INFO  : Context for processor 'ps7_cortexa9_0' is selected.
01:02:38 INFO  : Processor reset is completed for 'ps7_cortexa9_0'.
01:02:38 INFO  : Context for processor 'ps7_cortexa9_0' is selected.
01:02:38 INFO  : The application 'D:/Documents/Vivado_data/soc_uart/soc_uart.sdk/uart_sdk2/Debug/uart_sdk2.elf' is downloaded to processor 'ps7_cortexa9_0'.
01:02:38 INFO  : 'configparams force-mem-access 0' command is executed.
01:02:38 INFO  : ----------------XSDB Script----------------
connect -url tcp:127.0.0.1:3121
source D:/Documents/Vivado_data/soc_uart/soc_uart.sdk/design_1_wrapper_hw_platform_0/ps7_init.tcl
targets -set -nocase -filter {name =~"APU*" && jtag_cable_name =~ "Xilinx TUL 1234-tulA"} -index 0
loadhw -hw D:/Documents/Vivado_data/soc_uart/soc_uart.sdk/design_1_wrapper_hw_platform_0/system.hdf -mem-ranges [list {0x40000000 0xbfffffff}]
configparams force-mem-access 1
targets -set -nocase -filter {name =~"APU*" && jtag_cable_name =~ "Xilinx TUL 1234-tulA"} -index 0
stop
ps7_init
ps7_post_config
targets -set -nocase -filter {name =~ "ARM*#0" && jtag_cable_name =~ "Xilinx TUL 1234-tulA"} -index 0
rst -processor
targets -set -nocase -filter {name =~ "ARM*#0" && jtag_cable_name =~ "Xilinx TUL 1234-tulA"} -index 0
dow D:/Documents/Vivado_data/soc_uart/soc_uart.sdk/uart_sdk2/Debug/uart_sdk2.elf
configparams force-mem-access 0
----------------End of Script----------------

01:02:38 INFO  : Memory regions updated for context APU
01:02:38 INFO  : Context for processor 'ps7_cortexa9_0' is selected.
01:02:38 INFO  : 'con' command is executed.
01:02:38 INFO  : ----------------XSDB Script (After Launch)----------------
targets -set -nocase -filter {name =~ "ARM*#0" && jtag_cable_name =~ "Xilinx TUL 1234-tulA"} -index 0
con
----------------End of Script----------------

01:02:38 INFO  : Launch script is exported to file 'D:\Documents\Vivado_data\soc_uart\soc_uart.sdk\.sdk\launch_scripts\xilinx_c-c++_application_(system_debugger)\system_debugger_using_debug_uart_sdk2.elf_on_local.tcl'
01:04:09 INFO  : Disconnected from the channel tcfchan#29.
01:04:10 INFO  : 'targets -set -filter {jtag_cable_name =~ "Xilinx TUL 1234-tulA" && level==0} -index 1' command is executed.
01:04:10 INFO  : 'fpga -state' command is executed.
01:04:10 INFO  : Connected to target on host '127.0.0.1' and port '3121'.
01:04:10 INFO  : Jtag cable 'Xilinx TUL 1234-tulA' is selected.
01:04:10 INFO  : 'jtag frequency' command is executed.
01:04:10 INFO  : Sourcing of 'D:/Documents/Vivado_data/soc_uart/soc_uart.sdk/design_1_wrapper_hw_platform_0/ps7_init.tcl' is done.
01:04:10 INFO  : Context for 'APU' is selected.
01:04:10 INFO  : Hardware design information is loaded from 'D:/Documents/Vivado_data/soc_uart/soc_uart.sdk/design_1_wrapper_hw_platform_0/system.hdf'.
01:04:10 INFO  : 'configparams force-mem-access 1' command is executed.
01:04:10 INFO  : Context for 'APU' is selected.
01:04:10 INFO  : 'stop' command is executed.
01:04:10 INFO  : 'ps7_init' command is executed.
01:04:10 INFO  : 'ps7_post_config' command is executed.
01:04:10 INFO  : Context for processor 'ps7_cortexa9_0' is selected.
01:04:10 INFO  : Processor reset is completed for 'ps7_cortexa9_0'.
01:04:10 INFO  : Context for processor 'ps7_cortexa9_0' is selected.
01:04:10 INFO  : The application 'D:/Documents/Vivado_data/soc_uart/soc_uart.sdk/uart_sdk2/Debug/uart_sdk2.elf' is downloaded to processor 'ps7_cortexa9_0'.
01:04:10 INFO  : 'configparams force-mem-access 0' command is executed.
01:04:10 INFO  : ----------------XSDB Script----------------
connect -url tcp:127.0.0.1:3121
source D:/Documents/Vivado_data/soc_uart/soc_uart.sdk/design_1_wrapper_hw_platform_0/ps7_init.tcl
targets -set -nocase -filter {name =~"APU*" && jtag_cable_name =~ "Xilinx TUL 1234-tulA"} -index 0
loadhw -hw D:/Documents/Vivado_data/soc_uart/soc_uart.sdk/design_1_wrapper_hw_platform_0/system.hdf -mem-ranges [list {0x40000000 0xbfffffff}]
configparams force-mem-access 1
targets -set -nocase -filter {name =~"APU*" && jtag_cable_name =~ "Xilinx TUL 1234-tulA"} -index 0
stop
ps7_init
ps7_post_config
targets -set -nocase -filter {name =~ "ARM*#0" && jtag_cable_name =~ "Xilinx TUL 1234-tulA"} -index 0
rst -processor
targets -set -nocase -filter {name =~ "ARM*#0" && jtag_cable_name =~ "Xilinx TUL 1234-tulA"} -index 0
dow D:/Documents/Vivado_data/soc_uart/soc_uart.sdk/uart_sdk2/Debug/uart_sdk2.elf
configparams force-mem-access 0
----------------End of Script----------------

01:04:10 INFO  : Memory regions updated for context APU
01:04:10 INFO  : Context for processor 'ps7_cortexa9_0' is selected.
01:04:11 INFO  : 'con' command is executed.
01:04:11 INFO  : ----------------XSDB Script (After Launch)----------------
targets -set -nocase -filter {name =~ "ARM*#0" && jtag_cable_name =~ "Xilinx TUL 1234-tulA"} -index 0
con
----------------End of Script----------------

01:04:11 INFO  : Launch script is exported to file 'D:\Documents\Vivado_data\soc_uart\soc_uart.sdk\.sdk\launch_scripts\xilinx_c-c++_application_(system_debugger)\system_debugger_using_debug_uart_sdk2.elf_on_local.tcl'
01:05:26 INFO  : Disconnected from the channel tcfchan#30.
01:05:27 INFO  : 'targets -set -filter {jtag_cable_name =~ "Xilinx TUL 1234-tulA" && level==0} -index 1' command is executed.
01:05:27 INFO  : 'fpga -state' command is executed.
01:05:27 INFO  : Connected to target on host '127.0.0.1' and port '3121'.
01:05:27 INFO  : Jtag cable 'Xilinx TUL 1234-tulA' is selected.
01:05:27 INFO  : 'jtag frequency' command is executed.
01:05:27 INFO  : Sourcing of 'D:/Documents/Vivado_data/soc_uart/soc_uart.sdk/design_1_wrapper_hw_platform_0/ps7_init.tcl' is done.
01:05:27 INFO  : Context for 'APU' is selected.
01:05:27 INFO  : Hardware design information is loaded from 'D:/Documents/Vivado_data/soc_uart/soc_uart.sdk/design_1_wrapper_hw_platform_0/system.hdf'.
01:05:27 INFO  : 'configparams force-mem-access 1' command is executed.
01:05:27 INFO  : Context for 'APU' is selected.
01:05:27 INFO  : 'stop' command is executed.
01:05:27 INFO  : 'ps7_init' command is executed.
01:05:27 INFO  : 'ps7_post_config' command is executed.
01:05:27 INFO  : Context for processor 'ps7_cortexa9_0' is selected.
01:05:28 INFO  : Processor reset is completed for 'ps7_cortexa9_0'.
01:05:28 INFO  : Context for processor 'ps7_cortexa9_0' is selected.
01:05:28 INFO  : The application 'D:/Documents/Vivado_data/soc_uart/soc_uart.sdk/uart_sdk2/Debug/uart_sdk2.elf' is downloaded to processor 'ps7_cortexa9_0'.
01:05:28 INFO  : 'configparams force-mem-access 0' command is executed.
01:05:28 INFO  : ----------------XSDB Script----------------
connect -url tcp:127.0.0.1:3121
source D:/Documents/Vivado_data/soc_uart/soc_uart.sdk/design_1_wrapper_hw_platform_0/ps7_init.tcl
targets -set -nocase -filter {name =~"APU*" && jtag_cable_name =~ "Xilinx TUL 1234-tulA"} -index 0
loadhw -hw D:/Documents/Vivado_data/soc_uart/soc_uart.sdk/design_1_wrapper_hw_platform_0/system.hdf -mem-ranges [list {0x40000000 0xbfffffff}]
configparams force-mem-access 1
targets -set -nocase -filter {name =~"APU*" && jtag_cable_name =~ "Xilinx TUL 1234-tulA"} -index 0
stop
ps7_init
ps7_post_config
targets -set -nocase -filter {name =~ "ARM*#0" && jtag_cable_name =~ "Xilinx TUL 1234-tulA"} -index 0
rst -processor
targets -set -nocase -filter {name =~ "ARM*#0" && jtag_cable_name =~ "Xilinx TUL 1234-tulA"} -index 0
dow D:/Documents/Vivado_data/soc_uart/soc_uart.sdk/uart_sdk2/Debug/uart_sdk2.elf
configparams force-mem-access 0
----------------End of Script----------------

01:05:28 INFO  : Memory regions updated for context APU
01:05:28 INFO  : Context for processor 'ps7_cortexa9_0' is selected.
01:05:28 INFO  : 'con' command is executed.
01:05:28 INFO  : ----------------XSDB Script (After Launch)----------------
targets -set -nocase -filter {name =~ "ARM*#0" && jtag_cable_name =~ "Xilinx TUL 1234-tulA"} -index 0
con
----------------End of Script----------------

01:05:28 INFO  : Launch script is exported to file 'D:\Documents\Vivado_data\soc_uart\soc_uart.sdk\.sdk\launch_scripts\xilinx_c-c++_application_(system_debugger)\system_debugger_using_debug_uart_sdk2.elf_on_local.tcl'
01:06:44 INFO  : Disconnected from the channel tcfchan#31.
01:06:45 INFO  : 'targets -set -filter {jtag_cable_name =~ "Xilinx TUL 1234-tulA" && level==0} -index 1' command is executed.
01:06:45 INFO  : 'fpga -state' command is executed.
01:06:45 INFO  : Connected to target on host '127.0.0.1' and port '3121'.
01:06:45 INFO  : Jtag cable 'Xilinx TUL 1234-tulA' is selected.
01:06:45 INFO  : 'jtag frequency' command is executed.
01:06:45 INFO  : Sourcing of 'D:/Documents/Vivado_data/soc_uart/soc_uart.sdk/design_1_wrapper_hw_platform_0/ps7_init.tcl' is done.
01:06:45 INFO  : Context for 'APU' is selected.
01:06:45 INFO  : Hardware design information is loaded from 'D:/Documents/Vivado_data/soc_uart/soc_uart.sdk/design_1_wrapper_hw_platform_0/system.hdf'.
01:06:45 INFO  : 'configparams force-mem-access 1' command is executed.
01:06:45 INFO  : Context for 'APU' is selected.
01:06:45 INFO  : 'stop' command is executed.
01:06:46 INFO  : 'ps7_init' command is executed.
01:06:46 INFO  : 'ps7_post_config' command is executed.
01:06:46 INFO  : Context for processor 'ps7_cortexa9_0' is selected.
01:06:46 INFO  : Processor reset is completed for 'ps7_cortexa9_0'.
01:06:46 INFO  : Context for processor 'ps7_cortexa9_0' is selected.
01:06:46 INFO  : The application 'D:/Documents/Vivado_data/soc_uart/soc_uart.sdk/uart_sdk2/Debug/uart_sdk2.elf' is downloaded to processor 'ps7_cortexa9_0'.
01:06:46 INFO  : 'configparams force-mem-access 0' command is executed.
01:06:46 INFO  : ----------------XSDB Script----------------
connect -url tcp:127.0.0.1:3121
source D:/Documents/Vivado_data/soc_uart/soc_uart.sdk/design_1_wrapper_hw_platform_0/ps7_init.tcl
targets -set -nocase -filter {name =~"APU*" && jtag_cable_name =~ "Xilinx TUL 1234-tulA"} -index 0
loadhw -hw D:/Documents/Vivado_data/soc_uart/soc_uart.sdk/design_1_wrapper_hw_platform_0/system.hdf -mem-ranges [list {0x40000000 0xbfffffff}]
configparams force-mem-access 1
targets -set -nocase -filter {name =~"APU*" && jtag_cable_name =~ "Xilinx TUL 1234-tulA"} -index 0
stop
ps7_init
ps7_post_config
targets -set -nocase -filter {name =~ "ARM*#0" && jtag_cable_name =~ "Xilinx TUL 1234-tulA"} -index 0
rst -processor
targets -set -nocase -filter {name =~ "ARM*#0" && jtag_cable_name =~ "Xilinx TUL 1234-tulA"} -index 0
dow D:/Documents/Vivado_data/soc_uart/soc_uart.sdk/uart_sdk2/Debug/uart_sdk2.elf
configparams force-mem-access 0
----------------End of Script----------------

01:06:46 INFO  : Memory regions updated for context APU
01:06:46 INFO  : Context for processor 'ps7_cortexa9_0' is selected.
01:06:46 INFO  : 'con' command is executed.
01:06:46 INFO  : ----------------XSDB Script (After Launch)----------------
targets -set -nocase -filter {name =~ "ARM*#0" && jtag_cable_name =~ "Xilinx TUL 1234-tulA"} -index 0
con
----------------End of Script----------------

01:06:46 INFO  : Launch script is exported to file 'D:\Documents\Vivado_data\soc_uart\soc_uart.sdk\.sdk\launch_scripts\xilinx_c-c++_application_(system_debugger)\system_debugger_using_debug_uart_sdk2.elf_on_local.tcl'
01:09:43 INFO  : Disconnected from the channel tcfchan#32.
01:09:44 INFO  : 'targets -set -filter {jtag_cable_name =~ "Xilinx TUL 1234-tulA" && level==0} -index 1' command is executed.
01:09:44 INFO  : 'fpga -state' command is executed.
01:09:44 INFO  : Connected to target on host '127.0.0.1' and port '3121'.
01:09:44 INFO  : Jtag cable 'Xilinx TUL 1234-tulA' is selected.
01:09:44 INFO  : 'jtag frequency' command is executed.
01:09:44 INFO  : Sourcing of 'D:/Documents/Vivado_data/soc_uart/soc_uart.sdk/design_1_wrapper_hw_platform_0/ps7_init.tcl' is done.
01:09:44 INFO  : Context for 'APU' is selected.
01:09:44 INFO  : Hardware design information is loaded from 'D:/Documents/Vivado_data/soc_uart/soc_uart.sdk/design_1_wrapper_hw_platform_0/system.hdf'.
01:09:44 INFO  : 'configparams force-mem-access 1' command is executed.
01:09:44 INFO  : Context for 'APU' is selected.
01:09:44 INFO  : 'stop' command is executed.
01:09:45 INFO  : 'ps7_init' command is executed.
01:09:45 INFO  : 'ps7_post_config' command is executed.
01:09:45 INFO  : Context for processor 'ps7_cortexa9_0' is selected.
01:09:45 INFO  : Processor reset is completed for 'ps7_cortexa9_0'.
01:09:45 INFO  : Context for processor 'ps7_cortexa9_0' is selected.
01:09:45 INFO  : The application 'D:/Documents/Vivado_data/soc_uart/soc_uart.sdk/uart_sdk2/Debug/uart_sdk2.elf' is downloaded to processor 'ps7_cortexa9_0'.
01:09:45 INFO  : 'configparams force-mem-access 0' command is executed.
01:09:45 INFO  : ----------------XSDB Script----------------
connect -url tcp:127.0.0.1:3121
source D:/Documents/Vivado_data/soc_uart/soc_uart.sdk/design_1_wrapper_hw_platform_0/ps7_init.tcl
targets -set -nocase -filter {name =~"APU*" && jtag_cable_name =~ "Xilinx TUL 1234-tulA"} -index 0
loadhw -hw D:/Documents/Vivado_data/soc_uart/soc_uart.sdk/design_1_wrapper_hw_platform_0/system.hdf -mem-ranges [list {0x40000000 0xbfffffff}]
configparams force-mem-access 1
targets -set -nocase -filter {name =~"APU*" && jtag_cable_name =~ "Xilinx TUL 1234-tulA"} -index 0
stop
ps7_init
ps7_post_config
targets -set -nocase -filter {name =~ "ARM*#0" && jtag_cable_name =~ "Xilinx TUL 1234-tulA"} -index 0
rst -processor
targets -set -nocase -filter {name =~ "ARM*#0" && jtag_cable_name =~ "Xilinx TUL 1234-tulA"} -index 0
dow D:/Documents/Vivado_data/soc_uart/soc_uart.sdk/uart_sdk2/Debug/uart_sdk2.elf
configparams force-mem-access 0
----------------End of Script----------------

01:09:45 INFO  : Memory regions updated for context APU
01:09:45 INFO  : Context for processor 'ps7_cortexa9_0' is selected.
01:09:45 INFO  : 'con' command is executed.
01:09:45 INFO  : ----------------XSDB Script (After Launch)----------------
targets -set -nocase -filter {name =~ "ARM*#0" && jtag_cable_name =~ "Xilinx TUL 1234-tulA"} -index 0
con
----------------End of Script----------------

01:09:45 INFO  : Launch script is exported to file 'D:\Documents\Vivado_data\soc_uart\soc_uart.sdk\.sdk\launch_scripts\xilinx_c-c++_application_(system_debugger)\system_debugger_using_debug_uart_sdk2.elf_on_local.tcl'
01:10:02 INFO  : Disconnected from the channel tcfchan#33.
