Copyright 1986-2018 Xilinx, Inc. All Rights Reserved.
-----------------------------------------------------------------------------------------------------------------------------------------------------------------------------------------------------------------------------------
| Tool Version : Vivado v.2018.3 (win64) Build 2405991 Thu Dec  6 23:38:27 MST 2018
| Date         : Fri Apr 18 03:11:00 2025
| Host         : yo running 64-bit major release  (build 9200)
| Command      : report_timing_summary -max_paths 10 -file block_design_wrapper_timing_summary_routed.rpt -pb block_design_wrapper_timing_summary_routed.pb -rpx block_design_wrapper_timing_summary_routed.rpx -warn_on_violation
| Design       : block_design_wrapper
| Device       : 7z020-clg484
| Speed File   : -1  PRODUCTION 1.11 2014-09-11
-----------------------------------------------------------------------------------------------------------------------------------------------------------------------------------------------------------------------------------

Timing Summary Report

------------------------------------------------------------------------------------------------
| Timer Settings
| --------------
------------------------------------------------------------------------------------------------

  Enable Multi Corner Analysis               :  Yes
  Enable Pessimism Removal                   :  Yes
  Pessimism Removal Resolution               :  Nearest Common Node
  Enable Input Delay Default Clock           :  No
  Enable Preset / Clear Arcs                 :  No
  Disable Flight Delays                      :  No
  Ignore I/O Paths                           :  No
  Timing Early Launch at Borrowing Latches   :  false

  Corner  Analyze    Analyze    
  Name    Max Paths  Min Paths  
  ------  ---------  ---------  
  Slow    Yes        Yes        
  Fast    Yes        Yes        



check_timing report

Table of Contents
-----------------
1. checking no_clock
2. checking constant_clock
3. checking pulse_width_clock
4. checking unconstrained_internal_endpoints
5. checking no_input_delay
6. checking no_output_delay
7. checking multiple_clock
8. checking generated_clocks
9. checking loops
10. checking partial_input_delay
11. checking partial_output_delay
12. checking latch_loops

1. checking no_clock
--------------------
 There are 0 register/latch pins with no clock.


2. checking constant_clock
--------------------------
 There are 0 register/latch pins with constant_clock.


3. checking pulse_width_clock
-----------------------------
 There are 0 register/latch pins which need pulse_width check


4. checking unconstrained_internal_endpoints
--------------------------------------------
 There are 0 pins that are not constrained for maximum delay.

 There are 0 pins that are not constrained for maximum delay due to constant clock.


5. checking no_input_delay
--------------------------
 There are 0 input ports with no input delay specified.

 There are 0 input ports with no input delay but user has a false path constraint.


6. checking no_output_delay
---------------------------
 There are 8 ports with no output delay specified. (HIGH)

 There are 0 ports with no output delay but user has a false path constraint

 There are 0 ports with no output delay but with a timing clock defined on it or propagating through it


7. checking multiple_clock
--------------------------
 There are 0 register/latch pins with multiple clocks.


8. checking generated_clocks
----------------------------
 There are 0 generated clocks that are not connected to a clock source.


9. checking loops
-----------------
 There are 0 combinational loops in the design.


10. checking partial_input_delay
--------------------------------
 There are 0 input ports with partial input delay specified.


11. checking partial_output_delay
---------------------------------
 There are 0 ports with partial output delay specified.


12. checking latch_loops
------------------------
 There are 0 combinational latch loops in the design through latch input



------------------------------------------------------------------------------------------------
| Design Timing Summary
| ---------------------
------------------------------------------------------------------------------------------------

    WNS(ns)      TNS(ns)  TNS Failing Endpoints  TNS Total Endpoints      WHS(ns)      THS(ns)  THS Failing Endpoints  THS Total Endpoints     WPWS(ns)     TPWS(ns)  TPWS Failing Endpoints  TPWS Total Endpoints  
    -------      -------  ---------------------  -------------------      -------      -------  ---------------------  -------------------     --------     --------  ----------------------  --------------------  
     13.856        0.000                      0                 1413        0.044        0.000                      0                 1413        9.020        0.000                       0                   648  


All user specified timing constraints are met.


------------------------------------------------------------------------------------------------
| Clock Summary
| -------------
------------------------------------------------------------------------------------------------

Clock       Waveform(ns)       Period(ns)      Frequency(MHz)
-----       ------------       ----------      --------------
clk_fpga_0  {0.000 10.000}     20.000          50.000          


------------------------------------------------------------------------------------------------
| Intra Clock Table
| -----------------
------------------------------------------------------------------------------------------------

Clock             WNS(ns)      TNS(ns)  TNS Failing Endpoints  TNS Total Endpoints      WHS(ns)      THS(ns)  THS Failing Endpoints  THS Total Endpoints     WPWS(ns)     TPWS(ns)  TPWS Failing Endpoints  TPWS Total Endpoints  
-----             -------      -------  ---------------------  -------------------      -------      -------  ---------------------  -------------------     --------     --------  ----------------------  --------------------  
clk_fpga_0         13.856        0.000                      0                 1401        0.044        0.000                      0                 1401        9.020        0.000                       0                   648  


------------------------------------------------------------------------------------------------
| Inter Clock Table
| -----------------
------------------------------------------------------------------------------------------------

From Clock    To Clock          WNS(ns)      TNS(ns)  TNS Failing Endpoints  TNS Total Endpoints      WHS(ns)      THS(ns)  THS Failing Endpoints  THS Total Endpoints  
----------    --------          -------      -------  ---------------------  -------------------      -------      -------  ---------------------  -------------------  


------------------------------------------------------------------------------------------------
| Other Path Groups Table
| -----------------------
------------------------------------------------------------------------------------------------

Path Group         From Clock         To Clock               WNS(ns)      TNS(ns)  TNS Failing Endpoints  TNS Total Endpoints      WHS(ns)      THS(ns)  THS Failing Endpoints  THS Total Endpoints  
----------         ----------         --------               -------      -------  ---------------------  -------------------      -------      -------  ---------------------  -------------------  
**async_default**  clk_fpga_0         clk_fpga_0              16.622        0.000                      0                   12        0.806        0.000                      0                   12  


------------------------------------------------------------------------------------------------
| Timing Details
| --------------
------------------------------------------------------------------------------------------------


---------------------------------------------------------------------------------------------------
From Clock:  clk_fpga_0
  To Clock:  clk_fpga_0

Setup :            0  Failing Endpoints,  Worst Slack       13.856ns,  Total Violation        0.000ns
Hold  :            0  Failing Endpoints,  Worst Slack        0.044ns,  Total Violation        0.000ns
PW    :            0  Failing Endpoints,  Worst Slack        9.020ns,  Total Violation        0.000ns
---------------------------------------------------------------------------------------------------


Max Delay Paths
--------------------------------------------------------------------------------------
Slack (MET) :             13.856ns  (required time - arrival time)
  Source:                 block_design_i/ps7_0_axi_periph/s00_couplers/auto_pc/inst/gen_axilite.gen_b2s_conv.axilite_b2s/WR.b_channel_0/bid_fifo_0/cnt_read_reg[1]/C
                            (rising edge-triggered cell FDSE clocked by clk_fpga_0  {rise@0.000ns fall@10.000ns period=20.000ns})
  Destination:            block_design_i/ps7_0_axi_periph/s00_couplers/auto_pc/inst/gen_axilite.gen_b2s_conv.axilite_b2s/SI_REG/aw.aw_pipe/m_payload_i_reg[52]/CE
                            (rising edge-triggered cell FDRE clocked by clk_fpga_0  {rise@0.000ns fall@10.000ns period=20.000ns})
  Path Group:             clk_fpga_0
  Path Type:              Setup (Max at Slow Process Corner)
  Requirement:            20.000ns  (clk_fpga_0 rise@20.000ns - clk_fpga_0 rise@0.000ns)
  Data Path Delay:        5.554ns  (logic 1.194ns (21.496%)  route 4.360ns (78.504%))
  Logic Levels:           3  (LUT2=2 LUT5=1)
  Clock Path Skew:        -0.082ns (DCD - SCD + CPR)
    Destination Clock Delay (DCD):    2.683ns = ( 22.683 - 20.000 ) 
    Source Clock Delay      (SCD):    2.994ns
    Clock Pessimism Removal (CPR):    0.229ns
  Clock Uncertainty:      0.302ns  ((TSJ^2 + TIJ^2)^1/2 + DJ) / 2 + PE
    Total System Jitter     (TSJ):    0.071ns
    Total Input Jitter      (TIJ):    0.600ns
    Discrete Jitter          (DJ):    0.000ns
    Phase Error              (PE):    0.000ns

    Location             Delay type                Incr(ns)  Path(ns)    Netlist Resource(s)
  -------------------------------------------------------------------    -------------------
                         (clock clk_fpga_0 rise edge)
                                                      0.000     0.000 r  
    PS7_X0Y0             PS7                          0.000     0.000 r  block_design_i/processing_system7_0/inst/PS7_i/FCLKCLK[0]
                         net (fo=1, routed)           1.193     1.193    block_design_i/processing_system7_0/inst/FCLK_CLK_unbuffered[0]
    BUFGCTRL_X0Y16       BUFG (Prop_bufg_I_O)         0.101     1.294 r  block_design_i/processing_system7_0/inst/buffer_fclk_clk_0.FCLK_CLK_0_BUFG/O
                         net (fo=648, routed)         1.700     2.994    block_design_i/ps7_0_axi_periph/s00_couplers/auto_pc/inst/gen_axilite.gen_b2s_conv.axilite_b2s/WR.b_channel_0/bid_fifo_0/aclk
    SLICE_X31Y97         FDSE                                         r  block_design_i/ps7_0_axi_periph/s00_couplers/auto_pc/inst/gen_axilite.gen_b2s_conv.axilite_b2s/WR.b_channel_0/bid_fifo_0/cnt_read_reg[1]/C
  -------------------------------------------------------------------    -------------------
    SLICE_X31Y97         FDSE (Prop_fdse_C_Q)         0.419     3.413 f  block_design_i/ps7_0_axi_periph/s00_couplers/auto_pc/inst/gen_axilite.gen_b2s_conv.axilite_b2s/WR.b_channel_0/bid_fifo_0/cnt_read_reg[1]/Q
                         net (fo=22, routed)          1.266     4.679    block_design_i/ps7_0_axi_periph/s00_couplers/auto_pc/inst/gen_axilite.gen_b2s_conv.axilite_b2s/WR.b_channel_0/bid_fifo_0/addr[1]
    SLICE_X32Y99         LUT2 (Prop_lut2_I0_O)        0.323     5.002 f  block_design_i/ps7_0_axi_periph/s00_couplers/auto_pc/inst/gen_axilite.gen_b2s_conv.axilite_b2s/WR.b_channel_0/bid_fifo_0/memory_reg[3][0]_srl4_i_3/O
                         net (fo=4, routed)           0.716     5.718    block_design_i/ps7_0_axi_periph/s00_couplers/auto_pc/inst/gen_axilite.gen_b2s_conv.axilite_b2s/WR.aw_channel_0/aw_cmd_fsm_0/state_reg[0]_0
    SLICE_X33Y96         LUT5 (Prop_lut5_I2_O)        0.328     6.046 r  block_design_i/ps7_0_axi_periph/s00_couplers/auto_pc/inst/gen_axilite.gen_b2s_conv.axilite_b2s/WR.aw_channel_0/aw_cmd_fsm_0/memory_reg[3][0]_srl4_i_1__0/O
                         net (fo=21, routed)          0.670     6.716    block_design_i/ps7_0_axi_periph/s00_couplers/auto_pc/inst/gen_axilite.gen_b2s_conv.axilite_b2s/WR.aw_channel_0/aw_cmd_fsm_0/b_push
    SLICE_X31Y97         LUT2 (Prop_lut2_I0_O)        0.124     6.840 r  block_design_i/ps7_0_axi_periph/s00_couplers/auto_pc/inst/gen_axilite.gen_b2s_conv.axilite_b2s/WR.aw_channel_0/aw_cmd_fsm_0/m_payload_i[31]_i_1/O
                         net (fo=27, routed)          1.708     8.548    block_design_i/ps7_0_axi_periph/s00_couplers/auto_pc/inst/gen_axilite.gen_b2s_conv.axilite_b2s/SI_REG/aw.aw_pipe/E[0]
    SLICE_X27Y74         FDRE                                         r  block_design_i/ps7_0_axi_periph/s00_couplers/auto_pc/inst/gen_axilite.gen_b2s_conv.axilite_b2s/SI_REG/aw.aw_pipe/m_payload_i_reg[52]/CE
  -------------------------------------------------------------------    -------------------

                         (clock clk_fpga_0 rise edge)
                                                     20.000    20.000 r  
    PS7_X0Y0             PS7                          0.000    20.000 r  block_design_i/processing_system7_0/inst/PS7_i/FCLKCLK[0]
                         net (fo=1, routed)           1.088    21.088    block_design_i/processing_system7_0/inst/FCLK_CLK_unbuffered[0]
    BUFGCTRL_X0Y16       BUFG (Prop_bufg_I_O)         0.091    21.179 r  block_design_i/processing_system7_0/inst/buffer_fclk_clk_0.FCLK_CLK_0_BUFG/O
                         net (fo=648, routed)         1.504    22.683    block_design_i/ps7_0_axi_periph/s00_couplers/auto_pc/inst/gen_axilite.gen_b2s_conv.axilite_b2s/SI_REG/aw.aw_pipe/aclk
    SLICE_X27Y74         FDRE                                         r  block_design_i/ps7_0_axi_periph/s00_couplers/auto_pc/inst/gen_axilite.gen_b2s_conv.axilite_b2s/SI_REG/aw.aw_pipe/m_payload_i_reg[52]/C
                         clock pessimism              0.229    22.912    
                         clock uncertainty           -0.302    22.610    
    SLICE_X27Y74         FDRE (Setup_fdre_C_CE)      -0.205    22.405    block_design_i/ps7_0_axi_periph/s00_couplers/auto_pc/inst/gen_axilite.gen_b2s_conv.axilite_b2s/SI_REG/aw.aw_pipe/m_payload_i_reg[52]
  -------------------------------------------------------------------
                         required time                         22.405    
                         arrival time                          -8.548    
  -------------------------------------------------------------------
                         slack                                 13.856    

Slack (MET) :             13.856ns  (required time - arrival time)
  Source:                 block_design_i/ps7_0_axi_periph/s00_couplers/auto_pc/inst/gen_axilite.gen_b2s_conv.axilite_b2s/WR.b_channel_0/bid_fifo_0/cnt_read_reg[1]/C
                            (rising edge-triggered cell FDSE clocked by clk_fpga_0  {rise@0.000ns fall@10.000ns period=20.000ns})
  Destination:            block_design_i/ps7_0_axi_periph/s00_couplers/auto_pc/inst/gen_axilite.gen_b2s_conv.axilite_b2s/SI_REG/aw.aw_pipe/m_payload_i_reg[53]/CE
                            (rising edge-triggered cell FDRE clocked by clk_fpga_0  {rise@0.000ns fall@10.000ns period=20.000ns})
  Path Group:             clk_fpga_0
  Path Type:              Setup (Max at Slow Process Corner)
  Requirement:            20.000ns  (clk_fpga_0 rise@20.000ns - clk_fpga_0 rise@0.000ns)
  Data Path Delay:        5.554ns  (logic 1.194ns (21.496%)  route 4.360ns (78.504%))
  Logic Levels:           3  (LUT2=2 LUT5=1)
  Clock Path Skew:        -0.082ns (DCD - SCD + CPR)
    Destination Clock Delay (DCD):    2.683ns = ( 22.683 - 20.000 ) 
    Source Clock Delay      (SCD):    2.994ns
    Clock Pessimism Removal (CPR):    0.229ns
  Clock Uncertainty:      0.302ns  ((TSJ^2 + TIJ^2)^1/2 + DJ) / 2 + PE
    Total System Jitter     (TSJ):    0.071ns
    Total Input Jitter      (TIJ):    0.600ns
    Discrete Jitter          (DJ):    0.000ns
    Phase Error              (PE):    0.000ns

    Location             Delay type                Incr(ns)  Path(ns)    Netlist Resource(s)
  -------------------------------------------------------------------    -------------------
                         (clock clk_fpga_0 rise edge)
                                                      0.000     0.000 r  
    PS7_X0Y0             PS7                          0.000     0.000 r  block_design_i/processing_system7_0/inst/PS7_i/FCLKCLK[0]
                         net (fo=1, routed)           1.193     1.193    block_design_i/processing_system7_0/inst/FCLK_CLK_unbuffered[0]
    BUFGCTRL_X0Y16       BUFG (Prop_bufg_I_O)         0.101     1.294 r  block_design_i/processing_system7_0/inst/buffer_fclk_clk_0.FCLK_CLK_0_BUFG/O
                         net (fo=648, routed)         1.700     2.994    block_design_i/ps7_0_axi_periph/s00_couplers/auto_pc/inst/gen_axilite.gen_b2s_conv.axilite_b2s/WR.b_channel_0/bid_fifo_0/aclk
    SLICE_X31Y97         FDSE                                         r  block_design_i/ps7_0_axi_periph/s00_couplers/auto_pc/inst/gen_axilite.gen_b2s_conv.axilite_b2s/WR.b_channel_0/bid_fifo_0/cnt_read_reg[1]/C
  -------------------------------------------------------------------    -------------------
    SLICE_X31Y97         FDSE (Prop_fdse_C_Q)         0.419     3.413 f  block_design_i/ps7_0_axi_periph/s00_couplers/auto_pc/inst/gen_axilite.gen_b2s_conv.axilite_b2s/WR.b_channel_0/bid_fifo_0/cnt_read_reg[1]/Q
                         net (fo=22, routed)          1.266     4.679    block_design_i/ps7_0_axi_periph/s00_couplers/auto_pc/inst/gen_axilite.gen_b2s_conv.axilite_b2s/WR.b_channel_0/bid_fifo_0/addr[1]
    SLICE_X32Y99         LUT2 (Prop_lut2_I0_O)        0.323     5.002 f  block_design_i/ps7_0_axi_periph/s00_couplers/auto_pc/inst/gen_axilite.gen_b2s_conv.axilite_b2s/WR.b_channel_0/bid_fifo_0/memory_reg[3][0]_srl4_i_3/O
                         net (fo=4, routed)           0.716     5.718    block_design_i/ps7_0_axi_periph/s00_couplers/auto_pc/inst/gen_axilite.gen_b2s_conv.axilite_b2s/WR.aw_channel_0/aw_cmd_fsm_0/state_reg[0]_0
    SLICE_X33Y96         LUT5 (Prop_lut5_I2_O)        0.328     6.046 r  block_design_i/ps7_0_axi_periph/s00_couplers/auto_pc/inst/gen_axilite.gen_b2s_conv.axilite_b2s/WR.aw_channel_0/aw_cmd_fsm_0/memory_reg[3][0]_srl4_i_1__0/O
                         net (fo=21, routed)          0.670     6.716    block_design_i/ps7_0_axi_periph/s00_couplers/auto_pc/inst/gen_axilite.gen_b2s_conv.axilite_b2s/WR.aw_channel_0/aw_cmd_fsm_0/b_push
    SLICE_X31Y97         LUT2 (Prop_lut2_I0_O)        0.124     6.840 r  block_design_i/ps7_0_axi_periph/s00_couplers/auto_pc/inst/gen_axilite.gen_b2s_conv.axilite_b2s/WR.aw_channel_0/aw_cmd_fsm_0/m_payload_i[31]_i_1/O
                         net (fo=27, routed)          1.708     8.548    block_design_i/ps7_0_axi_periph/s00_couplers/auto_pc/inst/gen_axilite.gen_b2s_conv.axilite_b2s/SI_REG/aw.aw_pipe/E[0]
    SLICE_X27Y74         FDRE                                         r  block_design_i/ps7_0_axi_periph/s00_couplers/auto_pc/inst/gen_axilite.gen_b2s_conv.axilite_b2s/SI_REG/aw.aw_pipe/m_payload_i_reg[53]/CE
  -------------------------------------------------------------------    -------------------

                         (clock clk_fpga_0 rise edge)
                                                     20.000    20.000 r  
    PS7_X0Y0             PS7                          0.000    20.000 r  block_design_i/processing_system7_0/inst/PS7_i/FCLKCLK[0]
                         net (fo=1, routed)           1.088    21.088    block_design_i/processing_system7_0/inst/FCLK_CLK_unbuffered[0]
    BUFGCTRL_X0Y16       BUFG (Prop_bufg_I_O)         0.091    21.179 r  block_design_i/processing_system7_0/inst/buffer_fclk_clk_0.FCLK_CLK_0_BUFG/O
                         net (fo=648, routed)         1.504    22.683    block_design_i/ps7_0_axi_periph/s00_couplers/auto_pc/inst/gen_axilite.gen_b2s_conv.axilite_b2s/SI_REG/aw.aw_pipe/aclk
    SLICE_X27Y74         FDRE                                         r  block_design_i/ps7_0_axi_periph/s00_couplers/auto_pc/inst/gen_axilite.gen_b2s_conv.axilite_b2s/SI_REG/aw.aw_pipe/m_payload_i_reg[53]/C
                         clock pessimism              0.229    22.912    
                         clock uncertainty           -0.302    22.610    
    SLICE_X27Y74         FDRE (Setup_fdre_C_CE)      -0.205    22.405    block_design_i/ps7_0_axi_periph/s00_couplers/auto_pc/inst/gen_axilite.gen_b2s_conv.axilite_b2s/SI_REG/aw.aw_pipe/m_payload_i_reg[53]
  -------------------------------------------------------------------
                         required time                         22.405    
                         arrival time                          -8.548    
  -------------------------------------------------------------------
                         slack                                 13.856    

Slack (MET) :             13.856ns  (required time - arrival time)
  Source:                 block_design_i/ps7_0_axi_periph/s00_couplers/auto_pc/inst/gen_axilite.gen_b2s_conv.axilite_b2s/WR.b_channel_0/bid_fifo_0/cnt_read_reg[1]/C
                            (rising edge-triggered cell FDSE clocked by clk_fpga_0  {rise@0.000ns fall@10.000ns period=20.000ns})
  Destination:            block_design_i/ps7_0_axi_periph/s00_couplers/auto_pc/inst/gen_axilite.gen_b2s_conv.axilite_b2s/SI_REG/aw.aw_pipe/m_payload_i_reg[56]/CE
                            (rising edge-triggered cell FDRE clocked by clk_fpga_0  {rise@0.000ns fall@10.000ns period=20.000ns})
  Path Group:             clk_fpga_0
  Path Type:              Setup (Max at Slow Process Corner)
  Requirement:            20.000ns  (clk_fpga_0 rise@20.000ns - clk_fpga_0 rise@0.000ns)
  Data Path Delay:        5.554ns  (logic 1.194ns (21.496%)  route 4.360ns (78.504%))
  Logic Levels:           3  (LUT2=2 LUT5=1)
  Clock Path Skew:        -0.082ns (DCD - SCD + CPR)
    Destination Clock Delay (DCD):    2.683ns = ( 22.683 - 20.000 ) 
    Source Clock Delay      (SCD):    2.994ns
    Clock Pessimism Removal (CPR):    0.229ns
  Clock Uncertainty:      0.302ns  ((TSJ^2 + TIJ^2)^1/2 + DJ) / 2 + PE
    Total System Jitter     (TSJ):    0.071ns
    Total Input Jitter      (TIJ):    0.600ns
    Discrete Jitter          (DJ):    0.000ns
    Phase Error              (PE):    0.000ns

    Location             Delay type                Incr(ns)  Path(ns)    Netlist Resource(s)
  -------------------------------------------------------------------    -------------------
                         (clock clk_fpga_0 rise edge)
                                                      0.000     0.000 r  
    PS7_X0Y0             PS7                          0.000     0.000 r  block_design_i/processing_system7_0/inst/PS7_i/FCLKCLK[0]
                         net (fo=1, routed)           1.193     1.193    block_design_i/processing_system7_0/inst/FCLK_CLK_unbuffered[0]
    BUFGCTRL_X0Y16       BUFG (Prop_bufg_I_O)         0.101     1.294 r  block_design_i/processing_system7_0/inst/buffer_fclk_clk_0.FCLK_CLK_0_BUFG/O
                         net (fo=648, routed)         1.700     2.994    block_design_i/ps7_0_axi_periph/s00_couplers/auto_pc/inst/gen_axilite.gen_b2s_conv.axilite_b2s/WR.b_channel_0/bid_fifo_0/aclk
    SLICE_X31Y97         FDSE                                         r  block_design_i/ps7_0_axi_periph/s00_couplers/auto_pc/inst/gen_axilite.gen_b2s_conv.axilite_b2s/WR.b_channel_0/bid_fifo_0/cnt_read_reg[1]/C
  -------------------------------------------------------------------    -------------------
    SLICE_X31Y97         FDSE (Prop_fdse_C_Q)         0.419     3.413 f  block_design_i/ps7_0_axi_periph/s00_couplers/auto_pc/inst/gen_axilite.gen_b2s_conv.axilite_b2s/WR.b_channel_0/bid_fifo_0/cnt_read_reg[1]/Q
                         net (fo=22, routed)          1.266     4.679    block_design_i/ps7_0_axi_periph/s00_couplers/auto_pc/inst/gen_axilite.gen_b2s_conv.axilite_b2s/WR.b_channel_0/bid_fifo_0/addr[1]
    SLICE_X32Y99         LUT2 (Prop_lut2_I0_O)        0.323     5.002 f  block_design_i/ps7_0_axi_periph/s00_couplers/auto_pc/inst/gen_axilite.gen_b2s_conv.axilite_b2s/WR.b_channel_0/bid_fifo_0/memory_reg[3][0]_srl4_i_3/O
                         net (fo=4, routed)           0.716     5.718    block_design_i/ps7_0_axi_periph/s00_couplers/auto_pc/inst/gen_axilite.gen_b2s_conv.axilite_b2s/WR.aw_channel_0/aw_cmd_fsm_0/state_reg[0]_0
    SLICE_X33Y96         LUT5 (Prop_lut5_I2_O)        0.328     6.046 r  block_design_i/ps7_0_axi_periph/s00_couplers/auto_pc/inst/gen_axilite.gen_b2s_conv.axilite_b2s/WR.aw_channel_0/aw_cmd_fsm_0/memory_reg[3][0]_srl4_i_1__0/O
                         net (fo=21, routed)          0.670     6.716    block_design_i/ps7_0_axi_periph/s00_couplers/auto_pc/inst/gen_axilite.gen_b2s_conv.axilite_b2s/WR.aw_channel_0/aw_cmd_fsm_0/b_push
    SLICE_X31Y97         LUT2 (Prop_lut2_I0_O)        0.124     6.840 r  block_design_i/ps7_0_axi_periph/s00_couplers/auto_pc/inst/gen_axilite.gen_b2s_conv.axilite_b2s/WR.aw_channel_0/aw_cmd_fsm_0/m_payload_i[31]_i_1/O
                         net (fo=27, routed)          1.708     8.548    block_design_i/ps7_0_axi_periph/s00_couplers/auto_pc/inst/gen_axilite.gen_b2s_conv.axilite_b2s/SI_REG/aw.aw_pipe/E[0]
    SLICE_X27Y74         FDRE                                         r  block_design_i/ps7_0_axi_periph/s00_couplers/auto_pc/inst/gen_axilite.gen_b2s_conv.axilite_b2s/SI_REG/aw.aw_pipe/m_payload_i_reg[56]/CE
  -------------------------------------------------------------------    -------------------

                         (clock clk_fpga_0 rise edge)
                                                     20.000    20.000 r  
    PS7_X0Y0             PS7                          0.000    20.000 r  block_design_i/processing_system7_0/inst/PS7_i/FCLKCLK[0]
                         net (fo=1, routed)           1.088    21.088    block_design_i/processing_system7_0/inst/FCLK_CLK_unbuffered[0]
    BUFGCTRL_X0Y16       BUFG (Prop_bufg_I_O)         0.091    21.179 r  block_design_i/processing_system7_0/inst/buffer_fclk_clk_0.FCLK_CLK_0_BUFG/O
                         net (fo=648, routed)         1.504    22.683    block_design_i/ps7_0_axi_periph/s00_couplers/auto_pc/inst/gen_axilite.gen_b2s_conv.axilite_b2s/SI_REG/aw.aw_pipe/aclk
    SLICE_X27Y74         FDRE                                         r  block_design_i/ps7_0_axi_periph/s00_couplers/auto_pc/inst/gen_axilite.gen_b2s_conv.axilite_b2s/SI_REG/aw.aw_pipe/m_payload_i_reg[56]/C
                         clock pessimism              0.229    22.912    
                         clock uncertainty           -0.302    22.610    
    SLICE_X27Y74         FDRE (Setup_fdre_C_CE)      -0.205    22.405    block_design_i/ps7_0_axi_periph/s00_couplers/auto_pc/inst/gen_axilite.gen_b2s_conv.axilite_b2s/SI_REG/aw.aw_pipe/m_payload_i_reg[56]
  -------------------------------------------------------------------
                         required time                         22.405    
                         arrival time                          -8.548    
  -------------------------------------------------------------------
                         slack                                 13.856    

Slack (MET) :             13.856ns  (required time - arrival time)
  Source:                 block_design_i/ps7_0_axi_periph/s00_couplers/auto_pc/inst/gen_axilite.gen_b2s_conv.axilite_b2s/WR.b_channel_0/bid_fifo_0/cnt_read_reg[1]/C
                            (rising edge-triggered cell FDSE clocked by clk_fpga_0  {rise@0.000ns fall@10.000ns period=20.000ns})
  Destination:            block_design_i/ps7_0_axi_periph/s00_couplers/auto_pc/inst/gen_axilite.gen_b2s_conv.axilite_b2s/SI_REG/aw.aw_pipe/m_payload_i_reg[57]/CE
                            (rising edge-triggered cell FDRE clocked by clk_fpga_0  {rise@0.000ns fall@10.000ns period=20.000ns})
  Path Group:             clk_fpga_0
  Path Type:              Setup (Max at Slow Process Corner)
  Requirement:            20.000ns  (clk_fpga_0 rise@20.000ns - clk_fpga_0 rise@0.000ns)
  Data Path Delay:        5.554ns  (logic 1.194ns (21.496%)  route 4.360ns (78.504%))
  Logic Levels:           3  (LUT2=2 LUT5=1)
  Clock Path Skew:        -0.082ns (DCD - SCD + CPR)
    Destination Clock Delay (DCD):    2.683ns = ( 22.683 - 20.000 ) 
    Source Clock Delay      (SCD):    2.994ns
    Clock Pessimism Removal (CPR):    0.229ns
  Clock Uncertainty:      0.302ns  ((TSJ^2 + TIJ^2)^1/2 + DJ) / 2 + PE
    Total System Jitter     (TSJ):    0.071ns
    Total Input Jitter      (TIJ):    0.600ns
    Discrete Jitter          (DJ):    0.000ns
    Phase Error              (PE):    0.000ns

    Location             Delay type                Incr(ns)  Path(ns)    Netlist Resource(s)
  -------------------------------------------------------------------    -------------------
                         (clock clk_fpga_0 rise edge)
                                                      0.000     0.000 r  
    PS7_X0Y0             PS7                          0.000     0.000 r  block_design_i/processing_system7_0/inst/PS7_i/FCLKCLK[0]
                         net (fo=1, routed)           1.193     1.193    block_design_i/processing_system7_0/inst/FCLK_CLK_unbuffered[0]
    BUFGCTRL_X0Y16       BUFG (Prop_bufg_I_O)         0.101     1.294 r  block_design_i/processing_system7_0/inst/buffer_fclk_clk_0.FCLK_CLK_0_BUFG/O
                         net (fo=648, routed)         1.700     2.994    block_design_i/ps7_0_axi_periph/s00_couplers/auto_pc/inst/gen_axilite.gen_b2s_conv.axilite_b2s/WR.b_channel_0/bid_fifo_0/aclk
    SLICE_X31Y97         FDSE                                         r  block_design_i/ps7_0_axi_periph/s00_couplers/auto_pc/inst/gen_axilite.gen_b2s_conv.axilite_b2s/WR.b_channel_0/bid_fifo_0/cnt_read_reg[1]/C
  -------------------------------------------------------------------    -------------------
    SLICE_X31Y97         FDSE (Prop_fdse_C_Q)         0.419     3.413 f  block_design_i/ps7_0_axi_periph/s00_couplers/auto_pc/inst/gen_axilite.gen_b2s_conv.axilite_b2s/WR.b_channel_0/bid_fifo_0/cnt_read_reg[1]/Q
                         net (fo=22, routed)          1.266     4.679    block_design_i/ps7_0_axi_periph/s00_couplers/auto_pc/inst/gen_axilite.gen_b2s_conv.axilite_b2s/WR.b_channel_0/bid_fifo_0/addr[1]
    SLICE_X32Y99         LUT2 (Prop_lut2_I0_O)        0.323     5.002 f  block_design_i/ps7_0_axi_periph/s00_couplers/auto_pc/inst/gen_axilite.gen_b2s_conv.axilite_b2s/WR.b_channel_0/bid_fifo_0/memory_reg[3][0]_srl4_i_3/O
                         net (fo=4, routed)           0.716     5.718    block_design_i/ps7_0_axi_periph/s00_couplers/auto_pc/inst/gen_axilite.gen_b2s_conv.axilite_b2s/WR.aw_channel_0/aw_cmd_fsm_0/state_reg[0]_0
    SLICE_X33Y96         LUT5 (Prop_lut5_I2_O)        0.328     6.046 r  block_design_i/ps7_0_axi_periph/s00_couplers/auto_pc/inst/gen_axilite.gen_b2s_conv.axilite_b2s/WR.aw_channel_0/aw_cmd_fsm_0/memory_reg[3][0]_srl4_i_1__0/O
                         net (fo=21, routed)          0.670     6.716    block_design_i/ps7_0_axi_periph/s00_couplers/auto_pc/inst/gen_axilite.gen_b2s_conv.axilite_b2s/WR.aw_channel_0/aw_cmd_fsm_0/b_push
    SLICE_X31Y97         LUT2 (Prop_lut2_I0_O)        0.124     6.840 r  block_design_i/ps7_0_axi_periph/s00_couplers/auto_pc/inst/gen_axilite.gen_b2s_conv.axilite_b2s/WR.aw_channel_0/aw_cmd_fsm_0/m_payload_i[31]_i_1/O
                         net (fo=27, routed)          1.708     8.548    block_design_i/ps7_0_axi_periph/s00_couplers/auto_pc/inst/gen_axilite.gen_b2s_conv.axilite_b2s/SI_REG/aw.aw_pipe/E[0]
    SLICE_X27Y74         FDRE                                         r  block_design_i/ps7_0_axi_periph/s00_couplers/auto_pc/inst/gen_axilite.gen_b2s_conv.axilite_b2s/SI_REG/aw.aw_pipe/m_payload_i_reg[57]/CE
  -------------------------------------------------------------------    -------------------

                         (clock clk_fpga_0 rise edge)
                                                     20.000    20.000 r  
    PS7_X0Y0             PS7                          0.000    20.000 r  block_design_i/processing_system7_0/inst/PS7_i/FCLKCLK[0]
                         net (fo=1, routed)           1.088    21.088    block_design_i/processing_system7_0/inst/FCLK_CLK_unbuffered[0]
    BUFGCTRL_X0Y16       BUFG (Prop_bufg_I_O)         0.091    21.179 r  block_design_i/processing_system7_0/inst/buffer_fclk_clk_0.FCLK_CLK_0_BUFG/O
                         net (fo=648, routed)         1.504    22.683    block_design_i/ps7_0_axi_periph/s00_couplers/auto_pc/inst/gen_axilite.gen_b2s_conv.axilite_b2s/SI_REG/aw.aw_pipe/aclk
    SLICE_X27Y74         FDRE                                         r  block_design_i/ps7_0_axi_periph/s00_couplers/auto_pc/inst/gen_axilite.gen_b2s_conv.axilite_b2s/SI_REG/aw.aw_pipe/m_payload_i_reg[57]/C
                         clock pessimism              0.229    22.912    
                         clock uncertainty           -0.302    22.610    
    SLICE_X27Y74         FDRE (Setup_fdre_C_CE)      -0.205    22.405    block_design_i/ps7_0_axi_periph/s00_couplers/auto_pc/inst/gen_axilite.gen_b2s_conv.axilite_b2s/SI_REG/aw.aw_pipe/m_payload_i_reg[57]
  -------------------------------------------------------------------
                         required time                         22.405    
                         arrival time                          -8.548    
  -------------------------------------------------------------------
                         slack                                 13.856    

Slack (MET) :             13.856ns  (required time - arrival time)
  Source:                 block_design_i/ps7_0_axi_periph/s00_couplers/auto_pc/inst/gen_axilite.gen_b2s_conv.axilite_b2s/WR.b_channel_0/bid_fifo_0/cnt_read_reg[1]/C
                            (rising edge-triggered cell FDSE clocked by clk_fpga_0  {rise@0.000ns fall@10.000ns period=20.000ns})
  Destination:            block_design_i/ps7_0_axi_periph/s00_couplers/auto_pc/inst/gen_axilite.gen_b2s_conv.axilite_b2s/SI_REG/aw.aw_pipe/m_payload_i_reg[60]/CE
                            (rising edge-triggered cell FDRE clocked by clk_fpga_0  {rise@0.000ns fall@10.000ns period=20.000ns})
  Path Group:             clk_fpga_0
  Path Type:              Setup (Max at Slow Process Corner)
  Requirement:            20.000ns  (clk_fpga_0 rise@20.000ns - clk_fpga_0 rise@0.000ns)
  Data Path Delay:        5.554ns  (logic 1.194ns (21.496%)  route 4.360ns (78.504%))
  Logic Levels:           3  (LUT2=2 LUT5=1)
  Clock Path Skew:        -0.082ns (DCD - SCD + CPR)
    Destination Clock Delay (DCD):    2.683ns = ( 22.683 - 20.000 ) 
    Source Clock Delay      (SCD):    2.994ns
    Clock Pessimism Removal (CPR):    0.229ns
  Clock Uncertainty:      0.302ns  ((TSJ^2 + TIJ^2)^1/2 + DJ) / 2 + PE
    Total System Jitter     (TSJ):    0.071ns
    Total Input Jitter      (TIJ):    0.600ns
    Discrete Jitter          (DJ):    0.000ns
    Phase Error              (PE):    0.000ns

    Location             Delay type                Incr(ns)  Path(ns)    Netlist Resource(s)
  -------------------------------------------------------------------    -------------------
                         (clock clk_fpga_0 rise edge)
                                                      0.000     0.000 r  
    PS7_X0Y0             PS7                          0.000     0.000 r  block_design_i/processing_system7_0/inst/PS7_i/FCLKCLK[0]
                         net (fo=1, routed)           1.193     1.193    block_design_i/processing_system7_0/inst/FCLK_CLK_unbuffered[0]
    BUFGCTRL_X0Y16       BUFG (Prop_bufg_I_O)         0.101     1.294 r  block_design_i/processing_system7_0/inst/buffer_fclk_clk_0.FCLK_CLK_0_BUFG/O
                         net (fo=648, routed)         1.700     2.994    block_design_i/ps7_0_axi_periph/s00_couplers/auto_pc/inst/gen_axilite.gen_b2s_conv.axilite_b2s/WR.b_channel_0/bid_fifo_0/aclk
    SLICE_X31Y97         FDSE                                         r  block_design_i/ps7_0_axi_periph/s00_couplers/auto_pc/inst/gen_axilite.gen_b2s_conv.axilite_b2s/WR.b_channel_0/bid_fifo_0/cnt_read_reg[1]/C
  -------------------------------------------------------------------    -------------------
    SLICE_X31Y97         FDSE (Prop_fdse_C_Q)         0.419     3.413 f  block_design_i/ps7_0_axi_periph/s00_couplers/auto_pc/inst/gen_axilite.gen_b2s_conv.axilite_b2s/WR.b_channel_0/bid_fifo_0/cnt_read_reg[1]/Q
                         net (fo=22, routed)          1.266     4.679    block_design_i/ps7_0_axi_periph/s00_couplers/auto_pc/inst/gen_axilite.gen_b2s_conv.axilite_b2s/WR.b_channel_0/bid_fifo_0/addr[1]
    SLICE_X32Y99         LUT2 (Prop_lut2_I0_O)        0.323     5.002 f  block_design_i/ps7_0_axi_periph/s00_couplers/auto_pc/inst/gen_axilite.gen_b2s_conv.axilite_b2s/WR.b_channel_0/bid_fifo_0/memory_reg[3][0]_srl4_i_3/O
                         net (fo=4, routed)           0.716     5.718    block_design_i/ps7_0_axi_periph/s00_couplers/auto_pc/inst/gen_axilite.gen_b2s_conv.axilite_b2s/WR.aw_channel_0/aw_cmd_fsm_0/state_reg[0]_0
    SLICE_X33Y96         LUT5 (Prop_lut5_I2_O)        0.328     6.046 r  block_design_i/ps7_0_axi_periph/s00_couplers/auto_pc/inst/gen_axilite.gen_b2s_conv.axilite_b2s/WR.aw_channel_0/aw_cmd_fsm_0/memory_reg[3][0]_srl4_i_1__0/O
                         net (fo=21, routed)          0.670     6.716    block_design_i/ps7_0_axi_periph/s00_couplers/auto_pc/inst/gen_axilite.gen_b2s_conv.axilite_b2s/WR.aw_channel_0/aw_cmd_fsm_0/b_push
    SLICE_X31Y97         LUT2 (Prop_lut2_I0_O)        0.124     6.840 r  block_design_i/ps7_0_axi_periph/s00_couplers/auto_pc/inst/gen_axilite.gen_b2s_conv.axilite_b2s/WR.aw_channel_0/aw_cmd_fsm_0/m_payload_i[31]_i_1/O
                         net (fo=27, routed)          1.708     8.548    block_design_i/ps7_0_axi_periph/s00_couplers/auto_pc/inst/gen_axilite.gen_b2s_conv.axilite_b2s/SI_REG/aw.aw_pipe/E[0]
    SLICE_X27Y74         FDRE                                         r  block_design_i/ps7_0_axi_periph/s00_couplers/auto_pc/inst/gen_axilite.gen_b2s_conv.axilite_b2s/SI_REG/aw.aw_pipe/m_payload_i_reg[60]/CE
  -------------------------------------------------------------------    -------------------

                         (clock clk_fpga_0 rise edge)
                                                     20.000    20.000 r  
    PS7_X0Y0             PS7                          0.000    20.000 r  block_design_i/processing_system7_0/inst/PS7_i/FCLKCLK[0]
                         net (fo=1, routed)           1.088    21.088    block_design_i/processing_system7_0/inst/FCLK_CLK_unbuffered[0]
    BUFGCTRL_X0Y16       BUFG (Prop_bufg_I_O)         0.091    21.179 r  block_design_i/processing_system7_0/inst/buffer_fclk_clk_0.FCLK_CLK_0_BUFG/O
                         net (fo=648, routed)         1.504    22.683    block_design_i/ps7_0_axi_periph/s00_couplers/auto_pc/inst/gen_axilite.gen_b2s_conv.axilite_b2s/SI_REG/aw.aw_pipe/aclk
    SLICE_X27Y74         FDRE                                         r  block_design_i/ps7_0_axi_periph/s00_couplers/auto_pc/inst/gen_axilite.gen_b2s_conv.axilite_b2s/SI_REG/aw.aw_pipe/m_payload_i_reg[60]/C
                         clock pessimism              0.229    22.912    
                         clock uncertainty           -0.302    22.610    
    SLICE_X27Y74         FDRE (Setup_fdre_C_CE)      -0.205    22.405    block_design_i/ps7_0_axi_periph/s00_couplers/auto_pc/inst/gen_axilite.gen_b2s_conv.axilite_b2s/SI_REG/aw.aw_pipe/m_payload_i_reg[60]
  -------------------------------------------------------------------
                         required time                         22.405    
                         arrival time                          -8.548    
  -------------------------------------------------------------------
                         slack                                 13.856    

Slack (MET) :             13.856ns  (required time - arrival time)
  Source:                 block_design_i/ps7_0_axi_periph/s00_couplers/auto_pc/inst/gen_axilite.gen_b2s_conv.axilite_b2s/WR.b_channel_0/bid_fifo_0/cnt_read_reg[1]/C
                            (rising edge-triggered cell FDSE clocked by clk_fpga_0  {rise@0.000ns fall@10.000ns period=20.000ns})
  Destination:            block_design_i/ps7_0_axi_periph/s00_couplers/auto_pc/inst/gen_axilite.gen_b2s_conv.axilite_b2s/SI_REG/aw.aw_pipe/m_payload_i_reg[61]/CE
                            (rising edge-triggered cell FDRE clocked by clk_fpga_0  {rise@0.000ns fall@10.000ns period=20.000ns})
  Path Group:             clk_fpga_0
  Path Type:              Setup (Max at Slow Process Corner)
  Requirement:            20.000ns  (clk_fpga_0 rise@20.000ns - clk_fpga_0 rise@0.000ns)
  Data Path Delay:        5.554ns  (logic 1.194ns (21.496%)  route 4.360ns (78.504%))
  Logic Levels:           3  (LUT2=2 LUT5=1)
  Clock Path Skew:        -0.082ns (DCD - SCD + CPR)
    Destination Clock Delay (DCD):    2.683ns = ( 22.683 - 20.000 ) 
    Source Clock Delay      (SCD):    2.994ns
    Clock Pessimism Removal (CPR):    0.229ns
  Clock Uncertainty:      0.302ns  ((TSJ^2 + TIJ^2)^1/2 + DJ) / 2 + PE
    Total System Jitter     (TSJ):    0.071ns
    Total Input Jitter      (TIJ):    0.600ns
    Discrete Jitter          (DJ):    0.000ns
    Phase Error              (PE):    0.000ns

    Location             Delay type                Incr(ns)  Path(ns)    Netlist Resource(s)
  -------------------------------------------------------------------    -------------------
                         (clock clk_fpga_0 rise edge)
                                                      0.000     0.000 r  
    PS7_X0Y0             PS7                          0.000     0.000 r  block_design_i/processing_system7_0/inst/PS7_i/FCLKCLK[0]
                         net (fo=1, routed)           1.193     1.193    block_design_i/processing_system7_0/inst/FCLK_CLK_unbuffered[0]
    BUFGCTRL_X0Y16       BUFG (Prop_bufg_I_O)         0.101     1.294 r  block_design_i/processing_system7_0/inst/buffer_fclk_clk_0.FCLK_CLK_0_BUFG/O
                         net (fo=648, routed)         1.700     2.994    block_design_i/ps7_0_axi_periph/s00_couplers/auto_pc/inst/gen_axilite.gen_b2s_conv.axilite_b2s/WR.b_channel_0/bid_fifo_0/aclk
    SLICE_X31Y97         FDSE                                         r  block_design_i/ps7_0_axi_periph/s00_couplers/auto_pc/inst/gen_axilite.gen_b2s_conv.axilite_b2s/WR.b_channel_0/bid_fifo_0/cnt_read_reg[1]/C
  -------------------------------------------------------------------    -------------------
    SLICE_X31Y97         FDSE (Prop_fdse_C_Q)         0.419     3.413 f  block_design_i/ps7_0_axi_periph/s00_couplers/auto_pc/inst/gen_axilite.gen_b2s_conv.axilite_b2s/WR.b_channel_0/bid_fifo_0/cnt_read_reg[1]/Q
                         net (fo=22, routed)          1.266     4.679    block_design_i/ps7_0_axi_periph/s00_couplers/auto_pc/inst/gen_axilite.gen_b2s_conv.axilite_b2s/WR.b_channel_0/bid_fifo_0/addr[1]
    SLICE_X32Y99         LUT2 (Prop_lut2_I0_O)        0.323     5.002 f  block_design_i/ps7_0_axi_periph/s00_couplers/auto_pc/inst/gen_axilite.gen_b2s_conv.axilite_b2s/WR.b_channel_0/bid_fifo_0/memory_reg[3][0]_srl4_i_3/O
                         net (fo=4, routed)           0.716     5.718    block_design_i/ps7_0_axi_periph/s00_couplers/auto_pc/inst/gen_axilite.gen_b2s_conv.axilite_b2s/WR.aw_channel_0/aw_cmd_fsm_0/state_reg[0]_0
    SLICE_X33Y96         LUT5 (Prop_lut5_I2_O)        0.328     6.046 r  block_design_i/ps7_0_axi_periph/s00_couplers/auto_pc/inst/gen_axilite.gen_b2s_conv.axilite_b2s/WR.aw_channel_0/aw_cmd_fsm_0/memory_reg[3][0]_srl4_i_1__0/O
                         net (fo=21, routed)          0.670     6.716    block_design_i/ps7_0_axi_periph/s00_couplers/auto_pc/inst/gen_axilite.gen_b2s_conv.axilite_b2s/WR.aw_channel_0/aw_cmd_fsm_0/b_push
    SLICE_X31Y97         LUT2 (Prop_lut2_I0_O)        0.124     6.840 r  block_design_i/ps7_0_axi_periph/s00_couplers/auto_pc/inst/gen_axilite.gen_b2s_conv.axilite_b2s/WR.aw_channel_0/aw_cmd_fsm_0/m_payload_i[31]_i_1/O
                         net (fo=27, routed)          1.708     8.548    block_design_i/ps7_0_axi_periph/s00_couplers/auto_pc/inst/gen_axilite.gen_b2s_conv.axilite_b2s/SI_REG/aw.aw_pipe/E[0]
    SLICE_X27Y74         FDRE                                         r  block_design_i/ps7_0_axi_periph/s00_couplers/auto_pc/inst/gen_axilite.gen_b2s_conv.axilite_b2s/SI_REG/aw.aw_pipe/m_payload_i_reg[61]/CE
  -------------------------------------------------------------------    -------------------

                         (clock clk_fpga_0 rise edge)
                                                     20.000    20.000 r  
    PS7_X0Y0             PS7                          0.000    20.000 r  block_design_i/processing_system7_0/inst/PS7_i/FCLKCLK[0]
                         net (fo=1, routed)           1.088    21.088    block_design_i/processing_system7_0/inst/FCLK_CLK_unbuffered[0]
    BUFGCTRL_X0Y16       BUFG (Prop_bufg_I_O)         0.091    21.179 r  block_design_i/processing_system7_0/inst/buffer_fclk_clk_0.FCLK_CLK_0_BUFG/O
                         net (fo=648, routed)         1.504    22.683    block_design_i/ps7_0_axi_periph/s00_couplers/auto_pc/inst/gen_axilite.gen_b2s_conv.axilite_b2s/SI_REG/aw.aw_pipe/aclk
    SLICE_X27Y74         FDRE                                         r  block_design_i/ps7_0_axi_periph/s00_couplers/auto_pc/inst/gen_axilite.gen_b2s_conv.axilite_b2s/SI_REG/aw.aw_pipe/m_payload_i_reg[61]/C
                         clock pessimism              0.229    22.912    
                         clock uncertainty           -0.302    22.610    
    SLICE_X27Y74         FDRE (Setup_fdre_C_CE)      -0.205    22.405    block_design_i/ps7_0_axi_periph/s00_couplers/auto_pc/inst/gen_axilite.gen_b2s_conv.axilite_b2s/SI_REG/aw.aw_pipe/m_payload_i_reg[61]
  -------------------------------------------------------------------
                         required time                         22.405    
                         arrival time                          -8.548    
  -------------------------------------------------------------------
                         slack                                 13.856    

Slack (MET) :             13.941ns  (required time - arrival time)
  Source:                 block_design_i/ps7_0_axi_periph/s00_couplers/auto_pc/inst/gen_axilite.gen_b2s_conv.axilite_b2s/SI_REG/ar.ar_pipe/m_valid_i_reg/C
                            (rising edge-triggered cell FDRE clocked by clk_fpga_0  {rise@0.000ns fall@10.000ns period=20.000ns})
  Destination:            block_design_i/ps7_0_axi_periph/s00_couplers/auto_pc/inst/gen_axilite.gen_b2s_conv.axilite_b2s/RD.ar_channel_0/cmd_translator_0/wrap_cmd_0/wrap_cnt_r_reg[3]/D
                            (rising edge-triggered cell FDRE clocked by clk_fpga_0  {rise@0.000ns fall@10.000ns period=20.000ns})
  Path Group:             clk_fpga_0
  Path Type:              Setup (Max at Slow Process Corner)
  Requirement:            20.000ns  (clk_fpga_0 rise@20.000ns - clk_fpga_0 rise@0.000ns)
  Data Path Delay:        5.723ns  (logic 1.090ns (19.046%)  route 4.633ns (80.954%))
  Logic Levels:           4  (LUT4=2 LUT6=2)
  Clock Path Skew:        -0.111ns (DCD - SCD + CPR)
    Destination Clock Delay (DCD):    2.653ns = ( 22.653 - 20.000 ) 
    Source Clock Delay      (SCD):    2.993ns
    Clock Pessimism Removal (CPR):    0.229ns
  Clock Uncertainty:      0.302ns  ((TSJ^2 + TIJ^2)^1/2 + DJ) / 2 + PE
    Total System Jitter     (TSJ):    0.071ns
    Total Input Jitter      (TIJ):    0.600ns
    Discrete Jitter          (DJ):    0.000ns
    Phase Error              (PE):    0.000ns

    Location             Delay type                Incr(ns)  Path(ns)    Netlist Resource(s)
  -------------------------------------------------------------------    -------------------
                         (clock clk_fpga_0 rise edge)
                                                      0.000     0.000 r  
    PS7_X0Y0             PS7                          0.000     0.000 r  block_design_i/processing_system7_0/inst/PS7_i/FCLKCLK[0]
                         net (fo=1, routed)           1.193     1.193    block_design_i/processing_system7_0/inst/FCLK_CLK_unbuffered[0]
    BUFGCTRL_X0Y16       BUFG (Prop_bufg_I_O)         0.101     1.294 r  block_design_i/processing_system7_0/inst/buffer_fclk_clk_0.FCLK_CLK_0_BUFG/O
                         net (fo=648, routed)         1.699     2.993    block_design_i/ps7_0_axi_periph/s00_couplers/auto_pc/inst/gen_axilite.gen_b2s_conv.axilite_b2s/SI_REG/ar.ar_pipe/aclk
    SLICE_X31Y93         FDRE                                         r  block_design_i/ps7_0_axi_periph/s00_couplers/auto_pc/inst/gen_axilite.gen_b2s_conv.axilite_b2s/SI_REG/ar.ar_pipe/m_valid_i_reg/C
  -------------------------------------------------------------------    -------------------
    SLICE_X31Y93         FDRE (Prop_fdre_C_Q)         0.419     3.412 r  block_design_i/ps7_0_axi_periph/s00_couplers/auto_pc/inst/gen_axilite.gen_b2s_conv.axilite_b2s/SI_REG/ar.ar_pipe/m_valid_i_reg/Q
                         net (fo=18, routed)          1.668     5.080    block_design_i/ps7_0_axi_periph/s00_couplers/auto_pc/inst/gen_axilite.gen_b2s_conv.axilite_b2s/SI_REG/ar.ar_pipe/m_valid_i_reg_0
    SLICE_X32Y86         LUT4 (Prop_lut4_I3_O)        0.299     5.379 r  block_design_i/ps7_0_axi_periph/s00_couplers/auto_pc/inst/gen_axilite.gen_b2s_conv.axilite_b2s/SI_REG/ar.ar_pipe/axlen_cnt[3]_i_3__0/O
                         net (fo=3, routed)           1.047     6.426    block_design_i/ps7_0_axi_periph/s00_couplers/auto_pc/inst/gen_axilite.gen_b2s_conv.axilite_b2s/SI_REG/ar.ar_pipe/m_payload_i_reg[47]_0
    SLICE_X31Y87         LUT6 (Prop_lut6_I0_O)        0.124     6.550 r  block_design_i/ps7_0_axi_periph/s00_couplers/auto_pc/inst/gen_axilite.gen_b2s_conv.axilite_b2s/SI_REG/ar.ar_pipe/wrap_second_len_r[3]_i_2__0/O
                         net (fo=2, routed)           0.848     7.398    block_design_i/ps7_0_axi_periph/s00_couplers/auto_pc/inst/gen_axilite.gen_b2s_conv.axilite_b2s/RD.ar_channel_0/ar_cmd_fsm_0/wrap_second_len_r_reg[3]_1
    SLICE_X36Y86         LUT6 (Prop_lut6_I5_O)        0.124     7.522 r  block_design_i/ps7_0_axi_periph/s00_couplers/auto_pc/inst/gen_axilite.gen_b2s_conv.axilite_b2s/RD.ar_channel_0/ar_cmd_fsm_0/wrap_second_len_r[3]_i_1__0/O
                         net (fo=2, routed)           1.070     8.592    block_design_i/ps7_0_axi_periph/s00_couplers/auto_pc/inst/gen_axilite.gen_b2s_conv.axilite_b2s/RD.ar_channel_0/ar_cmd_fsm_0/D[3]
    SLICE_X36Y86         LUT4 (Prop_lut4_I0_O)        0.124     8.716 r  block_design_i/ps7_0_axi_periph/s00_couplers/auto_pc/inst/gen_axilite.gen_b2s_conv.axilite_b2s/RD.ar_channel_0/ar_cmd_fsm_0/wrap_cnt_r[3]_i_1__0/O
                         net (fo=1, routed)           0.000     8.716    block_design_i/ps7_0_axi_periph/s00_couplers/auto_pc/inst/gen_axilite.gen_b2s_conv.axilite_b2s/RD.ar_channel_0/cmd_translator_0/wrap_cmd_0/wrap_cnt_r_reg[3]_0[2]
    SLICE_X36Y86         FDRE                                         r  block_design_i/ps7_0_axi_periph/s00_couplers/auto_pc/inst/gen_axilite.gen_b2s_conv.axilite_b2s/RD.ar_channel_0/cmd_translator_0/wrap_cmd_0/wrap_cnt_r_reg[3]/D
  -------------------------------------------------------------------    -------------------

                         (clock clk_fpga_0 rise edge)
                                                     20.000    20.000 r  
    PS7_X0Y0             PS7                          0.000    20.000 r  block_design_i/processing_system7_0/inst/PS7_i/FCLKCLK[0]
                         net (fo=1, routed)           1.088    21.088    block_design_i/processing_system7_0/inst/FCLK_CLK_unbuffered[0]
    BUFGCTRL_X0Y16       BUFG (Prop_bufg_I_O)         0.091    21.179 r  block_design_i/processing_system7_0/inst/buffer_fclk_clk_0.FCLK_CLK_0_BUFG/O
                         net (fo=648, routed)         1.474    22.653    block_design_i/ps7_0_axi_periph/s00_couplers/auto_pc/inst/gen_axilite.gen_b2s_conv.axilite_b2s/RD.ar_channel_0/cmd_translator_0/wrap_cmd_0/aclk
    SLICE_X36Y86         FDRE                                         r  block_design_i/ps7_0_axi_periph/s00_couplers/auto_pc/inst/gen_axilite.gen_b2s_conv.axilite_b2s/RD.ar_channel_0/cmd_translator_0/wrap_cmd_0/wrap_cnt_r_reg[3]/C
                         clock pessimism              0.229    22.882    
                         clock uncertainty           -0.302    22.580    
    SLICE_X36Y86         FDRE (Setup_fdre_C_D)        0.077    22.657    block_design_i/ps7_0_axi_periph/s00_couplers/auto_pc/inst/gen_axilite.gen_b2s_conv.axilite_b2s/RD.ar_channel_0/cmd_translator_0/wrap_cmd_0/wrap_cnt_r_reg[3]
  -------------------------------------------------------------------
                         required time                         22.657    
                         arrival time                          -8.716    
  -------------------------------------------------------------------
                         slack                                 13.941    

Slack (MET) :             14.057ns  (required time - arrival time)
  Source:                 block_design_i/processing_system7_0/inst/PS7_i/MAXIGP0ACLK
                            (rising edge-triggered cell PS7 clocked by clk_fpga_0  {rise@0.000ns fall@10.000ns period=20.000ns})
  Destination:            block_design_i/hw1_0/inst/hw1_v1_0_S00_AXI_inst/slv_reg3_reg[0]/CE
                            (rising edge-triggered cell FDRE clocked by clk_fpga_0  {rise@0.000ns fall@10.000ns period=20.000ns})
  Path Group:             clk_fpga_0
  Path Type:              Setup (Max at Slow Process Corner)
  Requirement:            20.000ns  (clk_fpga_0 rise@20.000ns - clk_fpga_0 rise@0.000ns)
  Data Path Delay:        5.337ns  (logic 1.582ns (29.640%)  route 3.755ns (70.360%))
  Logic Levels:           2  (LUT4=2)
  Clock Path Skew:        -0.099ns (DCD - SCD + CPR)
    Destination Clock Delay (DCD):    2.703ns = ( 22.703 - 20.000 ) 
    Source Clock Delay      (SCD):    3.031ns
    Clock Pessimism Removal (CPR):    0.229ns
  Clock Uncertainty:      0.302ns  ((TSJ^2 + TIJ^2)^1/2 + DJ) / 2 + PE
    Total System Jitter     (TSJ):    0.071ns
    Total Input Jitter      (TIJ):    0.600ns
    Discrete Jitter          (DJ):    0.000ns
    Phase Error              (PE):    0.000ns

    Location             Delay type                Incr(ns)  Path(ns)    Netlist Resource(s)
  -------------------------------------------------------------------    -------------------
                         (clock clk_fpga_0 rise edge)
                                                      0.000     0.000 r  
    PS7_X0Y0             PS7                          0.000     0.000 r  block_design_i/processing_system7_0/inst/PS7_i/FCLKCLK[0]
                         net (fo=1, routed)           1.193     1.193    block_design_i/processing_system7_0/inst/FCLK_CLK_unbuffered[0]
    BUFGCTRL_X0Y16       BUFG (Prop_bufg_I_O)         0.101     1.294 r  block_design_i/processing_system7_0/inst/buffer_fclk_clk_0.FCLK_CLK_0_BUFG/O
                         net (fo=648, routed)         1.737     3.031    block_design_i/processing_system7_0/inst/M_AXI_GP0_ACLK
    PS7_X0Y0             PS7                                          r  block_design_i/processing_system7_0/inst/PS7_i/MAXIGP0ACLK
  -------------------------------------------------------------------    -------------------
    PS7_X0Y0             PS7 (Prop_ps7_MAXIGP0ACLK_MAXIGP0WVALID)
                                                      1.334     4.365 r  block_design_i/processing_system7_0/inst/PS7_i/MAXIGP0WVALID
                         net (fo=7, routed)           1.582     5.947    block_design_i/hw1_0/inst/hw1_v1_0_S00_AXI_inst/s00_axi_wvalid
    SLICE_X34Y98         LUT4 (Prop_lut4_I3_O)        0.124     6.071 r  block_design_i/hw1_0/inst/hw1_v1_0_S00_AXI_inst/slv_reg0[31]_i_2/O
                         net (fo=12, routed)          1.326     7.397    block_design_i/hw1_0/inst/hw1_v1_0_S00_AXI_inst/slv_reg_wren__0
    SLICE_X29Y96         LUT4 (Prop_lut4_I0_O)        0.124     7.521 r  block_design_i/hw1_0/inst/hw1_v1_0_S00_AXI_inst/slv_reg3[7]_i_1/O
                         net (fo=8, routed)           0.847     8.368    block_design_i/hw1_0/inst/hw1_v1_0_S00_AXI_inst/slv_reg3[7]_i_1_n_0
    SLICE_X28Y92         FDRE                                         r  block_design_i/hw1_0/inst/hw1_v1_0_S00_AXI_inst/slv_reg3_reg[0]/CE
  -------------------------------------------------------------------    -------------------

                         (clock clk_fpga_0 rise edge)
                                                     20.000    20.000 r  
    PS7_X0Y0             PS7                          0.000    20.000 r  block_design_i/processing_system7_0/inst/PS7_i/FCLKCLK[0]
                         net (fo=1, routed)           1.088    21.088    block_design_i/processing_system7_0/inst/FCLK_CLK_unbuffered[0]
    BUFGCTRL_X0Y16       BUFG (Prop_bufg_I_O)         0.091    21.179 r  block_design_i/processing_system7_0/inst/buffer_fclk_clk_0.FCLK_CLK_0_BUFG/O
                         net (fo=648, routed)         1.524    22.703    block_design_i/hw1_0/inst/hw1_v1_0_S00_AXI_inst/s00_axi_aclk
    SLICE_X28Y92         FDRE                                         r  block_design_i/hw1_0/inst/hw1_v1_0_S00_AXI_inst/slv_reg3_reg[0]/C
                         clock pessimism              0.229    22.932    
                         clock uncertainty           -0.302    22.630    
    SLICE_X28Y92         FDRE (Setup_fdre_C_CE)      -0.205    22.425    block_design_i/hw1_0/inst/hw1_v1_0_S00_AXI_inst/slv_reg3_reg[0]
  -------------------------------------------------------------------
                         required time                         22.425    
                         arrival time                          -8.368    
  -------------------------------------------------------------------
                         slack                                 14.057    

Slack (MET) :             14.057ns  (required time - arrival time)
  Source:                 block_design_i/processing_system7_0/inst/PS7_i/MAXIGP0ACLK
                            (rising edge-triggered cell PS7 clocked by clk_fpga_0  {rise@0.000ns fall@10.000ns period=20.000ns})
  Destination:            block_design_i/hw1_0/inst/hw1_v1_0_S00_AXI_inst/slv_reg3_reg[1]/CE
                            (rising edge-triggered cell FDRE clocked by clk_fpga_0  {rise@0.000ns fall@10.000ns period=20.000ns})
  Path Group:             clk_fpga_0
  Path Type:              Setup (Max at Slow Process Corner)
  Requirement:            20.000ns  (clk_fpga_0 rise@20.000ns - clk_fpga_0 rise@0.000ns)
  Data Path Delay:        5.337ns  (logic 1.582ns (29.640%)  route 3.755ns (70.360%))
  Logic Levels:           2  (LUT4=2)
  Clock Path Skew:        -0.099ns (DCD - SCD + CPR)
    Destination Clock Delay (DCD):    2.703ns = ( 22.703 - 20.000 ) 
    Source Clock Delay      (SCD):    3.031ns
    Clock Pessimism Removal (CPR):    0.229ns
  Clock Uncertainty:      0.302ns  ((TSJ^2 + TIJ^2)^1/2 + DJ) / 2 + PE
    Total System Jitter     (TSJ):    0.071ns
    Total Input Jitter      (TIJ):    0.600ns
    Discrete Jitter          (DJ):    0.000ns
    Phase Error              (PE):    0.000ns

    Location             Delay type                Incr(ns)  Path(ns)    Netlist Resource(s)
  -------------------------------------------------------------------    -------------------
                         (clock clk_fpga_0 rise edge)
                                                      0.000     0.000 r  
    PS7_X0Y0             PS7                          0.000     0.000 r  block_design_i/processing_system7_0/inst/PS7_i/FCLKCLK[0]
                         net (fo=1, routed)           1.193     1.193    block_design_i/processing_system7_0/inst/FCLK_CLK_unbuffered[0]
    BUFGCTRL_X0Y16       BUFG (Prop_bufg_I_O)         0.101     1.294 r  block_design_i/processing_system7_0/inst/buffer_fclk_clk_0.FCLK_CLK_0_BUFG/O
                         net (fo=648, routed)         1.737     3.031    block_design_i/processing_system7_0/inst/M_AXI_GP0_ACLK
    PS7_X0Y0             PS7                                          r  block_design_i/processing_system7_0/inst/PS7_i/MAXIGP0ACLK
  -------------------------------------------------------------------    -------------------
    PS7_X0Y0             PS7 (Prop_ps7_MAXIGP0ACLK_MAXIGP0WVALID)
                                                      1.334     4.365 r  block_design_i/processing_system7_0/inst/PS7_i/MAXIGP0WVALID
                         net (fo=7, routed)           1.582     5.947    block_design_i/hw1_0/inst/hw1_v1_0_S00_AXI_inst/s00_axi_wvalid
    SLICE_X34Y98         LUT4 (Prop_lut4_I3_O)        0.124     6.071 r  block_design_i/hw1_0/inst/hw1_v1_0_S00_AXI_inst/slv_reg0[31]_i_2/O
                         net (fo=12, routed)          1.326     7.397    block_design_i/hw1_0/inst/hw1_v1_0_S00_AXI_inst/slv_reg_wren__0
    SLICE_X29Y96         LUT4 (Prop_lut4_I0_O)        0.124     7.521 r  block_design_i/hw1_0/inst/hw1_v1_0_S00_AXI_inst/slv_reg3[7]_i_1/O
                         net (fo=8, routed)           0.847     8.368    block_design_i/hw1_0/inst/hw1_v1_0_S00_AXI_inst/slv_reg3[7]_i_1_n_0
    SLICE_X28Y92         FDRE                                         r  block_design_i/hw1_0/inst/hw1_v1_0_S00_AXI_inst/slv_reg3_reg[1]/CE
  -------------------------------------------------------------------    -------------------

                         (clock clk_fpga_0 rise edge)
                                                     20.000    20.000 r  
    PS7_X0Y0             PS7                          0.000    20.000 r  block_design_i/processing_system7_0/inst/PS7_i/FCLKCLK[0]
                         net (fo=1, routed)           1.088    21.088    block_design_i/processing_system7_0/inst/FCLK_CLK_unbuffered[0]
    BUFGCTRL_X0Y16       BUFG (Prop_bufg_I_O)         0.091    21.179 r  block_design_i/processing_system7_0/inst/buffer_fclk_clk_0.FCLK_CLK_0_BUFG/O
                         net (fo=648, routed)         1.524    22.703    block_design_i/hw1_0/inst/hw1_v1_0_S00_AXI_inst/s00_axi_aclk
    SLICE_X28Y92         FDRE                                         r  block_design_i/hw1_0/inst/hw1_v1_0_S00_AXI_inst/slv_reg3_reg[1]/C
                         clock pessimism              0.229    22.932    
                         clock uncertainty           -0.302    22.630    
    SLICE_X28Y92         FDRE (Setup_fdre_C_CE)      -0.205    22.425    block_design_i/hw1_0/inst/hw1_v1_0_S00_AXI_inst/slv_reg3_reg[1]
  -------------------------------------------------------------------
                         required time                         22.425    
                         arrival time                          -8.368    
  -------------------------------------------------------------------
                         slack                                 14.057    

Slack (MET) :             14.057ns  (required time - arrival time)
  Source:                 block_design_i/processing_system7_0/inst/PS7_i/MAXIGP0ACLK
                            (rising edge-triggered cell PS7 clocked by clk_fpga_0  {rise@0.000ns fall@10.000ns period=20.000ns})
  Destination:            block_design_i/hw1_0/inst/hw1_v1_0_S00_AXI_inst/slv_reg3_reg[2]/CE
                            (rising edge-triggered cell FDRE clocked by clk_fpga_0  {rise@0.000ns fall@10.000ns period=20.000ns})
  Path Group:             clk_fpga_0
  Path Type:              Setup (Max at Slow Process Corner)
  Requirement:            20.000ns  (clk_fpga_0 rise@20.000ns - clk_fpga_0 rise@0.000ns)
  Data Path Delay:        5.337ns  (logic 1.582ns (29.640%)  route 3.755ns (70.360%))
  Logic Levels:           2  (LUT4=2)
  Clock Path Skew:        -0.099ns (DCD - SCD + CPR)
    Destination Clock Delay (DCD):    2.703ns = ( 22.703 - 20.000 ) 
    Source Clock Delay      (SCD):    3.031ns
    Clock Pessimism Removal (CPR):    0.229ns
  Clock Uncertainty:      0.302ns  ((TSJ^2 + TIJ^2)^1/2 + DJ) / 2 + PE
    Total System Jitter     (TSJ):    0.071ns
    Total Input Jitter      (TIJ):    0.600ns
    Discrete Jitter          (DJ):    0.000ns
    Phase Error              (PE):    0.000ns

    Location             Delay type                Incr(ns)  Path(ns)    Netlist Resource(s)
  -------------------------------------------------------------------    -------------------
                         (clock clk_fpga_0 rise edge)
                                                      0.000     0.000 r  
    PS7_X0Y0             PS7                          0.000     0.000 r  block_design_i/processing_system7_0/inst/PS7_i/FCLKCLK[0]
                         net (fo=1, routed)           1.193     1.193    block_design_i/processing_system7_0/inst/FCLK_CLK_unbuffered[0]
    BUFGCTRL_X0Y16       BUFG (Prop_bufg_I_O)         0.101     1.294 r  block_design_i/processing_system7_0/inst/buffer_fclk_clk_0.FCLK_CLK_0_BUFG/O
                         net (fo=648, routed)         1.737     3.031    block_design_i/processing_system7_0/inst/M_AXI_GP0_ACLK
    PS7_X0Y0             PS7                                          r  block_design_i/processing_system7_0/inst/PS7_i/MAXIGP0ACLK
  -------------------------------------------------------------------    -------------------
    PS7_X0Y0             PS7 (Prop_ps7_MAXIGP0ACLK_MAXIGP0WVALID)
                                                      1.334     4.365 r  block_design_i/processing_system7_0/inst/PS7_i/MAXIGP0WVALID
                         net (fo=7, routed)           1.582     5.947    block_design_i/hw1_0/inst/hw1_v1_0_S00_AXI_inst/s00_axi_wvalid
    SLICE_X34Y98         LUT4 (Prop_lut4_I3_O)        0.124     6.071 r  block_design_i/hw1_0/inst/hw1_v1_0_S00_AXI_inst/slv_reg0[31]_i_2/O
                         net (fo=12, routed)          1.326     7.397    block_design_i/hw1_0/inst/hw1_v1_0_S00_AXI_inst/slv_reg_wren__0
    SLICE_X29Y96         LUT4 (Prop_lut4_I0_O)        0.124     7.521 r  block_design_i/hw1_0/inst/hw1_v1_0_S00_AXI_inst/slv_reg3[7]_i_1/O
                         net (fo=8, routed)           0.847     8.368    block_design_i/hw1_0/inst/hw1_v1_0_S00_AXI_inst/slv_reg3[7]_i_1_n_0
    SLICE_X28Y92         FDRE                                         r  block_design_i/hw1_0/inst/hw1_v1_0_S00_AXI_inst/slv_reg3_reg[2]/CE
  -------------------------------------------------------------------    -------------------

                         (clock clk_fpga_0 rise edge)
                                                     20.000    20.000 r  
    PS7_X0Y0             PS7                          0.000    20.000 r  block_design_i/processing_system7_0/inst/PS7_i/FCLKCLK[0]
                         net (fo=1, routed)           1.088    21.088    block_design_i/processing_system7_0/inst/FCLK_CLK_unbuffered[0]
    BUFGCTRL_X0Y16       BUFG (Prop_bufg_I_O)         0.091    21.179 r  block_design_i/processing_system7_0/inst/buffer_fclk_clk_0.FCLK_CLK_0_BUFG/O
                         net (fo=648, routed)         1.524    22.703    block_design_i/hw1_0/inst/hw1_v1_0_S00_AXI_inst/s00_axi_aclk
    SLICE_X28Y92         FDRE                                         r  block_design_i/hw1_0/inst/hw1_v1_0_S00_AXI_inst/slv_reg3_reg[2]/C
                         clock pessimism              0.229    22.932    
                         clock uncertainty           -0.302    22.630    
    SLICE_X28Y92         FDRE (Setup_fdre_C_CE)      -0.205    22.425    block_design_i/hw1_0/inst/hw1_v1_0_S00_AXI_inst/slv_reg3_reg[2]
  -------------------------------------------------------------------
                         required time                         22.425    
                         arrival time                          -8.368    
  -------------------------------------------------------------------
                         slack                                 14.057    





Min Delay Paths
--------------------------------------------------------------------------------------
Slack (MET) :             0.044ns  (arrival time - required time)
  Source:                 block_design_i/hw1_0/inst/hw1_v1_0_S00_AXI_inst/axi_rdata_reg[5]/C
                            (rising edge-triggered cell FDRE clocked by clk_fpga_0  {rise@0.000ns fall@10.000ns period=20.000ns})
  Destination:            block_design_i/ps7_0_axi_periph/s00_couplers/auto_pc/inst/gen_axilite.gen_b2s_conv.axilite_b2s/RD.r_channel_0/rd_data_fifo_0/memory_reg[31][5]_srl32/D
                            (rising edge-triggered cell SRLC32E clocked by clk_fpga_0  {rise@0.000ns fall@10.000ns period=20.000ns})
  Path Group:             clk_fpga_0
  Path Type:              Hold (Min at Fast Process Corner)
  Requirement:            0.000ns  (clk_fpga_0 rise@0.000ns - clk_fpga_0 rise@0.000ns)
  Data Path Delay:        0.260ns  (logic 0.141ns (54.185%)  route 0.119ns (45.815%))
  Logic Levels:           0  
  Clock Path Skew:        0.033ns (DCD - SCD - CPR)
    Destination Clock Delay (DCD):    1.208ns
    Source Clock Delay      (SCD):    0.911ns
    Clock Pessimism Removal (CPR):    0.264ns

    Location             Delay type                Incr(ns)  Path(ns)    Netlist Resource(s)
  -------------------------------------------------------------------    -------------------
                         (clock clk_fpga_0 rise edge)
                                                      0.000     0.000 r  
    PS7_X0Y0             PS7                          0.000     0.000 r  block_design_i/processing_system7_0/inst/PS7_i/FCLKCLK[0]
                         net (fo=1, routed)           0.310     0.310    block_design_i/processing_system7_0/inst/FCLK_CLK_unbuffered[0]
    BUFGCTRL_X0Y16       BUFG (Prop_bufg_I_O)         0.026     0.336 r  block_design_i/processing_system7_0/inst/buffer_fclk_clk_0.FCLK_CLK_0_BUFG/O
                         net (fo=648, routed)         0.575     0.911    block_design_i/hw1_0/inst/hw1_v1_0_S00_AXI_inst/s00_axi_aclk
    SLICE_X28Y90         FDRE                                         r  block_design_i/hw1_0/inst/hw1_v1_0_S00_AXI_inst/axi_rdata_reg[5]/C
  -------------------------------------------------------------------    -------------------
    SLICE_X28Y90         FDRE (Prop_fdre_C_Q)         0.141     1.052 r  block_design_i/hw1_0/inst/hw1_v1_0_S00_AXI_inst/axi_rdata_reg[5]/Q
                         net (fo=1, routed)           0.119     1.171    block_design_i/ps7_0_axi_periph/s00_couplers/auto_pc/inst/gen_axilite.gen_b2s_conv.axilite_b2s/RD.r_channel_0/rd_data_fifo_0/in[5]
    SLICE_X26Y90         SRLC32E                                      r  block_design_i/ps7_0_axi_periph/s00_couplers/auto_pc/inst/gen_axilite.gen_b2s_conv.axilite_b2s/RD.r_channel_0/rd_data_fifo_0/memory_reg[31][5]_srl32/D
  -------------------------------------------------------------------    -------------------

                         (clock clk_fpga_0 rise edge)
                                                      0.000     0.000 r  
    PS7_X0Y0             PS7                          0.000     0.000 r  block_design_i/processing_system7_0/inst/PS7_i/FCLKCLK[0]
                         net (fo=1, routed)           0.337     0.337    block_design_i/processing_system7_0/inst/FCLK_CLK_unbuffered[0]
    BUFGCTRL_X0Y16       BUFG (Prop_bufg_I_O)         0.029     0.366 r  block_design_i/processing_system7_0/inst/buffer_fclk_clk_0.FCLK_CLK_0_BUFG/O
                         net (fo=648, routed)         0.842     1.208    block_design_i/ps7_0_axi_periph/s00_couplers/auto_pc/inst/gen_axilite.gen_b2s_conv.axilite_b2s/RD.r_channel_0/rd_data_fifo_0/aclk
    SLICE_X26Y90         SRLC32E                                      r  block_design_i/ps7_0_axi_periph/s00_couplers/auto_pc/inst/gen_axilite.gen_b2s_conv.axilite_b2s/RD.r_channel_0/rd_data_fifo_0/memory_reg[31][5]_srl32/CLK
                         clock pessimism             -0.264     0.944    
    SLICE_X26Y90         SRLC32E (Hold_srlc32e_CLK_D)
                                                      0.183     1.127    block_design_i/ps7_0_axi_periph/s00_couplers/auto_pc/inst/gen_axilite.gen_b2s_conv.axilite_b2s/RD.r_channel_0/rd_data_fifo_0/memory_reg[31][5]_srl32
  -------------------------------------------------------------------
                         required time                         -1.127    
                         arrival time                           1.171    
  -------------------------------------------------------------------
                         slack                                  0.044    

Slack (MET) :             0.046ns  (arrival time - required time)
  Source:                 block_design_i/ps7_0_axi_periph/s00_couplers/auto_pc/inst/gen_axilite.gen_b2s_conv.axilite_b2s/SI_REG/b.b_pipe/skid_buffer_reg[9]/C
                            (rising edge-triggered cell FDRE clocked by clk_fpga_0  {rise@0.000ns fall@10.000ns period=20.000ns})
  Destination:            block_design_i/ps7_0_axi_periph/s00_couplers/auto_pc/inst/gen_axilite.gen_b2s_conv.axilite_b2s/SI_REG/b.b_pipe/m_payload_i_reg[9]/D
                            (rising edge-triggered cell FDRE clocked by clk_fpga_0  {rise@0.000ns fall@10.000ns period=20.000ns})
  Path Group:             clk_fpga_0
  Path Type:              Hold (Min at Fast Process Corner)
  Requirement:            0.000ns  (clk_fpga_0 rise@0.000ns - clk_fpga_0 rise@0.000ns)
  Data Path Delay:        0.336ns  (logic 0.192ns (57.171%)  route 0.144ns (42.829%))
  Logic Levels:           1  (LUT3=1)
  Clock Path Skew:        0.183ns (DCD - SCD - CPR)
    Destination Clock Delay (DCD):    1.210ns
    Source Clock Delay      (SCD):    0.992ns
    Clock Pessimism Removal (CPR):    0.035ns

    Location             Delay type                Incr(ns)  Path(ns)    Netlist Resource(s)
  -------------------------------------------------------------------    -------------------
                         (clock clk_fpga_0 rise edge)
                                                      0.000     0.000 r  
    PS7_X0Y0             PS7                          0.000     0.000 r  block_design_i/processing_system7_0/inst/PS7_i/FCLKCLK[0]
                         net (fo=1, routed)           0.310     0.310    block_design_i/processing_system7_0/inst/FCLK_CLK_unbuffered[0]
    BUFGCTRL_X0Y16       BUFG (Prop_bufg_I_O)         0.026     0.336 r  block_design_i/processing_system7_0/inst/buffer_fclk_clk_0.FCLK_CLK_0_BUFG/O
                         net (fo=648, routed)         0.656     0.992    block_design_i/ps7_0_axi_periph/s00_couplers/auto_pc/inst/gen_axilite.gen_b2s_conv.axilite_b2s/SI_REG/b.b_pipe/aclk
    SLICE_X27Y101        FDRE                                         r  block_design_i/ps7_0_axi_periph/s00_couplers/auto_pc/inst/gen_axilite.gen_b2s_conv.axilite_b2s/SI_REG/b.b_pipe/skid_buffer_reg[9]/C
  -------------------------------------------------------------------    -------------------
    SLICE_X27Y101        FDRE (Prop_fdre_C_Q)         0.141     1.133 r  block_design_i/ps7_0_axi_periph/s00_couplers/auto_pc/inst/gen_axilite.gen_b2s_conv.axilite_b2s/SI_REG/b.b_pipe/skid_buffer_reg[9]/Q
                         net (fo=1, routed)           0.144     1.277    block_design_i/ps7_0_axi_periph/s00_couplers/auto_pc/inst/gen_axilite.gen_b2s_conv.axilite_b2s/SI_REG/b.b_pipe/skid_buffer_reg_n_0_[9]
    SLICE_X27Y99         LUT3 (Prop_lut3_I2_O)        0.051     1.328 r  block_design_i/ps7_0_axi_periph/s00_couplers/auto_pc/inst/gen_axilite.gen_b2s_conv.axilite_b2s/SI_REG/b.b_pipe/m_payload_i[9]_i_1__1/O
                         net (fo=1, routed)           0.000     1.328    block_design_i/ps7_0_axi_periph/s00_couplers/auto_pc/inst/gen_axilite.gen_b2s_conv.axilite_b2s/SI_REG/b.b_pipe/m_payload_i[9]_i_1__1_n_0
    SLICE_X27Y99         FDRE                                         r  block_design_i/ps7_0_axi_periph/s00_couplers/auto_pc/inst/gen_axilite.gen_b2s_conv.axilite_b2s/SI_REG/b.b_pipe/m_payload_i_reg[9]/D
  -------------------------------------------------------------------    -------------------

                         (clock clk_fpga_0 rise edge)
                                                      0.000     0.000 r  
    PS7_X0Y0             PS7                          0.000     0.000 r  block_design_i/processing_system7_0/inst/PS7_i/FCLKCLK[0]
                         net (fo=1, routed)           0.337     0.337    block_design_i/processing_system7_0/inst/FCLK_CLK_unbuffered[0]
    BUFGCTRL_X0Y16       BUFG (Prop_bufg_I_O)         0.029     0.366 r  block_design_i/processing_system7_0/inst/buffer_fclk_clk_0.FCLK_CLK_0_BUFG/O
                         net (fo=648, routed)         0.844     1.210    block_design_i/ps7_0_axi_periph/s00_couplers/auto_pc/inst/gen_axilite.gen_b2s_conv.axilite_b2s/SI_REG/b.b_pipe/aclk
    SLICE_X27Y99         FDRE                                         r  block_design_i/ps7_0_axi_periph/s00_couplers/auto_pc/inst/gen_axilite.gen_b2s_conv.axilite_b2s/SI_REG/b.b_pipe/m_payload_i_reg[9]/C
                         clock pessimism             -0.035     1.175    
    SLICE_X27Y99         FDRE (Hold_fdre_C_D)         0.107     1.282    block_design_i/ps7_0_axi_periph/s00_couplers/auto_pc/inst/gen_axilite.gen_b2s_conv.axilite_b2s/SI_REG/b.b_pipe/m_payload_i_reg[9]
  -------------------------------------------------------------------
                         required time                         -1.282    
                         arrival time                           1.328    
  -------------------------------------------------------------------
                         slack                                  0.046    

Slack (MET) :             0.046ns  (arrival time - required time)
  Source:                 block_design_i/ps7_0_axi_periph/s00_couplers/auto_pc/inst/gen_axilite.gen_b2s_conv.axilite_b2s/SI_REG/b.b_pipe/m_payload_i_reg[10]/C
                            (rising edge-triggered cell FDRE clocked by clk_fpga_0  {rise@0.000ns fall@10.000ns period=20.000ns})
  Destination:            block_design_i/processing_system7_0/inst/PS7_i/MAXIGP0BID[8]
                            (rising edge-triggered cell PS7 clocked by clk_fpga_0  {rise@0.000ns fall@10.000ns period=20.000ns})
  Path Group:             clk_fpga_0
  Path Type:              Hold (Min at Fast Process Corner)
  Requirement:            0.000ns  (clk_fpga_0 rise@0.000ns - clk_fpga_0 rise@0.000ns)
  Data Path Delay:        0.270ns  (logic 0.141ns (52.263%)  route 0.129ns (47.737%))
  Logic Levels:           0  
  Clock Path Skew:        0.224ns (DCD - SCD - CPR)
    Destination Clock Delay (DCD):    1.251ns
    Source Clock Delay      (SCD):    0.992ns
    Clock Pessimism Removal (CPR):    0.035ns

    Location             Delay type                Incr(ns)  Path(ns)    Netlist Resource(s)
  -------------------------------------------------------------------    -------------------
                         (clock clk_fpga_0 rise edge)
                                                      0.000     0.000 r  
    PS7_X0Y0             PS7                          0.000     0.000 r  block_design_i/processing_system7_0/inst/PS7_i/FCLKCLK[0]
                         net (fo=1, routed)           0.310     0.310    block_design_i/processing_system7_0/inst/FCLK_CLK_unbuffered[0]
    BUFGCTRL_X0Y16       BUFG (Prop_bufg_I_O)         0.026     0.336 r  block_design_i/processing_system7_0/inst/buffer_fclk_clk_0.FCLK_CLK_0_BUFG/O
                         net (fo=648, routed)         0.656     0.992    block_design_i/ps7_0_axi_periph/s00_couplers/auto_pc/inst/gen_axilite.gen_b2s_conv.axilite_b2s/SI_REG/b.b_pipe/aclk
    SLICE_X27Y100        FDRE                                         r  block_design_i/ps7_0_axi_periph/s00_couplers/auto_pc/inst/gen_axilite.gen_b2s_conv.axilite_b2s/SI_REG/b.b_pipe/m_payload_i_reg[10]/C
  -------------------------------------------------------------------    -------------------
    SLICE_X27Y100        FDRE (Prop_fdre_C_Q)         0.141     1.133 r  block_design_i/ps7_0_axi_periph/s00_couplers/auto_pc/inst/gen_axilite.gen_b2s_conv.axilite_b2s/SI_REG/b.b_pipe/m_payload_i_reg[10]/Q
                         net (fo=1, routed)           0.129     1.262    block_design_i/processing_system7_0/inst/M_AXI_GP0_BID[8]
    PS7_X0Y0             PS7                                          r  block_design_i/processing_system7_0/inst/PS7_i/MAXIGP0BID[8]
  -------------------------------------------------------------------    -------------------

                         (clock clk_fpga_0 rise edge)
                                                      0.000     0.000 r  
    PS7_X0Y0             PS7                          0.000     0.000 r  block_design_i/processing_system7_0/inst/PS7_i/FCLKCLK[0]
                         net (fo=1, routed)           0.337     0.337    block_design_i/processing_system7_0/inst/FCLK_CLK_unbuffered[0]
    BUFGCTRL_X0Y16       BUFG (Prop_bufg_I_O)         0.029     0.366 r  block_design_i/processing_system7_0/inst/buffer_fclk_clk_0.FCLK_CLK_0_BUFG/O
                         net (fo=648, routed)         0.885     1.251    block_design_i/processing_system7_0/inst/M_AXI_GP0_ACLK
    PS7_X0Y0             PS7                                          r  block_design_i/processing_system7_0/inst/PS7_i/MAXIGP0ACLK
                         clock pessimism             -0.035     1.216    
    PS7_X0Y0             PS7 (Hold_ps7_MAXIGP0ACLK_MAXIGP0BID[8])
                                                      0.000     1.216    block_design_i/processing_system7_0/inst/PS7_i
  -------------------------------------------------------------------
                         required time                         -1.216    
                         arrival time                           1.262    
  -------------------------------------------------------------------
                         slack                                  0.046    

Slack (MET) :             0.046ns  (arrival time - required time)
  Source:                 block_design_i/ps7_0_axi_periph/s00_couplers/auto_pc/inst/gen_axilite.gen_b2s_conv.axilite_b2s/SI_REG/b.b_pipe/m_payload_i_reg[11]/C
                            (rising edge-triggered cell FDRE clocked by clk_fpga_0  {rise@0.000ns fall@10.000ns period=20.000ns})
  Destination:            block_design_i/processing_system7_0/inst/PS7_i/MAXIGP0BID[9]
                            (rising edge-triggered cell PS7 clocked by clk_fpga_0  {rise@0.000ns fall@10.000ns period=20.000ns})
  Path Group:             clk_fpga_0
  Path Type:              Hold (Min at Fast Process Corner)
  Requirement:            0.000ns  (clk_fpga_0 rise@0.000ns - clk_fpga_0 rise@0.000ns)
  Data Path Delay:        0.270ns  (logic 0.141ns (52.263%)  route 0.129ns (47.737%))
  Logic Levels:           0  
  Clock Path Skew:        0.224ns (DCD - SCD - CPR)
    Destination Clock Delay (DCD):    1.251ns
    Source Clock Delay      (SCD):    0.992ns
    Clock Pessimism Removal (CPR):    0.035ns

    Location             Delay type                Incr(ns)  Path(ns)    Netlist Resource(s)
  -------------------------------------------------------------------    -------------------
                         (clock clk_fpga_0 rise edge)
                                                      0.000     0.000 r  
    PS7_X0Y0             PS7                          0.000     0.000 r  block_design_i/processing_system7_0/inst/PS7_i/FCLKCLK[0]
                         net (fo=1, routed)           0.310     0.310    block_design_i/processing_system7_0/inst/FCLK_CLK_unbuffered[0]
    BUFGCTRL_X0Y16       BUFG (Prop_bufg_I_O)         0.026     0.336 r  block_design_i/processing_system7_0/inst/buffer_fclk_clk_0.FCLK_CLK_0_BUFG/O
                         net (fo=648, routed)         0.656     0.992    block_design_i/ps7_0_axi_periph/s00_couplers/auto_pc/inst/gen_axilite.gen_b2s_conv.axilite_b2s/SI_REG/b.b_pipe/aclk
    SLICE_X27Y100        FDRE                                         r  block_design_i/ps7_0_axi_periph/s00_couplers/auto_pc/inst/gen_axilite.gen_b2s_conv.axilite_b2s/SI_REG/b.b_pipe/m_payload_i_reg[11]/C
  -------------------------------------------------------------------    -------------------
    SLICE_X27Y100        FDRE (Prop_fdre_C_Q)         0.141     1.133 r  block_design_i/ps7_0_axi_periph/s00_couplers/auto_pc/inst/gen_axilite.gen_b2s_conv.axilite_b2s/SI_REG/b.b_pipe/m_payload_i_reg[11]/Q
                         net (fo=1, routed)           0.129     1.262    block_design_i/processing_system7_0/inst/M_AXI_GP0_BID[9]
    PS7_X0Y0             PS7                                          r  block_design_i/processing_system7_0/inst/PS7_i/MAXIGP0BID[9]
  -------------------------------------------------------------------    -------------------

                         (clock clk_fpga_0 rise edge)
                                                      0.000     0.000 r  
    PS7_X0Y0             PS7                          0.000     0.000 r  block_design_i/processing_system7_0/inst/PS7_i/FCLKCLK[0]
                         net (fo=1, routed)           0.337     0.337    block_design_i/processing_system7_0/inst/FCLK_CLK_unbuffered[0]
    BUFGCTRL_X0Y16       BUFG (Prop_bufg_I_O)         0.029     0.366 r  block_design_i/processing_system7_0/inst/buffer_fclk_clk_0.FCLK_CLK_0_BUFG/O
                         net (fo=648, routed)         0.885     1.251    block_design_i/processing_system7_0/inst/M_AXI_GP0_ACLK
    PS7_X0Y0             PS7                                          r  block_design_i/processing_system7_0/inst/PS7_i/MAXIGP0ACLK
                         clock pessimism             -0.035     1.216    
    PS7_X0Y0             PS7 (Hold_ps7_MAXIGP0ACLK_MAXIGP0BID[9])
                                                      0.000     1.216    block_design_i/processing_system7_0/inst/PS7_i
  -------------------------------------------------------------------
                         required time                         -1.216    
                         arrival time                           1.262    
  -------------------------------------------------------------------
                         slack                                  0.046    

Slack (MET) :             0.071ns  (arrival time - required time)
  Source:                 block_design_i/ps7_0_axi_periph/s00_couplers/auto_pc/inst/gen_axilite.gen_b2s_conv.axilite_b2s/SI_REG/b.b_pipe/skid_buffer_reg[3]/C
                            (rising edge-triggered cell FDRE clocked by clk_fpga_0  {rise@0.000ns fall@10.000ns period=20.000ns})
  Destination:            block_design_i/ps7_0_axi_periph/s00_couplers/auto_pc/inst/gen_axilite.gen_b2s_conv.axilite_b2s/SI_REG/b.b_pipe/m_payload_i_reg[3]/D
                            (rising edge-triggered cell FDRE clocked by clk_fpga_0  {rise@0.000ns fall@10.000ns period=20.000ns})
  Path Group:             clk_fpga_0
  Path Type:              Hold (Min at Fast Process Corner)
  Requirement:            0.000ns  (clk_fpga_0 rise@0.000ns - clk_fpga_0 rise@0.000ns)
  Data Path Delay:        0.361ns  (logic 0.190ns (52.666%)  route 0.171ns (47.334%))
  Logic Levels:           1  (LUT3=1)
  Clock Path Skew:        0.183ns (DCD - SCD - CPR)
    Destination Clock Delay (DCD):    1.210ns
    Source Clock Delay      (SCD):    0.992ns
    Clock Pessimism Removal (CPR):    0.035ns

    Location             Delay type                Incr(ns)  Path(ns)    Netlist Resource(s)
  -------------------------------------------------------------------    -------------------
                         (clock clk_fpga_0 rise edge)
                                                      0.000     0.000 r  
    PS7_X0Y0             PS7                          0.000     0.000 r  block_design_i/processing_system7_0/inst/PS7_i/FCLKCLK[0]
                         net (fo=1, routed)           0.310     0.310    block_design_i/processing_system7_0/inst/FCLK_CLK_unbuffered[0]
    BUFGCTRL_X0Y16       BUFG (Prop_bufg_I_O)         0.026     0.336 r  block_design_i/processing_system7_0/inst/buffer_fclk_clk_0.FCLK_CLK_0_BUFG/O
                         net (fo=648, routed)         0.656     0.992    block_design_i/ps7_0_axi_periph/s00_couplers/auto_pc/inst/gen_axilite.gen_b2s_conv.axilite_b2s/SI_REG/b.b_pipe/aclk
    SLICE_X27Y101        FDRE                                         r  block_design_i/ps7_0_axi_periph/s00_couplers/auto_pc/inst/gen_axilite.gen_b2s_conv.axilite_b2s/SI_REG/b.b_pipe/skid_buffer_reg[3]/C
  -------------------------------------------------------------------    -------------------
    SLICE_X27Y101        FDRE (Prop_fdre_C_Q)         0.141     1.133 r  block_design_i/ps7_0_axi_periph/s00_couplers/auto_pc/inst/gen_axilite.gen_b2s_conv.axilite_b2s/SI_REG/b.b_pipe/skid_buffer_reg[3]/Q
                         net (fo=1, routed)           0.171     1.304    block_design_i/ps7_0_axi_periph/s00_couplers/auto_pc/inst/gen_axilite.gen_b2s_conv.axilite_b2s/SI_REG/b.b_pipe/skid_buffer_reg_n_0_[3]
    SLICE_X27Y99         LUT3 (Prop_lut3_I2_O)        0.049     1.353 r  block_design_i/ps7_0_axi_periph/s00_couplers/auto_pc/inst/gen_axilite.gen_b2s_conv.axilite_b2s/SI_REG/b.b_pipe/m_payload_i[3]_i_1__1/O
                         net (fo=1, routed)           0.000     1.353    block_design_i/ps7_0_axi_periph/s00_couplers/auto_pc/inst/gen_axilite.gen_b2s_conv.axilite_b2s/SI_REG/b.b_pipe/m_payload_i[3]_i_1__1_n_0
    SLICE_X27Y99         FDRE                                         r  block_design_i/ps7_0_axi_periph/s00_couplers/auto_pc/inst/gen_axilite.gen_b2s_conv.axilite_b2s/SI_REG/b.b_pipe/m_payload_i_reg[3]/D
  -------------------------------------------------------------------    -------------------

                         (clock clk_fpga_0 rise edge)
                                                      0.000     0.000 r  
    PS7_X0Y0             PS7                          0.000     0.000 r  block_design_i/processing_system7_0/inst/PS7_i/FCLKCLK[0]
                         net (fo=1, routed)           0.337     0.337    block_design_i/processing_system7_0/inst/FCLK_CLK_unbuffered[0]
    BUFGCTRL_X0Y16       BUFG (Prop_bufg_I_O)         0.029     0.366 r  block_design_i/processing_system7_0/inst/buffer_fclk_clk_0.FCLK_CLK_0_BUFG/O
                         net (fo=648, routed)         0.844     1.210    block_design_i/ps7_0_axi_periph/s00_couplers/auto_pc/inst/gen_axilite.gen_b2s_conv.axilite_b2s/SI_REG/b.b_pipe/aclk
    SLICE_X27Y99         FDRE                                         r  block_design_i/ps7_0_axi_periph/s00_couplers/auto_pc/inst/gen_axilite.gen_b2s_conv.axilite_b2s/SI_REG/b.b_pipe/m_payload_i_reg[3]/C
                         clock pessimism             -0.035     1.175    
    SLICE_X27Y99         FDRE (Hold_fdre_C_D)         0.107     1.282    block_design_i/ps7_0_axi_periph/s00_couplers/auto_pc/inst/gen_axilite.gen_b2s_conv.axilite_b2s/SI_REG/b.b_pipe/m_payload_i_reg[3]
  -------------------------------------------------------------------
                         required time                         -1.282    
                         arrival time                           1.353    
  -------------------------------------------------------------------
                         slack                                  0.071    

Slack (MET) :             0.079ns  (arrival time - required time)
  Source:                 block_design_i/ps7_0_axi_periph/s00_couplers/auto_pc/inst/gen_axilite.gen_b2s_conv.axilite_b2s/SI_REG/b.b_pipe/skid_buffer_reg[0]/C
                            (rising edge-triggered cell FDRE clocked by clk_fpga_0  {rise@0.000ns fall@10.000ns period=20.000ns})
  Destination:            block_design_i/ps7_0_axi_periph/s00_couplers/auto_pc/inst/gen_axilite.gen_b2s_conv.axilite_b2s/SI_REG/b.b_pipe/m_payload_i_reg[0]/D
                            (rising edge-triggered cell FDRE clocked by clk_fpga_0  {rise@0.000ns fall@10.000ns period=20.000ns})
  Path Group:             clk_fpga_0
  Path Type:              Hold (Min at Fast Process Corner)
  Requirement:            0.000ns  (clk_fpga_0 rise@0.000ns - clk_fpga_0 rise@0.000ns)
  Data Path Delay:        0.353ns  (logic 0.209ns (59.267%)  route 0.144ns (40.733%))
  Logic Levels:           1  (LUT3=1)
  Clock Path Skew:        0.183ns (DCD - SCD - CPR)
    Destination Clock Delay (DCD):    1.210ns
    Source Clock Delay      (SCD):    0.992ns
    Clock Pessimism Removal (CPR):    0.035ns

    Location             Delay type                Incr(ns)  Path(ns)    Netlist Resource(s)
  -------------------------------------------------------------------    -------------------
                         (clock clk_fpga_0 rise edge)
                                                      0.000     0.000 r  
    PS7_X0Y0             PS7                          0.000     0.000 r  block_design_i/processing_system7_0/inst/PS7_i/FCLKCLK[0]
                         net (fo=1, routed)           0.310     0.310    block_design_i/processing_system7_0/inst/FCLK_CLK_unbuffered[0]
    BUFGCTRL_X0Y16       BUFG (Prop_bufg_I_O)         0.026     0.336 r  block_design_i/processing_system7_0/inst/buffer_fclk_clk_0.FCLK_CLK_0_BUFG/O
                         net (fo=648, routed)         0.656     0.992    block_design_i/ps7_0_axi_periph/s00_couplers/auto_pc/inst/gen_axilite.gen_b2s_conv.axilite_b2s/SI_REG/b.b_pipe/aclk
    SLICE_X26Y101        FDRE                                         r  block_design_i/ps7_0_axi_periph/s00_couplers/auto_pc/inst/gen_axilite.gen_b2s_conv.axilite_b2s/SI_REG/b.b_pipe/skid_buffer_reg[0]/C
  -------------------------------------------------------------------    -------------------
    SLICE_X26Y101        FDRE (Prop_fdre_C_Q)         0.164     1.156 r  block_design_i/ps7_0_axi_periph/s00_couplers/auto_pc/inst/gen_axilite.gen_b2s_conv.axilite_b2s/SI_REG/b.b_pipe/skid_buffer_reg[0]/Q
                         net (fo=1, routed)           0.144     1.300    block_design_i/ps7_0_axi_periph/s00_couplers/auto_pc/inst/gen_axilite.gen_b2s_conv.axilite_b2s/SI_REG/b.b_pipe/skid_buffer_reg_n_0_[0]
    SLICE_X27Y99         LUT3 (Prop_lut3_I2_O)        0.045     1.345 r  block_design_i/ps7_0_axi_periph/s00_couplers/auto_pc/inst/gen_axilite.gen_b2s_conv.axilite_b2s/SI_REG/b.b_pipe/m_payload_i[0]_i_1__1/O
                         net (fo=1, routed)           0.000     1.345    block_design_i/ps7_0_axi_periph/s00_couplers/auto_pc/inst/gen_axilite.gen_b2s_conv.axilite_b2s/SI_REG/b.b_pipe/m_payload_i[0]_i_1__1_n_0
    SLICE_X27Y99         FDRE                                         r  block_design_i/ps7_0_axi_periph/s00_couplers/auto_pc/inst/gen_axilite.gen_b2s_conv.axilite_b2s/SI_REG/b.b_pipe/m_payload_i_reg[0]/D
  -------------------------------------------------------------------    -------------------

                         (clock clk_fpga_0 rise edge)
                                                      0.000     0.000 r  
    PS7_X0Y0             PS7                          0.000     0.000 r  block_design_i/processing_system7_0/inst/PS7_i/FCLKCLK[0]
                         net (fo=1, routed)           0.337     0.337    block_design_i/processing_system7_0/inst/FCLK_CLK_unbuffered[0]
    BUFGCTRL_X0Y16       BUFG (Prop_bufg_I_O)         0.029     0.366 r  block_design_i/processing_system7_0/inst/buffer_fclk_clk_0.FCLK_CLK_0_BUFG/O
                         net (fo=648, routed)         0.844     1.210    block_design_i/ps7_0_axi_periph/s00_couplers/auto_pc/inst/gen_axilite.gen_b2s_conv.axilite_b2s/SI_REG/b.b_pipe/aclk
    SLICE_X27Y99         FDRE                                         r  block_design_i/ps7_0_axi_periph/s00_couplers/auto_pc/inst/gen_axilite.gen_b2s_conv.axilite_b2s/SI_REG/b.b_pipe/m_payload_i_reg[0]/C
                         clock pessimism             -0.035     1.175    
    SLICE_X27Y99         FDRE (Hold_fdre_C_D)         0.091     1.266    block_design_i/ps7_0_axi_periph/s00_couplers/auto_pc/inst/gen_axilite.gen_b2s_conv.axilite_b2s/SI_REG/b.b_pipe/m_payload_i_reg[0]
  -------------------------------------------------------------------
                         required time                         -1.266    
                         arrival time                           1.345    
  -------------------------------------------------------------------
                         slack                                  0.079    

Slack (MET) :             0.096ns  (arrival time - required time)
  Source:                 block_design_i/hw1_0/inst/hw1_v1_0_S00_AXI_inst/axi_rdata_reg[31]/C
                            (rising edge-triggered cell FDRE clocked by clk_fpga_0  {rise@0.000ns fall@10.000ns period=20.000ns})
  Destination:            block_design_i/ps7_0_axi_periph/s00_couplers/auto_pc/inst/gen_axilite.gen_b2s_conv.axilite_b2s/RD.r_channel_0/rd_data_fifo_0/memory_reg[31][31]_srl32/D
                            (rising edge-triggered cell SRLC32E clocked by clk_fpga_0  {rise@0.000ns fall@10.000ns period=20.000ns})
  Path Group:             clk_fpga_0
  Path Type:              Hold (Min at Fast Process Corner)
  Requirement:            0.000ns  (clk_fpga_0 rise@0.000ns - clk_fpga_0 rise@0.000ns)
  Data Path Delay:        0.295ns  (logic 0.141ns (47.779%)  route 0.154ns (52.221%))
  Logic Levels:           0  
  Clock Path Skew:        0.016ns (DCD - SCD - CPR)
    Destination Clock Delay (DCD):    1.211ns
    Source Clock Delay      (SCD):    0.913ns
    Clock Pessimism Removal (CPR):    0.282ns

    Location             Delay type                Incr(ns)  Path(ns)    Netlist Resource(s)
  -------------------------------------------------------------------    -------------------
                         (clock clk_fpga_0 rise edge)
                                                      0.000     0.000 r  
    PS7_X0Y0             PS7                          0.000     0.000 r  block_design_i/processing_system7_0/inst/PS7_i/FCLKCLK[0]
                         net (fo=1, routed)           0.310     0.310    block_design_i/processing_system7_0/inst/FCLK_CLK_unbuffered[0]
    BUFGCTRL_X0Y16       BUFG (Prop_bufg_I_O)         0.026     0.336 r  block_design_i/processing_system7_0/inst/buffer_fclk_clk_0.FCLK_CLK_0_BUFG/O
                         net (fo=648, routed)         0.577     0.913    block_design_i/hw1_0/inst/hw1_v1_0_S00_AXI_inst/s00_axi_aclk
    SLICE_X29Y99         FDRE                                         r  block_design_i/hw1_0/inst/hw1_v1_0_S00_AXI_inst/axi_rdata_reg[31]/C
  -------------------------------------------------------------------    -------------------
    SLICE_X29Y99         FDRE (Prop_fdre_C_Q)         0.141     1.054 r  block_design_i/hw1_0/inst/hw1_v1_0_S00_AXI_inst/axi_rdata_reg[31]/Q
                         net (fo=1, routed)           0.154     1.208    block_design_i/ps7_0_axi_periph/s00_couplers/auto_pc/inst/gen_axilite.gen_b2s_conv.axilite_b2s/RD.r_channel_0/rd_data_fifo_0/in[31]
    SLICE_X30Y97         SRLC32E                                      r  block_design_i/ps7_0_axi_periph/s00_couplers/auto_pc/inst/gen_axilite.gen_b2s_conv.axilite_b2s/RD.r_channel_0/rd_data_fifo_0/memory_reg[31][31]_srl32/D
  -------------------------------------------------------------------    -------------------

                         (clock clk_fpga_0 rise edge)
                                                      0.000     0.000 r  
    PS7_X0Y0             PS7                          0.000     0.000 r  block_design_i/processing_system7_0/inst/PS7_i/FCLKCLK[0]
                         net (fo=1, routed)           0.337     0.337    block_design_i/processing_system7_0/inst/FCLK_CLK_unbuffered[0]
    BUFGCTRL_X0Y16       BUFG (Prop_bufg_I_O)         0.029     0.366 r  block_design_i/processing_system7_0/inst/buffer_fclk_clk_0.FCLK_CLK_0_BUFG/O
                         net (fo=648, routed)         0.845     1.211    block_design_i/ps7_0_axi_periph/s00_couplers/auto_pc/inst/gen_axilite.gen_b2s_conv.axilite_b2s/RD.r_channel_0/rd_data_fifo_0/aclk
    SLICE_X30Y97         SRLC32E                                      r  block_design_i/ps7_0_axi_periph/s00_couplers/auto_pc/inst/gen_axilite.gen_b2s_conv.axilite_b2s/RD.r_channel_0/rd_data_fifo_0/memory_reg[31][31]_srl32/CLK
                         clock pessimism             -0.282     0.929    
    SLICE_X30Y97         SRLC32E (Hold_srlc32e_CLK_D)
                                                      0.183     1.112    block_design_i/ps7_0_axi_periph/s00_couplers/auto_pc/inst/gen_axilite.gen_b2s_conv.axilite_b2s/RD.r_channel_0/rd_data_fifo_0/memory_reg[31][31]_srl32
  -------------------------------------------------------------------
                         required time                         -1.112    
                         arrival time                           1.208    
  -------------------------------------------------------------------
                         slack                                  0.096    

Slack (MET) :             0.097ns  (arrival time - required time)
  Source:                 block_design_i/hw1_0/inst/hw1_v1_0_S00_AXI_inst/axi_rdata_reg[29]/C
                            (rising edge-triggered cell FDRE clocked by clk_fpga_0  {rise@0.000ns fall@10.000ns period=20.000ns})
  Destination:            block_design_i/ps7_0_axi_periph/s00_couplers/auto_pc/inst/gen_axilite.gen_b2s_conv.axilite_b2s/RD.r_channel_0/rd_data_fifo_0/memory_reg[31][29]_srl32/D
                            (rising edge-triggered cell SRLC32E clocked by clk_fpga_0  {rise@0.000ns fall@10.000ns period=20.000ns})
  Path Group:             clk_fpga_0
  Path Type:              Hold (Min at Fast Process Corner)
  Requirement:            0.000ns  (clk_fpga_0 rise@0.000ns - clk_fpga_0 rise@0.000ns)
  Data Path Delay:        0.313ns  (logic 0.141ns (45.062%)  route 0.172ns (54.938%))
  Logic Levels:           0  
  Clock Path Skew:        0.033ns (DCD - SCD - CPR)
    Destination Clock Delay (DCD):    1.210ns
    Source Clock Delay      (SCD):    0.913ns
    Clock Pessimism Removal (CPR):    0.264ns

    Location             Delay type                Incr(ns)  Path(ns)    Netlist Resource(s)
  -------------------------------------------------------------------    -------------------
                         (clock clk_fpga_0 rise edge)
                                                      0.000     0.000 r  
    PS7_X0Y0             PS7                          0.000     0.000 r  block_design_i/processing_system7_0/inst/PS7_i/FCLKCLK[0]
                         net (fo=1, routed)           0.310     0.310    block_design_i/processing_system7_0/inst/FCLK_CLK_unbuffered[0]
    BUFGCTRL_X0Y16       BUFG (Prop_bufg_I_O)         0.026     0.336 r  block_design_i/processing_system7_0/inst/buffer_fclk_clk_0.FCLK_CLK_0_BUFG/O
                         net (fo=648, routed)         0.577     0.913    block_design_i/hw1_0/inst/hw1_v1_0_S00_AXI_inst/s00_axi_aclk
    SLICE_X29Y99         FDRE                                         r  block_design_i/hw1_0/inst/hw1_v1_0_S00_AXI_inst/axi_rdata_reg[29]/C
  -------------------------------------------------------------------    -------------------
    SLICE_X29Y99         FDRE (Prop_fdre_C_Q)         0.141     1.054 r  block_design_i/hw1_0/inst/hw1_v1_0_S00_AXI_inst/axi_rdata_reg[29]/Q
                         net (fo=1, routed)           0.172     1.226    block_design_i/ps7_0_axi_periph/s00_couplers/auto_pc/inst/gen_axilite.gen_b2s_conv.axilite_b2s/RD.r_channel_0/rd_data_fifo_0/in[29]
    SLICE_X26Y97         SRLC32E                                      r  block_design_i/ps7_0_axi_periph/s00_couplers/auto_pc/inst/gen_axilite.gen_b2s_conv.axilite_b2s/RD.r_channel_0/rd_data_fifo_0/memory_reg[31][29]_srl32/D
  -------------------------------------------------------------------    -------------------

                         (clock clk_fpga_0 rise edge)
                                                      0.000     0.000 r  
    PS7_X0Y0             PS7                          0.000     0.000 r  block_design_i/processing_system7_0/inst/PS7_i/FCLKCLK[0]
                         net (fo=1, routed)           0.337     0.337    block_design_i/processing_system7_0/inst/FCLK_CLK_unbuffered[0]
    BUFGCTRL_X0Y16       BUFG (Prop_bufg_I_O)         0.029     0.366 r  block_design_i/processing_system7_0/inst/buffer_fclk_clk_0.FCLK_CLK_0_BUFG/O
                         net (fo=648, routed)         0.844     1.210    block_design_i/ps7_0_axi_periph/s00_couplers/auto_pc/inst/gen_axilite.gen_b2s_conv.axilite_b2s/RD.r_channel_0/rd_data_fifo_0/aclk
    SLICE_X26Y97         SRLC32E                                      r  block_design_i/ps7_0_axi_periph/s00_couplers/auto_pc/inst/gen_axilite.gen_b2s_conv.axilite_b2s/RD.r_channel_0/rd_data_fifo_0/memory_reg[31][29]_srl32/CLK
                         clock pessimism             -0.264     0.946    
    SLICE_X26Y97         SRLC32E (Hold_srlc32e_CLK_D)
                                                      0.183     1.129    block_design_i/ps7_0_axi_periph/s00_couplers/auto_pc/inst/gen_axilite.gen_b2s_conv.axilite_b2s/RD.r_channel_0/rd_data_fifo_0/memory_reg[31][29]_srl32
  -------------------------------------------------------------------
                         required time                         -1.129    
                         arrival time                           1.226    
  -------------------------------------------------------------------
                         slack                                  0.097    

Slack (MET) :             0.099ns  (arrival time - required time)
  Source:                 block_design_i/hw1_0/inst/hw1_v1_0_S00_AXI_inst/axi_rdata_reg[2]/C
                            (rising edge-triggered cell FDRE clocked by clk_fpga_0  {rise@0.000ns fall@10.000ns period=20.000ns})
  Destination:            block_design_i/ps7_0_axi_periph/s00_couplers/auto_pc/inst/gen_axilite.gen_b2s_conv.axilite_b2s/RD.r_channel_0/rd_data_fifo_0/memory_reg[31][2]_srl32/D
                            (rising edge-triggered cell SRLC32E clocked by clk_fpga_0  {rise@0.000ns fall@10.000ns period=20.000ns})
  Path Group:             clk_fpga_0
  Path Type:              Hold (Min at Fast Process Corner)
  Requirement:            0.000ns  (clk_fpga_0 rise@0.000ns - clk_fpga_0 rise@0.000ns)
  Data Path Delay:        0.298ns  (logic 0.141ns (47.362%)  route 0.157ns (52.638%))
  Logic Levels:           0  
  Clock Path Skew:        0.016ns (DCD - SCD - CPR)
    Destination Clock Delay (DCD):    1.209ns
    Source Clock Delay      (SCD):    0.911ns
    Clock Pessimism Removal (CPR):    0.282ns

    Location             Delay type                Incr(ns)  Path(ns)    Netlist Resource(s)
  -------------------------------------------------------------------    -------------------
                         (clock clk_fpga_0 rise edge)
                                                      0.000     0.000 r  
    PS7_X0Y0             PS7                          0.000     0.000 r  block_design_i/processing_system7_0/inst/PS7_i/FCLKCLK[0]
                         net (fo=1, routed)           0.310     0.310    block_design_i/processing_system7_0/inst/FCLK_CLK_unbuffered[0]
    BUFGCTRL_X0Y16       BUFG (Prop_bufg_I_O)         0.026     0.336 r  block_design_i/processing_system7_0/inst/buffer_fclk_clk_0.FCLK_CLK_0_BUFG/O
                         net (fo=648, routed)         0.575     0.911    block_design_i/hw1_0/inst/hw1_v1_0_S00_AXI_inst/s00_axi_aclk
    SLICE_X28Y90         FDRE                                         r  block_design_i/hw1_0/inst/hw1_v1_0_S00_AXI_inst/axi_rdata_reg[2]/C
  -------------------------------------------------------------------    -------------------
    SLICE_X28Y90         FDRE (Prop_fdre_C_Q)         0.141     1.052 r  block_design_i/hw1_0/inst/hw1_v1_0_S00_AXI_inst/axi_rdata_reg[2]/Q
                         net (fo=1, routed)           0.157     1.208    block_design_i/ps7_0_axi_periph/s00_couplers/auto_pc/inst/gen_axilite.gen_b2s_conv.axilite_b2s/RD.r_channel_0/rd_data_fifo_0/in[2]
    SLICE_X30Y90         SRLC32E                                      r  block_design_i/ps7_0_axi_periph/s00_couplers/auto_pc/inst/gen_axilite.gen_b2s_conv.axilite_b2s/RD.r_channel_0/rd_data_fifo_0/memory_reg[31][2]_srl32/D
  -------------------------------------------------------------------    -------------------

                         (clock clk_fpga_0 rise edge)
                                                      0.000     0.000 r  
    PS7_X0Y0             PS7                          0.000     0.000 r  block_design_i/processing_system7_0/inst/PS7_i/FCLKCLK[0]
                         net (fo=1, routed)           0.337     0.337    block_design_i/processing_system7_0/inst/FCLK_CLK_unbuffered[0]
    BUFGCTRL_X0Y16       BUFG (Prop_bufg_I_O)         0.029     0.366 r  block_design_i/processing_system7_0/inst/buffer_fclk_clk_0.FCLK_CLK_0_BUFG/O
                         net (fo=648, routed)         0.843     1.209    block_design_i/ps7_0_axi_periph/s00_couplers/auto_pc/inst/gen_axilite.gen_b2s_conv.axilite_b2s/RD.r_channel_0/rd_data_fifo_0/aclk
    SLICE_X30Y90         SRLC32E                                      r  block_design_i/ps7_0_axi_periph/s00_couplers/auto_pc/inst/gen_axilite.gen_b2s_conv.axilite_b2s/RD.r_channel_0/rd_data_fifo_0/memory_reg[31][2]_srl32/CLK
                         clock pessimism             -0.282     0.927    
    SLICE_X30Y90         SRLC32E (Hold_srlc32e_CLK_D)
                                                      0.183     1.110    block_design_i/ps7_0_axi_periph/s00_couplers/auto_pc/inst/gen_axilite.gen_b2s_conv.axilite_b2s/RD.r_channel_0/rd_data_fifo_0/memory_reg[31][2]_srl32
  -------------------------------------------------------------------
                         required time                         -1.110    
                         arrival time                           1.208    
  -------------------------------------------------------------------
                         slack                                  0.099    

Slack (MET) :             0.103ns  (arrival time - required time)
  Source:                 block_design_i/hw1_0/inst/hw1_v1_0_S00_AXI_inst/axi_rdata_reg[9]/C
                            (rising edge-triggered cell FDRE clocked by clk_fpga_0  {rise@0.000ns fall@10.000ns period=20.000ns})
  Destination:            block_design_i/ps7_0_axi_periph/s00_couplers/auto_pc/inst/gen_axilite.gen_b2s_conv.axilite_b2s/RD.r_channel_0/rd_data_fifo_0/memory_reg[31][9]_srl32/D
                            (rising edge-triggered cell SRLC32E clocked by clk_fpga_0  {rise@0.000ns fall@10.000ns period=20.000ns})
  Path Group:             clk_fpga_0
  Path Type:              Hold (Min at Fast Process Corner)
  Requirement:            0.000ns  (clk_fpga_0 rise@0.000ns - clk_fpga_0 rise@0.000ns)
  Data Path Delay:        0.318ns  (logic 0.141ns (44.341%)  route 0.177ns (55.659%))
  Logic Levels:           0  
  Clock Path Skew:        0.032ns (DCD - SCD - CPR)
    Destination Clock Delay (DCD):    1.208ns
    Source Clock Delay      (SCD):    0.912ns
    Clock Pessimism Removal (CPR):    0.264ns

    Location             Delay type                Incr(ns)  Path(ns)    Netlist Resource(s)
  -------------------------------------------------------------------    -------------------
                         (clock clk_fpga_0 rise edge)
                                                      0.000     0.000 r  
    PS7_X0Y0             PS7                          0.000     0.000 r  block_design_i/processing_system7_0/inst/PS7_i/FCLKCLK[0]
                         net (fo=1, routed)           0.310     0.310    block_design_i/processing_system7_0/inst/FCLK_CLK_unbuffered[0]
    BUFGCTRL_X0Y16       BUFG (Prop_bufg_I_O)         0.026     0.336 r  block_design_i/processing_system7_0/inst/buffer_fclk_clk_0.FCLK_CLK_0_BUFG/O
                         net (fo=648, routed)         0.576     0.912    block_design_i/hw1_0/inst/hw1_v1_0_S00_AXI_inst/s00_axi_aclk
    SLICE_X28Y95         FDRE                                         r  block_design_i/hw1_0/inst/hw1_v1_0_S00_AXI_inst/axi_rdata_reg[9]/C
  -------------------------------------------------------------------    -------------------
    SLICE_X28Y95         FDRE (Prop_fdre_C_Q)         0.141     1.053 r  block_design_i/hw1_0/inst/hw1_v1_0_S00_AXI_inst/axi_rdata_reg[9]/Q
                         net (fo=1, routed)           0.177     1.230    block_design_i/ps7_0_axi_periph/s00_couplers/auto_pc/inst/gen_axilite.gen_b2s_conv.axilite_b2s/RD.r_channel_0/rd_data_fifo_0/in[9]
    SLICE_X26Y92         SRLC32E                                      r  block_design_i/ps7_0_axi_periph/s00_couplers/auto_pc/inst/gen_axilite.gen_b2s_conv.axilite_b2s/RD.r_channel_0/rd_data_fifo_0/memory_reg[31][9]_srl32/D
  -------------------------------------------------------------------    -------------------

                         (clock clk_fpga_0 rise edge)
                                                      0.000     0.000 r  
    PS7_X0Y0             PS7                          0.000     0.000 r  block_design_i/processing_system7_0/inst/PS7_i/FCLKCLK[0]
                         net (fo=1, routed)           0.337     0.337    block_design_i/processing_system7_0/inst/FCLK_CLK_unbuffered[0]
    BUFGCTRL_X0Y16       BUFG (Prop_bufg_I_O)         0.029     0.366 r  block_design_i/processing_system7_0/inst/buffer_fclk_clk_0.FCLK_CLK_0_BUFG/O
                         net (fo=648, routed)         0.842     1.208    block_design_i/ps7_0_axi_periph/s00_couplers/auto_pc/inst/gen_axilite.gen_b2s_conv.axilite_b2s/RD.r_channel_0/rd_data_fifo_0/aclk
    SLICE_X26Y92         SRLC32E                                      r  block_design_i/ps7_0_axi_periph/s00_couplers/auto_pc/inst/gen_axilite.gen_b2s_conv.axilite_b2s/RD.r_channel_0/rd_data_fifo_0/memory_reg[31][9]_srl32/CLK
                         clock pessimism             -0.264     0.944    
    SLICE_X26Y92         SRLC32E (Hold_srlc32e_CLK_D)
                                                      0.183     1.127    block_design_i/ps7_0_axi_periph/s00_couplers/auto_pc/inst/gen_axilite.gen_b2s_conv.axilite_b2s/RD.r_channel_0/rd_data_fifo_0/memory_reg[31][9]_srl32
  -------------------------------------------------------------------
                         required time                         -1.127    
                         arrival time                           1.230    
  -------------------------------------------------------------------
                         slack                                  0.103    





Pulse Width Checks
--------------------------------------------------------------------------------------
Clock Name:         clk_fpga_0
Waveform(ns):       { 0.000 10.000 }
Period(ns):         20.000
Sources:            { block_design_i/processing_system7_0/inst/PS7_i/FCLKCLK[0] }

Check Type        Corner  Lib Pin      Reference Pin  Required(ns)  Actual(ns)  Slack(ns)  Location        Pin
Min Period        n/a     BUFG/I       n/a            2.155         20.000      17.845     BUFGCTRL_X0Y16  block_design_i/processing_system7_0/inst/buffer_fclk_clk_0.FCLK_CLK_0_BUFG/I
Min Period        n/a     FDCE/C       n/a            1.000         20.000      19.000     SLICE_X29Y83    block_design_i/hw1_0/inst/counter/count_reg[0]/C
Min Period        n/a     FDCE/C       n/a            1.000         20.000      19.000     SLICE_X29Y83    block_design_i/hw1_0/inst/counter/count_reg[1]/C
Min Period        n/a     FDCE/C       n/a            1.000         20.000      19.000     SLICE_X31Y64    block_design_i/hw1_0/inst/counter/count_reg[2]/C
Min Period        n/a     FDPE/C       n/a            1.000         20.000      19.000     SLICE_X30Y64    block_design_i/hw1_0/inst/counter/led_reg[0]/C
Min Period        n/a     FDCE/C       n/a            1.000         20.000      19.000     SLICE_X31Y64    block_design_i/hw1_0/inst/counter/led_reg[1]/C
Min Period        n/a     FDCE/C       n/a            1.000         20.000      19.000     SLICE_X31Y64    block_design_i/hw1_0/inst/counter/led_reg[2]/C
Min Period        n/a     FDCE/C       n/a            1.000         20.000      19.000     SLICE_X31Y64    block_design_i/hw1_0/inst/counter/led_reg[3]/C
Min Period        n/a     FDCE/C       n/a            1.000         20.000      19.000     SLICE_X31Y64    block_design_i/hw1_0/inst/counter/led_reg[4]/C
Min Period        n/a     FDRE/C       n/a            1.000         20.000      19.000     SLICE_X29Y95    block_design_i/hw1_0/inst/hw1_v1_0_S00_AXI_inst/slv_reg0_reg[15]/C
Low Pulse Width   Slow    SRLC32E/CLK  n/a            0.980         10.000      9.020      SLICE_X26Y92    block_design_i/ps7_0_axi_periph/s00_couplers/auto_pc/inst/gen_axilite.gen_b2s_conv.axilite_b2s/RD.r_channel_0/rd_data_fifo_0/memory_reg[31][9]_srl32/CLK
Low Pulse Width   Fast    SRLC32E/CLK  n/a            0.980         10.000      9.020      SLICE_X26Y92    block_design_i/ps7_0_axi_periph/s00_couplers/auto_pc/inst/gen_axilite.gen_b2s_conv.axilite_b2s/RD.r_channel_0/rd_data_fifo_0/memory_reg[31][9]_srl32/CLK
Low Pulse Width   Slow    SRLC32E/CLK  n/a            0.980         10.000      9.020      SLICE_X30Y89    block_design_i/ps7_0_axi_periph/s00_couplers/auto_pc/inst/gen_axilite.gen_b2s_conv.axilite_b2s/RD.r_channel_0/transaction_fifo_0/memory_reg[31][0]_srl32/CLK
Low Pulse Width   Fast    SRLC32E/CLK  n/a            0.980         10.000      9.020      SLICE_X30Y89    block_design_i/ps7_0_axi_periph/s00_couplers/auto_pc/inst/gen_axilite.gen_b2s_conv.axilite_b2s/RD.r_channel_0/transaction_fifo_0/memory_reg[31][0]_srl32/CLK
Low Pulse Width   Slow    SRL16E/CLK   n/a            0.980         10.000      9.020      SLICE_X26Y99    block_design_i/ps7_0_axi_periph/s00_couplers/auto_pc/inst/gen_axilite.gen_b2s_conv.axilite_b2s/WR.b_channel_0/bid_fifo_0/memory_reg[3][12]_srl4/CLK
Low Pulse Width   Fast    SRL16E/CLK   n/a            0.980         10.000      9.020      SLICE_X26Y99    block_design_i/ps7_0_axi_periph/s00_couplers/auto_pc/inst/gen_axilite.gen_b2s_conv.axilite_b2s/WR.b_channel_0/bid_fifo_0/memory_reg[3][12]_srl4/CLK
Low Pulse Width   Slow    SRL16E/CLK   n/a            0.980         10.000      9.020      SLICE_X26Y99    block_design_i/ps7_0_axi_periph/s00_couplers/auto_pc/inst/gen_axilite.gen_b2s_conv.axilite_b2s/WR.b_channel_0/bid_fifo_0/memory_reg[3][13]_srl4/CLK
Low Pulse Width   Fast    SRL16E/CLK   n/a            0.980         10.000      9.020      SLICE_X26Y99    block_design_i/ps7_0_axi_periph/s00_couplers/auto_pc/inst/gen_axilite.gen_b2s_conv.axilite_b2s/WR.b_channel_0/bid_fifo_0/memory_reg[3][13]_srl4/CLK
Low Pulse Width   Slow    SRL16E/CLK   n/a            0.980         10.000      9.020      SLICE_X26Y99    block_design_i/ps7_0_axi_periph/s00_couplers/auto_pc/inst/gen_axilite.gen_b2s_conv.axilite_b2s/WR.b_channel_0/bid_fifo_0/memory_reg[3][14]_srl4/CLK
Low Pulse Width   Fast    SRL16E/CLK   n/a            0.980         10.000      9.020      SLICE_X26Y99    block_design_i/ps7_0_axi_periph/s00_couplers/auto_pc/inst/gen_axilite.gen_b2s_conv.axilite_b2s/WR.b_channel_0/bid_fifo_0/memory_reg[3][14]_srl4/CLK
High Pulse Width  Fast    SRL16E/CLK   n/a            0.980         10.000      9.020      SLICE_X34Y97    block_design_i/ps7_0_axi_periph/s00_couplers/auto_pc/inst/gen_axilite.gen_b2s_conv.axilite_b2s/WR.b_channel_0/bid_fifo_0/memory_reg[3][1]_srl4/CLK
High Pulse Width  Fast    SRL16E/CLK   n/a            0.980         10.000      9.020      SLICE_X34Y97    block_design_i/ps7_0_axi_periph/s00_couplers/auto_pc/inst/gen_axilite.gen_b2s_conv.axilite_b2s/WR.b_channel_0/bid_fifo_0/memory_reg[3][2]_srl4/CLK
High Pulse Width  Fast    SRL16E/CLK   n/a            0.980         10.000      9.020      SLICE_X34Y97    block_design_i/ps7_0_axi_periph/s00_couplers/auto_pc/inst/gen_axilite.gen_b2s_conv.axilite_b2s/WR.b_channel_0/bid_fifo_0/memory_reg[3][3]_srl4/CLK
High Pulse Width  Fast    SRL16E/CLK   n/a            0.980         10.000      9.020      SLICE_X34Y98    block_design_i/ps7_0_axi_periph/s00_couplers/auto_pc/inst/gen_axilite.gen_b2s_conv.axilite_b2s/WR.b_channel_0/bresp_fifo_0/memory_reg[3][0]_srl4/CLK
High Pulse Width  Fast    SRL16E/CLK   n/a            0.980         10.000      9.020      SLICE_X34Y98    block_design_i/ps7_0_axi_periph/s00_couplers/auto_pc/inst/gen_axilite.gen_b2s_conv.axilite_b2s/WR.b_channel_0/bresp_fifo_0/memory_reg[3][1]_srl4/CLK
High Pulse Width  Fast    SRLC32E/CLK  n/a            0.980         10.000      9.020      SLICE_X30Y97    block_design_i/ps7_0_axi_periph/s00_couplers/auto_pc/inst/gen_axilite.gen_b2s_conv.axilite_b2s/RD.r_channel_0/rd_data_fifo_0/memory_reg[31][21]_srl32/CLK
High Pulse Width  Fast    SRLC32E/CLK  n/a            0.980         10.000      9.020      SLICE_X30Y97    block_design_i/ps7_0_axi_periph/s00_couplers/auto_pc/inst/gen_axilite.gen_b2s_conv.axilite_b2s/RD.r_channel_0/rd_data_fifo_0/memory_reg[31][28]_srl32/CLK
High Pulse Width  Fast    SRLC32E/CLK  n/a            0.980         10.000      9.020      SLICE_X30Y97    block_design_i/ps7_0_axi_periph/s00_couplers/auto_pc/inst/gen_axilite.gen_b2s_conv.axilite_b2s/RD.r_channel_0/rd_data_fifo_0/memory_reg[31][30]_srl32/CLK
High Pulse Width  Fast    SRLC32E/CLK  n/a            0.980         10.000      9.020      SLICE_X30Y97    block_design_i/ps7_0_axi_periph/s00_couplers/auto_pc/inst/gen_axilite.gen_b2s_conv.axilite_b2s/RD.r_channel_0/rd_data_fifo_0/memory_reg[31][31]_srl32/CLK
High Pulse Width  Fast    SRL16E/CLK   n/a            0.980         10.000      9.020      SLICE_X34Y97    block_design_i/ps7_0_axi_periph/s00_couplers/auto_pc/inst/gen_axilite.gen_b2s_conv.axilite_b2s/WR.b_channel_0/bid_fifo_0/memory_reg[3][0]_srl4/CLK



---------------------------------------------------------------------------------------------------
Path Group:  **async_default**
From Clock:  clk_fpga_0
  To Clock:  clk_fpga_0

Setup :            0  Failing Endpoints,  Worst Slack       16.622ns,  Total Violation        0.000ns
Hold  :            0  Failing Endpoints,  Worst Slack        0.806ns,  Total Violation        0.000ns
---------------------------------------------------------------------------------------------------


Max Delay Paths
--------------------------------------------------------------------------------------
Slack (MET) :             16.622ns  (required time - arrival time)
  Source:                 block_design_i/rst_ps7_0_50M/U0/ACTIVE_LOW_PR_OUT_DFF[0].FDRE_PER_N/C
                            (rising edge-triggered cell FDRE clocked by clk_fpga_0  {rise@0.000ns fall@10.000ns period=20.000ns})
  Destination:            block_design_i/hw1_0/inst/counter/count_reg[2]/CLR
                            (recovery check against rising-edge clock clk_fpga_0  {rise@0.000ns fall@10.000ns period=20.000ns})
  Path Group:             **async_default**
  Path Type:              Recovery (Max at Slow Process Corner)
  Requirement:            20.000ns  (clk_fpga_0 rise@20.000ns - clk_fpga_0 rise@0.000ns)
  Data Path Delay:        2.661ns  (logic 0.580ns (21.799%)  route 2.081ns (78.201%))
  Logic Levels:           1  (LUT1=1)
  Clock Path Skew:        -0.010ns (DCD - SCD + CPR)
    Destination Clock Delay (DCD):    2.699ns = ( 22.699 - 20.000 ) 
    Source Clock Delay      (SCD):    2.938ns
    Clock Pessimism Removal (CPR):    0.229ns
  Clock Uncertainty:      0.302ns  ((TSJ^2 + TIJ^2)^1/2 + DJ) / 2 + PE
    Total System Jitter     (TSJ):    0.071ns
    Total Input Jitter      (TIJ):    0.600ns
    Discrete Jitter          (DJ):    0.000ns
    Phase Error              (PE):    0.000ns

    Location             Delay type                Incr(ns)  Path(ns)    Netlist Resource(s)
  -------------------------------------------------------------------    -------------------
                         (clock clk_fpga_0 rise edge)
                                                      0.000     0.000 r  
    PS7_X0Y0             PS7                          0.000     0.000 r  block_design_i/processing_system7_0/inst/PS7_i/FCLKCLK[0]
                         net (fo=1, routed)           1.193     1.193    block_design_i/processing_system7_0/inst/FCLK_CLK_unbuffered[0]
    BUFGCTRL_X0Y16       BUFG (Prop_bufg_I_O)         0.101     1.294 r  block_design_i/processing_system7_0/inst/buffer_fclk_clk_0.FCLK_CLK_0_BUFG/O
                         net (fo=648, routed)         1.644     2.938    block_design_i/rst_ps7_0_50M/U0/slowest_sync_clk
    SLICE_X33Y83         FDRE                                         r  block_design_i/rst_ps7_0_50M/U0/ACTIVE_LOW_PR_OUT_DFF[0].FDRE_PER_N/C
  -------------------------------------------------------------------    -------------------
    SLICE_X33Y83         FDRE (Prop_fdre_C_Q)         0.456     3.394 r  block_design_i/rst_ps7_0_50M/U0/ACTIVE_LOW_PR_OUT_DFF[0].FDRE_PER_N/Q
                         net (fo=4, routed)           0.678     4.072    block_design_i/hw1_0/inst/hw1_v1_0_S00_AXI_inst/s00_axi_aresetn
    SLICE_X32Y84         LUT1 (Prop_lut1_I0_O)        0.124     4.196 f  block_design_i/hw1_0/inst/hw1_v1_0_S00_AXI_inst/led[7]_i_3/O
                         net (fo=150, routed)         1.403     5.599    block_design_i/hw1_0/inst/counter/rst0
    SLICE_X31Y64         FDCE                                         f  block_design_i/hw1_0/inst/counter/count_reg[2]/CLR
  -------------------------------------------------------------------    -------------------

                         (clock clk_fpga_0 rise edge)
                                                     20.000    20.000 r  
    PS7_X0Y0             PS7                          0.000    20.000 r  block_design_i/processing_system7_0/inst/PS7_i/FCLKCLK[0]
                         net (fo=1, routed)           1.088    21.088    block_design_i/processing_system7_0/inst/FCLK_CLK_unbuffered[0]
    BUFGCTRL_X0Y16       BUFG (Prop_bufg_I_O)         0.091    21.179 r  block_design_i/processing_system7_0/inst/buffer_fclk_clk_0.FCLK_CLK_0_BUFG/O
                         net (fo=648, routed)         1.520    22.699    block_design_i/hw1_0/inst/counter/s00_axi_aclk
    SLICE_X31Y64         FDCE                                         r  block_design_i/hw1_0/inst/counter/count_reg[2]/C
                         clock pessimism              0.229    22.928    
                         clock uncertainty           -0.302    22.626    
    SLICE_X31Y64         FDCE (Recov_fdce_C_CLR)     -0.405    22.221    block_design_i/hw1_0/inst/counter/count_reg[2]
  -------------------------------------------------------------------
                         required time                         22.221    
                         arrival time                          -5.599    
  -------------------------------------------------------------------
                         slack                                 16.622    

Slack (MET) :             16.622ns  (required time - arrival time)
  Source:                 block_design_i/rst_ps7_0_50M/U0/ACTIVE_LOW_PR_OUT_DFF[0].FDRE_PER_N/C
                            (rising edge-triggered cell FDRE clocked by clk_fpga_0  {rise@0.000ns fall@10.000ns period=20.000ns})
  Destination:            block_design_i/hw1_0/inst/counter/led_reg[1]/CLR
                            (recovery check against rising-edge clock clk_fpga_0  {rise@0.000ns fall@10.000ns period=20.000ns})
  Path Group:             **async_default**
  Path Type:              Recovery (Max at Slow Process Corner)
  Requirement:            20.000ns  (clk_fpga_0 rise@20.000ns - clk_fpga_0 rise@0.000ns)
  Data Path Delay:        2.661ns  (logic 0.580ns (21.799%)  route 2.081ns (78.201%))
  Logic Levels:           1  (LUT1=1)
  Clock Path Skew:        -0.010ns (DCD - SCD + CPR)
    Destination Clock Delay (DCD):    2.699ns = ( 22.699 - 20.000 ) 
    Source Clock Delay      (SCD):    2.938ns
    Clock Pessimism Removal (CPR):    0.229ns
  Clock Uncertainty:      0.302ns  ((TSJ^2 + TIJ^2)^1/2 + DJ) / 2 + PE
    Total System Jitter     (TSJ):    0.071ns
    Total Input Jitter      (TIJ):    0.600ns
    Discrete Jitter          (DJ):    0.000ns
    Phase Error              (PE):    0.000ns

    Location             Delay type                Incr(ns)  Path(ns)    Netlist Resource(s)
  -------------------------------------------------------------------    -------------------
                         (clock clk_fpga_0 rise edge)
                                                      0.000     0.000 r  
    PS7_X0Y0             PS7                          0.000     0.000 r  block_design_i/processing_system7_0/inst/PS7_i/FCLKCLK[0]
                         net (fo=1, routed)           1.193     1.193    block_design_i/processing_system7_0/inst/FCLK_CLK_unbuffered[0]
    BUFGCTRL_X0Y16       BUFG (Prop_bufg_I_O)         0.101     1.294 r  block_design_i/processing_system7_0/inst/buffer_fclk_clk_0.FCLK_CLK_0_BUFG/O
                         net (fo=648, routed)         1.644     2.938    block_design_i/rst_ps7_0_50M/U0/slowest_sync_clk
    SLICE_X33Y83         FDRE                                         r  block_design_i/rst_ps7_0_50M/U0/ACTIVE_LOW_PR_OUT_DFF[0].FDRE_PER_N/C
  -------------------------------------------------------------------    -------------------
    SLICE_X33Y83         FDRE (Prop_fdre_C_Q)         0.456     3.394 r  block_design_i/rst_ps7_0_50M/U0/ACTIVE_LOW_PR_OUT_DFF[0].FDRE_PER_N/Q
                         net (fo=4, routed)           0.678     4.072    block_design_i/hw1_0/inst/hw1_v1_0_S00_AXI_inst/s00_axi_aresetn
    SLICE_X32Y84         LUT1 (Prop_lut1_I0_O)        0.124     4.196 f  block_design_i/hw1_0/inst/hw1_v1_0_S00_AXI_inst/led[7]_i_3/O
                         net (fo=150, routed)         1.403     5.599    block_design_i/hw1_0/inst/counter/rst0
    SLICE_X31Y64         FDCE                                         f  block_design_i/hw1_0/inst/counter/led_reg[1]/CLR
  -------------------------------------------------------------------    -------------------

                         (clock clk_fpga_0 rise edge)
                                                     20.000    20.000 r  
    PS7_X0Y0             PS7                          0.000    20.000 r  block_design_i/processing_system7_0/inst/PS7_i/FCLKCLK[0]
                         net (fo=1, routed)           1.088    21.088    block_design_i/processing_system7_0/inst/FCLK_CLK_unbuffered[0]
    BUFGCTRL_X0Y16       BUFG (Prop_bufg_I_O)         0.091    21.179 r  block_design_i/processing_system7_0/inst/buffer_fclk_clk_0.FCLK_CLK_0_BUFG/O
                         net (fo=648, routed)         1.520    22.699    block_design_i/hw1_0/inst/counter/s00_axi_aclk
    SLICE_X31Y64         FDCE                                         r  block_design_i/hw1_0/inst/counter/led_reg[1]/C
                         clock pessimism              0.229    22.928    
                         clock uncertainty           -0.302    22.626    
    SLICE_X31Y64         FDCE (Recov_fdce_C_CLR)     -0.405    22.221    block_design_i/hw1_0/inst/counter/led_reg[1]
  -------------------------------------------------------------------
                         required time                         22.221    
                         arrival time                          -5.599    
  -------------------------------------------------------------------
                         slack                                 16.622    

Slack (MET) :             16.622ns  (required time - arrival time)
  Source:                 block_design_i/rst_ps7_0_50M/U0/ACTIVE_LOW_PR_OUT_DFF[0].FDRE_PER_N/C
                            (rising edge-triggered cell FDRE clocked by clk_fpga_0  {rise@0.000ns fall@10.000ns period=20.000ns})
  Destination:            block_design_i/hw1_0/inst/counter/led_reg[2]/CLR
                            (recovery check against rising-edge clock clk_fpga_0  {rise@0.000ns fall@10.000ns period=20.000ns})
  Path Group:             **async_default**
  Path Type:              Recovery (Max at Slow Process Corner)
  Requirement:            20.000ns  (clk_fpga_0 rise@20.000ns - clk_fpga_0 rise@0.000ns)
  Data Path Delay:        2.661ns  (logic 0.580ns (21.799%)  route 2.081ns (78.201%))
  Logic Levels:           1  (LUT1=1)
  Clock Path Skew:        -0.010ns (DCD - SCD + CPR)
    Destination Clock Delay (DCD):    2.699ns = ( 22.699 - 20.000 ) 
    Source Clock Delay      (SCD):    2.938ns
    Clock Pessimism Removal (CPR):    0.229ns
  Clock Uncertainty:      0.302ns  ((TSJ^2 + TIJ^2)^1/2 + DJ) / 2 + PE
    Total System Jitter     (TSJ):    0.071ns
    Total Input Jitter      (TIJ):    0.600ns
    Discrete Jitter          (DJ):    0.000ns
    Phase Error              (PE):    0.000ns

    Location             Delay type                Incr(ns)  Path(ns)    Netlist Resource(s)
  -------------------------------------------------------------------    -------------------
                         (clock clk_fpga_0 rise edge)
                                                      0.000     0.000 r  
    PS7_X0Y0             PS7                          0.000     0.000 r  block_design_i/processing_system7_0/inst/PS7_i/FCLKCLK[0]
                         net (fo=1, routed)           1.193     1.193    block_design_i/processing_system7_0/inst/FCLK_CLK_unbuffered[0]
    BUFGCTRL_X0Y16       BUFG (Prop_bufg_I_O)         0.101     1.294 r  block_design_i/processing_system7_0/inst/buffer_fclk_clk_0.FCLK_CLK_0_BUFG/O
                         net (fo=648, routed)         1.644     2.938    block_design_i/rst_ps7_0_50M/U0/slowest_sync_clk
    SLICE_X33Y83         FDRE                                         r  block_design_i/rst_ps7_0_50M/U0/ACTIVE_LOW_PR_OUT_DFF[0].FDRE_PER_N/C
  -------------------------------------------------------------------    -------------------
    SLICE_X33Y83         FDRE (Prop_fdre_C_Q)         0.456     3.394 r  block_design_i/rst_ps7_0_50M/U0/ACTIVE_LOW_PR_OUT_DFF[0].FDRE_PER_N/Q
                         net (fo=4, routed)           0.678     4.072    block_design_i/hw1_0/inst/hw1_v1_0_S00_AXI_inst/s00_axi_aresetn
    SLICE_X32Y84         LUT1 (Prop_lut1_I0_O)        0.124     4.196 f  block_design_i/hw1_0/inst/hw1_v1_0_S00_AXI_inst/led[7]_i_3/O
                         net (fo=150, routed)         1.403     5.599    block_design_i/hw1_0/inst/counter/rst0
    SLICE_X31Y64         FDCE                                         f  block_design_i/hw1_0/inst/counter/led_reg[2]/CLR
  -------------------------------------------------------------------    -------------------

                         (clock clk_fpga_0 rise edge)
                                                     20.000    20.000 r  
    PS7_X0Y0             PS7                          0.000    20.000 r  block_design_i/processing_system7_0/inst/PS7_i/FCLKCLK[0]
                         net (fo=1, routed)           1.088    21.088    block_design_i/processing_system7_0/inst/FCLK_CLK_unbuffered[0]
    BUFGCTRL_X0Y16       BUFG (Prop_bufg_I_O)         0.091    21.179 r  block_design_i/processing_system7_0/inst/buffer_fclk_clk_0.FCLK_CLK_0_BUFG/O
                         net (fo=648, routed)         1.520    22.699    block_design_i/hw1_0/inst/counter/s00_axi_aclk
    SLICE_X31Y64         FDCE                                         r  block_design_i/hw1_0/inst/counter/led_reg[2]/C
                         clock pessimism              0.229    22.928    
                         clock uncertainty           -0.302    22.626    
    SLICE_X31Y64         FDCE (Recov_fdce_C_CLR)     -0.405    22.221    block_design_i/hw1_0/inst/counter/led_reg[2]
  -------------------------------------------------------------------
                         required time                         22.221    
                         arrival time                          -5.599    
  -------------------------------------------------------------------
                         slack                                 16.622    

Slack (MET) :             16.622ns  (required time - arrival time)
  Source:                 block_design_i/rst_ps7_0_50M/U0/ACTIVE_LOW_PR_OUT_DFF[0].FDRE_PER_N/C
                            (rising edge-triggered cell FDRE clocked by clk_fpga_0  {rise@0.000ns fall@10.000ns period=20.000ns})
  Destination:            block_design_i/hw1_0/inst/counter/led_reg[3]/CLR
                            (recovery check against rising-edge clock clk_fpga_0  {rise@0.000ns fall@10.000ns period=20.000ns})
  Path Group:             **async_default**
  Path Type:              Recovery (Max at Slow Process Corner)
  Requirement:            20.000ns  (clk_fpga_0 rise@20.000ns - clk_fpga_0 rise@0.000ns)
  Data Path Delay:        2.661ns  (logic 0.580ns (21.799%)  route 2.081ns (78.201%))
  Logic Levels:           1  (LUT1=1)
  Clock Path Skew:        -0.010ns (DCD - SCD + CPR)
    Destination Clock Delay (DCD):    2.699ns = ( 22.699 - 20.000 ) 
    Source Clock Delay      (SCD):    2.938ns
    Clock Pessimism Removal (CPR):    0.229ns
  Clock Uncertainty:      0.302ns  ((TSJ^2 + TIJ^2)^1/2 + DJ) / 2 + PE
    Total System Jitter     (TSJ):    0.071ns
    Total Input Jitter      (TIJ):    0.600ns
    Discrete Jitter          (DJ):    0.000ns
    Phase Error              (PE):    0.000ns

    Location             Delay type                Incr(ns)  Path(ns)    Netlist Resource(s)
  -------------------------------------------------------------------    -------------------
                         (clock clk_fpga_0 rise edge)
                                                      0.000     0.000 r  
    PS7_X0Y0             PS7                          0.000     0.000 r  block_design_i/processing_system7_0/inst/PS7_i/FCLKCLK[0]
                         net (fo=1, routed)           1.193     1.193    block_design_i/processing_system7_0/inst/FCLK_CLK_unbuffered[0]
    BUFGCTRL_X0Y16       BUFG (Prop_bufg_I_O)         0.101     1.294 r  block_design_i/processing_system7_0/inst/buffer_fclk_clk_0.FCLK_CLK_0_BUFG/O
                         net (fo=648, routed)         1.644     2.938    block_design_i/rst_ps7_0_50M/U0/slowest_sync_clk
    SLICE_X33Y83         FDRE                                         r  block_design_i/rst_ps7_0_50M/U0/ACTIVE_LOW_PR_OUT_DFF[0].FDRE_PER_N/C
  -------------------------------------------------------------------    -------------------
    SLICE_X33Y83         FDRE (Prop_fdre_C_Q)         0.456     3.394 r  block_design_i/rst_ps7_0_50M/U0/ACTIVE_LOW_PR_OUT_DFF[0].FDRE_PER_N/Q
                         net (fo=4, routed)           0.678     4.072    block_design_i/hw1_0/inst/hw1_v1_0_S00_AXI_inst/s00_axi_aresetn
    SLICE_X32Y84         LUT1 (Prop_lut1_I0_O)        0.124     4.196 f  block_design_i/hw1_0/inst/hw1_v1_0_S00_AXI_inst/led[7]_i_3/O
                         net (fo=150, routed)         1.403     5.599    block_design_i/hw1_0/inst/counter/rst0
    SLICE_X31Y64         FDCE                                         f  block_design_i/hw1_0/inst/counter/led_reg[3]/CLR
  -------------------------------------------------------------------    -------------------

                         (clock clk_fpga_0 rise edge)
                                                     20.000    20.000 r  
    PS7_X0Y0             PS7                          0.000    20.000 r  block_design_i/processing_system7_0/inst/PS7_i/FCLKCLK[0]
                         net (fo=1, routed)           1.088    21.088    block_design_i/processing_system7_0/inst/FCLK_CLK_unbuffered[0]
    BUFGCTRL_X0Y16       BUFG (Prop_bufg_I_O)         0.091    21.179 r  block_design_i/processing_system7_0/inst/buffer_fclk_clk_0.FCLK_CLK_0_BUFG/O
                         net (fo=648, routed)         1.520    22.699    block_design_i/hw1_0/inst/counter/s00_axi_aclk
    SLICE_X31Y64         FDCE                                         r  block_design_i/hw1_0/inst/counter/led_reg[3]/C
                         clock pessimism              0.229    22.928    
                         clock uncertainty           -0.302    22.626    
    SLICE_X31Y64         FDCE (Recov_fdce_C_CLR)     -0.405    22.221    block_design_i/hw1_0/inst/counter/led_reg[3]
  -------------------------------------------------------------------
                         required time                         22.221    
                         arrival time                          -5.599    
  -------------------------------------------------------------------
                         slack                                 16.622    

Slack (MET) :             16.622ns  (required time - arrival time)
  Source:                 block_design_i/rst_ps7_0_50M/U0/ACTIVE_LOW_PR_OUT_DFF[0].FDRE_PER_N/C
                            (rising edge-triggered cell FDRE clocked by clk_fpga_0  {rise@0.000ns fall@10.000ns period=20.000ns})
  Destination:            block_design_i/hw1_0/inst/counter/led_reg[4]/CLR
                            (recovery check against rising-edge clock clk_fpga_0  {rise@0.000ns fall@10.000ns period=20.000ns})
  Path Group:             **async_default**
  Path Type:              Recovery (Max at Slow Process Corner)
  Requirement:            20.000ns  (clk_fpga_0 rise@20.000ns - clk_fpga_0 rise@0.000ns)
  Data Path Delay:        2.661ns  (logic 0.580ns (21.799%)  route 2.081ns (78.201%))
  Logic Levels:           1  (LUT1=1)
  Clock Path Skew:        -0.010ns (DCD - SCD + CPR)
    Destination Clock Delay (DCD):    2.699ns = ( 22.699 - 20.000 ) 
    Source Clock Delay      (SCD):    2.938ns
    Clock Pessimism Removal (CPR):    0.229ns
  Clock Uncertainty:      0.302ns  ((TSJ^2 + TIJ^2)^1/2 + DJ) / 2 + PE
    Total System Jitter     (TSJ):    0.071ns
    Total Input Jitter      (TIJ):    0.600ns
    Discrete Jitter          (DJ):    0.000ns
    Phase Error              (PE):    0.000ns

    Location             Delay type                Incr(ns)  Path(ns)    Netlist Resource(s)
  -------------------------------------------------------------------    -------------------
                         (clock clk_fpga_0 rise edge)
                                                      0.000     0.000 r  
    PS7_X0Y0             PS7                          0.000     0.000 r  block_design_i/processing_system7_0/inst/PS7_i/FCLKCLK[0]
                         net (fo=1, routed)           1.193     1.193    block_design_i/processing_system7_0/inst/FCLK_CLK_unbuffered[0]
    BUFGCTRL_X0Y16       BUFG (Prop_bufg_I_O)         0.101     1.294 r  block_design_i/processing_system7_0/inst/buffer_fclk_clk_0.FCLK_CLK_0_BUFG/O
                         net (fo=648, routed)         1.644     2.938    block_design_i/rst_ps7_0_50M/U0/slowest_sync_clk
    SLICE_X33Y83         FDRE                                         r  block_design_i/rst_ps7_0_50M/U0/ACTIVE_LOW_PR_OUT_DFF[0].FDRE_PER_N/C
  -------------------------------------------------------------------    -------------------
    SLICE_X33Y83         FDRE (Prop_fdre_C_Q)         0.456     3.394 r  block_design_i/rst_ps7_0_50M/U0/ACTIVE_LOW_PR_OUT_DFF[0].FDRE_PER_N/Q
                         net (fo=4, routed)           0.678     4.072    block_design_i/hw1_0/inst/hw1_v1_0_S00_AXI_inst/s00_axi_aresetn
    SLICE_X32Y84         LUT1 (Prop_lut1_I0_O)        0.124     4.196 f  block_design_i/hw1_0/inst/hw1_v1_0_S00_AXI_inst/led[7]_i_3/O
                         net (fo=150, routed)         1.403     5.599    block_design_i/hw1_0/inst/counter/rst0
    SLICE_X31Y64         FDCE                                         f  block_design_i/hw1_0/inst/counter/led_reg[4]/CLR
  -------------------------------------------------------------------    -------------------

                         (clock clk_fpga_0 rise edge)
                                                     20.000    20.000 r  
    PS7_X0Y0             PS7                          0.000    20.000 r  block_design_i/processing_system7_0/inst/PS7_i/FCLKCLK[0]
                         net (fo=1, routed)           1.088    21.088    block_design_i/processing_system7_0/inst/FCLK_CLK_unbuffered[0]
    BUFGCTRL_X0Y16       BUFG (Prop_bufg_I_O)         0.091    21.179 r  block_design_i/processing_system7_0/inst/buffer_fclk_clk_0.FCLK_CLK_0_BUFG/O
                         net (fo=648, routed)         1.520    22.699    block_design_i/hw1_0/inst/counter/s00_axi_aclk
    SLICE_X31Y64         FDCE                                         r  block_design_i/hw1_0/inst/counter/led_reg[4]/C
                         clock pessimism              0.229    22.928    
                         clock uncertainty           -0.302    22.626    
    SLICE_X31Y64         FDCE (Recov_fdce_C_CLR)     -0.405    22.221    block_design_i/hw1_0/inst/counter/led_reg[4]
  -------------------------------------------------------------------
                         required time                         22.221    
                         arrival time                          -5.599    
  -------------------------------------------------------------------
                         slack                                 16.622    

Slack (MET) :             16.622ns  (required time - arrival time)
  Source:                 block_design_i/rst_ps7_0_50M/U0/ACTIVE_LOW_PR_OUT_DFF[0].FDRE_PER_N/C
                            (rising edge-triggered cell FDRE clocked by clk_fpga_0  {rise@0.000ns fall@10.000ns period=20.000ns})
  Destination:            block_design_i/hw1_0/inst/counter/led_reg[5]/CLR
                            (recovery check against rising-edge clock clk_fpga_0  {rise@0.000ns fall@10.000ns period=20.000ns})
  Path Group:             **async_default**
  Path Type:              Recovery (Max at Slow Process Corner)
  Requirement:            20.000ns  (clk_fpga_0 rise@20.000ns - clk_fpga_0 rise@0.000ns)
  Data Path Delay:        2.661ns  (logic 0.580ns (21.799%)  route 2.081ns (78.201%))
  Logic Levels:           1  (LUT1=1)
  Clock Path Skew:        -0.010ns (DCD - SCD + CPR)
    Destination Clock Delay (DCD):    2.699ns = ( 22.699 - 20.000 ) 
    Source Clock Delay      (SCD):    2.938ns
    Clock Pessimism Removal (CPR):    0.229ns
  Clock Uncertainty:      0.302ns  ((TSJ^2 + TIJ^2)^1/2 + DJ) / 2 + PE
    Total System Jitter     (TSJ):    0.071ns
    Total Input Jitter      (TIJ):    0.600ns
    Discrete Jitter          (DJ):    0.000ns
    Phase Error              (PE):    0.000ns

    Location             Delay type                Incr(ns)  Path(ns)    Netlist Resource(s)
  -------------------------------------------------------------------    -------------------
                         (clock clk_fpga_0 rise edge)
                                                      0.000     0.000 r  
    PS7_X0Y0             PS7                          0.000     0.000 r  block_design_i/processing_system7_0/inst/PS7_i/FCLKCLK[0]
                         net (fo=1, routed)           1.193     1.193    block_design_i/processing_system7_0/inst/FCLK_CLK_unbuffered[0]
    BUFGCTRL_X0Y16       BUFG (Prop_bufg_I_O)         0.101     1.294 r  block_design_i/processing_system7_0/inst/buffer_fclk_clk_0.FCLK_CLK_0_BUFG/O
                         net (fo=648, routed)         1.644     2.938    block_design_i/rst_ps7_0_50M/U0/slowest_sync_clk
    SLICE_X33Y83         FDRE                                         r  block_design_i/rst_ps7_0_50M/U0/ACTIVE_LOW_PR_OUT_DFF[0].FDRE_PER_N/C
  -------------------------------------------------------------------    -------------------
    SLICE_X33Y83         FDRE (Prop_fdre_C_Q)         0.456     3.394 r  block_design_i/rst_ps7_0_50M/U0/ACTIVE_LOW_PR_OUT_DFF[0].FDRE_PER_N/Q
                         net (fo=4, routed)           0.678     4.072    block_design_i/hw1_0/inst/hw1_v1_0_S00_AXI_inst/s00_axi_aresetn
    SLICE_X32Y84         LUT1 (Prop_lut1_I0_O)        0.124     4.196 f  block_design_i/hw1_0/inst/hw1_v1_0_S00_AXI_inst/led[7]_i_3/O
                         net (fo=150, routed)         1.403     5.599    block_design_i/hw1_0/inst/counter/rst0
    SLICE_X31Y64         FDCE                                         f  block_design_i/hw1_0/inst/counter/led_reg[5]/CLR
  -------------------------------------------------------------------    -------------------

                         (clock clk_fpga_0 rise edge)
                                                     20.000    20.000 r  
    PS7_X0Y0             PS7                          0.000    20.000 r  block_design_i/processing_system7_0/inst/PS7_i/FCLKCLK[0]
                         net (fo=1, routed)           1.088    21.088    block_design_i/processing_system7_0/inst/FCLK_CLK_unbuffered[0]
    BUFGCTRL_X0Y16       BUFG (Prop_bufg_I_O)         0.091    21.179 r  block_design_i/processing_system7_0/inst/buffer_fclk_clk_0.FCLK_CLK_0_BUFG/O
                         net (fo=648, routed)         1.520    22.699    block_design_i/hw1_0/inst/counter/s00_axi_aclk
    SLICE_X31Y64         FDCE                                         r  block_design_i/hw1_0/inst/counter/led_reg[5]/C
                         clock pessimism              0.229    22.928    
                         clock uncertainty           -0.302    22.626    
    SLICE_X31Y64         FDCE (Recov_fdce_C_CLR)     -0.405    22.221    block_design_i/hw1_0/inst/counter/led_reg[5]
  -------------------------------------------------------------------
                         required time                         22.221    
                         arrival time                          -5.599    
  -------------------------------------------------------------------
                         slack                                 16.622    

Slack (MET) :             16.622ns  (required time - arrival time)
  Source:                 block_design_i/rst_ps7_0_50M/U0/ACTIVE_LOW_PR_OUT_DFF[0].FDRE_PER_N/C
                            (rising edge-triggered cell FDRE clocked by clk_fpga_0  {rise@0.000ns fall@10.000ns period=20.000ns})
  Destination:            block_design_i/hw1_0/inst/counter/led_reg[6]/CLR
                            (recovery check against rising-edge clock clk_fpga_0  {rise@0.000ns fall@10.000ns period=20.000ns})
  Path Group:             **async_default**
  Path Type:              Recovery (Max at Slow Process Corner)
  Requirement:            20.000ns  (clk_fpga_0 rise@20.000ns - clk_fpga_0 rise@0.000ns)
  Data Path Delay:        2.661ns  (logic 0.580ns (21.799%)  route 2.081ns (78.201%))
  Logic Levels:           1  (LUT1=1)
  Clock Path Skew:        -0.010ns (DCD - SCD + CPR)
    Destination Clock Delay (DCD):    2.699ns = ( 22.699 - 20.000 ) 
    Source Clock Delay      (SCD):    2.938ns
    Clock Pessimism Removal (CPR):    0.229ns
  Clock Uncertainty:      0.302ns  ((TSJ^2 + TIJ^2)^1/2 + DJ) / 2 + PE
    Total System Jitter     (TSJ):    0.071ns
    Total Input Jitter      (TIJ):    0.600ns
    Discrete Jitter          (DJ):    0.000ns
    Phase Error              (PE):    0.000ns

    Location             Delay type                Incr(ns)  Path(ns)    Netlist Resource(s)
  -------------------------------------------------------------------    -------------------
                         (clock clk_fpga_0 rise edge)
                                                      0.000     0.000 r  
    PS7_X0Y0             PS7                          0.000     0.000 r  block_design_i/processing_system7_0/inst/PS7_i/FCLKCLK[0]
                         net (fo=1, routed)           1.193     1.193    block_design_i/processing_system7_0/inst/FCLK_CLK_unbuffered[0]
    BUFGCTRL_X0Y16       BUFG (Prop_bufg_I_O)         0.101     1.294 r  block_design_i/processing_system7_0/inst/buffer_fclk_clk_0.FCLK_CLK_0_BUFG/O
                         net (fo=648, routed)         1.644     2.938    block_design_i/rst_ps7_0_50M/U0/slowest_sync_clk
    SLICE_X33Y83         FDRE                                         r  block_design_i/rst_ps7_0_50M/U0/ACTIVE_LOW_PR_OUT_DFF[0].FDRE_PER_N/C
  -------------------------------------------------------------------    -------------------
    SLICE_X33Y83         FDRE (Prop_fdre_C_Q)         0.456     3.394 r  block_design_i/rst_ps7_0_50M/U0/ACTIVE_LOW_PR_OUT_DFF[0].FDRE_PER_N/Q
                         net (fo=4, routed)           0.678     4.072    block_design_i/hw1_0/inst/hw1_v1_0_S00_AXI_inst/s00_axi_aresetn
    SLICE_X32Y84         LUT1 (Prop_lut1_I0_O)        0.124     4.196 f  block_design_i/hw1_0/inst/hw1_v1_0_S00_AXI_inst/led[7]_i_3/O
                         net (fo=150, routed)         1.403     5.599    block_design_i/hw1_0/inst/counter/rst0
    SLICE_X31Y64         FDCE                                         f  block_design_i/hw1_0/inst/counter/led_reg[6]/CLR
  -------------------------------------------------------------------    -------------------

                         (clock clk_fpga_0 rise edge)
                                                     20.000    20.000 r  
    PS7_X0Y0             PS7                          0.000    20.000 r  block_design_i/processing_system7_0/inst/PS7_i/FCLKCLK[0]
                         net (fo=1, routed)           1.088    21.088    block_design_i/processing_system7_0/inst/FCLK_CLK_unbuffered[0]
    BUFGCTRL_X0Y16       BUFG (Prop_bufg_I_O)         0.091    21.179 r  block_design_i/processing_system7_0/inst/buffer_fclk_clk_0.FCLK_CLK_0_BUFG/O
                         net (fo=648, routed)         1.520    22.699    block_design_i/hw1_0/inst/counter/s00_axi_aclk
    SLICE_X31Y64         FDCE                                         r  block_design_i/hw1_0/inst/counter/led_reg[6]/C
                         clock pessimism              0.229    22.928    
                         clock uncertainty           -0.302    22.626    
    SLICE_X31Y64         FDCE (Recov_fdce_C_CLR)     -0.405    22.221    block_design_i/hw1_0/inst/counter/led_reg[6]
  -------------------------------------------------------------------
                         required time                         22.221    
                         arrival time                          -5.599    
  -------------------------------------------------------------------
                         slack                                 16.622    

Slack (MET) :             16.622ns  (required time - arrival time)
  Source:                 block_design_i/rst_ps7_0_50M/U0/ACTIVE_LOW_PR_OUT_DFF[0].FDRE_PER_N/C
                            (rising edge-triggered cell FDRE clocked by clk_fpga_0  {rise@0.000ns fall@10.000ns period=20.000ns})
  Destination:            block_design_i/hw1_0/inst/counter/led_reg[7]/CLR
                            (recovery check against rising-edge clock clk_fpga_0  {rise@0.000ns fall@10.000ns period=20.000ns})
  Path Group:             **async_default**
  Path Type:              Recovery (Max at Slow Process Corner)
  Requirement:            20.000ns  (clk_fpga_0 rise@20.000ns - clk_fpga_0 rise@0.000ns)
  Data Path Delay:        2.661ns  (logic 0.580ns (21.799%)  route 2.081ns (78.201%))
  Logic Levels:           1  (LUT1=1)
  Clock Path Skew:        -0.010ns (DCD - SCD + CPR)
    Destination Clock Delay (DCD):    2.699ns = ( 22.699 - 20.000 ) 
    Source Clock Delay      (SCD):    2.938ns
    Clock Pessimism Removal (CPR):    0.229ns
  Clock Uncertainty:      0.302ns  ((TSJ^2 + TIJ^2)^1/2 + DJ) / 2 + PE
    Total System Jitter     (TSJ):    0.071ns
    Total Input Jitter      (TIJ):    0.600ns
    Discrete Jitter          (DJ):    0.000ns
    Phase Error              (PE):    0.000ns

    Location             Delay type                Incr(ns)  Path(ns)    Netlist Resource(s)
  -------------------------------------------------------------------    -------------------
                         (clock clk_fpga_0 rise edge)
                                                      0.000     0.000 r  
    PS7_X0Y0             PS7                          0.000     0.000 r  block_design_i/processing_system7_0/inst/PS7_i/FCLKCLK[0]
                         net (fo=1, routed)           1.193     1.193    block_design_i/processing_system7_0/inst/FCLK_CLK_unbuffered[0]
    BUFGCTRL_X0Y16       BUFG (Prop_bufg_I_O)         0.101     1.294 r  block_design_i/processing_system7_0/inst/buffer_fclk_clk_0.FCLK_CLK_0_BUFG/O
                         net (fo=648, routed)         1.644     2.938    block_design_i/rst_ps7_0_50M/U0/slowest_sync_clk
    SLICE_X33Y83         FDRE                                         r  block_design_i/rst_ps7_0_50M/U0/ACTIVE_LOW_PR_OUT_DFF[0].FDRE_PER_N/C
  -------------------------------------------------------------------    -------------------
    SLICE_X33Y83         FDRE (Prop_fdre_C_Q)         0.456     3.394 r  block_design_i/rst_ps7_0_50M/U0/ACTIVE_LOW_PR_OUT_DFF[0].FDRE_PER_N/Q
                         net (fo=4, routed)           0.678     4.072    block_design_i/hw1_0/inst/hw1_v1_0_S00_AXI_inst/s00_axi_aresetn
    SLICE_X32Y84         LUT1 (Prop_lut1_I0_O)        0.124     4.196 f  block_design_i/hw1_0/inst/hw1_v1_0_S00_AXI_inst/led[7]_i_3/O
                         net (fo=150, routed)         1.403     5.599    block_design_i/hw1_0/inst/counter/rst0
    SLICE_X31Y64         FDCE                                         f  block_design_i/hw1_0/inst/counter/led_reg[7]/CLR
  -------------------------------------------------------------------    -------------------

                         (clock clk_fpga_0 rise edge)
                                                     20.000    20.000 r  
    PS7_X0Y0             PS7                          0.000    20.000 r  block_design_i/processing_system7_0/inst/PS7_i/FCLKCLK[0]
                         net (fo=1, routed)           1.088    21.088    block_design_i/processing_system7_0/inst/FCLK_CLK_unbuffered[0]
    BUFGCTRL_X0Y16       BUFG (Prop_bufg_I_O)         0.091    21.179 r  block_design_i/processing_system7_0/inst/buffer_fclk_clk_0.FCLK_CLK_0_BUFG/O
                         net (fo=648, routed)         1.520    22.699    block_design_i/hw1_0/inst/counter/s00_axi_aclk
    SLICE_X31Y64         FDCE                                         r  block_design_i/hw1_0/inst/counter/led_reg[7]/C
                         clock pessimism              0.229    22.928    
                         clock uncertainty           -0.302    22.626    
    SLICE_X31Y64         FDCE (Recov_fdce_C_CLR)     -0.405    22.221    block_design_i/hw1_0/inst/counter/led_reg[7]
  -------------------------------------------------------------------
                         required time                         22.221    
                         arrival time                          -5.599    
  -------------------------------------------------------------------
                         slack                                 16.622    

Slack (MET) :             16.666ns  (required time - arrival time)
  Source:                 block_design_i/rst_ps7_0_50M/U0/ACTIVE_LOW_PR_OUT_DFF[0].FDRE_PER_N/C
                            (rising edge-triggered cell FDRE clocked by clk_fpga_0  {rise@0.000ns fall@10.000ns period=20.000ns})
  Destination:            block_design_i/hw1_0/inst/counter/led_reg[0]/PRE
                            (recovery check against rising-edge clock clk_fpga_0  {rise@0.000ns fall@10.000ns period=20.000ns})
  Path Group:             **async_default**
  Path Type:              Recovery (Max at Slow Process Corner)
  Requirement:            20.000ns  (clk_fpga_0 rise@20.000ns - clk_fpga_0 rise@0.000ns)
  Data Path Delay:        2.661ns  (logic 0.580ns (21.799%)  route 2.081ns (78.201%))
  Logic Levels:           1  (LUT1=1)
  Clock Path Skew:        -0.010ns (DCD - SCD + CPR)
    Destination Clock Delay (DCD):    2.699ns = ( 22.699 - 20.000 ) 
    Source Clock Delay      (SCD):    2.938ns
    Clock Pessimism Removal (CPR):    0.229ns
  Clock Uncertainty:      0.302ns  ((TSJ^2 + TIJ^2)^1/2 + DJ) / 2 + PE
    Total System Jitter     (TSJ):    0.071ns
    Total Input Jitter      (TIJ):    0.600ns
    Discrete Jitter          (DJ):    0.000ns
    Phase Error              (PE):    0.000ns

    Location             Delay type                Incr(ns)  Path(ns)    Netlist Resource(s)
  -------------------------------------------------------------------    -------------------
                         (clock clk_fpga_0 rise edge)
                                                      0.000     0.000 r  
    PS7_X0Y0             PS7                          0.000     0.000 r  block_design_i/processing_system7_0/inst/PS7_i/FCLKCLK[0]
                         net (fo=1, routed)           1.193     1.193    block_design_i/processing_system7_0/inst/FCLK_CLK_unbuffered[0]
    BUFGCTRL_X0Y16       BUFG (Prop_bufg_I_O)         0.101     1.294 r  block_design_i/processing_system7_0/inst/buffer_fclk_clk_0.FCLK_CLK_0_BUFG/O
                         net (fo=648, routed)         1.644     2.938    block_design_i/rst_ps7_0_50M/U0/slowest_sync_clk
    SLICE_X33Y83         FDRE                                         r  block_design_i/rst_ps7_0_50M/U0/ACTIVE_LOW_PR_OUT_DFF[0].FDRE_PER_N/C
  -------------------------------------------------------------------    -------------------
    SLICE_X33Y83         FDRE (Prop_fdre_C_Q)         0.456     3.394 r  block_design_i/rst_ps7_0_50M/U0/ACTIVE_LOW_PR_OUT_DFF[0].FDRE_PER_N/Q
                         net (fo=4, routed)           0.678     4.072    block_design_i/hw1_0/inst/hw1_v1_0_S00_AXI_inst/s00_axi_aresetn
    SLICE_X32Y84         LUT1 (Prop_lut1_I0_O)        0.124     4.196 f  block_design_i/hw1_0/inst/hw1_v1_0_S00_AXI_inst/led[7]_i_3/O
                         net (fo=150, routed)         1.403     5.599    block_design_i/hw1_0/inst/counter/rst0
    SLICE_X30Y64         FDPE                                         f  block_design_i/hw1_0/inst/counter/led_reg[0]/PRE
  -------------------------------------------------------------------    -------------------

                         (clock clk_fpga_0 rise edge)
                                                     20.000    20.000 r  
    PS7_X0Y0             PS7                          0.000    20.000 r  block_design_i/processing_system7_0/inst/PS7_i/FCLKCLK[0]
                         net (fo=1, routed)           1.088    21.088    block_design_i/processing_system7_0/inst/FCLK_CLK_unbuffered[0]
    BUFGCTRL_X0Y16       BUFG (Prop_bufg_I_O)         0.091    21.179 r  block_design_i/processing_system7_0/inst/buffer_fclk_clk_0.FCLK_CLK_0_BUFG/O
                         net (fo=648, routed)         1.520    22.699    block_design_i/hw1_0/inst/counter/s00_axi_aclk
    SLICE_X30Y64         FDPE                                         r  block_design_i/hw1_0/inst/counter/led_reg[0]/C
                         clock pessimism              0.229    22.928    
                         clock uncertainty           -0.302    22.626    
    SLICE_X30Y64         FDPE (Recov_fdpe_C_PRE)     -0.361    22.265    block_design_i/hw1_0/inst/counter/led_reg[0]
  -------------------------------------------------------------------
                         required time                         22.265    
                         arrival time                          -5.599    
  -------------------------------------------------------------------
                         slack                                 16.666    

Slack (MET) :             17.117ns  (required time - arrival time)
  Source:                 block_design_i/rst_ps7_0_50M/U0/ACTIVE_LOW_PR_OUT_DFF[0].FDRE_PER_N/C
                            (rising edge-triggered cell FDRE clocked by clk_fpga_0  {rise@0.000ns fall@10.000ns period=20.000ns})
  Destination:            block_design_i/hw1_0/inst/counter/start_d_reg/CLR
                            (recovery check against rising-edge clock clk_fpga_0  {rise@0.000ns fall@10.000ns period=20.000ns})
  Path Group:             **async_default**
  Path Type:              Recovery (Max at Slow Process Corner)
  Requirement:            20.000ns  (clk_fpga_0 rise@20.000ns - clk_fpga_0 rise@0.000ns)
  Data Path Delay:        2.166ns  (logic 0.580ns (26.775%)  route 1.586ns (73.225%))
  Logic Levels:           1  (LUT1=1)
  Clock Path Skew:        -0.010ns (DCD - SCD + CPR)
    Destination Clock Delay (DCD):    2.699ns = ( 22.699 - 20.000 ) 
    Source Clock Delay      (SCD):    2.938ns
    Clock Pessimism Removal (CPR):    0.229ns
  Clock Uncertainty:      0.302ns  ((TSJ^2 + TIJ^2)^1/2 + DJ) / 2 + PE
    Total System Jitter     (TSJ):    0.071ns
    Total Input Jitter      (TIJ):    0.600ns
    Discrete Jitter          (DJ):    0.000ns
    Phase Error              (PE):    0.000ns

    Location             Delay type                Incr(ns)  Path(ns)    Netlist Resource(s)
  -------------------------------------------------------------------    -------------------
                         (clock clk_fpga_0 rise edge)
                                                      0.000     0.000 r  
    PS7_X0Y0             PS7                          0.000     0.000 r  block_design_i/processing_system7_0/inst/PS7_i/FCLKCLK[0]
                         net (fo=1, routed)           1.193     1.193    block_design_i/processing_system7_0/inst/FCLK_CLK_unbuffered[0]
    BUFGCTRL_X0Y16       BUFG (Prop_bufg_I_O)         0.101     1.294 r  block_design_i/processing_system7_0/inst/buffer_fclk_clk_0.FCLK_CLK_0_BUFG/O
                         net (fo=648, routed)         1.644     2.938    block_design_i/rst_ps7_0_50M/U0/slowest_sync_clk
    SLICE_X33Y83         FDRE                                         r  block_design_i/rst_ps7_0_50M/U0/ACTIVE_LOW_PR_OUT_DFF[0].FDRE_PER_N/C
  -------------------------------------------------------------------    -------------------
    SLICE_X33Y83         FDRE (Prop_fdre_C_Q)         0.456     3.394 r  block_design_i/rst_ps7_0_50M/U0/ACTIVE_LOW_PR_OUT_DFF[0].FDRE_PER_N/Q
                         net (fo=4, routed)           0.678     4.072    block_design_i/hw1_0/inst/hw1_v1_0_S00_AXI_inst/s00_axi_aresetn
    SLICE_X32Y84         LUT1 (Prop_lut1_I0_O)        0.124     4.196 f  block_design_i/hw1_0/inst/hw1_v1_0_S00_AXI_inst/led[7]_i_3/O
                         net (fo=150, routed)         0.909     5.104    block_design_i/hw1_0/inst/counter/rst0
    SLICE_X29Y85         FDCE                                         f  block_design_i/hw1_0/inst/counter/start_d_reg/CLR
  -------------------------------------------------------------------    -------------------

                         (clock clk_fpga_0 rise edge)
                                                     20.000    20.000 r  
    PS7_X0Y0             PS7                          0.000    20.000 r  block_design_i/processing_system7_0/inst/PS7_i/FCLKCLK[0]
                         net (fo=1, routed)           1.088    21.088    block_design_i/processing_system7_0/inst/FCLK_CLK_unbuffered[0]
    BUFGCTRL_X0Y16       BUFG (Prop_bufg_I_O)         0.091    21.179 r  block_design_i/processing_system7_0/inst/buffer_fclk_clk_0.FCLK_CLK_0_BUFG/O
                         net (fo=648, routed)         1.520    22.699    block_design_i/hw1_0/inst/counter/s00_axi_aclk
    SLICE_X29Y85         FDCE                                         r  block_design_i/hw1_0/inst/counter/start_d_reg/C
                         clock pessimism              0.229    22.928    
                         clock uncertainty           -0.302    22.626    
    SLICE_X29Y85         FDCE (Recov_fdce_C_CLR)     -0.405    22.221    block_design_i/hw1_0/inst/counter/start_d_reg
  -------------------------------------------------------------------
                         required time                         22.221    
                         arrival time                          -5.104    
  -------------------------------------------------------------------
                         slack                                 17.117    





Min Delay Paths
--------------------------------------------------------------------------------------
Slack (MET) :             0.806ns  (arrival time - required time)
  Source:                 block_design_i/rst_ps7_0_50M/U0/ACTIVE_LOW_PR_OUT_DFF[0].FDRE_PER_N/C
                            (rising edge-triggered cell FDRE clocked by clk_fpga_0  {rise@0.000ns fall@10.000ns period=20.000ns})
  Destination:            block_design_i/hw1_0/inst/counter/count_reg[0]/CLR
                            (removal check against rising-edge clock clk_fpga_0  {rise@0.000ns fall@10.000ns period=20.000ns})
  Path Group:             **async_default**
  Path Type:              Removal (Min at Fast Process Corner)
  Requirement:            0.000ns  (clk_fpga_0 rise@0.000ns - clk_fpga_0 rise@0.000ns)
  Data Path Delay:        0.764ns  (logic 0.186ns (24.344%)  route 0.578ns (75.656%))
  Logic Levels:           1  (LUT1=1)
  Clock Path Skew:        0.050ns (DCD - SCD - CPR)
    Destination Clock Delay (DCD):    1.203ns
    Source Clock Delay      (SCD):    0.889ns
    Clock Pessimism Removal (CPR):    0.264ns

    Location             Delay type                Incr(ns)  Path(ns)    Netlist Resource(s)
  -------------------------------------------------------------------    -------------------
                         (clock clk_fpga_0 rise edge)
                                                      0.000     0.000 r  
    PS7_X0Y0             PS7                          0.000     0.000 r  block_design_i/processing_system7_0/inst/PS7_i/FCLKCLK[0]
                         net (fo=1, routed)           0.310     0.310    block_design_i/processing_system7_0/inst/FCLK_CLK_unbuffered[0]
    BUFGCTRL_X0Y16       BUFG (Prop_bufg_I_O)         0.026     0.336 r  block_design_i/processing_system7_0/inst/buffer_fclk_clk_0.FCLK_CLK_0_BUFG/O
                         net (fo=648, routed)         0.553     0.889    block_design_i/rst_ps7_0_50M/U0/slowest_sync_clk
    SLICE_X33Y83         FDRE                                         r  block_design_i/rst_ps7_0_50M/U0/ACTIVE_LOW_PR_OUT_DFF[0].FDRE_PER_N/C
  -------------------------------------------------------------------    -------------------
    SLICE_X33Y83         FDRE (Prop_fdre_C_Q)         0.141     1.030 r  block_design_i/rst_ps7_0_50M/U0/ACTIVE_LOW_PR_OUT_DFF[0].FDRE_PER_N/Q
                         net (fo=4, routed)           0.234     1.263    block_design_i/hw1_0/inst/hw1_v1_0_S00_AXI_inst/s00_axi_aresetn
    SLICE_X32Y84         LUT1 (Prop_lut1_I0_O)        0.045     1.308 f  block_design_i/hw1_0/inst/hw1_v1_0_S00_AXI_inst/led[7]_i_3/O
                         net (fo=150, routed)         0.345     1.653    block_design_i/hw1_0/inst/counter/rst0
    SLICE_X29Y83         FDCE                                         f  block_design_i/hw1_0/inst/counter/count_reg[0]/CLR
  -------------------------------------------------------------------    -------------------

                         (clock clk_fpga_0 rise edge)
                                                      0.000     0.000 r  
    PS7_X0Y0             PS7                          0.000     0.000 r  block_design_i/processing_system7_0/inst/PS7_i/FCLKCLK[0]
                         net (fo=1, routed)           0.337     0.337    block_design_i/processing_system7_0/inst/FCLK_CLK_unbuffered[0]
    BUFGCTRL_X0Y16       BUFG (Prop_bufg_I_O)         0.029     0.366 r  block_design_i/processing_system7_0/inst/buffer_fclk_clk_0.FCLK_CLK_0_BUFG/O
                         net (fo=648, routed)         0.837     1.203    block_design_i/hw1_0/inst/counter/s00_axi_aclk
    SLICE_X29Y83         FDCE                                         r  block_design_i/hw1_0/inst/counter/count_reg[0]/C
                         clock pessimism             -0.264     0.939    
    SLICE_X29Y83         FDCE (Remov_fdce_C_CLR)     -0.092     0.847    block_design_i/hw1_0/inst/counter/count_reg[0]
  -------------------------------------------------------------------
                         required time                         -0.847    
                         arrival time                           1.653    
  -------------------------------------------------------------------
                         slack                                  0.806    

Slack (MET) :             0.806ns  (arrival time - required time)
  Source:                 block_design_i/rst_ps7_0_50M/U0/ACTIVE_LOW_PR_OUT_DFF[0].FDRE_PER_N/C
                            (rising edge-triggered cell FDRE clocked by clk_fpga_0  {rise@0.000ns fall@10.000ns period=20.000ns})
  Destination:            block_design_i/hw1_0/inst/counter/count_reg[1]/CLR
                            (removal check against rising-edge clock clk_fpga_0  {rise@0.000ns fall@10.000ns period=20.000ns})
  Path Group:             **async_default**
  Path Type:              Removal (Min at Fast Process Corner)
  Requirement:            0.000ns  (clk_fpga_0 rise@0.000ns - clk_fpga_0 rise@0.000ns)
  Data Path Delay:        0.764ns  (logic 0.186ns (24.344%)  route 0.578ns (75.656%))
  Logic Levels:           1  (LUT1=1)
  Clock Path Skew:        0.050ns (DCD - SCD - CPR)
    Destination Clock Delay (DCD):    1.203ns
    Source Clock Delay      (SCD):    0.889ns
    Clock Pessimism Removal (CPR):    0.264ns

    Location             Delay type                Incr(ns)  Path(ns)    Netlist Resource(s)
  -------------------------------------------------------------------    -------------------
                         (clock clk_fpga_0 rise edge)
                                                      0.000     0.000 r  
    PS7_X0Y0             PS7                          0.000     0.000 r  block_design_i/processing_system7_0/inst/PS7_i/FCLKCLK[0]
                         net (fo=1, routed)           0.310     0.310    block_design_i/processing_system7_0/inst/FCLK_CLK_unbuffered[0]
    BUFGCTRL_X0Y16       BUFG (Prop_bufg_I_O)         0.026     0.336 r  block_design_i/processing_system7_0/inst/buffer_fclk_clk_0.FCLK_CLK_0_BUFG/O
                         net (fo=648, routed)         0.553     0.889    block_design_i/rst_ps7_0_50M/U0/slowest_sync_clk
    SLICE_X33Y83         FDRE                                         r  block_design_i/rst_ps7_0_50M/U0/ACTIVE_LOW_PR_OUT_DFF[0].FDRE_PER_N/C
  -------------------------------------------------------------------    -------------------
    SLICE_X33Y83         FDRE (Prop_fdre_C_Q)         0.141     1.030 r  block_design_i/rst_ps7_0_50M/U0/ACTIVE_LOW_PR_OUT_DFF[0].FDRE_PER_N/Q
                         net (fo=4, routed)           0.234     1.263    block_design_i/hw1_0/inst/hw1_v1_0_S00_AXI_inst/s00_axi_aresetn
    SLICE_X32Y84         LUT1 (Prop_lut1_I0_O)        0.045     1.308 f  block_design_i/hw1_0/inst/hw1_v1_0_S00_AXI_inst/led[7]_i_3/O
                         net (fo=150, routed)         0.345     1.653    block_design_i/hw1_0/inst/counter/rst0
    SLICE_X29Y83         FDCE                                         f  block_design_i/hw1_0/inst/counter/count_reg[1]/CLR
  -------------------------------------------------------------------    -------------------

                         (clock clk_fpga_0 rise edge)
                                                      0.000     0.000 r  
    PS7_X0Y0             PS7                          0.000     0.000 r  block_design_i/processing_system7_0/inst/PS7_i/FCLKCLK[0]
                         net (fo=1, routed)           0.337     0.337    block_design_i/processing_system7_0/inst/FCLK_CLK_unbuffered[0]
    BUFGCTRL_X0Y16       BUFG (Prop_bufg_I_O)         0.029     0.366 r  block_design_i/processing_system7_0/inst/buffer_fclk_clk_0.FCLK_CLK_0_BUFG/O
                         net (fo=648, routed)         0.837     1.203    block_design_i/hw1_0/inst/counter/s00_axi_aclk
    SLICE_X29Y83         FDCE                                         r  block_design_i/hw1_0/inst/counter/count_reg[1]/C
                         clock pessimism             -0.264     0.939    
    SLICE_X29Y83         FDCE (Remov_fdce_C_CLR)     -0.092     0.847    block_design_i/hw1_0/inst/counter/count_reg[1]
  -------------------------------------------------------------------
                         required time                         -0.847    
                         arrival time                           1.653    
  -------------------------------------------------------------------
                         slack                                  0.806    

Slack (MET) :             0.874ns  (arrival time - required time)
  Source:                 block_design_i/rst_ps7_0_50M/U0/ACTIVE_LOW_PR_OUT_DFF[0].FDRE_PER_N/C
                            (rising edge-triggered cell FDRE clocked by clk_fpga_0  {rise@0.000ns fall@10.000ns period=20.000ns})
  Destination:            block_design_i/hw1_0/inst/counter/start_d_reg/CLR
                            (removal check against rising-edge clock clk_fpga_0  {rise@0.000ns fall@10.000ns period=20.000ns})
  Path Group:             **async_default**
  Path Type:              Removal (Min at Fast Process Corner)
  Requirement:            0.000ns  (clk_fpga_0 rise@0.000ns - clk_fpga_0 rise@0.000ns)
  Data Path Delay:        0.834ns  (logic 0.186ns (22.297%)  route 0.648ns (77.703%))
  Logic Levels:           1  (LUT1=1)
  Clock Path Skew:        0.052ns (DCD - SCD - CPR)
    Destination Clock Delay (DCD):    1.205ns
    Source Clock Delay      (SCD):    0.889ns
    Clock Pessimism Removal (CPR):    0.264ns

    Location             Delay type                Incr(ns)  Path(ns)    Netlist Resource(s)
  -------------------------------------------------------------------    -------------------
                         (clock clk_fpga_0 rise edge)
                                                      0.000     0.000 r  
    PS7_X0Y0             PS7                          0.000     0.000 r  block_design_i/processing_system7_0/inst/PS7_i/FCLKCLK[0]
                         net (fo=1, routed)           0.310     0.310    block_design_i/processing_system7_0/inst/FCLK_CLK_unbuffered[0]
    BUFGCTRL_X0Y16       BUFG (Prop_bufg_I_O)         0.026     0.336 r  block_design_i/processing_system7_0/inst/buffer_fclk_clk_0.FCLK_CLK_0_BUFG/O
                         net (fo=648, routed)         0.553     0.889    block_design_i/rst_ps7_0_50M/U0/slowest_sync_clk
    SLICE_X33Y83         FDRE                                         r  block_design_i/rst_ps7_0_50M/U0/ACTIVE_LOW_PR_OUT_DFF[0].FDRE_PER_N/C
  -------------------------------------------------------------------    -------------------
    SLICE_X33Y83         FDRE (Prop_fdre_C_Q)         0.141     1.030 r  block_design_i/rst_ps7_0_50M/U0/ACTIVE_LOW_PR_OUT_DFF[0].FDRE_PER_N/Q
                         net (fo=4, routed)           0.234     1.263    block_design_i/hw1_0/inst/hw1_v1_0_S00_AXI_inst/s00_axi_aresetn
    SLICE_X32Y84         LUT1 (Prop_lut1_I0_O)        0.045     1.308 f  block_design_i/hw1_0/inst/hw1_v1_0_S00_AXI_inst/led[7]_i_3/O
                         net (fo=150, routed)         0.415     1.723    block_design_i/hw1_0/inst/counter/rst0
    SLICE_X29Y85         FDCE                                         f  block_design_i/hw1_0/inst/counter/start_d_reg/CLR
  -------------------------------------------------------------------    -------------------

                         (clock clk_fpga_0 rise edge)
                                                      0.000     0.000 r  
    PS7_X0Y0             PS7                          0.000     0.000 r  block_design_i/processing_system7_0/inst/PS7_i/FCLKCLK[0]
                         net (fo=1, routed)           0.337     0.337    block_design_i/processing_system7_0/inst/FCLK_CLK_unbuffered[0]
    BUFGCTRL_X0Y16       BUFG (Prop_bufg_I_O)         0.029     0.366 r  block_design_i/processing_system7_0/inst/buffer_fclk_clk_0.FCLK_CLK_0_BUFG/O
                         net (fo=648, routed)         0.839     1.205    block_design_i/hw1_0/inst/counter/s00_axi_aclk
    SLICE_X29Y85         FDCE                                         r  block_design_i/hw1_0/inst/counter/start_d_reg/C
                         clock pessimism             -0.264     0.941    
    SLICE_X29Y85         FDCE (Remov_fdce_C_CLR)     -0.092     0.849    block_design_i/hw1_0/inst/counter/start_d_reg
  -------------------------------------------------------------------
                         required time                         -0.849    
                         arrival time                           1.723    
  -------------------------------------------------------------------
                         slack                                  0.874    

Slack (MET) :             1.076ns  (arrival time - required time)
  Source:                 block_design_i/rst_ps7_0_50M/U0/ACTIVE_LOW_PR_OUT_DFF[0].FDRE_PER_N/C
                            (rising edge-triggered cell FDRE clocked by clk_fpga_0  {rise@0.000ns fall@10.000ns period=20.000ns})
  Destination:            block_design_i/hw1_0/inst/counter/led_reg[0]/PRE
                            (removal check against rising-edge clock clk_fpga_0  {rise@0.000ns fall@10.000ns period=20.000ns})
  Path Group:             **async_default**
  Path Type:              Removal (Min at Fast Process Corner)
  Requirement:            0.000ns  (clk_fpga_0 rise@0.000ns - clk_fpga_0 rise@0.000ns)
  Data Path Delay:        1.057ns  (logic 0.186ns (17.603%)  route 0.871ns (82.397%))
  Logic Levels:           1  (LUT1=1)
  Clock Path Skew:        0.052ns (DCD - SCD - CPR)
    Destination Clock Delay (DCD):    1.205ns
    Source Clock Delay      (SCD):    0.889ns
    Clock Pessimism Removal (CPR):    0.264ns

    Location             Delay type                Incr(ns)  Path(ns)    Netlist Resource(s)
  -------------------------------------------------------------------    -------------------
                         (clock clk_fpga_0 rise edge)
                                                      0.000     0.000 r  
    PS7_X0Y0             PS7                          0.000     0.000 r  block_design_i/processing_system7_0/inst/PS7_i/FCLKCLK[0]
                         net (fo=1, routed)           0.310     0.310    block_design_i/processing_system7_0/inst/FCLK_CLK_unbuffered[0]
    BUFGCTRL_X0Y16       BUFG (Prop_bufg_I_O)         0.026     0.336 r  block_design_i/processing_system7_0/inst/buffer_fclk_clk_0.FCLK_CLK_0_BUFG/O
                         net (fo=648, routed)         0.553     0.889    block_design_i/rst_ps7_0_50M/U0/slowest_sync_clk
    SLICE_X33Y83         FDRE                                         r  block_design_i/rst_ps7_0_50M/U0/ACTIVE_LOW_PR_OUT_DFF[0].FDRE_PER_N/C
  -------------------------------------------------------------------    -------------------
    SLICE_X33Y83         FDRE (Prop_fdre_C_Q)         0.141     1.030 r  block_design_i/rst_ps7_0_50M/U0/ACTIVE_LOW_PR_OUT_DFF[0].FDRE_PER_N/Q
                         net (fo=4, routed)           0.234     1.263    block_design_i/hw1_0/inst/hw1_v1_0_S00_AXI_inst/s00_axi_aresetn
    SLICE_X32Y84         LUT1 (Prop_lut1_I0_O)        0.045     1.308 f  block_design_i/hw1_0/inst/hw1_v1_0_S00_AXI_inst/led[7]_i_3/O
                         net (fo=150, routed)         0.637     1.945    block_design_i/hw1_0/inst/counter/rst0
    SLICE_X30Y64         FDPE                                         f  block_design_i/hw1_0/inst/counter/led_reg[0]/PRE
  -------------------------------------------------------------------    -------------------

                         (clock clk_fpga_0 rise edge)
                                                      0.000     0.000 r  
    PS7_X0Y0             PS7                          0.000     0.000 r  block_design_i/processing_system7_0/inst/PS7_i/FCLKCLK[0]
                         net (fo=1, routed)           0.337     0.337    block_design_i/processing_system7_0/inst/FCLK_CLK_unbuffered[0]
    BUFGCTRL_X0Y16       BUFG (Prop_bufg_I_O)         0.029     0.366 r  block_design_i/processing_system7_0/inst/buffer_fclk_clk_0.FCLK_CLK_0_BUFG/O
                         net (fo=648, routed)         0.839     1.205    block_design_i/hw1_0/inst/counter/s00_axi_aclk
    SLICE_X30Y64         FDPE                                         r  block_design_i/hw1_0/inst/counter/led_reg[0]/C
                         clock pessimism             -0.264     0.941    
    SLICE_X30Y64         FDPE (Remov_fdpe_C_PRE)     -0.071     0.870    block_design_i/hw1_0/inst/counter/led_reg[0]
  -------------------------------------------------------------------
                         required time                         -0.870    
                         arrival time                           1.945    
  -------------------------------------------------------------------
                         slack                                  1.076    

Slack (MET) :             1.097ns  (arrival time - required time)
  Source:                 block_design_i/rst_ps7_0_50M/U0/ACTIVE_LOW_PR_OUT_DFF[0].FDRE_PER_N/C
                            (rising edge-triggered cell FDRE clocked by clk_fpga_0  {rise@0.000ns fall@10.000ns period=20.000ns})
  Destination:            block_design_i/hw1_0/inst/counter/count_reg[2]/CLR
                            (removal check against rising-edge clock clk_fpga_0  {rise@0.000ns fall@10.000ns period=20.000ns})
  Path Group:             **async_default**
  Path Type:              Removal (Min at Fast Process Corner)
  Requirement:            0.000ns  (clk_fpga_0 rise@0.000ns - clk_fpga_0 rise@0.000ns)
  Data Path Delay:        1.057ns  (logic 0.186ns (17.603%)  route 0.871ns (82.397%))
  Logic Levels:           1  (LUT1=1)
  Clock Path Skew:        0.052ns (DCD - SCD - CPR)
    Destination Clock Delay (DCD):    1.205ns
    Source Clock Delay      (SCD):    0.889ns
    Clock Pessimism Removal (CPR):    0.264ns

    Location             Delay type                Incr(ns)  Path(ns)    Netlist Resource(s)
  -------------------------------------------------------------------    -------------------
                         (clock clk_fpga_0 rise edge)
                                                      0.000     0.000 r  
    PS7_X0Y0             PS7                          0.000     0.000 r  block_design_i/processing_system7_0/inst/PS7_i/FCLKCLK[0]
                         net (fo=1, routed)           0.310     0.310    block_design_i/processing_system7_0/inst/FCLK_CLK_unbuffered[0]
    BUFGCTRL_X0Y16       BUFG (Prop_bufg_I_O)         0.026     0.336 r  block_design_i/processing_system7_0/inst/buffer_fclk_clk_0.FCLK_CLK_0_BUFG/O
                         net (fo=648, routed)         0.553     0.889    block_design_i/rst_ps7_0_50M/U0/slowest_sync_clk
    SLICE_X33Y83         FDRE                                         r  block_design_i/rst_ps7_0_50M/U0/ACTIVE_LOW_PR_OUT_DFF[0].FDRE_PER_N/C
  -------------------------------------------------------------------    -------------------
    SLICE_X33Y83         FDRE (Prop_fdre_C_Q)         0.141     1.030 r  block_design_i/rst_ps7_0_50M/U0/ACTIVE_LOW_PR_OUT_DFF[0].FDRE_PER_N/Q
                         net (fo=4, routed)           0.234     1.263    block_design_i/hw1_0/inst/hw1_v1_0_S00_AXI_inst/s00_axi_aresetn
    SLICE_X32Y84         LUT1 (Prop_lut1_I0_O)        0.045     1.308 f  block_design_i/hw1_0/inst/hw1_v1_0_S00_AXI_inst/led[7]_i_3/O
                         net (fo=150, routed)         0.637     1.945    block_design_i/hw1_0/inst/counter/rst0
    SLICE_X31Y64         FDCE                                         f  block_design_i/hw1_0/inst/counter/count_reg[2]/CLR
  -------------------------------------------------------------------    -------------------

                         (clock clk_fpga_0 rise edge)
                                                      0.000     0.000 r  
    PS7_X0Y0             PS7                          0.000     0.000 r  block_design_i/processing_system7_0/inst/PS7_i/FCLKCLK[0]
                         net (fo=1, routed)           0.337     0.337    block_design_i/processing_system7_0/inst/FCLK_CLK_unbuffered[0]
    BUFGCTRL_X0Y16       BUFG (Prop_bufg_I_O)         0.029     0.366 r  block_design_i/processing_system7_0/inst/buffer_fclk_clk_0.FCLK_CLK_0_BUFG/O
                         net (fo=648, routed)         0.839     1.205    block_design_i/hw1_0/inst/counter/s00_axi_aclk
    SLICE_X31Y64         FDCE                                         r  block_design_i/hw1_0/inst/counter/count_reg[2]/C
                         clock pessimism             -0.264     0.941    
    SLICE_X31Y64         FDCE (Remov_fdce_C_CLR)     -0.092     0.849    block_design_i/hw1_0/inst/counter/count_reg[2]
  -------------------------------------------------------------------
                         required time                         -0.849    
                         arrival time                           1.945    
  -------------------------------------------------------------------
                         slack                                  1.097    

Slack (MET) :             1.097ns  (arrival time - required time)
  Source:                 block_design_i/rst_ps7_0_50M/U0/ACTIVE_LOW_PR_OUT_DFF[0].FDRE_PER_N/C
                            (rising edge-triggered cell FDRE clocked by clk_fpga_0  {rise@0.000ns fall@10.000ns period=20.000ns})
  Destination:            block_design_i/hw1_0/inst/counter/led_reg[1]/CLR
                            (removal check against rising-edge clock clk_fpga_0  {rise@0.000ns fall@10.000ns period=20.000ns})
  Path Group:             **async_default**
  Path Type:              Removal (Min at Fast Process Corner)
  Requirement:            0.000ns  (clk_fpga_0 rise@0.000ns - clk_fpga_0 rise@0.000ns)
  Data Path Delay:        1.057ns  (logic 0.186ns (17.603%)  route 0.871ns (82.397%))
  Logic Levels:           1  (LUT1=1)
  Clock Path Skew:        0.052ns (DCD - SCD - CPR)
    Destination Clock Delay (DCD):    1.205ns
    Source Clock Delay      (SCD):    0.889ns
    Clock Pessimism Removal (CPR):    0.264ns

    Location             Delay type                Incr(ns)  Path(ns)    Netlist Resource(s)
  -------------------------------------------------------------------    -------------------
                         (clock clk_fpga_0 rise edge)
                                                      0.000     0.000 r  
    PS7_X0Y0             PS7                          0.000     0.000 r  block_design_i/processing_system7_0/inst/PS7_i/FCLKCLK[0]
                         net (fo=1, routed)           0.310     0.310    block_design_i/processing_system7_0/inst/FCLK_CLK_unbuffered[0]
    BUFGCTRL_X0Y16       BUFG (Prop_bufg_I_O)         0.026     0.336 r  block_design_i/processing_system7_0/inst/buffer_fclk_clk_0.FCLK_CLK_0_BUFG/O
                         net (fo=648, routed)         0.553     0.889    block_design_i/rst_ps7_0_50M/U0/slowest_sync_clk
    SLICE_X33Y83         FDRE                                         r  block_design_i/rst_ps7_0_50M/U0/ACTIVE_LOW_PR_OUT_DFF[0].FDRE_PER_N/C
  -------------------------------------------------------------------    -------------------
    SLICE_X33Y83         FDRE (Prop_fdre_C_Q)         0.141     1.030 r  block_design_i/rst_ps7_0_50M/U0/ACTIVE_LOW_PR_OUT_DFF[0].FDRE_PER_N/Q
                         net (fo=4, routed)           0.234     1.263    block_design_i/hw1_0/inst/hw1_v1_0_S00_AXI_inst/s00_axi_aresetn
    SLICE_X32Y84         LUT1 (Prop_lut1_I0_O)        0.045     1.308 f  block_design_i/hw1_0/inst/hw1_v1_0_S00_AXI_inst/led[7]_i_3/O
                         net (fo=150, routed)         0.637     1.945    block_design_i/hw1_0/inst/counter/rst0
    SLICE_X31Y64         FDCE                                         f  block_design_i/hw1_0/inst/counter/led_reg[1]/CLR
  -------------------------------------------------------------------    -------------------

                         (clock clk_fpga_0 rise edge)
                                                      0.000     0.000 r  
    PS7_X0Y0             PS7                          0.000     0.000 r  block_design_i/processing_system7_0/inst/PS7_i/FCLKCLK[0]
                         net (fo=1, routed)           0.337     0.337    block_design_i/processing_system7_0/inst/FCLK_CLK_unbuffered[0]
    BUFGCTRL_X0Y16       BUFG (Prop_bufg_I_O)         0.029     0.366 r  block_design_i/processing_system7_0/inst/buffer_fclk_clk_0.FCLK_CLK_0_BUFG/O
                         net (fo=648, routed)         0.839     1.205    block_design_i/hw1_0/inst/counter/s00_axi_aclk
    SLICE_X31Y64         FDCE                                         r  block_design_i/hw1_0/inst/counter/led_reg[1]/C
                         clock pessimism             -0.264     0.941    
    SLICE_X31Y64         FDCE (Remov_fdce_C_CLR)     -0.092     0.849    block_design_i/hw1_0/inst/counter/led_reg[1]
  -------------------------------------------------------------------
                         required time                         -0.849    
                         arrival time                           1.945    
  -------------------------------------------------------------------
                         slack                                  1.097    

Slack (MET) :             1.097ns  (arrival time - required time)
  Source:                 block_design_i/rst_ps7_0_50M/U0/ACTIVE_LOW_PR_OUT_DFF[0].FDRE_PER_N/C
                            (rising edge-triggered cell FDRE clocked by clk_fpga_0  {rise@0.000ns fall@10.000ns period=20.000ns})
  Destination:            block_design_i/hw1_0/inst/counter/led_reg[2]/CLR
                            (removal check against rising-edge clock clk_fpga_0  {rise@0.000ns fall@10.000ns period=20.000ns})
  Path Group:             **async_default**
  Path Type:              Removal (Min at Fast Process Corner)
  Requirement:            0.000ns  (clk_fpga_0 rise@0.000ns - clk_fpga_0 rise@0.000ns)
  Data Path Delay:        1.057ns  (logic 0.186ns (17.603%)  route 0.871ns (82.397%))
  Logic Levels:           1  (LUT1=1)
  Clock Path Skew:        0.052ns (DCD - SCD - CPR)
    Destination Clock Delay (DCD):    1.205ns
    Source Clock Delay      (SCD):    0.889ns
    Clock Pessimism Removal (CPR):    0.264ns

    Location             Delay type                Incr(ns)  Path(ns)    Netlist Resource(s)
  -------------------------------------------------------------------    -------------------
                         (clock clk_fpga_0 rise edge)
                                                      0.000     0.000 r  
    PS7_X0Y0             PS7                          0.000     0.000 r  block_design_i/processing_system7_0/inst/PS7_i/FCLKCLK[0]
                         net (fo=1, routed)           0.310     0.310    block_design_i/processing_system7_0/inst/FCLK_CLK_unbuffered[0]
    BUFGCTRL_X0Y16       BUFG (Prop_bufg_I_O)         0.026     0.336 r  block_design_i/processing_system7_0/inst/buffer_fclk_clk_0.FCLK_CLK_0_BUFG/O
                         net (fo=648, routed)         0.553     0.889    block_design_i/rst_ps7_0_50M/U0/slowest_sync_clk
    SLICE_X33Y83         FDRE                                         r  block_design_i/rst_ps7_0_50M/U0/ACTIVE_LOW_PR_OUT_DFF[0].FDRE_PER_N/C
  -------------------------------------------------------------------    -------------------
    SLICE_X33Y83         FDRE (Prop_fdre_C_Q)         0.141     1.030 r  block_design_i/rst_ps7_0_50M/U0/ACTIVE_LOW_PR_OUT_DFF[0].FDRE_PER_N/Q
                         net (fo=4, routed)           0.234     1.263    block_design_i/hw1_0/inst/hw1_v1_0_S00_AXI_inst/s00_axi_aresetn
    SLICE_X32Y84         LUT1 (Prop_lut1_I0_O)        0.045     1.308 f  block_design_i/hw1_0/inst/hw1_v1_0_S00_AXI_inst/led[7]_i_3/O
                         net (fo=150, routed)         0.637     1.945    block_design_i/hw1_0/inst/counter/rst0
    SLICE_X31Y64         FDCE                                         f  block_design_i/hw1_0/inst/counter/led_reg[2]/CLR
  -------------------------------------------------------------------    -------------------

                         (clock clk_fpga_0 rise edge)
                                                      0.000     0.000 r  
    PS7_X0Y0             PS7                          0.000     0.000 r  block_design_i/processing_system7_0/inst/PS7_i/FCLKCLK[0]
                         net (fo=1, routed)           0.337     0.337    block_design_i/processing_system7_0/inst/FCLK_CLK_unbuffered[0]
    BUFGCTRL_X0Y16       BUFG (Prop_bufg_I_O)         0.029     0.366 r  block_design_i/processing_system7_0/inst/buffer_fclk_clk_0.FCLK_CLK_0_BUFG/O
                         net (fo=648, routed)         0.839     1.205    block_design_i/hw1_0/inst/counter/s00_axi_aclk
    SLICE_X31Y64         FDCE                                         r  block_design_i/hw1_0/inst/counter/led_reg[2]/C
                         clock pessimism             -0.264     0.941    
    SLICE_X31Y64         FDCE (Remov_fdce_C_CLR)     -0.092     0.849    block_design_i/hw1_0/inst/counter/led_reg[2]
  -------------------------------------------------------------------
                         required time                         -0.849    
                         arrival time                           1.945    
  -------------------------------------------------------------------
                         slack                                  1.097    

Slack (MET) :             1.097ns  (arrival time - required time)
  Source:                 block_design_i/rst_ps7_0_50M/U0/ACTIVE_LOW_PR_OUT_DFF[0].FDRE_PER_N/C
                            (rising edge-triggered cell FDRE clocked by clk_fpga_0  {rise@0.000ns fall@10.000ns period=20.000ns})
  Destination:            block_design_i/hw1_0/inst/counter/led_reg[3]/CLR
                            (removal check against rising-edge clock clk_fpga_0  {rise@0.000ns fall@10.000ns period=20.000ns})
  Path Group:             **async_default**
  Path Type:              Removal (Min at Fast Process Corner)
  Requirement:            0.000ns  (clk_fpga_0 rise@0.000ns - clk_fpga_0 rise@0.000ns)
  Data Path Delay:        1.057ns  (logic 0.186ns (17.603%)  route 0.871ns (82.397%))
  Logic Levels:           1  (LUT1=1)
  Clock Path Skew:        0.052ns (DCD - SCD - CPR)
    Destination Clock Delay (DCD):    1.205ns
    Source Clock Delay      (SCD):    0.889ns
    Clock Pessimism Removal (CPR):    0.264ns

    Location             Delay type                Incr(ns)  Path(ns)    Netlist Resource(s)
  -------------------------------------------------------------------    -------------------
                         (clock clk_fpga_0 rise edge)
                                                      0.000     0.000 r  
    PS7_X0Y0             PS7                          0.000     0.000 r  block_design_i/processing_system7_0/inst/PS7_i/FCLKCLK[0]
                         net (fo=1, routed)           0.310     0.310    block_design_i/processing_system7_0/inst/FCLK_CLK_unbuffered[0]
    BUFGCTRL_X0Y16       BUFG (Prop_bufg_I_O)         0.026     0.336 r  block_design_i/processing_system7_0/inst/buffer_fclk_clk_0.FCLK_CLK_0_BUFG/O
                         net (fo=648, routed)         0.553     0.889    block_design_i/rst_ps7_0_50M/U0/slowest_sync_clk
    SLICE_X33Y83         FDRE                                         r  block_design_i/rst_ps7_0_50M/U0/ACTIVE_LOW_PR_OUT_DFF[0].FDRE_PER_N/C
  -------------------------------------------------------------------    -------------------
    SLICE_X33Y83         FDRE (Prop_fdre_C_Q)         0.141     1.030 r  block_design_i/rst_ps7_0_50M/U0/ACTIVE_LOW_PR_OUT_DFF[0].FDRE_PER_N/Q
                         net (fo=4, routed)           0.234     1.263    block_design_i/hw1_0/inst/hw1_v1_0_S00_AXI_inst/s00_axi_aresetn
    SLICE_X32Y84         LUT1 (Prop_lut1_I0_O)        0.045     1.308 f  block_design_i/hw1_0/inst/hw1_v1_0_S00_AXI_inst/led[7]_i_3/O
                         net (fo=150, routed)         0.637     1.945    block_design_i/hw1_0/inst/counter/rst0
    SLICE_X31Y64         FDCE                                         f  block_design_i/hw1_0/inst/counter/led_reg[3]/CLR
  -------------------------------------------------------------------    -------------------

                         (clock clk_fpga_0 rise edge)
                                                      0.000     0.000 r  
    PS7_X0Y0             PS7                          0.000     0.000 r  block_design_i/processing_system7_0/inst/PS7_i/FCLKCLK[0]
                         net (fo=1, routed)           0.337     0.337    block_design_i/processing_system7_0/inst/FCLK_CLK_unbuffered[0]
    BUFGCTRL_X0Y16       BUFG (Prop_bufg_I_O)         0.029     0.366 r  block_design_i/processing_system7_0/inst/buffer_fclk_clk_0.FCLK_CLK_0_BUFG/O
                         net (fo=648, routed)         0.839     1.205    block_design_i/hw1_0/inst/counter/s00_axi_aclk
    SLICE_X31Y64         FDCE                                         r  block_design_i/hw1_0/inst/counter/led_reg[3]/C
                         clock pessimism             -0.264     0.941    
    SLICE_X31Y64         FDCE (Remov_fdce_C_CLR)     -0.092     0.849    block_design_i/hw1_0/inst/counter/led_reg[3]
  -------------------------------------------------------------------
                         required time                         -0.849    
                         arrival time                           1.945    
  -------------------------------------------------------------------
                         slack                                  1.097    

Slack (MET) :             1.097ns  (arrival time - required time)
  Source:                 block_design_i/rst_ps7_0_50M/U0/ACTIVE_LOW_PR_OUT_DFF[0].FDRE_PER_N/C
                            (rising edge-triggered cell FDRE clocked by clk_fpga_0  {rise@0.000ns fall@10.000ns period=20.000ns})
  Destination:            block_design_i/hw1_0/inst/counter/led_reg[4]/CLR
                            (removal check against rising-edge clock clk_fpga_0  {rise@0.000ns fall@10.000ns period=20.000ns})
  Path Group:             **async_default**
  Path Type:              Removal (Min at Fast Process Corner)
  Requirement:            0.000ns  (clk_fpga_0 rise@0.000ns - clk_fpga_0 rise@0.000ns)
  Data Path Delay:        1.057ns  (logic 0.186ns (17.603%)  route 0.871ns (82.397%))
  Logic Levels:           1  (LUT1=1)
  Clock Path Skew:        0.052ns (DCD - SCD - CPR)
    Destination Clock Delay (DCD):    1.205ns
    Source Clock Delay      (SCD):    0.889ns
    Clock Pessimism Removal (CPR):    0.264ns

    Location             Delay type                Incr(ns)  Path(ns)    Netlist Resource(s)
  -------------------------------------------------------------------    -------------------
                         (clock clk_fpga_0 rise edge)
                                                      0.000     0.000 r  
    PS7_X0Y0             PS7                          0.000     0.000 r  block_design_i/processing_system7_0/inst/PS7_i/FCLKCLK[0]
                         net (fo=1, routed)           0.310     0.310    block_design_i/processing_system7_0/inst/FCLK_CLK_unbuffered[0]
    BUFGCTRL_X0Y16       BUFG (Prop_bufg_I_O)         0.026     0.336 r  block_design_i/processing_system7_0/inst/buffer_fclk_clk_0.FCLK_CLK_0_BUFG/O
                         net (fo=648, routed)         0.553     0.889    block_design_i/rst_ps7_0_50M/U0/slowest_sync_clk
    SLICE_X33Y83         FDRE                                         r  block_design_i/rst_ps7_0_50M/U0/ACTIVE_LOW_PR_OUT_DFF[0].FDRE_PER_N/C
  -------------------------------------------------------------------    -------------------
    SLICE_X33Y83         FDRE (Prop_fdre_C_Q)         0.141     1.030 r  block_design_i/rst_ps7_0_50M/U0/ACTIVE_LOW_PR_OUT_DFF[0].FDRE_PER_N/Q
                         net (fo=4, routed)           0.234     1.263    block_design_i/hw1_0/inst/hw1_v1_0_S00_AXI_inst/s00_axi_aresetn
    SLICE_X32Y84         LUT1 (Prop_lut1_I0_O)        0.045     1.308 f  block_design_i/hw1_0/inst/hw1_v1_0_S00_AXI_inst/led[7]_i_3/O
                         net (fo=150, routed)         0.637     1.945    block_design_i/hw1_0/inst/counter/rst0
    SLICE_X31Y64         FDCE                                         f  block_design_i/hw1_0/inst/counter/led_reg[4]/CLR
  -------------------------------------------------------------------    -------------------

                         (clock clk_fpga_0 rise edge)
                                                      0.000     0.000 r  
    PS7_X0Y0             PS7                          0.000     0.000 r  block_design_i/processing_system7_0/inst/PS7_i/FCLKCLK[0]
                         net (fo=1, routed)           0.337     0.337    block_design_i/processing_system7_0/inst/FCLK_CLK_unbuffered[0]
    BUFGCTRL_X0Y16       BUFG (Prop_bufg_I_O)         0.029     0.366 r  block_design_i/processing_system7_0/inst/buffer_fclk_clk_0.FCLK_CLK_0_BUFG/O
                         net (fo=648, routed)         0.839     1.205    block_design_i/hw1_0/inst/counter/s00_axi_aclk
    SLICE_X31Y64         FDCE                                         r  block_design_i/hw1_0/inst/counter/led_reg[4]/C
                         clock pessimism             -0.264     0.941    
    SLICE_X31Y64         FDCE (Remov_fdce_C_CLR)     -0.092     0.849    block_design_i/hw1_0/inst/counter/led_reg[4]
  -------------------------------------------------------------------
                         required time                         -0.849    
                         arrival time                           1.945    
  -------------------------------------------------------------------
                         slack                                  1.097    

Slack (MET) :             1.097ns  (arrival time - required time)
  Source:                 block_design_i/rst_ps7_0_50M/U0/ACTIVE_LOW_PR_OUT_DFF[0].FDRE_PER_N/C
                            (rising edge-triggered cell FDRE clocked by clk_fpga_0  {rise@0.000ns fall@10.000ns period=20.000ns})
  Destination:            block_design_i/hw1_0/inst/counter/led_reg[5]/CLR
                            (removal check against rising-edge clock clk_fpga_0  {rise@0.000ns fall@10.000ns period=20.000ns})
  Path Group:             **async_default**
  Path Type:              Removal (Min at Fast Process Corner)
  Requirement:            0.000ns  (clk_fpga_0 rise@0.000ns - clk_fpga_0 rise@0.000ns)
  Data Path Delay:        1.057ns  (logic 0.186ns (17.603%)  route 0.871ns (82.397%))
  Logic Levels:           1  (LUT1=1)
  Clock Path Skew:        0.052ns (DCD - SCD - CPR)
    Destination Clock Delay (DCD):    1.205ns
    Source Clock Delay      (SCD):    0.889ns
    Clock Pessimism Removal (CPR):    0.264ns

    Location             Delay type                Incr(ns)  Path(ns)    Netlist Resource(s)
  -------------------------------------------------------------------    -------------------
                         (clock clk_fpga_0 rise edge)
                                                      0.000     0.000 r  
    PS7_X0Y0             PS7                          0.000     0.000 r  block_design_i/processing_system7_0/inst/PS7_i/FCLKCLK[0]
                         net (fo=1, routed)           0.310     0.310    block_design_i/processing_system7_0/inst/FCLK_CLK_unbuffered[0]
    BUFGCTRL_X0Y16       BUFG (Prop_bufg_I_O)         0.026     0.336 r  block_design_i/processing_system7_0/inst/buffer_fclk_clk_0.FCLK_CLK_0_BUFG/O
                         net (fo=648, routed)         0.553     0.889    block_design_i/rst_ps7_0_50M/U0/slowest_sync_clk
    SLICE_X33Y83         FDRE                                         r  block_design_i/rst_ps7_0_50M/U0/ACTIVE_LOW_PR_OUT_DFF[0].FDRE_PER_N/C
  -------------------------------------------------------------------    -------------------
    SLICE_X33Y83         FDRE (Prop_fdre_C_Q)         0.141     1.030 r  block_design_i/rst_ps7_0_50M/U0/ACTIVE_LOW_PR_OUT_DFF[0].FDRE_PER_N/Q
                         net (fo=4, routed)           0.234     1.263    block_design_i/hw1_0/inst/hw1_v1_0_S00_AXI_inst/s00_axi_aresetn
    SLICE_X32Y84         LUT1 (Prop_lut1_I0_O)        0.045     1.308 f  block_design_i/hw1_0/inst/hw1_v1_0_S00_AXI_inst/led[7]_i_3/O
                         net (fo=150, routed)         0.637     1.945    block_design_i/hw1_0/inst/counter/rst0
    SLICE_X31Y64         FDCE                                         f  block_design_i/hw1_0/inst/counter/led_reg[5]/CLR
  -------------------------------------------------------------------    -------------------

                         (clock clk_fpga_0 rise edge)
                                                      0.000     0.000 r  
    PS7_X0Y0             PS7                          0.000     0.000 r  block_design_i/processing_system7_0/inst/PS7_i/FCLKCLK[0]
                         net (fo=1, routed)           0.337     0.337    block_design_i/processing_system7_0/inst/FCLK_CLK_unbuffered[0]
    BUFGCTRL_X0Y16       BUFG (Prop_bufg_I_O)         0.029     0.366 r  block_design_i/processing_system7_0/inst/buffer_fclk_clk_0.FCLK_CLK_0_BUFG/O
                         net (fo=648, routed)         0.839     1.205    block_design_i/hw1_0/inst/counter/s00_axi_aclk
    SLICE_X31Y64         FDCE                                         r  block_design_i/hw1_0/inst/counter/led_reg[5]/C
                         clock pessimism             -0.264     0.941    
    SLICE_X31Y64         FDCE (Remov_fdce_C_CLR)     -0.092     0.849    block_design_i/hw1_0/inst/counter/led_reg[5]
  -------------------------------------------------------------------
                         required time                         -0.849    
                         arrival time                           1.945    
  -------------------------------------------------------------------
                         slack                                  1.097    





