Copyright 1986-2018 Xilinx, Inc. All Rights Reserved.
--------------------------------------------------------------------------------------------------------------------------------------------------------------------------------------------------------
| Tool Version : Vivado v.2018.3 (win64) Build 2405991 Thu Dec  6 23:38:27 MST 2018
| Date         : Wed May 14 13:41:25 2025
| Host         : yo running 64-bit major release  (build 9200)
| Command      : report_timing_summary -max_paths 10 -file hw2_wrapper_timing_summary_routed.rpt -pb hw2_wrapper_timing_summary_routed.pb -rpx hw2_wrapper_timing_summary_routed.rpx -warn_on_violation
| Design       : hw2_wrapper
| Device       : 7z020-clg484
| Speed File   : -1  PRODUCTION 1.11 2014-09-11
--------------------------------------------------------------------------------------------------------------------------------------------------------------------------------------------------------

Timing Summary Report

------------------------------------------------------------------------------------------------
| Timer Settings
| --------------
------------------------------------------------------------------------------------------------

  Enable Multi Corner Analysis               :  Yes
  Enable Pessimism Removal                   :  Yes
  Pessimism Removal Resolution               :  Nearest Common Node
  Enable Input Delay Default Clock           :  No
  Enable Preset / Clear Arcs                 :  No
  Disable Flight Delays                      :  No
  Ignore I/O Paths                           :  No
  Timing Early Launch at Borrowing Latches   :  false

  Corner  Analyze    Analyze    
  Name    Max Paths  Min Paths  
  ------  ---------  ---------  
  Slow    Yes        Yes        
  Fast    Yes        Yes        



check_timing report

Table of Contents
-----------------
1. checking no_clock
2. checking constant_clock
3. checking pulse_width_clock
4. checking unconstrained_internal_endpoints
5. checking no_input_delay
6. checking no_output_delay
7. checking multiple_clock
8. checking generated_clocks
9. checking loops
10. checking partial_input_delay
11. checking partial_output_delay
12. checking latch_loops

1. checking no_clock
--------------------
 There are 0 register/latch pins with no clock.


2. checking constant_clock
--------------------------
 There are 0 register/latch pins with constant_clock.


3. checking pulse_width_clock
-----------------------------
 There are 0 register/latch pins which need pulse_width check


4. checking unconstrained_internal_endpoints
--------------------------------------------
 There are 0 pins that are not constrained for maximum delay.

 There are 0 pins that are not constrained for maximum delay due to constant clock.


5. checking no_input_delay
--------------------------
 There is 1 input port with no input delay specified. (HIGH)

 There are 0 input ports with no input delay but user has a false path constraint.


6. checking no_output_delay
---------------------------
 There are 8 ports with no output delay specified. (HIGH)

 There are 0 ports with no output delay but user has a false path constraint

 There are 0 ports with no output delay but with a timing clock defined on it or propagating through it


7. checking multiple_clock
--------------------------
 There are 0 register/latch pins with multiple clocks.


8. checking generated_clocks
----------------------------
 There are 0 generated clocks that are not connected to a clock source.


9. checking loops
-----------------
 There are 0 combinational loops in the design.


10. checking partial_input_delay
--------------------------------
 There are 0 input ports with partial input delay specified.


11. checking partial_output_delay
---------------------------------
 There are 0 ports with partial output delay specified.


12. checking latch_loops
------------------------
 There are 0 combinational latch loops in the design through latch input



------------------------------------------------------------------------------------------------
| Design Timing Summary
| ---------------------
------------------------------------------------------------------------------------------------

    WNS(ns)      TNS(ns)  TNS Failing Endpoints  TNS Total Endpoints      WHS(ns)      THS(ns)  THS Failing Endpoints  THS Total Endpoints     WPWS(ns)     TPWS(ns)  TPWS Failing Endpoints  TPWS Total Endpoints  
    -------      -------  ---------------------  -------------------      -------      -------  ---------------------  -------------------     --------     --------  ----------------------  --------------------  
     13.120        0.000                      0                 1880        0.052        0.000                      0                 1880        9.020        0.000                       0                   889  


All user specified timing constraints are met.


------------------------------------------------------------------------------------------------
| Clock Summary
| -------------
------------------------------------------------------------------------------------------------

Clock       Waveform(ns)       Period(ns)      Frequency(MHz)
-----       ------------       ----------      --------------
clk_fpga_0  {0.000 10.000}     20.000          50.000          


------------------------------------------------------------------------------------------------
| Intra Clock Table
| -----------------
------------------------------------------------------------------------------------------------

Clock             WNS(ns)      TNS(ns)  TNS Failing Endpoints  TNS Total Endpoints      WHS(ns)      THS(ns)  THS Failing Endpoints  THS Total Endpoints     WPWS(ns)     TPWS(ns)  TPWS Failing Endpoints  TPWS Total Endpoints  
-----             -------      -------  ---------------------  -------------------      -------      -------  ---------------------  -------------------     --------     --------  ----------------------  --------------------  
clk_fpga_0         13.120        0.000                      0                 1866        0.052        0.000                      0                 1866        9.020        0.000                       0                   889  


------------------------------------------------------------------------------------------------
| Inter Clock Table
| -----------------
------------------------------------------------------------------------------------------------

From Clock    To Clock          WNS(ns)      TNS(ns)  TNS Failing Endpoints  TNS Total Endpoints      WHS(ns)      THS(ns)  THS Failing Endpoints  THS Total Endpoints  
----------    --------          -------      -------  ---------------------  -------------------      -------      -------  ---------------------  -------------------  


------------------------------------------------------------------------------------------------
| Other Path Groups Table
| -----------------------
------------------------------------------------------------------------------------------------

Path Group         From Clock         To Clock               WNS(ns)      TNS(ns)  TNS Failing Endpoints  TNS Total Endpoints      WHS(ns)      THS(ns)  THS Failing Endpoints  THS Total Endpoints  
----------         ----------         --------               -------      -------  ---------------------  -------------------      -------      -------  ---------------------  -------------------  
**async_default**  clk_fpga_0         clk_fpga_0              16.198        0.000                      0                   14        1.076        0.000                      0                   14  


------------------------------------------------------------------------------------------------
| Timing Details
| --------------
------------------------------------------------------------------------------------------------


---------------------------------------------------------------------------------------------------
From Clock:  clk_fpga_0
  To Clock:  clk_fpga_0

Setup :            0  Failing Endpoints,  Worst Slack       13.120ns,  Total Violation        0.000ns
Hold  :            0  Failing Endpoints,  Worst Slack        0.052ns,  Total Violation        0.000ns
PW    :            0  Failing Endpoints,  Worst Slack        9.020ns,  Total Violation        0.000ns
---------------------------------------------------------------------------------------------------


Max Delay Paths
--------------------------------------------------------------------------------------
Slack (MET) :             13.120ns  (required time - arrival time)
  Source:                 hw2_i/ps7_0_axi_periph/s00_couplers/auto_pc/inst/gen_axilite.gen_b2s_conv.axilite_b2s/SI_REG/ar.ar_pipe/m_payload_i_reg[36]/C
                            (rising edge-triggered cell FDRE clocked by clk_fpga_0  {rise@0.000ns fall@10.000ns period=20.000ns})
  Destination:            hw2_i/ps7_0_axi_periph/s00_couplers/auto_pc/inst/gen_axilite.gen_b2s_conv.axilite_b2s/RD.ar_channel_0/cmd_translator_0/wrap_cmd_0/wrap_cnt_r_reg[3]/D
                            (rising edge-triggered cell FDRE clocked by clk_fpga_0  {rise@0.000ns fall@10.000ns period=20.000ns})
  Path Group:             clk_fpga_0
  Path Type:              Setup (Max at Slow Process Corner)
  Requirement:            20.000ns  (clk_fpga_0 rise@20.000ns - clk_fpga_0 rise@0.000ns)
  Data Path Delay:        6.371ns  (logic 0.952ns (14.943%)  route 5.419ns (85.057%))
  Logic Levels:           4  (LUT4=1 LUT6=3)
  Clock Path Skew:        -0.238ns (DCD - SCD + CPR)
    Destination Clock Delay (DCD):    2.698ns = ( 22.698 - 20.000 ) 
    Source Clock Delay      (SCD):    3.051ns
    Clock Pessimism Removal (CPR):    0.115ns
  Clock Uncertainty:      0.302ns  ((TSJ^2 + TIJ^2)^1/2 + DJ) / 2 + PE
    Total System Jitter     (TSJ):    0.071ns
    Total Input Jitter      (TIJ):    0.600ns
    Discrete Jitter          (DJ):    0.000ns
    Phase Error              (PE):    0.000ns

    Location             Delay type                Incr(ns)  Path(ns)    Netlist Resource(s)
  -------------------------------------------------------------------    -------------------
                         (clock clk_fpga_0 rise edge)
                                                      0.000     0.000 r  
    PS7_X0Y0             PS7                          0.000     0.000 r  hw2_i/processing_system7_0/inst/PS7_i/FCLKCLK[0]
                         net (fo=1, routed)           1.193     1.193    hw2_i/processing_system7_0/inst/FCLK_CLK_unbuffered[0]
    BUFGCTRL_X0Y16       BUFG (Prop_bufg_I_O)         0.101     1.294 r  hw2_i/processing_system7_0/inst/buffer_fclk_clk_0.FCLK_CLK_0_BUFG/O
                         net (fo=889, routed)         1.757     3.051    hw2_i/ps7_0_axi_periph/s00_couplers/auto_pc/inst/gen_axilite.gen_b2s_conv.axilite_b2s/SI_REG/ar.ar_pipe/aclk
    SLICE_X17Y49         FDRE                                         r  hw2_i/ps7_0_axi_periph/s00_couplers/auto_pc/inst/gen_axilite.gen_b2s_conv.axilite_b2s/SI_REG/ar.ar_pipe/m_payload_i_reg[36]/C
  -------------------------------------------------------------------    -------------------
    SLICE_X17Y49         FDRE (Prop_fdre_C_Q)         0.456     3.507 r  hw2_i/ps7_0_axi_periph/s00_couplers/auto_pc/inst/gen_axilite.gen_b2s_conv.axilite_b2s/SI_REG/ar.ar_pipe/m_payload_i_reg[36]/Q
                         net (fo=27, routed)          3.310     6.817    hw2_i/ps7_0_axi_periph/s00_couplers/auto_pc/inst/gen_axilite.gen_b2s_conv.axilite_b2s/SI_REG/ar.ar_pipe/Q[36]
    SLICE_X29Y87         LUT6 (Prop_lut6_I3_O)        0.124     6.941 f  hw2_i/ps7_0_axi_periph/s00_couplers/auto_pc/inst/gen_axilite.gen_b2s_conv.axilite_b2s/SI_REG/ar.ar_pipe/axaddr_offset_r[3]_i_2__0/O
                         net (fo=1, routed)           0.582     7.523    hw2_i/ps7_0_axi_periph/s00_couplers/auto_pc/inst/gen_axilite.gen_b2s_conv.axilite_b2s/RD.ar_channel_0/ar_cmd_fsm_0/axaddr_offset_r_reg[3]_1
    SLICE_X30Y85         LUT6 (Prop_lut6_I1_O)        0.124     7.647 r  hw2_i/ps7_0_axi_periph/s00_couplers/auto_pc/inst/gen_axilite.gen_b2s_conv.axilite_b2s/RD.ar_channel_0/ar_cmd_fsm_0/axaddr_offset_r[3]_i_1__0/O
                         net (fo=5, routed)           0.856     8.503    hw2_i/ps7_0_axi_periph/s00_couplers/auto_pc/inst/gen_axilite.gen_b2s_conv.axilite_b2s/RD.ar_channel_0/ar_cmd_fsm_0/axaddr_offset[2]
    SLICE_X30Y85         LUT6 (Prop_lut6_I1_O)        0.124     8.627 r  hw2_i/ps7_0_axi_periph/s00_couplers/auto_pc/inst/gen_axilite.gen_b2s_conv.axilite_b2s/RD.ar_channel_0/ar_cmd_fsm_0/wrap_second_len_r[2]_i_1__0/O
                         net (fo=3, routed)           0.671     9.298    hw2_i/ps7_0_axi_periph/s00_couplers/auto_pc/inst/gen_axilite.gen_b2s_conv.axilite_b2s/RD.ar_channel_0/ar_cmd_fsm_0/D[2]
    SLICE_X31Y84         LUT4 (Prop_lut4_I3_O)        0.124     9.422 r  hw2_i/ps7_0_axi_periph/s00_couplers/auto_pc/inst/gen_axilite.gen_b2s_conv.axilite_b2s/RD.ar_channel_0/ar_cmd_fsm_0/wrap_cnt_r[3]_i_1__0/O
                         net (fo=1, routed)           0.000     9.422    hw2_i/ps7_0_axi_periph/s00_couplers/auto_pc/inst/gen_axilite.gen_b2s_conv.axilite_b2s/RD.ar_channel_0/cmd_translator_0/wrap_cmd_0/wrap_cnt_r_reg[3]_0[2]
    SLICE_X31Y84         FDRE                                         r  hw2_i/ps7_0_axi_periph/s00_couplers/auto_pc/inst/gen_axilite.gen_b2s_conv.axilite_b2s/RD.ar_channel_0/cmd_translator_0/wrap_cmd_0/wrap_cnt_r_reg[3]/D
  -------------------------------------------------------------------    -------------------

                         (clock clk_fpga_0 rise edge)
                                                     20.000    20.000 r  
    PS7_X0Y0             PS7                          0.000    20.000 r  hw2_i/processing_system7_0/inst/PS7_i/FCLKCLK[0]
                         net (fo=1, routed)           1.088    21.088    hw2_i/processing_system7_0/inst/FCLK_CLK_unbuffered[0]
    BUFGCTRL_X0Y16       BUFG (Prop_bufg_I_O)         0.091    21.179 r  hw2_i/processing_system7_0/inst/buffer_fclk_clk_0.FCLK_CLK_0_BUFG/O
                         net (fo=889, routed)         1.519    22.698    hw2_i/ps7_0_axi_periph/s00_couplers/auto_pc/inst/gen_axilite.gen_b2s_conv.axilite_b2s/RD.ar_channel_0/cmd_translator_0/wrap_cmd_0/aclk
    SLICE_X31Y84         FDRE                                         r  hw2_i/ps7_0_axi_periph/s00_couplers/auto_pc/inst/gen_axilite.gen_b2s_conv.axilite_b2s/RD.ar_channel_0/cmd_translator_0/wrap_cmd_0/wrap_cnt_r_reg[3]/C
                         clock pessimism              0.115    22.813    
                         clock uncertainty           -0.302    22.511    
    SLICE_X31Y84         FDRE (Setup_fdre_C_D)        0.031    22.542    hw2_i/ps7_0_axi_periph/s00_couplers/auto_pc/inst/gen_axilite.gen_b2s_conv.axilite_b2s/RD.ar_channel_0/cmd_translator_0/wrap_cmd_0/wrap_cnt_r_reg[3]
  -------------------------------------------------------------------
                         required time                         22.542    
                         arrival time                          -9.422    
  -------------------------------------------------------------------
                         slack                                 13.120    

Slack (MET) :             13.207ns  (required time - arrival time)
  Source:                 hw2_i/ps7_0_axi_periph/s00_couplers/auto_pc/inst/gen_axilite.gen_b2s_conv.axilite_b2s/SI_REG/ar.ar_pipe/m_payload_i_reg[36]/C
                            (rising edge-triggered cell FDRE clocked by clk_fpga_0  {rise@0.000ns fall@10.000ns period=20.000ns})
  Destination:            hw2_i/ps7_0_axi_periph/s00_couplers/auto_pc/inst/gen_axilite.gen_b2s_conv.axilite_b2s/RD.ar_channel_0/cmd_translator_0/wrap_cmd_0/wrap_second_len_r_reg[2]/D
                            (rising edge-triggered cell FDRE clocked by clk_fpga_0  {rise@0.000ns fall@10.000ns period=20.000ns})
  Path Group:             clk_fpga_0
  Path Type:              Setup (Max at Slow Process Corner)
  Requirement:            20.000ns  (clk_fpga_0 rise@20.000ns - clk_fpga_0 rise@0.000ns)
  Data Path Delay:        6.141ns  (logic 0.828ns (13.483%)  route 5.313ns (86.517%))
  Logic Levels:           3  (LUT6=3)
  Clock Path Skew:        -0.283ns (DCD - SCD + CPR)
    Destination Clock Delay (DCD):    2.653ns = ( 22.653 - 20.000 ) 
    Source Clock Delay      (SCD):    3.051ns
    Clock Pessimism Removal (CPR):    0.115ns
  Clock Uncertainty:      0.302ns  ((TSJ^2 + TIJ^2)^1/2 + DJ) / 2 + PE
    Total System Jitter     (TSJ):    0.071ns
    Total Input Jitter      (TIJ):    0.600ns
    Discrete Jitter          (DJ):    0.000ns
    Phase Error              (PE):    0.000ns

    Location             Delay type                Incr(ns)  Path(ns)    Netlist Resource(s)
  -------------------------------------------------------------------    -------------------
                         (clock clk_fpga_0 rise edge)
                                                      0.000     0.000 r  
    PS7_X0Y0             PS7                          0.000     0.000 r  hw2_i/processing_system7_0/inst/PS7_i/FCLKCLK[0]
                         net (fo=1, routed)           1.193     1.193    hw2_i/processing_system7_0/inst/FCLK_CLK_unbuffered[0]
    BUFGCTRL_X0Y16       BUFG (Prop_bufg_I_O)         0.101     1.294 r  hw2_i/processing_system7_0/inst/buffer_fclk_clk_0.FCLK_CLK_0_BUFG/O
                         net (fo=889, routed)         1.757     3.051    hw2_i/ps7_0_axi_periph/s00_couplers/auto_pc/inst/gen_axilite.gen_b2s_conv.axilite_b2s/SI_REG/ar.ar_pipe/aclk
    SLICE_X17Y49         FDRE                                         r  hw2_i/ps7_0_axi_periph/s00_couplers/auto_pc/inst/gen_axilite.gen_b2s_conv.axilite_b2s/SI_REG/ar.ar_pipe/m_payload_i_reg[36]/C
  -------------------------------------------------------------------    -------------------
    SLICE_X17Y49         FDRE (Prop_fdre_C_Q)         0.456     3.507 r  hw2_i/ps7_0_axi_periph/s00_couplers/auto_pc/inst/gen_axilite.gen_b2s_conv.axilite_b2s/SI_REG/ar.ar_pipe/m_payload_i_reg[36]/Q
                         net (fo=27, routed)          3.310     6.817    hw2_i/ps7_0_axi_periph/s00_couplers/auto_pc/inst/gen_axilite.gen_b2s_conv.axilite_b2s/SI_REG/ar.ar_pipe/Q[36]
    SLICE_X29Y87         LUT6 (Prop_lut6_I3_O)        0.124     6.941 f  hw2_i/ps7_0_axi_periph/s00_couplers/auto_pc/inst/gen_axilite.gen_b2s_conv.axilite_b2s/SI_REG/ar.ar_pipe/axaddr_offset_r[3]_i_2__0/O
                         net (fo=1, routed)           0.582     7.523    hw2_i/ps7_0_axi_periph/s00_couplers/auto_pc/inst/gen_axilite.gen_b2s_conv.axilite_b2s/RD.ar_channel_0/ar_cmd_fsm_0/axaddr_offset_r_reg[3]_1
    SLICE_X30Y85         LUT6 (Prop_lut6_I1_O)        0.124     7.647 r  hw2_i/ps7_0_axi_periph/s00_couplers/auto_pc/inst/gen_axilite.gen_b2s_conv.axilite_b2s/RD.ar_channel_0/ar_cmd_fsm_0/axaddr_offset_r[3]_i_1__0/O
                         net (fo=5, routed)           0.856     8.503    hw2_i/ps7_0_axi_periph/s00_couplers/auto_pc/inst/gen_axilite.gen_b2s_conv.axilite_b2s/RD.ar_channel_0/ar_cmd_fsm_0/axaddr_offset[2]
    SLICE_X30Y85         LUT6 (Prop_lut6_I1_O)        0.124     8.627 r  hw2_i/ps7_0_axi_periph/s00_couplers/auto_pc/inst/gen_axilite.gen_b2s_conv.axilite_b2s/RD.ar_channel_0/ar_cmd_fsm_0/wrap_second_len_r[2]_i_1__0/O
                         net (fo=3, routed)           0.565     9.192    hw2_i/ps7_0_axi_periph/s00_couplers/auto_pc/inst/gen_axilite.gen_b2s_conv.axilite_b2s/RD.ar_channel_0/cmd_translator_0/wrap_cmd_0/wrap_second_len_r_reg[3]_0[2]
    SLICE_X33Y85         FDRE                                         r  hw2_i/ps7_0_axi_periph/s00_couplers/auto_pc/inst/gen_axilite.gen_b2s_conv.axilite_b2s/RD.ar_channel_0/cmd_translator_0/wrap_cmd_0/wrap_second_len_r_reg[2]/D
  -------------------------------------------------------------------    -------------------

                         (clock clk_fpga_0 rise edge)
                                                     20.000    20.000 r  
    PS7_X0Y0             PS7                          0.000    20.000 r  hw2_i/processing_system7_0/inst/PS7_i/FCLKCLK[0]
                         net (fo=1, routed)           1.088    21.088    hw2_i/processing_system7_0/inst/FCLK_CLK_unbuffered[0]
    BUFGCTRL_X0Y16       BUFG (Prop_bufg_I_O)         0.091    21.179 r  hw2_i/processing_system7_0/inst/buffer_fclk_clk_0.FCLK_CLK_0_BUFG/O
                         net (fo=889, routed)         1.474    22.653    hw2_i/ps7_0_axi_periph/s00_couplers/auto_pc/inst/gen_axilite.gen_b2s_conv.axilite_b2s/RD.ar_channel_0/cmd_translator_0/wrap_cmd_0/aclk
    SLICE_X33Y85         FDRE                                         r  hw2_i/ps7_0_axi_periph/s00_couplers/auto_pc/inst/gen_axilite.gen_b2s_conv.axilite_b2s/RD.ar_channel_0/cmd_translator_0/wrap_cmd_0/wrap_second_len_r_reg[2]/C
                         clock pessimism              0.115    22.768    
                         clock uncertainty           -0.302    22.466    
    SLICE_X33Y85         FDRE (Setup_fdre_C_D)       -0.067    22.399    hw2_i/ps7_0_axi_periph/s00_couplers/auto_pc/inst/gen_axilite.gen_b2s_conv.axilite_b2s/RD.ar_channel_0/cmd_translator_0/wrap_cmd_0/wrap_second_len_r_reg[2]
  -------------------------------------------------------------------
                         required time                         22.399    
                         arrival time                          -9.192    
  -------------------------------------------------------------------
                         slack                                 13.207    

Slack (MET) :             13.232ns  (required time - arrival time)
  Source:                 hw2_i/ps7_0_axi_periph/s00_couplers/auto_pc/inst/gen_axilite.gen_b2s_conv.axilite_b2s/SI_REG/aw.aw_pipe/m_payload_i_reg[39]/C
                            (rising edge-triggered cell FDRE clocked by clk_fpga_0  {rise@0.000ns fall@10.000ns period=20.000ns})
  Destination:            hw2_i/ps7_0_axi_periph/s00_couplers/auto_pc/inst/gen_axilite.gen_b2s_conv.axilite_b2s/WR.aw_channel_0/cmd_translator_0/incr_cmd_0/axaddr_incr_reg[7]/D
                            (rising edge-triggered cell FDRE clocked by clk_fpga_0  {rise@0.000ns fall@10.000ns period=20.000ns})
  Path Group:             clk_fpga_0
  Path Type:              Setup (Max at Slow Process Corner)
  Requirement:            20.000ns  (clk_fpga_0 rise@20.000ns - clk_fpga_0 rise@0.000ns)
  Data Path Delay:        6.476ns  (logic 2.377ns (36.706%)  route 4.099ns (63.294%))
  Logic Levels:           6  (CARRY4=2 LUT3=2 LUT4=1 LUT5=1)
  Clock Path Skew:        -0.108ns (DCD - SCD + CPR)
    Destination Clock Delay (DCD):    2.656ns = ( 22.656 - 20.000 ) 
    Source Clock Delay      (SCD):    2.993ns
    Clock Pessimism Removal (CPR):    0.229ns
  Clock Uncertainty:      0.302ns  ((TSJ^2 + TIJ^2)^1/2 + DJ) / 2 + PE
    Total System Jitter     (TSJ):    0.071ns
    Total Input Jitter      (TIJ):    0.600ns
    Discrete Jitter          (DJ):    0.000ns
    Phase Error              (PE):    0.000ns

    Location             Delay type                Incr(ns)  Path(ns)    Netlist Resource(s)
  -------------------------------------------------------------------    -------------------
                         (clock clk_fpga_0 rise edge)
                                                      0.000     0.000 r  
    PS7_X0Y0             PS7                          0.000     0.000 r  hw2_i/processing_system7_0/inst/PS7_i/FCLKCLK[0]
                         net (fo=1, routed)           1.193     1.193    hw2_i/processing_system7_0/inst/FCLK_CLK_unbuffered[0]
    BUFGCTRL_X0Y16       BUFG (Prop_bufg_I_O)         0.101     1.294 r  hw2_i/processing_system7_0/inst/buffer_fclk_clk_0.FCLK_CLK_0_BUFG/O
                         net (fo=889, routed)         1.699     2.993    hw2_i/ps7_0_axi_periph/s00_couplers/auto_pc/inst/gen_axilite.gen_b2s_conv.axilite_b2s/SI_REG/aw.aw_pipe/aclk
    SLICE_X29Y94         FDRE                                         r  hw2_i/ps7_0_axi_periph/s00_couplers/auto_pc/inst/gen_axilite.gen_b2s_conv.axilite_b2s/SI_REG/aw.aw_pipe/m_payload_i_reg[39]/C
  -------------------------------------------------------------------    -------------------
    SLICE_X29Y94         FDRE (Prop_fdre_C_Q)         0.419     3.412 r  hw2_i/ps7_0_axi_periph/s00_couplers/auto_pc/inst/gen_axilite.gen_b2s_conv.axilite_b2s/SI_REG/aw.aw_pipe/m_payload_i_reg[39]/Q
                         net (fo=6, routed)           1.108     4.520    hw2_i/ps7_0_axi_periph/s00_couplers/auto_pc/inst/gen_axilite.gen_b2s_conv.axilite_b2s/WR.aw_channel_0/cmd_translator_0/wrap_cmd_0/axlen_cnt_reg[2]_1[12]
    SLICE_X38Y93         LUT3 (Prop_lut3_I1_O)        0.297     4.817 f  hw2_i/ps7_0_axi_periph/s00_couplers/auto_pc/inst/gen_axilite.gen_b2s_conv.axilite_b2s/WR.aw_channel_0/cmd_translator_0/wrap_cmd_0/memory_reg[3][0]_srl4_i_2/O
                         net (fo=5, routed)           0.826     5.643    hw2_i/ps7_0_axi_periph/s00_couplers/auto_pc/inst/gen_axilite.gen_b2s_conv.axilite_b2s/WR.aw_channel_0/aw_cmd_fsm_0/axaddr_wrap_reg[0]
    SLICE_X37Y93         LUT5 (Prop_lut5_I3_O)        0.152     5.795 r  hw2_i/ps7_0_axi_periph/s00_couplers/auto_pc/inst/gen_axilite.gen_b2s_conv.axilite_b2s/WR.aw_channel_0/aw_cmd_fsm_0/next_pending_r_i_2__0/O
                         net (fo=17, routed)          1.218     7.013    hw2_i/ps7_0_axi_periph/s00_couplers/auto_pc/inst/gen_axilite.gen_b2s_conv.axilite_b2s/WR.aw_channel_0/cmd_translator_0/incr_cmd_0/next
    SLICE_X36Y88         LUT4 (Prop_lut4_I3_O)        0.326     7.339 r  hw2_i/ps7_0_axi_periph/s00_couplers/auto_pc/inst/gen_axilite.gen_b2s_conv.axilite_b2s/WR.aw_channel_0/cmd_translator_0/incr_cmd_0/axaddr_incr[3]_i_9/O
                         net (fo=1, routed)           0.000     7.339    hw2_i/ps7_0_axi_periph/s00_couplers/auto_pc/inst/gen_axilite.gen_b2s_conv.axilite_b2s/SI_REG/aw.aw_pipe/axaddr_incr_reg[3][1]
    SLICE_X36Y88         CARRY4 (Prop_carry4_S[1]_CO[3])
                                                      0.533     7.872 r  hw2_i/ps7_0_axi_periph/s00_couplers/auto_pc/inst/gen_axilite.gen_b2s_conv.axilite_b2s/SI_REG/aw.aw_pipe/axaddr_incr_reg[3]_i_2/CO[3]
                         net (fo=1, routed)           0.000     7.872    hw2_i/ps7_0_axi_periph/s00_couplers/auto_pc/inst/gen_axilite.gen_b2s_conv.axilite_b2s/SI_REG/aw.aw_pipe/axaddr_incr_reg[3]_i_2_n_0
    SLICE_X36Y89         CARRY4 (Prop_carry4_CI_O[3])
                                                      0.315     8.187 r  hw2_i/ps7_0_axi_periph/s00_couplers/auto_pc/inst/gen_axilite.gen_b2s_conv.axilite_b2s/SI_REG/aw.aw_pipe/axaddr_incr_reg[7]_i_2/O[3]
                         net (fo=1, routed)           0.947     9.134    hw2_i/ps7_0_axi_periph/s00_couplers/auto_pc/inst/gen_axilite.gen_b2s_conv.axilite_b2s/WR.aw_channel_0/cmd_translator_0/incr_cmd_0/axaddr_incr[7]
    SLICE_X38Y89         LUT3 (Prop_lut3_I0_O)        0.335     9.469 r  hw2_i/ps7_0_axi_periph/s00_couplers/auto_pc/inst/gen_axilite.gen_b2s_conv.axilite_b2s/WR.aw_channel_0/cmd_translator_0/incr_cmd_0/axaddr_incr[7]_i_1/O
                         net (fo=1, routed)           0.000     9.469    hw2_i/ps7_0_axi_periph/s00_couplers/auto_pc/inst/gen_axilite.gen_b2s_conv.axilite_b2s/WR.aw_channel_0/cmd_translator_0/incr_cmd_0/p_1_in[7]
    SLICE_X38Y89         FDRE                                         r  hw2_i/ps7_0_axi_periph/s00_couplers/auto_pc/inst/gen_axilite.gen_b2s_conv.axilite_b2s/WR.aw_channel_0/cmd_translator_0/incr_cmd_0/axaddr_incr_reg[7]/D
  -------------------------------------------------------------------    -------------------

                         (clock clk_fpga_0 rise edge)
                                                     20.000    20.000 r  
    PS7_X0Y0             PS7                          0.000    20.000 r  hw2_i/processing_system7_0/inst/PS7_i/FCLKCLK[0]
                         net (fo=1, routed)           1.088    21.088    hw2_i/processing_system7_0/inst/FCLK_CLK_unbuffered[0]
    BUFGCTRL_X0Y16       BUFG (Prop_bufg_I_O)         0.091    21.179 r  hw2_i/processing_system7_0/inst/buffer_fclk_clk_0.FCLK_CLK_0_BUFG/O
                         net (fo=889, routed)         1.477    22.656    hw2_i/ps7_0_axi_periph/s00_couplers/auto_pc/inst/gen_axilite.gen_b2s_conv.axilite_b2s/WR.aw_channel_0/cmd_translator_0/incr_cmd_0/aclk
    SLICE_X38Y89         FDRE                                         r  hw2_i/ps7_0_axi_periph/s00_couplers/auto_pc/inst/gen_axilite.gen_b2s_conv.axilite_b2s/WR.aw_channel_0/cmd_translator_0/incr_cmd_0/axaddr_incr_reg[7]/C
                         clock pessimism              0.229    22.885    
                         clock uncertainty           -0.302    22.583    
    SLICE_X38Y89         FDRE (Setup_fdre_C_D)        0.118    22.701    hw2_i/ps7_0_axi_periph/s00_couplers/auto_pc/inst/gen_axilite.gen_b2s_conv.axilite_b2s/WR.aw_channel_0/cmd_translator_0/incr_cmd_0/axaddr_incr_reg[7]
  -------------------------------------------------------------------
                         required time                         22.701    
                         arrival time                          -9.469    
  -------------------------------------------------------------------
                         slack                                 13.232    

Slack (MET) :             13.274ns  (required time - arrival time)
  Source:                 hw2_i/ps7_0_axi_periph/s00_couplers/auto_pc/inst/gen_axilite.gen_b2s_conv.axilite_b2s/SI_REG/ar.ar_pipe/m_payload_i_reg[36]/C
                            (rising edge-triggered cell FDRE clocked by clk_fpga_0  {rise@0.000ns fall@10.000ns period=20.000ns})
  Destination:            hw2_i/ps7_0_axi_periph/s00_couplers/auto_pc/inst/gen_axilite.gen_b2s_conv.axilite_b2s/RD.ar_channel_0/cmd_translator_0/wrap_cmd_0/wrap_cnt_r_reg[2]/D
                            (rising edge-triggered cell FDRE clocked by clk_fpga_0  {rise@0.000ns fall@10.000ns period=20.000ns})
  Path Group:             clk_fpga_0
  Path Type:              Setup (Max at Slow Process Corner)
  Requirement:            20.000ns  (clk_fpga_0 rise@20.000ns - clk_fpga_0 rise@0.000ns)
  Data Path Delay:        6.215ns  (logic 0.952ns (15.319%)  route 5.263ns (84.681%))
  Logic Levels:           4  (LUT6=4)
  Clock Path Skew:        -0.238ns (DCD - SCD + CPR)
    Destination Clock Delay (DCD):    2.698ns = ( 22.698 - 20.000 ) 
    Source Clock Delay      (SCD):    3.051ns
    Clock Pessimism Removal (CPR):    0.115ns
  Clock Uncertainty:      0.302ns  ((TSJ^2 + TIJ^2)^1/2 + DJ) / 2 + PE
    Total System Jitter     (TSJ):    0.071ns
    Total Input Jitter      (TIJ):    0.600ns
    Discrete Jitter          (DJ):    0.000ns
    Phase Error              (PE):    0.000ns

    Location             Delay type                Incr(ns)  Path(ns)    Netlist Resource(s)
  -------------------------------------------------------------------    -------------------
                         (clock clk_fpga_0 rise edge)
                                                      0.000     0.000 r  
    PS7_X0Y0             PS7                          0.000     0.000 r  hw2_i/processing_system7_0/inst/PS7_i/FCLKCLK[0]
                         net (fo=1, routed)           1.193     1.193    hw2_i/processing_system7_0/inst/FCLK_CLK_unbuffered[0]
    BUFGCTRL_X0Y16       BUFG (Prop_bufg_I_O)         0.101     1.294 r  hw2_i/processing_system7_0/inst/buffer_fclk_clk_0.FCLK_CLK_0_BUFG/O
                         net (fo=889, routed)         1.757     3.051    hw2_i/ps7_0_axi_periph/s00_couplers/auto_pc/inst/gen_axilite.gen_b2s_conv.axilite_b2s/SI_REG/ar.ar_pipe/aclk
    SLICE_X17Y49         FDRE                                         r  hw2_i/ps7_0_axi_periph/s00_couplers/auto_pc/inst/gen_axilite.gen_b2s_conv.axilite_b2s/SI_REG/ar.ar_pipe/m_payload_i_reg[36]/C
  -------------------------------------------------------------------    -------------------
    SLICE_X17Y49         FDRE (Prop_fdre_C_Q)         0.456     3.507 r  hw2_i/ps7_0_axi_periph/s00_couplers/auto_pc/inst/gen_axilite.gen_b2s_conv.axilite_b2s/SI_REG/ar.ar_pipe/m_payload_i_reg[36]/Q
                         net (fo=27, routed)          3.310     6.817    hw2_i/ps7_0_axi_periph/s00_couplers/auto_pc/inst/gen_axilite.gen_b2s_conv.axilite_b2s/SI_REG/ar.ar_pipe/Q[36]
    SLICE_X29Y87         LUT6 (Prop_lut6_I3_O)        0.124     6.941 f  hw2_i/ps7_0_axi_periph/s00_couplers/auto_pc/inst/gen_axilite.gen_b2s_conv.axilite_b2s/SI_REG/ar.ar_pipe/axaddr_offset_r[3]_i_2__0/O
                         net (fo=1, routed)           0.582     7.523    hw2_i/ps7_0_axi_periph/s00_couplers/auto_pc/inst/gen_axilite.gen_b2s_conv.axilite_b2s/RD.ar_channel_0/ar_cmd_fsm_0/axaddr_offset_r_reg[3]_1
    SLICE_X30Y85         LUT6 (Prop_lut6_I1_O)        0.124     7.647 r  hw2_i/ps7_0_axi_periph/s00_couplers/auto_pc/inst/gen_axilite.gen_b2s_conv.axilite_b2s/RD.ar_channel_0/ar_cmd_fsm_0/axaddr_offset_r[3]_i_1__0/O
                         net (fo=5, routed)           0.856     8.503    hw2_i/ps7_0_axi_periph/s00_couplers/auto_pc/inst/gen_axilite.gen_b2s_conv.axilite_b2s/RD.ar_channel_0/ar_cmd_fsm_0/axaddr_offset[2]
    SLICE_X30Y85         LUT6 (Prop_lut6_I1_O)        0.124     8.627 r  hw2_i/ps7_0_axi_periph/s00_couplers/auto_pc/inst/gen_axilite.gen_b2s_conv.axilite_b2s/RD.ar_channel_0/ar_cmd_fsm_0/wrap_second_len_r[2]_i_1__0/O
                         net (fo=3, routed)           0.514     9.142    hw2_i/ps7_0_axi_periph/s00_couplers/auto_pc/inst/gen_axilite.gen_b2s_conv.axilite_b2s/RD.ar_channel_0/ar_cmd_fsm_0/D[2]
    SLICE_X31Y84         LUT6 (Prop_lut6_I0_O)        0.124     9.266 r  hw2_i/ps7_0_axi_periph/s00_couplers/auto_pc/inst/gen_axilite.gen_b2s_conv.axilite_b2s/RD.ar_channel_0/ar_cmd_fsm_0/wrap_cnt_r[2]_i_1__0/O
                         net (fo=1, routed)           0.000     9.266    hw2_i/ps7_0_axi_periph/s00_couplers/auto_pc/inst/gen_axilite.gen_b2s_conv.axilite_b2s/RD.ar_channel_0/cmd_translator_0/wrap_cmd_0/wrap_cnt_r_reg[3]_0[1]
    SLICE_X31Y84         FDRE                                         r  hw2_i/ps7_0_axi_periph/s00_couplers/auto_pc/inst/gen_axilite.gen_b2s_conv.axilite_b2s/RD.ar_channel_0/cmd_translator_0/wrap_cmd_0/wrap_cnt_r_reg[2]/D
  -------------------------------------------------------------------    -------------------

                         (clock clk_fpga_0 rise edge)
                                                     20.000    20.000 r  
    PS7_X0Y0             PS7                          0.000    20.000 r  hw2_i/processing_system7_0/inst/PS7_i/FCLKCLK[0]
                         net (fo=1, routed)           1.088    21.088    hw2_i/processing_system7_0/inst/FCLK_CLK_unbuffered[0]
    BUFGCTRL_X0Y16       BUFG (Prop_bufg_I_O)         0.091    21.179 r  hw2_i/processing_system7_0/inst/buffer_fclk_clk_0.FCLK_CLK_0_BUFG/O
                         net (fo=889, routed)         1.519    22.698    hw2_i/ps7_0_axi_periph/s00_couplers/auto_pc/inst/gen_axilite.gen_b2s_conv.axilite_b2s/RD.ar_channel_0/cmd_translator_0/wrap_cmd_0/aclk
    SLICE_X31Y84         FDRE                                         r  hw2_i/ps7_0_axi_periph/s00_couplers/auto_pc/inst/gen_axilite.gen_b2s_conv.axilite_b2s/RD.ar_channel_0/cmd_translator_0/wrap_cmd_0/wrap_cnt_r_reg[2]/C
                         clock pessimism              0.115    22.813    
                         clock uncertainty           -0.302    22.511    
    SLICE_X31Y84         FDRE (Setup_fdre_C_D)        0.029    22.540    hw2_i/ps7_0_axi_periph/s00_couplers/auto_pc/inst/gen_axilite.gen_b2s_conv.axilite_b2s/RD.ar_channel_0/cmd_translator_0/wrap_cmd_0/wrap_cnt_r_reg[2]
  -------------------------------------------------------------------
                         required time                         22.540    
                         arrival time                          -9.266    
  -------------------------------------------------------------------
                         slack                                 13.274    

Slack (MET) :             13.444ns  (required time - arrival time)
  Source:                 hw2_i/processing_system7_0/inst/PS7_i/MAXIGP0ACLK
                            (rising edge-triggered cell PS7 clocked by clk_fpga_0  {rise@0.000ns fall@10.000ns period=20.000ns})
  Destination:            hw2_i/hw2_0/inst/hw2_v1_0_S00_AXI_inst/slv_reg3_reg[0]/CE
                            (rising edge-triggered cell FDRE clocked by clk_fpga_0  {rise@0.000ns fall@10.000ns period=20.000ns})
  Path Group:             clk_fpga_0
  Path Type:              Setup (Max at Slow Process Corner)
  Requirement:            20.000ns  (clk_fpga_0 rise@20.000ns - clk_fpga_0 rise@0.000ns)
  Data Path Delay:        5.905ns  (logic 1.706ns (28.892%)  route 4.199ns (71.108%))
  Logic Levels:           3  (LUT4=2 LUT5=1)
  Clock Path Skew:        -0.144ns (DCD - SCD + CPR)
    Destination Clock Delay (DCD):    2.658ns = ( 22.658 - 20.000 ) 
    Source Clock Delay      (SCD):    3.031ns
    Clock Pessimism Removal (CPR):    0.229ns
  Clock Uncertainty:      0.302ns  ((TSJ^2 + TIJ^2)^1/2 + DJ) / 2 + PE
    Total System Jitter     (TSJ):    0.071ns
    Total Input Jitter      (TIJ):    0.600ns
    Discrete Jitter          (DJ):    0.000ns
    Phase Error              (PE):    0.000ns

    Location             Delay type                Incr(ns)  Path(ns)    Netlist Resource(s)
  -------------------------------------------------------------------    -------------------
                         (clock clk_fpga_0 rise edge)
                                                      0.000     0.000 r  
    PS7_X0Y0             PS7                          0.000     0.000 r  hw2_i/processing_system7_0/inst/PS7_i/FCLKCLK[0]
                         net (fo=1, routed)           1.193     1.193    hw2_i/processing_system7_0/inst/FCLK_CLK_unbuffered[0]
    BUFGCTRL_X0Y16       BUFG (Prop_bufg_I_O)         0.101     1.294 r  hw2_i/processing_system7_0/inst/buffer_fclk_clk_0.FCLK_CLK_0_BUFG/O
                         net (fo=889, routed)         1.737     3.031    hw2_i/processing_system7_0/inst/M_AXI_GP0_ACLK
    PS7_X0Y0             PS7                                          r  hw2_i/processing_system7_0/inst/PS7_i/MAXIGP0ACLK
  -------------------------------------------------------------------    -------------------
    PS7_X0Y0             PS7 (Prop_ps7_MAXIGP0ACLK_MAXIGP0WVALID)
                                                      1.334     4.365 r  hw2_i/processing_system7_0/inst/PS7_i/MAXIGP0WVALID
                         net (fo=7, routed)           1.765     6.130    hw2_i/ps7_0_axi_periph/xbar/inst/gen_sasd.crossbar_sasd_0/addr_arbiter_inst/s_axi_wvalid[0]
    SLICE_X38Y96         LUT5 (Prop_lut5_I1_O)        0.124     6.254 r  hw2_i/ps7_0_axi_periph/xbar/inst/gen_sasd.crossbar_sasd_0/addr_arbiter_inst/m_axi_wvalid[0]_INST_0/O
                         net (fo=7, routed)           0.797     7.051    hw2_i/hw2_0/inst/hw2_v1_0_S00_AXI_inst/s00_axi_wvalid
    SLICE_X38Y95         LUT4 (Prop_lut4_I3_O)        0.124     7.175 r  hw2_i/hw2_0/inst/hw2_v1_0_S00_AXI_inst/slv_reg0[31]_i_2/O
                         net (fo=12, routed)          0.975     8.150    hw2_i/hw2_0/inst/hw2_v1_0_S00_AXI_inst/slv_reg_wren__0
    SLICE_X33Y97         LUT4 (Prop_lut4_I0_O)        0.124     8.274 r  hw2_i/hw2_0/inst/hw2_v1_0_S00_AXI_inst/slv_reg3[7]_i_1/O
                         net (fo=8, routed)           0.662     8.935    hw2_i/hw2_0/inst/hw2_v1_0_S00_AXI_inst/slv_reg3[7]_i_1_n_0
    SLICE_X33Y94         FDRE                                         r  hw2_i/hw2_0/inst/hw2_v1_0_S00_AXI_inst/slv_reg3_reg[0]/CE
  -------------------------------------------------------------------    -------------------

                         (clock clk_fpga_0 rise edge)
                                                     20.000    20.000 r  
    PS7_X0Y0             PS7                          0.000    20.000 r  hw2_i/processing_system7_0/inst/PS7_i/FCLKCLK[0]
                         net (fo=1, routed)           1.088    21.088    hw2_i/processing_system7_0/inst/FCLK_CLK_unbuffered[0]
    BUFGCTRL_X0Y16       BUFG (Prop_bufg_I_O)         0.091    21.179 r  hw2_i/processing_system7_0/inst/buffer_fclk_clk_0.FCLK_CLK_0_BUFG/O
                         net (fo=889, routed)         1.479    22.658    hw2_i/hw2_0/inst/hw2_v1_0_S00_AXI_inst/s00_axi_aclk
    SLICE_X33Y94         FDRE                                         r  hw2_i/hw2_0/inst/hw2_v1_0_S00_AXI_inst/slv_reg3_reg[0]/C
                         clock pessimism              0.229    22.887    
                         clock uncertainty           -0.302    22.585    
    SLICE_X33Y94         FDRE (Setup_fdre_C_CE)      -0.205    22.380    hw2_i/hw2_0/inst/hw2_v1_0_S00_AXI_inst/slv_reg3_reg[0]
  -------------------------------------------------------------------
                         required time                         22.380    
                         arrival time                          -8.935    
  -------------------------------------------------------------------
                         slack                                 13.444    

Slack (MET) :             13.444ns  (required time - arrival time)
  Source:                 hw2_i/processing_system7_0/inst/PS7_i/MAXIGP0ACLK
                            (rising edge-triggered cell PS7 clocked by clk_fpga_0  {rise@0.000ns fall@10.000ns period=20.000ns})
  Destination:            hw2_i/hw2_0/inst/hw2_v1_0_S00_AXI_inst/slv_reg3_reg[1]/CE
                            (rising edge-triggered cell FDRE clocked by clk_fpga_0  {rise@0.000ns fall@10.000ns period=20.000ns})
  Path Group:             clk_fpga_0
  Path Type:              Setup (Max at Slow Process Corner)
  Requirement:            20.000ns  (clk_fpga_0 rise@20.000ns - clk_fpga_0 rise@0.000ns)
  Data Path Delay:        5.905ns  (logic 1.706ns (28.892%)  route 4.199ns (71.108%))
  Logic Levels:           3  (LUT4=2 LUT5=1)
  Clock Path Skew:        -0.144ns (DCD - SCD + CPR)
    Destination Clock Delay (DCD):    2.658ns = ( 22.658 - 20.000 ) 
    Source Clock Delay      (SCD):    3.031ns
    Clock Pessimism Removal (CPR):    0.229ns
  Clock Uncertainty:      0.302ns  ((TSJ^2 + TIJ^2)^1/2 + DJ) / 2 + PE
    Total System Jitter     (TSJ):    0.071ns
    Total Input Jitter      (TIJ):    0.600ns
    Discrete Jitter          (DJ):    0.000ns
    Phase Error              (PE):    0.000ns

    Location             Delay type                Incr(ns)  Path(ns)    Netlist Resource(s)
  -------------------------------------------------------------------    -------------------
                         (clock clk_fpga_0 rise edge)
                                                      0.000     0.000 r  
    PS7_X0Y0             PS7                          0.000     0.000 r  hw2_i/processing_system7_0/inst/PS7_i/FCLKCLK[0]
                         net (fo=1, routed)           1.193     1.193    hw2_i/processing_system7_0/inst/FCLK_CLK_unbuffered[0]
    BUFGCTRL_X0Y16       BUFG (Prop_bufg_I_O)         0.101     1.294 r  hw2_i/processing_system7_0/inst/buffer_fclk_clk_0.FCLK_CLK_0_BUFG/O
                         net (fo=889, routed)         1.737     3.031    hw2_i/processing_system7_0/inst/M_AXI_GP0_ACLK
    PS7_X0Y0             PS7                                          r  hw2_i/processing_system7_0/inst/PS7_i/MAXIGP0ACLK
  -------------------------------------------------------------------    -------------------
    PS7_X0Y0             PS7 (Prop_ps7_MAXIGP0ACLK_MAXIGP0WVALID)
                                                      1.334     4.365 r  hw2_i/processing_system7_0/inst/PS7_i/MAXIGP0WVALID
                         net (fo=7, routed)           1.765     6.130    hw2_i/ps7_0_axi_periph/xbar/inst/gen_sasd.crossbar_sasd_0/addr_arbiter_inst/s_axi_wvalid[0]
    SLICE_X38Y96         LUT5 (Prop_lut5_I1_O)        0.124     6.254 r  hw2_i/ps7_0_axi_periph/xbar/inst/gen_sasd.crossbar_sasd_0/addr_arbiter_inst/m_axi_wvalid[0]_INST_0/O
                         net (fo=7, routed)           0.797     7.051    hw2_i/hw2_0/inst/hw2_v1_0_S00_AXI_inst/s00_axi_wvalid
    SLICE_X38Y95         LUT4 (Prop_lut4_I3_O)        0.124     7.175 r  hw2_i/hw2_0/inst/hw2_v1_0_S00_AXI_inst/slv_reg0[31]_i_2/O
                         net (fo=12, routed)          0.975     8.150    hw2_i/hw2_0/inst/hw2_v1_0_S00_AXI_inst/slv_reg_wren__0
    SLICE_X33Y97         LUT4 (Prop_lut4_I0_O)        0.124     8.274 r  hw2_i/hw2_0/inst/hw2_v1_0_S00_AXI_inst/slv_reg3[7]_i_1/O
                         net (fo=8, routed)           0.662     8.935    hw2_i/hw2_0/inst/hw2_v1_0_S00_AXI_inst/slv_reg3[7]_i_1_n_0
    SLICE_X33Y94         FDRE                                         r  hw2_i/hw2_0/inst/hw2_v1_0_S00_AXI_inst/slv_reg3_reg[1]/CE
  -------------------------------------------------------------------    -------------------

                         (clock clk_fpga_0 rise edge)
                                                     20.000    20.000 r  
    PS7_X0Y0             PS7                          0.000    20.000 r  hw2_i/processing_system7_0/inst/PS7_i/FCLKCLK[0]
                         net (fo=1, routed)           1.088    21.088    hw2_i/processing_system7_0/inst/FCLK_CLK_unbuffered[0]
    BUFGCTRL_X0Y16       BUFG (Prop_bufg_I_O)         0.091    21.179 r  hw2_i/processing_system7_0/inst/buffer_fclk_clk_0.FCLK_CLK_0_BUFG/O
                         net (fo=889, routed)         1.479    22.658    hw2_i/hw2_0/inst/hw2_v1_0_S00_AXI_inst/s00_axi_aclk
    SLICE_X33Y94         FDRE                                         r  hw2_i/hw2_0/inst/hw2_v1_0_S00_AXI_inst/slv_reg3_reg[1]/C
                         clock pessimism              0.229    22.887    
                         clock uncertainty           -0.302    22.585    
    SLICE_X33Y94         FDRE (Setup_fdre_C_CE)      -0.205    22.380    hw2_i/hw2_0/inst/hw2_v1_0_S00_AXI_inst/slv_reg3_reg[1]
  -------------------------------------------------------------------
                         required time                         22.380    
                         arrival time                          -8.935    
  -------------------------------------------------------------------
                         slack                                 13.444    

Slack (MET) :             13.444ns  (required time - arrival time)
  Source:                 hw2_i/processing_system7_0/inst/PS7_i/MAXIGP0ACLK
                            (rising edge-triggered cell PS7 clocked by clk_fpga_0  {rise@0.000ns fall@10.000ns period=20.000ns})
  Destination:            hw2_i/hw2_0/inst/hw2_v1_0_S00_AXI_inst/slv_reg3_reg[2]/CE
                            (rising edge-triggered cell FDRE clocked by clk_fpga_0  {rise@0.000ns fall@10.000ns period=20.000ns})
  Path Group:             clk_fpga_0
  Path Type:              Setup (Max at Slow Process Corner)
  Requirement:            20.000ns  (clk_fpga_0 rise@20.000ns - clk_fpga_0 rise@0.000ns)
  Data Path Delay:        5.905ns  (logic 1.706ns (28.892%)  route 4.199ns (71.108%))
  Logic Levels:           3  (LUT4=2 LUT5=1)
  Clock Path Skew:        -0.144ns (DCD - SCD + CPR)
    Destination Clock Delay (DCD):    2.658ns = ( 22.658 - 20.000 ) 
    Source Clock Delay      (SCD):    3.031ns
    Clock Pessimism Removal (CPR):    0.229ns
  Clock Uncertainty:      0.302ns  ((TSJ^2 + TIJ^2)^1/2 + DJ) / 2 + PE
    Total System Jitter     (TSJ):    0.071ns
    Total Input Jitter      (TIJ):    0.600ns
    Discrete Jitter          (DJ):    0.000ns
    Phase Error              (PE):    0.000ns

    Location             Delay type                Incr(ns)  Path(ns)    Netlist Resource(s)
  -------------------------------------------------------------------    -------------------
                         (clock clk_fpga_0 rise edge)
                                                      0.000     0.000 r  
    PS7_X0Y0             PS7                          0.000     0.000 r  hw2_i/processing_system7_0/inst/PS7_i/FCLKCLK[0]
                         net (fo=1, routed)           1.193     1.193    hw2_i/processing_system7_0/inst/FCLK_CLK_unbuffered[0]
    BUFGCTRL_X0Y16       BUFG (Prop_bufg_I_O)         0.101     1.294 r  hw2_i/processing_system7_0/inst/buffer_fclk_clk_0.FCLK_CLK_0_BUFG/O
                         net (fo=889, routed)         1.737     3.031    hw2_i/processing_system7_0/inst/M_AXI_GP0_ACLK
    PS7_X0Y0             PS7                                          r  hw2_i/processing_system7_0/inst/PS7_i/MAXIGP0ACLK
  -------------------------------------------------------------------    -------------------
    PS7_X0Y0             PS7 (Prop_ps7_MAXIGP0ACLK_MAXIGP0WVALID)
                                                      1.334     4.365 r  hw2_i/processing_system7_0/inst/PS7_i/MAXIGP0WVALID
                         net (fo=7, routed)           1.765     6.130    hw2_i/ps7_0_axi_periph/xbar/inst/gen_sasd.crossbar_sasd_0/addr_arbiter_inst/s_axi_wvalid[0]
    SLICE_X38Y96         LUT5 (Prop_lut5_I1_O)        0.124     6.254 r  hw2_i/ps7_0_axi_periph/xbar/inst/gen_sasd.crossbar_sasd_0/addr_arbiter_inst/m_axi_wvalid[0]_INST_0/O
                         net (fo=7, routed)           0.797     7.051    hw2_i/hw2_0/inst/hw2_v1_0_S00_AXI_inst/s00_axi_wvalid
    SLICE_X38Y95         LUT4 (Prop_lut4_I3_O)        0.124     7.175 r  hw2_i/hw2_0/inst/hw2_v1_0_S00_AXI_inst/slv_reg0[31]_i_2/O
                         net (fo=12, routed)          0.975     8.150    hw2_i/hw2_0/inst/hw2_v1_0_S00_AXI_inst/slv_reg_wren__0
    SLICE_X33Y97         LUT4 (Prop_lut4_I0_O)        0.124     8.274 r  hw2_i/hw2_0/inst/hw2_v1_0_S00_AXI_inst/slv_reg3[7]_i_1/O
                         net (fo=8, routed)           0.662     8.935    hw2_i/hw2_0/inst/hw2_v1_0_S00_AXI_inst/slv_reg3[7]_i_1_n_0
    SLICE_X33Y94         FDRE                                         r  hw2_i/hw2_0/inst/hw2_v1_0_S00_AXI_inst/slv_reg3_reg[2]/CE
  -------------------------------------------------------------------    -------------------

                         (clock clk_fpga_0 rise edge)
                                                     20.000    20.000 r  
    PS7_X0Y0             PS7                          0.000    20.000 r  hw2_i/processing_system7_0/inst/PS7_i/FCLKCLK[0]
                         net (fo=1, routed)           1.088    21.088    hw2_i/processing_system7_0/inst/FCLK_CLK_unbuffered[0]
    BUFGCTRL_X0Y16       BUFG (Prop_bufg_I_O)         0.091    21.179 r  hw2_i/processing_system7_0/inst/buffer_fclk_clk_0.FCLK_CLK_0_BUFG/O
                         net (fo=889, routed)         1.479    22.658    hw2_i/hw2_0/inst/hw2_v1_0_S00_AXI_inst/s00_axi_aclk
    SLICE_X33Y94         FDRE                                         r  hw2_i/hw2_0/inst/hw2_v1_0_S00_AXI_inst/slv_reg3_reg[2]/C
                         clock pessimism              0.229    22.887    
                         clock uncertainty           -0.302    22.585    
    SLICE_X33Y94         FDRE (Setup_fdre_C_CE)      -0.205    22.380    hw2_i/hw2_0/inst/hw2_v1_0_S00_AXI_inst/slv_reg3_reg[2]
  -------------------------------------------------------------------
                         required time                         22.380    
                         arrival time                          -8.935    
  -------------------------------------------------------------------
                         slack                                 13.444    

Slack (MET) :             13.444ns  (required time - arrival time)
  Source:                 hw2_i/processing_system7_0/inst/PS7_i/MAXIGP0ACLK
                            (rising edge-triggered cell PS7 clocked by clk_fpga_0  {rise@0.000ns fall@10.000ns period=20.000ns})
  Destination:            hw2_i/hw2_0/inst/hw2_v1_0_S00_AXI_inst/slv_reg3_reg[3]/CE
                            (rising edge-triggered cell FDRE clocked by clk_fpga_0  {rise@0.000ns fall@10.000ns period=20.000ns})
  Path Group:             clk_fpga_0
  Path Type:              Setup (Max at Slow Process Corner)
  Requirement:            20.000ns  (clk_fpga_0 rise@20.000ns - clk_fpga_0 rise@0.000ns)
  Data Path Delay:        5.905ns  (logic 1.706ns (28.892%)  route 4.199ns (71.108%))
  Logic Levels:           3  (LUT4=2 LUT5=1)
  Clock Path Skew:        -0.144ns (DCD - SCD + CPR)
    Destination Clock Delay (DCD):    2.658ns = ( 22.658 - 20.000 ) 
    Source Clock Delay      (SCD):    3.031ns
    Clock Pessimism Removal (CPR):    0.229ns
  Clock Uncertainty:      0.302ns  ((TSJ^2 + TIJ^2)^1/2 + DJ) / 2 + PE
    Total System Jitter     (TSJ):    0.071ns
    Total Input Jitter      (TIJ):    0.600ns
    Discrete Jitter          (DJ):    0.000ns
    Phase Error              (PE):    0.000ns

    Location             Delay type                Incr(ns)  Path(ns)    Netlist Resource(s)
  -------------------------------------------------------------------    -------------------
                         (clock clk_fpga_0 rise edge)
                                                      0.000     0.000 r  
    PS7_X0Y0             PS7                          0.000     0.000 r  hw2_i/processing_system7_0/inst/PS7_i/FCLKCLK[0]
                         net (fo=1, routed)           1.193     1.193    hw2_i/processing_system7_0/inst/FCLK_CLK_unbuffered[0]
    BUFGCTRL_X0Y16       BUFG (Prop_bufg_I_O)         0.101     1.294 r  hw2_i/processing_system7_0/inst/buffer_fclk_clk_0.FCLK_CLK_0_BUFG/O
                         net (fo=889, routed)         1.737     3.031    hw2_i/processing_system7_0/inst/M_AXI_GP0_ACLK
    PS7_X0Y0             PS7                                          r  hw2_i/processing_system7_0/inst/PS7_i/MAXIGP0ACLK
  -------------------------------------------------------------------    -------------------
    PS7_X0Y0             PS7 (Prop_ps7_MAXIGP0ACLK_MAXIGP0WVALID)
                                                      1.334     4.365 r  hw2_i/processing_system7_0/inst/PS7_i/MAXIGP0WVALID
                         net (fo=7, routed)           1.765     6.130    hw2_i/ps7_0_axi_periph/xbar/inst/gen_sasd.crossbar_sasd_0/addr_arbiter_inst/s_axi_wvalid[0]
    SLICE_X38Y96         LUT5 (Prop_lut5_I1_O)        0.124     6.254 r  hw2_i/ps7_0_axi_periph/xbar/inst/gen_sasd.crossbar_sasd_0/addr_arbiter_inst/m_axi_wvalid[0]_INST_0/O
                         net (fo=7, routed)           0.797     7.051    hw2_i/hw2_0/inst/hw2_v1_0_S00_AXI_inst/s00_axi_wvalid
    SLICE_X38Y95         LUT4 (Prop_lut4_I3_O)        0.124     7.175 r  hw2_i/hw2_0/inst/hw2_v1_0_S00_AXI_inst/slv_reg0[31]_i_2/O
                         net (fo=12, routed)          0.975     8.150    hw2_i/hw2_0/inst/hw2_v1_0_S00_AXI_inst/slv_reg_wren__0
    SLICE_X33Y97         LUT4 (Prop_lut4_I0_O)        0.124     8.274 r  hw2_i/hw2_0/inst/hw2_v1_0_S00_AXI_inst/slv_reg3[7]_i_1/O
                         net (fo=8, routed)           0.662     8.935    hw2_i/hw2_0/inst/hw2_v1_0_S00_AXI_inst/slv_reg3[7]_i_1_n_0
    SLICE_X33Y94         FDRE                                         r  hw2_i/hw2_0/inst/hw2_v1_0_S00_AXI_inst/slv_reg3_reg[3]/CE
  -------------------------------------------------------------------    -------------------

                         (clock clk_fpga_0 rise edge)
                                                     20.000    20.000 r  
    PS7_X0Y0             PS7                          0.000    20.000 r  hw2_i/processing_system7_0/inst/PS7_i/FCLKCLK[0]
                         net (fo=1, routed)           1.088    21.088    hw2_i/processing_system7_0/inst/FCLK_CLK_unbuffered[0]
    BUFGCTRL_X0Y16       BUFG (Prop_bufg_I_O)         0.091    21.179 r  hw2_i/processing_system7_0/inst/buffer_fclk_clk_0.FCLK_CLK_0_BUFG/O
                         net (fo=889, routed)         1.479    22.658    hw2_i/hw2_0/inst/hw2_v1_0_S00_AXI_inst/s00_axi_aclk
    SLICE_X33Y94         FDRE                                         r  hw2_i/hw2_0/inst/hw2_v1_0_S00_AXI_inst/slv_reg3_reg[3]/C
                         clock pessimism              0.229    22.887    
                         clock uncertainty           -0.302    22.585    
    SLICE_X33Y94         FDRE (Setup_fdre_C_CE)      -0.205    22.380    hw2_i/hw2_0/inst/hw2_v1_0_S00_AXI_inst/slv_reg3_reg[3]
  -------------------------------------------------------------------
                         required time                         22.380    
                         arrival time                          -8.935    
  -------------------------------------------------------------------
                         slack                                 13.444    

Slack (MET) :             13.444ns  (required time - arrival time)
  Source:                 hw2_i/processing_system7_0/inst/PS7_i/MAXIGP0ACLK
                            (rising edge-triggered cell PS7 clocked by clk_fpga_0  {rise@0.000ns fall@10.000ns period=20.000ns})
  Destination:            hw2_i/hw2_0/inst/hw2_v1_0_S00_AXI_inst/slv_reg3_reg[4]/CE
                            (rising edge-triggered cell FDRE clocked by clk_fpga_0  {rise@0.000ns fall@10.000ns period=20.000ns})
  Path Group:             clk_fpga_0
  Path Type:              Setup (Max at Slow Process Corner)
  Requirement:            20.000ns  (clk_fpga_0 rise@20.000ns - clk_fpga_0 rise@0.000ns)
  Data Path Delay:        5.905ns  (logic 1.706ns (28.892%)  route 4.199ns (71.108%))
  Logic Levels:           3  (LUT4=2 LUT5=1)
  Clock Path Skew:        -0.144ns (DCD - SCD + CPR)
    Destination Clock Delay (DCD):    2.658ns = ( 22.658 - 20.000 ) 
    Source Clock Delay      (SCD):    3.031ns
    Clock Pessimism Removal (CPR):    0.229ns
  Clock Uncertainty:      0.302ns  ((TSJ^2 + TIJ^2)^1/2 + DJ) / 2 + PE
    Total System Jitter     (TSJ):    0.071ns
    Total Input Jitter      (TIJ):    0.600ns
    Discrete Jitter          (DJ):    0.000ns
    Phase Error              (PE):    0.000ns

    Location             Delay type                Incr(ns)  Path(ns)    Netlist Resource(s)
  -------------------------------------------------------------------    -------------------
                         (clock clk_fpga_0 rise edge)
                                                      0.000     0.000 r  
    PS7_X0Y0             PS7                          0.000     0.000 r  hw2_i/processing_system7_0/inst/PS7_i/FCLKCLK[0]
                         net (fo=1, routed)           1.193     1.193    hw2_i/processing_system7_0/inst/FCLK_CLK_unbuffered[0]
    BUFGCTRL_X0Y16       BUFG (Prop_bufg_I_O)         0.101     1.294 r  hw2_i/processing_system7_0/inst/buffer_fclk_clk_0.FCLK_CLK_0_BUFG/O
                         net (fo=889, routed)         1.737     3.031    hw2_i/processing_system7_0/inst/M_AXI_GP0_ACLK
    PS7_X0Y0             PS7                                          r  hw2_i/processing_system7_0/inst/PS7_i/MAXIGP0ACLK
  -------------------------------------------------------------------    -------------------
    PS7_X0Y0             PS7 (Prop_ps7_MAXIGP0ACLK_MAXIGP0WVALID)
                                                      1.334     4.365 r  hw2_i/processing_system7_0/inst/PS7_i/MAXIGP0WVALID
                         net (fo=7, routed)           1.765     6.130    hw2_i/ps7_0_axi_periph/xbar/inst/gen_sasd.crossbar_sasd_0/addr_arbiter_inst/s_axi_wvalid[0]
    SLICE_X38Y96         LUT5 (Prop_lut5_I1_O)        0.124     6.254 r  hw2_i/ps7_0_axi_periph/xbar/inst/gen_sasd.crossbar_sasd_0/addr_arbiter_inst/m_axi_wvalid[0]_INST_0/O
                         net (fo=7, routed)           0.797     7.051    hw2_i/hw2_0/inst/hw2_v1_0_S00_AXI_inst/s00_axi_wvalid
    SLICE_X38Y95         LUT4 (Prop_lut4_I3_O)        0.124     7.175 r  hw2_i/hw2_0/inst/hw2_v1_0_S00_AXI_inst/slv_reg0[31]_i_2/O
                         net (fo=12, routed)          0.975     8.150    hw2_i/hw2_0/inst/hw2_v1_0_S00_AXI_inst/slv_reg_wren__0
    SLICE_X33Y97         LUT4 (Prop_lut4_I0_O)        0.124     8.274 r  hw2_i/hw2_0/inst/hw2_v1_0_S00_AXI_inst/slv_reg3[7]_i_1/O
                         net (fo=8, routed)           0.662     8.935    hw2_i/hw2_0/inst/hw2_v1_0_S00_AXI_inst/slv_reg3[7]_i_1_n_0
    SLICE_X33Y94         FDRE                                         r  hw2_i/hw2_0/inst/hw2_v1_0_S00_AXI_inst/slv_reg3_reg[4]/CE
  -------------------------------------------------------------------    -------------------

                         (clock clk_fpga_0 rise edge)
                                                     20.000    20.000 r  
    PS7_X0Y0             PS7                          0.000    20.000 r  hw2_i/processing_system7_0/inst/PS7_i/FCLKCLK[0]
                         net (fo=1, routed)           1.088    21.088    hw2_i/processing_system7_0/inst/FCLK_CLK_unbuffered[0]
    BUFGCTRL_X0Y16       BUFG (Prop_bufg_I_O)         0.091    21.179 r  hw2_i/processing_system7_0/inst/buffer_fclk_clk_0.FCLK_CLK_0_BUFG/O
                         net (fo=889, routed)         1.479    22.658    hw2_i/hw2_0/inst/hw2_v1_0_S00_AXI_inst/s00_axi_aclk
    SLICE_X33Y94         FDRE                                         r  hw2_i/hw2_0/inst/hw2_v1_0_S00_AXI_inst/slv_reg3_reg[4]/C
                         clock pessimism              0.229    22.887    
                         clock uncertainty           -0.302    22.585    
    SLICE_X33Y94         FDRE (Setup_fdre_C_CE)      -0.205    22.380    hw2_i/hw2_0/inst/hw2_v1_0_S00_AXI_inst/slv_reg3_reg[4]
  -------------------------------------------------------------------
                         required time                         22.380    
                         arrival time                          -8.935    
  -------------------------------------------------------------------
                         slack                                 13.444    

Slack (MET) :             13.444ns  (required time - arrival time)
  Source:                 hw2_i/processing_system7_0/inst/PS7_i/MAXIGP0ACLK
                            (rising edge-triggered cell PS7 clocked by clk_fpga_0  {rise@0.000ns fall@10.000ns period=20.000ns})
  Destination:            hw2_i/hw2_0/inst/hw2_v1_0_S00_AXI_inst/slv_reg3_reg[5]/CE
                            (rising edge-triggered cell FDRE clocked by clk_fpga_0  {rise@0.000ns fall@10.000ns period=20.000ns})
  Path Group:             clk_fpga_0
  Path Type:              Setup (Max at Slow Process Corner)
  Requirement:            20.000ns  (clk_fpga_0 rise@20.000ns - clk_fpga_0 rise@0.000ns)
  Data Path Delay:        5.905ns  (logic 1.706ns (28.892%)  route 4.199ns (71.108%))
  Logic Levels:           3  (LUT4=2 LUT5=1)
  Clock Path Skew:        -0.144ns (DCD - SCD + CPR)
    Destination Clock Delay (DCD):    2.658ns = ( 22.658 - 20.000 ) 
    Source Clock Delay      (SCD):    3.031ns
    Clock Pessimism Removal (CPR):    0.229ns
  Clock Uncertainty:      0.302ns  ((TSJ^2 + TIJ^2)^1/2 + DJ) / 2 + PE
    Total System Jitter     (TSJ):    0.071ns
    Total Input Jitter      (TIJ):    0.600ns
    Discrete Jitter          (DJ):    0.000ns
    Phase Error              (PE):    0.000ns

    Location             Delay type                Incr(ns)  Path(ns)    Netlist Resource(s)
  -------------------------------------------------------------------    -------------------
                         (clock clk_fpga_0 rise edge)
                                                      0.000     0.000 r  
    PS7_X0Y0             PS7                          0.000     0.000 r  hw2_i/processing_system7_0/inst/PS7_i/FCLKCLK[0]
                         net (fo=1, routed)           1.193     1.193    hw2_i/processing_system7_0/inst/FCLK_CLK_unbuffered[0]
    BUFGCTRL_X0Y16       BUFG (Prop_bufg_I_O)         0.101     1.294 r  hw2_i/processing_system7_0/inst/buffer_fclk_clk_0.FCLK_CLK_0_BUFG/O
                         net (fo=889, routed)         1.737     3.031    hw2_i/processing_system7_0/inst/M_AXI_GP0_ACLK
    PS7_X0Y0             PS7                                          r  hw2_i/processing_system7_0/inst/PS7_i/MAXIGP0ACLK
  -------------------------------------------------------------------    -------------------
    PS7_X0Y0             PS7 (Prop_ps7_MAXIGP0ACLK_MAXIGP0WVALID)
                                                      1.334     4.365 r  hw2_i/processing_system7_0/inst/PS7_i/MAXIGP0WVALID
                         net (fo=7, routed)           1.765     6.130    hw2_i/ps7_0_axi_periph/xbar/inst/gen_sasd.crossbar_sasd_0/addr_arbiter_inst/s_axi_wvalid[0]
    SLICE_X38Y96         LUT5 (Prop_lut5_I1_O)        0.124     6.254 r  hw2_i/ps7_0_axi_periph/xbar/inst/gen_sasd.crossbar_sasd_0/addr_arbiter_inst/m_axi_wvalid[0]_INST_0/O
                         net (fo=7, routed)           0.797     7.051    hw2_i/hw2_0/inst/hw2_v1_0_S00_AXI_inst/s00_axi_wvalid
    SLICE_X38Y95         LUT4 (Prop_lut4_I3_O)        0.124     7.175 r  hw2_i/hw2_0/inst/hw2_v1_0_S00_AXI_inst/slv_reg0[31]_i_2/O
                         net (fo=12, routed)          0.975     8.150    hw2_i/hw2_0/inst/hw2_v1_0_S00_AXI_inst/slv_reg_wren__0
    SLICE_X33Y97         LUT4 (Prop_lut4_I0_O)        0.124     8.274 r  hw2_i/hw2_0/inst/hw2_v1_0_S00_AXI_inst/slv_reg3[7]_i_1/O
                         net (fo=8, routed)           0.662     8.935    hw2_i/hw2_0/inst/hw2_v1_0_S00_AXI_inst/slv_reg3[7]_i_1_n_0
    SLICE_X33Y94         FDRE                                         r  hw2_i/hw2_0/inst/hw2_v1_0_S00_AXI_inst/slv_reg3_reg[5]/CE
  -------------------------------------------------------------------    -------------------

                         (clock clk_fpga_0 rise edge)
                                                     20.000    20.000 r  
    PS7_X0Y0             PS7                          0.000    20.000 r  hw2_i/processing_system7_0/inst/PS7_i/FCLKCLK[0]
                         net (fo=1, routed)           1.088    21.088    hw2_i/processing_system7_0/inst/FCLK_CLK_unbuffered[0]
    BUFGCTRL_X0Y16       BUFG (Prop_bufg_I_O)         0.091    21.179 r  hw2_i/processing_system7_0/inst/buffer_fclk_clk_0.FCLK_CLK_0_BUFG/O
                         net (fo=889, routed)         1.479    22.658    hw2_i/hw2_0/inst/hw2_v1_0_S00_AXI_inst/s00_axi_aclk
    SLICE_X33Y94         FDRE                                         r  hw2_i/hw2_0/inst/hw2_v1_0_S00_AXI_inst/slv_reg3_reg[5]/C
                         clock pessimism              0.229    22.887    
                         clock uncertainty           -0.302    22.585    
    SLICE_X33Y94         FDRE (Setup_fdre_C_CE)      -0.205    22.380    hw2_i/hw2_0/inst/hw2_v1_0_S00_AXI_inst/slv_reg3_reg[5]
  -------------------------------------------------------------------
                         required time                         22.380    
                         arrival time                          -8.935    
  -------------------------------------------------------------------
                         slack                                 13.444    





Min Delay Paths
--------------------------------------------------------------------------------------
Slack (MET) :             0.052ns  (arrival time - required time)
  Source:                 hw2_i/ps7_0_axi_periph/xbar/inst/gen_sasd.crossbar_sasd_0/reg_slice_r/m_payload_i_reg[2]/C
                            (rising edge-triggered cell FDRE clocked by clk_fpga_0  {rise@0.000ns fall@10.000ns period=20.000ns})
  Destination:            hw2_i/ps7_0_axi_periph/s00_couplers/auto_pc/inst/gen_axilite.gen_b2s_conv.axilite_b2s/RD.r_channel_0/rd_data_fifo_0/memory_reg[31][33]_srl32/D
                            (rising edge-triggered cell SRLC32E clocked by clk_fpga_0  {rise@0.000ns fall@10.000ns period=20.000ns})
  Path Group:             clk_fpga_0
  Path Type:              Hold (Min at Fast Process Corner)
  Requirement:            0.000ns  (clk_fpga_0 rise@0.000ns - clk_fpga_0 rise@0.000ns)
  Data Path Delay:        0.251ns  (logic 0.141ns (56.174%)  route 0.110ns (43.826%))
  Logic Levels:           0  
  Clock Path Skew:        0.016ns (DCD - SCD - CPR)
    Destination Clock Delay (DCD):    1.191ns
    Source Clock Delay      (SCD):    0.894ns
    Clock Pessimism Removal (CPR):    0.281ns

    Location             Delay type                Incr(ns)  Path(ns)    Netlist Resource(s)
  -------------------------------------------------------------------    -------------------
                         (clock clk_fpga_0 rise edge)
                                                      0.000     0.000 r  
    PS7_X0Y0             PS7                          0.000     0.000 r  hw2_i/processing_system7_0/inst/PS7_i/FCLKCLK[0]
                         net (fo=1, routed)           0.310     0.310    hw2_i/processing_system7_0/inst/FCLK_CLK_unbuffered[0]
    BUFGCTRL_X0Y16       BUFG (Prop_bufg_I_O)         0.026     0.336 r  hw2_i/processing_system7_0/inst/buffer_fclk_clk_0.FCLK_CLK_0_BUFG/O
                         net (fo=889, routed)         0.558     0.894    hw2_i/ps7_0_axi_periph/xbar/inst/gen_sasd.crossbar_sasd_0/reg_slice_r/aclk
    SLICE_X35Y94         FDRE                                         r  hw2_i/ps7_0_axi_periph/xbar/inst/gen_sasd.crossbar_sasd_0/reg_slice_r/m_payload_i_reg[2]/C
  -------------------------------------------------------------------    -------------------
    SLICE_X35Y94         FDRE (Prop_fdre_C_Q)         0.141     1.035 r  hw2_i/ps7_0_axi_periph/xbar/inst/gen_sasd.crossbar_sasd_0/reg_slice_r/m_payload_i_reg[2]/Q
                         net (fo=1, routed)           0.110     1.145    hw2_i/ps7_0_axi_periph/s00_couplers/auto_pc/inst/gen_axilite.gen_b2s_conv.axilite_b2s/RD.r_channel_0/rd_data_fifo_0/in[33]
    SLICE_X34Y93         SRLC32E                                      r  hw2_i/ps7_0_axi_periph/s00_couplers/auto_pc/inst/gen_axilite.gen_b2s_conv.axilite_b2s/RD.r_channel_0/rd_data_fifo_0/memory_reg[31][33]_srl32/D
  -------------------------------------------------------------------    -------------------

                         (clock clk_fpga_0 rise edge)
                                                      0.000     0.000 r  
    PS7_X0Y0             PS7                          0.000     0.000 r  hw2_i/processing_system7_0/inst/PS7_i/FCLKCLK[0]
                         net (fo=1, routed)           0.337     0.337    hw2_i/processing_system7_0/inst/FCLK_CLK_unbuffered[0]
    BUFGCTRL_X0Y16       BUFG (Prop_bufg_I_O)         0.029     0.366 r  hw2_i/processing_system7_0/inst/buffer_fclk_clk_0.FCLK_CLK_0_BUFG/O
                         net (fo=889, routed)         0.825     1.191    hw2_i/ps7_0_axi_periph/s00_couplers/auto_pc/inst/gen_axilite.gen_b2s_conv.axilite_b2s/RD.r_channel_0/rd_data_fifo_0/aclk
    SLICE_X34Y93         SRLC32E                                      r  hw2_i/ps7_0_axi_periph/s00_couplers/auto_pc/inst/gen_axilite.gen_b2s_conv.axilite_b2s/RD.r_channel_0/rd_data_fifo_0/memory_reg[31][33]_srl32/CLK
                         clock pessimism             -0.281     0.910    
    SLICE_X34Y93         SRLC32E (Hold_srlc32e_CLK_D)
                                                      0.183     1.093    hw2_i/ps7_0_axi_periph/s00_couplers/auto_pc/inst/gen_axilite.gen_b2s_conv.axilite_b2s/RD.r_channel_0/rd_data_fifo_0/memory_reg[31][33]_srl32
  -------------------------------------------------------------------
                         required time                         -1.093    
                         arrival time                           1.145    
  -------------------------------------------------------------------
                         slack                                  0.052    

Slack (MET) :             0.058ns  (arrival time - required time)
  Source:                 hw2_i/ps7_0_axi_periph/xbar/inst/gen_sasd.crossbar_sasd_0/reg_slice_r/m_payload_i_reg[31]/C
                            (rising edge-triggered cell FDRE clocked by clk_fpga_0  {rise@0.000ns fall@10.000ns period=20.000ns})
  Destination:            hw2_i/ps7_0_axi_periph/s00_couplers/auto_pc/inst/gen_axilite.gen_b2s_conv.axilite_b2s/RD.r_channel_0/rd_data_fifo_0/memory_reg[31][28]_srl32/D
                            (rising edge-triggered cell SRLC32E clocked by clk_fpga_0  {rise@0.000ns fall@10.000ns period=20.000ns})
  Path Group:             clk_fpga_0
  Path Type:              Hold (Min at Fast Process Corner)
  Requirement:            0.000ns  (clk_fpga_0 rise@0.000ns - clk_fpga_0 rise@0.000ns)
  Data Path Delay:        0.256ns  (logic 0.141ns (55.026%)  route 0.115ns (44.974%))
  Logic Levels:           0  
  Clock Path Skew:        0.015ns (DCD - SCD - CPR)
    Destination Clock Delay (DCD):    1.191ns
    Source Clock Delay      (SCD):    0.895ns
    Clock Pessimism Removal (CPR):    0.281ns

    Location             Delay type                Incr(ns)  Path(ns)    Netlist Resource(s)
  -------------------------------------------------------------------    -------------------
                         (clock clk_fpga_0 rise edge)
                                                      0.000     0.000 r  
    PS7_X0Y0             PS7                          0.000     0.000 r  hw2_i/processing_system7_0/inst/PS7_i/FCLKCLK[0]
                         net (fo=1, routed)           0.310     0.310    hw2_i/processing_system7_0/inst/FCLK_CLK_unbuffered[0]
    BUFGCTRL_X0Y16       BUFG (Prop_bufg_I_O)         0.026     0.336 r  hw2_i/processing_system7_0/inst/buffer_fclk_clk_0.FCLK_CLK_0_BUFG/O
                         net (fo=889, routed)         0.559     0.895    hw2_i/ps7_0_axi_periph/xbar/inst/gen_sasd.crossbar_sasd_0/reg_slice_r/aclk
    SLICE_X35Y98         FDRE                                         r  hw2_i/ps7_0_axi_periph/xbar/inst/gen_sasd.crossbar_sasd_0/reg_slice_r/m_payload_i_reg[31]/C
  -------------------------------------------------------------------    -------------------
    SLICE_X35Y98         FDRE (Prop_fdre_C_Q)         0.141     1.036 r  hw2_i/ps7_0_axi_periph/xbar/inst/gen_sasd.crossbar_sasd_0/reg_slice_r/m_payload_i_reg[31]/Q
                         net (fo=1, routed)           0.115     1.151    hw2_i/ps7_0_axi_periph/s00_couplers/auto_pc/inst/gen_axilite.gen_b2s_conv.axilite_b2s/RD.r_channel_0/rd_data_fifo_0/in[28]
    SLICE_X34Y96         SRLC32E                                      r  hw2_i/ps7_0_axi_periph/s00_couplers/auto_pc/inst/gen_axilite.gen_b2s_conv.axilite_b2s/RD.r_channel_0/rd_data_fifo_0/memory_reg[31][28]_srl32/D
  -------------------------------------------------------------------    -------------------

                         (clock clk_fpga_0 rise edge)
                                                      0.000     0.000 r  
    PS7_X0Y0             PS7                          0.000     0.000 r  hw2_i/processing_system7_0/inst/PS7_i/FCLKCLK[0]
                         net (fo=1, routed)           0.337     0.337    hw2_i/processing_system7_0/inst/FCLK_CLK_unbuffered[0]
    BUFGCTRL_X0Y16       BUFG (Prop_bufg_I_O)         0.029     0.366 r  hw2_i/processing_system7_0/inst/buffer_fclk_clk_0.FCLK_CLK_0_BUFG/O
                         net (fo=889, routed)         0.825     1.191    hw2_i/ps7_0_axi_periph/s00_couplers/auto_pc/inst/gen_axilite.gen_b2s_conv.axilite_b2s/RD.r_channel_0/rd_data_fifo_0/aclk
    SLICE_X34Y96         SRLC32E                                      r  hw2_i/ps7_0_axi_periph/s00_couplers/auto_pc/inst/gen_axilite.gen_b2s_conv.axilite_b2s/RD.r_channel_0/rd_data_fifo_0/memory_reg[31][28]_srl32/CLK
                         clock pessimism             -0.281     0.910    
    SLICE_X34Y96         SRLC32E (Hold_srlc32e_CLK_D)
                                                      0.183     1.093    hw2_i/ps7_0_axi_periph/s00_couplers/auto_pc/inst/gen_axilite.gen_b2s_conv.axilite_b2s/RD.r_channel_0/rd_data_fifo_0/memory_reg[31][28]_srl32
  -------------------------------------------------------------------
                         required time                         -1.093    
                         arrival time                           1.151    
  -------------------------------------------------------------------
                         slack                                  0.058    

Slack (MET) :             0.061ns  (arrival time - required time)
  Source:                 hw2_i/ps7_0_axi_periph/s00_couplers/auto_pc/inst/gen_axilite.gen_b2s_conv.axilite_b2s/SI_REG/aw.aw_pipe/m_payload_i_reg[22]/C
                            (rising edge-triggered cell FDRE clocked by clk_fpga_0  {rise@0.000ns fall@10.000ns period=20.000ns})
  Destination:            hw2_i/ps7_0_axi_periph/xbar/inst/gen_sasd.crossbar_sasd_0/addr_arbiter_inst/gen_no_arbiter.m_amesg_i_reg[23]/D
                            (rising edge-triggered cell FDRE clocked by clk_fpga_0  {rise@0.000ns fall@10.000ns period=20.000ns})
  Path Group:             clk_fpga_0
  Path Type:              Hold (Min at Fast Process Corner)
  Requirement:            0.000ns  (clk_fpga_0 rise@0.000ns - clk_fpga_0 rise@0.000ns)
  Data Path Delay:        0.333ns  (logic 0.186ns (55.820%)  route 0.147ns (44.180%))
  Logic Levels:           1  (LUT4=1)
  Clock Path Skew:        0.181ns (DCD - SCD - CPR)
    Destination Clock Delay (DCD):    1.211ns
    Source Clock Delay      (SCD):    0.995ns
    Clock Pessimism Removal (CPR):    0.035ns

    Location             Delay type                Incr(ns)  Path(ns)    Netlist Resource(s)
  -------------------------------------------------------------------    -------------------
                         (clock clk_fpga_0 rise edge)
                                                      0.000     0.000 r  
    PS7_X0Y0             PS7                          0.000     0.000 r  hw2_i/processing_system7_0/inst/PS7_i/FCLKCLK[0]
                         net (fo=1, routed)           0.310     0.310    hw2_i/processing_system7_0/inst/FCLK_CLK_unbuffered[0]
    BUFGCTRL_X0Y16       BUFG (Prop_bufg_I_O)         0.026     0.336 r  hw2_i/processing_system7_0/inst/buffer_fclk_clk_0.FCLK_CLK_0_BUFG/O
                         net (fo=889, routed)         0.659     0.995    hw2_i/ps7_0_axi_periph/s00_couplers/auto_pc/inst/gen_axilite.gen_b2s_conv.axilite_b2s/SI_REG/aw.aw_pipe/aclk
    SLICE_X28Y100        FDRE                                         r  hw2_i/ps7_0_axi_periph/s00_couplers/auto_pc/inst/gen_axilite.gen_b2s_conv.axilite_b2s/SI_REG/aw.aw_pipe/m_payload_i_reg[22]/C
  -------------------------------------------------------------------    -------------------
    SLICE_X28Y100        FDRE (Prop_fdre_C_Q)         0.141     1.136 r  hw2_i/ps7_0_axi_periph/s00_couplers/auto_pc/inst/gen_axilite.gen_b2s_conv.axilite_b2s/SI_REG/aw.aw_pipe/m_payload_i_reg[22]/Q
                         net (fo=1, routed)           0.147     1.283    hw2_i/ps7_0_axi_periph/xbar/inst/gen_sasd.crossbar_sasd_0/addr_arbiter_inst/s_axi_awaddr[22]
    SLICE_X29Y98         LUT4 (Prop_lut4_I3_O)        0.045     1.328 r  hw2_i/ps7_0_axi_periph/xbar/inst/gen_sasd.crossbar_sasd_0/addr_arbiter_inst/gen_no_arbiter.m_amesg_i[23]_i_1/O
                         net (fo=1, routed)           0.000     1.328    hw2_i/ps7_0_axi_periph/xbar/inst/gen_sasd.crossbar_sasd_0/addr_arbiter_inst/s_amesg[23]
    SLICE_X29Y98         FDRE                                         r  hw2_i/ps7_0_axi_periph/xbar/inst/gen_sasd.crossbar_sasd_0/addr_arbiter_inst/gen_no_arbiter.m_amesg_i_reg[23]/D
  -------------------------------------------------------------------    -------------------

                         (clock clk_fpga_0 rise edge)
                                                      0.000     0.000 r  
    PS7_X0Y0             PS7                          0.000     0.000 r  hw2_i/processing_system7_0/inst/PS7_i/FCLKCLK[0]
                         net (fo=1, routed)           0.337     0.337    hw2_i/processing_system7_0/inst/FCLK_CLK_unbuffered[0]
    BUFGCTRL_X0Y16       BUFG (Prop_bufg_I_O)         0.029     0.366 r  hw2_i/processing_system7_0/inst/buffer_fclk_clk_0.FCLK_CLK_0_BUFG/O
                         net (fo=889, routed)         0.845     1.211    hw2_i/ps7_0_axi_periph/xbar/inst/gen_sasd.crossbar_sasd_0/addr_arbiter_inst/aclk
    SLICE_X29Y98         FDRE                                         r  hw2_i/ps7_0_axi_periph/xbar/inst/gen_sasd.crossbar_sasd_0/addr_arbiter_inst/gen_no_arbiter.m_amesg_i_reg[23]/C
                         clock pessimism             -0.035     1.176    
    SLICE_X29Y98         FDRE (Hold_fdre_C_D)         0.091     1.267    hw2_i/ps7_0_axi_periph/xbar/inst/gen_sasd.crossbar_sasd_0/addr_arbiter_inst/gen_no_arbiter.m_amesg_i_reg[23]
  -------------------------------------------------------------------
                         required time                         -1.267    
                         arrival time                           1.328    
  -------------------------------------------------------------------
                         slack                                  0.061    

Slack (MET) :             0.067ns  (arrival time - required time)
  Source:                 hw2_i/hw2_0/inst/hw2_v1_0_S00_AXI_inst/slv_reg2_reg[26]/C
                            (rising edge-triggered cell FDRE clocked by clk_fpga_0  {rise@0.000ns fall@10.000ns period=20.000ns})
  Destination:            hw2_i/hw2_0/inst/hw2_v1_0_S00_AXI_inst/axi_rdata_reg[26]/D
                            (rising edge-triggered cell FDRE clocked by clk_fpga_0  {rise@0.000ns fall@10.000ns period=20.000ns})
  Path Group:             clk_fpga_0
  Path Type:              Hold (Min at Fast Process Corner)
  Requirement:            0.000ns  (clk_fpga_0 rise@0.000ns - clk_fpga_0 rise@0.000ns)
  Data Path Delay:        0.368ns  (logic 0.186ns (50.607%)  route 0.182ns (49.393%))
  Logic Levels:           1  (LUT5=1)
  Clock Path Skew:        0.180ns (DCD - SCD - CPR)
    Destination Clock Delay (DCD):    1.192ns
    Source Clock Delay      (SCD):    0.977ns
    Clock Pessimism Removal (CPR):    0.035ns

    Location             Delay type                Incr(ns)  Path(ns)    Netlist Resource(s)
  -------------------------------------------------------------------    -------------------
                         (clock clk_fpga_0 rise edge)
                                                      0.000     0.000 r  
    PS7_X0Y0             PS7                          0.000     0.000 r  hw2_i/processing_system7_0/inst/PS7_i/FCLKCLK[0]
                         net (fo=1, routed)           0.310     0.310    hw2_i/processing_system7_0/inst/FCLK_CLK_unbuffered[0]
    BUFGCTRL_X0Y16       BUFG (Prop_bufg_I_O)         0.026     0.336 r  hw2_i/processing_system7_0/inst/buffer_fclk_clk_0.FCLK_CLK_0_BUFG/O
                         net (fo=889, routed)         0.641     0.977    hw2_i/hw2_0/inst/hw2_v1_0_S00_AXI_inst/s00_axi_aclk
    SLICE_X33Y100        FDRE                                         r  hw2_i/hw2_0/inst/hw2_v1_0_S00_AXI_inst/slv_reg2_reg[26]/C
  -------------------------------------------------------------------    -------------------
    SLICE_X33Y100        FDRE (Prop_fdre_C_Q)         0.141     1.118 r  hw2_i/hw2_0/inst/hw2_v1_0_S00_AXI_inst/slv_reg2_reg[26]/Q
                         net (fo=1, routed)           0.182     1.300    hw2_i/hw2_0/inst/hw2_v1_0_S00_AXI_inst/slv_reg2[26]
    SLICE_X34Y99         LUT5 (Prop_lut5_I4_O)        0.045     1.345 r  hw2_i/hw2_0/inst/hw2_v1_0_S00_AXI_inst/axi_rdata[26]_i_1/O
                         net (fo=1, routed)           0.000     1.345    hw2_i/hw2_0/inst/hw2_v1_0_S00_AXI_inst/reg_data_out[26]
    SLICE_X34Y99         FDRE                                         r  hw2_i/hw2_0/inst/hw2_v1_0_S00_AXI_inst/axi_rdata_reg[26]/D
  -------------------------------------------------------------------    -------------------

                         (clock clk_fpga_0 rise edge)
                                                      0.000     0.000 r  
    PS7_X0Y0             PS7                          0.000     0.000 r  hw2_i/processing_system7_0/inst/PS7_i/FCLKCLK[0]
                         net (fo=1, routed)           0.337     0.337    hw2_i/processing_system7_0/inst/FCLK_CLK_unbuffered[0]
    BUFGCTRL_X0Y16       BUFG (Prop_bufg_I_O)         0.029     0.366 r  hw2_i/processing_system7_0/inst/buffer_fclk_clk_0.FCLK_CLK_0_BUFG/O
                         net (fo=889, routed)         0.826     1.192    hw2_i/hw2_0/inst/hw2_v1_0_S00_AXI_inst/s00_axi_aclk
    SLICE_X34Y99         FDRE                                         r  hw2_i/hw2_0/inst/hw2_v1_0_S00_AXI_inst/axi_rdata_reg[26]/C
                         clock pessimism             -0.035     1.157    
    SLICE_X34Y99         FDRE (Hold_fdre_C_D)         0.121     1.278    hw2_i/hw2_0/inst/hw2_v1_0_S00_AXI_inst/axi_rdata_reg[26]
  -------------------------------------------------------------------
                         required time                         -1.278    
                         arrival time                           1.345    
  -------------------------------------------------------------------
                         slack                                  0.067    

Slack (MET) :             0.067ns  (arrival time - required time)
  Source:                 hw2_i/ps7_0_axi_periph/xbar/inst/gen_sasd.crossbar_sasd_0/reg_slice_r/m_payload_i_reg[3]/C
                            (rising edge-triggered cell FDRE clocked by clk_fpga_0  {rise@0.000ns fall@10.000ns period=20.000ns})
  Destination:            hw2_i/ps7_0_axi_periph/s00_couplers/auto_pc/inst/gen_axilite.gen_b2s_conv.axilite_b2s/RD.r_channel_0/rd_data_fifo_0/memory_reg[31][0]_srl32/D
                            (rising edge-triggered cell SRLC32E clocked by clk_fpga_0  {rise@0.000ns fall@10.000ns period=20.000ns})
  Path Group:             clk_fpga_0
  Path Type:              Hold (Min at Fast Process Corner)
  Requirement:            0.000ns  (clk_fpga_0 rise@0.000ns - clk_fpga_0 rise@0.000ns)
  Data Path Delay:        0.197ns  (logic 0.141ns (71.611%)  route 0.056ns (28.389%))
  Logic Levels:           0  
  Clock Path Skew:        0.013ns (DCD - SCD - CPR)
    Destination Clock Delay (DCD):    1.190ns
    Source Clock Delay      (SCD):    0.893ns
    Clock Pessimism Removal (CPR):    0.284ns

    Location             Delay type                Incr(ns)  Path(ns)    Netlist Resource(s)
  -------------------------------------------------------------------    -------------------
                         (clock clk_fpga_0 rise edge)
                                                      0.000     0.000 r  
    PS7_X0Y0             PS7                          0.000     0.000 r  hw2_i/processing_system7_0/inst/PS7_i/FCLKCLK[0]
                         net (fo=1, routed)           0.310     0.310    hw2_i/processing_system7_0/inst/FCLK_CLK_unbuffered[0]
    BUFGCTRL_X0Y16       BUFG (Prop_bufg_I_O)         0.026     0.336 r  hw2_i/processing_system7_0/inst/buffer_fclk_clk_0.FCLK_CLK_0_BUFG/O
                         net (fo=889, routed)         0.557     0.893    hw2_i/ps7_0_axi_periph/xbar/inst/gen_sasd.crossbar_sasd_0/reg_slice_r/aclk
    SLICE_X35Y91         FDRE                                         r  hw2_i/ps7_0_axi_periph/xbar/inst/gen_sasd.crossbar_sasd_0/reg_slice_r/m_payload_i_reg[3]/C
  -------------------------------------------------------------------    -------------------
    SLICE_X35Y91         FDRE (Prop_fdre_C_Q)         0.141     1.034 r  hw2_i/ps7_0_axi_periph/xbar/inst/gen_sasd.crossbar_sasd_0/reg_slice_r/m_payload_i_reg[3]/Q
                         net (fo=1, routed)           0.056     1.089    hw2_i/ps7_0_axi_periph/s00_couplers/auto_pc/inst/gen_axilite.gen_b2s_conv.axilite_b2s/RD.r_channel_0/rd_data_fifo_0/in[0]
    SLICE_X34Y91         SRLC32E                                      r  hw2_i/ps7_0_axi_periph/s00_couplers/auto_pc/inst/gen_axilite.gen_b2s_conv.axilite_b2s/RD.r_channel_0/rd_data_fifo_0/memory_reg[31][0]_srl32/D
  -------------------------------------------------------------------    -------------------

                         (clock clk_fpga_0 rise edge)
                                                      0.000     0.000 r  
    PS7_X0Y0             PS7                          0.000     0.000 r  hw2_i/processing_system7_0/inst/PS7_i/FCLKCLK[0]
                         net (fo=1, routed)           0.337     0.337    hw2_i/processing_system7_0/inst/FCLK_CLK_unbuffered[0]
    BUFGCTRL_X0Y16       BUFG (Prop_bufg_I_O)         0.029     0.366 r  hw2_i/processing_system7_0/inst/buffer_fclk_clk_0.FCLK_CLK_0_BUFG/O
                         net (fo=889, routed)         0.824     1.190    hw2_i/ps7_0_axi_periph/s00_couplers/auto_pc/inst/gen_axilite.gen_b2s_conv.axilite_b2s/RD.r_channel_0/rd_data_fifo_0/aclk
    SLICE_X34Y91         SRLC32E                                      r  hw2_i/ps7_0_axi_periph/s00_couplers/auto_pc/inst/gen_axilite.gen_b2s_conv.axilite_b2s/RD.r_channel_0/rd_data_fifo_0/memory_reg[31][0]_srl32/CLK
                         clock pessimism             -0.284     0.906    
    SLICE_X34Y91         SRLC32E (Hold_srlc32e_CLK_D)
                                                      0.117     1.023    hw2_i/ps7_0_axi_periph/s00_couplers/auto_pc/inst/gen_axilite.gen_b2s_conv.axilite_b2s/RD.r_channel_0/rd_data_fifo_0/memory_reg[31][0]_srl32
  -------------------------------------------------------------------
                         required time                         -1.023    
                         arrival time                           1.089    
  -------------------------------------------------------------------
                         slack                                  0.067    

Slack (MET) :             0.079ns  (arrival time - required time)
  Source:                 hw2_i/hw2_0/inst/hw2_v1_0_S00_AXI_inst/slv_reg2_reg[30]/C
                            (rising edge-triggered cell FDRE clocked by clk_fpga_0  {rise@0.000ns fall@10.000ns period=20.000ns})
  Destination:            hw2_i/hw2_0/inst/hw2_v1_0_S00_AXI_inst/axi_rdata_reg[30]/D
                            (rising edge-triggered cell FDRE clocked by clk_fpga_0  {rise@0.000ns fall@10.000ns period=20.000ns})
  Path Group:             clk_fpga_0
  Path Type:              Hold (Min at Fast Process Corner)
  Requirement:            0.000ns  (clk_fpga_0 rise@0.000ns - clk_fpga_0 rise@0.000ns)
  Data Path Delay:        0.380ns  (logic 0.226ns (59.487%)  route 0.154ns (40.513%))
  Logic Levels:           1  (LUT5=1)
  Clock Path Skew:        0.180ns (DCD - SCD - CPR)
    Destination Clock Delay (DCD):    1.192ns
    Source Clock Delay      (SCD):    0.977ns
    Clock Pessimism Removal (CPR):    0.035ns

    Location             Delay type                Incr(ns)  Path(ns)    Netlist Resource(s)
  -------------------------------------------------------------------    -------------------
                         (clock clk_fpga_0 rise edge)
                                                      0.000     0.000 r  
    PS7_X0Y0             PS7                          0.000     0.000 r  hw2_i/processing_system7_0/inst/PS7_i/FCLKCLK[0]
                         net (fo=1, routed)           0.310     0.310    hw2_i/processing_system7_0/inst/FCLK_CLK_unbuffered[0]
    BUFGCTRL_X0Y16       BUFG (Prop_bufg_I_O)         0.026     0.336 r  hw2_i/processing_system7_0/inst/buffer_fclk_clk_0.FCLK_CLK_0_BUFG/O
                         net (fo=889, routed)         0.641     0.977    hw2_i/hw2_0/inst/hw2_v1_0_S00_AXI_inst/s00_axi_aclk
    SLICE_X33Y100        FDRE                                         r  hw2_i/hw2_0/inst/hw2_v1_0_S00_AXI_inst/slv_reg2_reg[30]/C
  -------------------------------------------------------------------    -------------------
    SLICE_X33Y100        FDRE (Prop_fdre_C_Q)         0.128     1.105 r  hw2_i/hw2_0/inst/hw2_v1_0_S00_AXI_inst/slv_reg2_reg[30]/Q
                         net (fo=1, routed)           0.154     1.259    hw2_i/hw2_0/inst/hw2_v1_0_S00_AXI_inst/slv_reg2[30]
    SLICE_X32Y99         LUT5 (Prop_lut5_I4_O)        0.098     1.357 r  hw2_i/hw2_0/inst/hw2_v1_0_S00_AXI_inst/axi_rdata[30]_i_1/O
                         net (fo=1, routed)           0.000     1.357    hw2_i/hw2_0/inst/hw2_v1_0_S00_AXI_inst/reg_data_out[30]
    SLICE_X32Y99         FDRE                                         r  hw2_i/hw2_0/inst/hw2_v1_0_S00_AXI_inst/axi_rdata_reg[30]/D
  -------------------------------------------------------------------    -------------------

                         (clock clk_fpga_0 rise edge)
                                                      0.000     0.000 r  
    PS7_X0Y0             PS7                          0.000     0.000 r  hw2_i/processing_system7_0/inst/PS7_i/FCLKCLK[0]
                         net (fo=1, routed)           0.337     0.337    hw2_i/processing_system7_0/inst/FCLK_CLK_unbuffered[0]
    BUFGCTRL_X0Y16       BUFG (Prop_bufg_I_O)         0.029     0.366 r  hw2_i/processing_system7_0/inst/buffer_fclk_clk_0.FCLK_CLK_0_BUFG/O
                         net (fo=889, routed)         0.826     1.192    hw2_i/hw2_0/inst/hw2_v1_0_S00_AXI_inst/s00_axi_aclk
    SLICE_X32Y99         FDRE                                         r  hw2_i/hw2_0/inst/hw2_v1_0_S00_AXI_inst/axi_rdata_reg[30]/C
                         clock pessimism             -0.035     1.157    
    SLICE_X32Y99         FDRE (Hold_fdre_C_D)         0.121     1.278    hw2_i/hw2_0/inst/hw2_v1_0_S00_AXI_inst/axi_rdata_reg[30]
  -------------------------------------------------------------------
                         required time                         -1.278    
                         arrival time                           1.357    
  -------------------------------------------------------------------
                         slack                                  0.079    

Slack (MET) :             0.082ns  (arrival time - required time)
  Source:                 hw2_i/ps7_0_axi_periph/s00_couplers/auto_pc/inst/gen_axilite.gen_b2s_conv.axilite_b2s/RD.r_channel_0/r_arid_r_reg[11]/C
                            (rising edge-triggered cell FDRE clocked by clk_fpga_0  {rise@0.000ns fall@10.000ns period=20.000ns})
  Destination:            hw2_i/ps7_0_axi_periph/s00_couplers/auto_pc/inst/gen_axilite.gen_b2s_conv.axilite_b2s/RD.r_channel_0/transaction_fifo_0/memory_reg[31][12]_srl32/D
                            (rising edge-triggered cell SRLC32E clocked by clk_fpga_0  {rise@0.000ns fall@10.000ns period=20.000ns})
  Path Group:             clk_fpga_0
  Path Type:              Hold (Min at Fast Process Corner)
  Requirement:            0.000ns  (clk_fpga_0 rise@0.000ns - clk_fpga_0 rise@0.000ns)
  Data Path Delay:        0.371ns  (logic 0.141ns (38.038%)  route 0.230ns (61.962%))
  Logic Levels:           0  
  Clock Path Skew:        0.180ns (DCD - SCD - CPR)
    Destination Clock Delay (DCD):    1.210ns
    Source Clock Delay      (SCD):    0.995ns
    Clock Pessimism Removal (CPR):    0.035ns

    Location             Delay type                Incr(ns)  Path(ns)    Netlist Resource(s)
  -------------------------------------------------------------------    -------------------
                         (clock clk_fpga_0 rise edge)
                                                      0.000     0.000 r  
    PS7_X0Y0             PS7                          0.000     0.000 r  hw2_i/processing_system7_0/inst/PS7_i/FCLKCLK[0]
                         net (fo=1, routed)           0.310     0.310    hw2_i/processing_system7_0/inst/FCLK_CLK_unbuffered[0]
    BUFGCTRL_X0Y16       BUFG (Prop_bufg_I_O)         0.026     0.336 r  hw2_i/processing_system7_0/inst/buffer_fclk_clk_0.FCLK_CLK_0_BUFG/O
                         net (fo=889, routed)         0.659     0.995    hw2_i/ps7_0_axi_periph/s00_couplers/auto_pc/inst/gen_axilite.gen_b2s_conv.axilite_b2s/RD.r_channel_0/aclk
    SLICE_X29Y100        FDRE                                         r  hw2_i/ps7_0_axi_periph/s00_couplers/auto_pc/inst/gen_axilite.gen_b2s_conv.axilite_b2s/RD.r_channel_0/r_arid_r_reg[11]/C
  -------------------------------------------------------------------    -------------------
    SLICE_X29Y100        FDRE (Prop_fdre_C_Q)         0.141     1.136 r  hw2_i/ps7_0_axi_periph/s00_couplers/auto_pc/inst/gen_axilite.gen_b2s_conv.axilite_b2s/RD.r_channel_0/r_arid_r_reg[11]/Q
                         net (fo=1, routed)           0.230     1.366    hw2_i/ps7_0_axi_periph/s00_couplers/auto_pc/inst/gen_axilite.gen_b2s_conv.axilite_b2s/RD.r_channel_0/transaction_fifo_0/in[12]
    SLICE_X26Y97         SRLC32E                                      r  hw2_i/ps7_0_axi_periph/s00_couplers/auto_pc/inst/gen_axilite.gen_b2s_conv.axilite_b2s/RD.r_channel_0/transaction_fifo_0/memory_reg[31][12]_srl32/D
  -------------------------------------------------------------------    -------------------

                         (clock clk_fpga_0 rise edge)
                                                      0.000     0.000 r  
    PS7_X0Y0             PS7                          0.000     0.000 r  hw2_i/processing_system7_0/inst/PS7_i/FCLKCLK[0]
                         net (fo=1, routed)           0.337     0.337    hw2_i/processing_system7_0/inst/FCLK_CLK_unbuffered[0]
    BUFGCTRL_X0Y16       BUFG (Prop_bufg_I_O)         0.029     0.366 r  hw2_i/processing_system7_0/inst/buffer_fclk_clk_0.FCLK_CLK_0_BUFG/O
                         net (fo=889, routed)         0.844     1.210    hw2_i/ps7_0_axi_periph/s00_couplers/auto_pc/inst/gen_axilite.gen_b2s_conv.axilite_b2s/RD.r_channel_0/transaction_fifo_0/aclk
    SLICE_X26Y97         SRLC32E                                      r  hw2_i/ps7_0_axi_periph/s00_couplers/auto_pc/inst/gen_axilite.gen_b2s_conv.axilite_b2s/RD.r_channel_0/transaction_fifo_0/memory_reg[31][12]_srl32/CLK
                         clock pessimism             -0.035     1.175    
    SLICE_X26Y97         SRLC32E (Hold_srlc32e_CLK_D)
                                                      0.109     1.284    hw2_i/ps7_0_axi_periph/s00_couplers/auto_pc/inst/gen_axilite.gen_b2s_conv.axilite_b2s/RD.r_channel_0/transaction_fifo_0/memory_reg[31][12]_srl32
  -------------------------------------------------------------------
                         required time                         -1.284    
                         arrival time                           1.366    
  -------------------------------------------------------------------
                         slack                                  0.082    

Slack (MET) :             0.083ns  (arrival time - required time)
  Source:                 hw2_i/ps7_0_axi_periph/s00_couplers/auto_pc/inst/gen_axilite.gen_b2s_conv.axilite_b2s/RD.r_channel_0/r_arid_r_reg[10]/C
                            (rising edge-triggered cell FDRE clocked by clk_fpga_0  {rise@0.000ns fall@10.000ns period=20.000ns})
  Destination:            hw2_i/ps7_0_axi_periph/s00_couplers/auto_pc/inst/gen_axilite.gen_b2s_conv.axilite_b2s/RD.r_channel_0/transaction_fifo_0/memory_reg[31][11]_srl32/D
                            (rising edge-triggered cell SRLC32E clocked by clk_fpga_0  {rise@0.000ns fall@10.000ns period=20.000ns})
  Path Group:             clk_fpga_0
  Path Type:              Hold (Min at Fast Process Corner)
  Requirement:            0.000ns  (clk_fpga_0 rise@0.000ns - clk_fpga_0 rise@0.000ns)
  Data Path Delay:        0.378ns  (logic 0.141ns (37.281%)  route 0.237ns (62.719%))
  Logic Levels:           0  
  Clock Path Skew:        0.180ns (DCD - SCD - CPR)
    Destination Clock Delay (DCD):    1.210ns
    Source Clock Delay      (SCD):    0.995ns
    Clock Pessimism Removal (CPR):    0.035ns

    Location             Delay type                Incr(ns)  Path(ns)    Netlist Resource(s)
  -------------------------------------------------------------------    -------------------
                         (clock clk_fpga_0 rise edge)
                                                      0.000     0.000 r  
    PS7_X0Y0             PS7                          0.000     0.000 r  hw2_i/processing_system7_0/inst/PS7_i/FCLKCLK[0]
                         net (fo=1, routed)           0.310     0.310    hw2_i/processing_system7_0/inst/FCLK_CLK_unbuffered[0]
    BUFGCTRL_X0Y16       BUFG (Prop_bufg_I_O)         0.026     0.336 r  hw2_i/processing_system7_0/inst/buffer_fclk_clk_0.FCLK_CLK_0_BUFG/O
                         net (fo=889, routed)         0.659     0.995    hw2_i/ps7_0_axi_periph/s00_couplers/auto_pc/inst/gen_axilite.gen_b2s_conv.axilite_b2s/RD.r_channel_0/aclk
    SLICE_X29Y100        FDRE                                         r  hw2_i/ps7_0_axi_periph/s00_couplers/auto_pc/inst/gen_axilite.gen_b2s_conv.axilite_b2s/RD.r_channel_0/r_arid_r_reg[10]/C
  -------------------------------------------------------------------    -------------------
    SLICE_X29Y100        FDRE (Prop_fdre_C_Q)         0.141     1.136 r  hw2_i/ps7_0_axi_periph/s00_couplers/auto_pc/inst/gen_axilite.gen_b2s_conv.axilite_b2s/RD.r_channel_0/r_arid_r_reg[10]/Q
                         net (fo=1, routed)           0.237     1.373    hw2_i/ps7_0_axi_periph/s00_couplers/auto_pc/inst/gen_axilite.gen_b2s_conv.axilite_b2s/RD.r_channel_0/transaction_fifo_0/in[11]
    SLICE_X26Y97         SRLC32E                                      r  hw2_i/ps7_0_axi_periph/s00_couplers/auto_pc/inst/gen_axilite.gen_b2s_conv.axilite_b2s/RD.r_channel_0/transaction_fifo_0/memory_reg[31][11]_srl32/D
  -------------------------------------------------------------------    -------------------

                         (clock clk_fpga_0 rise edge)
                                                      0.000     0.000 r  
    PS7_X0Y0             PS7                          0.000     0.000 r  hw2_i/processing_system7_0/inst/PS7_i/FCLKCLK[0]
                         net (fo=1, routed)           0.337     0.337    hw2_i/processing_system7_0/inst/FCLK_CLK_unbuffered[0]
    BUFGCTRL_X0Y16       BUFG (Prop_bufg_I_O)         0.029     0.366 r  hw2_i/processing_system7_0/inst/buffer_fclk_clk_0.FCLK_CLK_0_BUFG/O
                         net (fo=889, routed)         0.844     1.210    hw2_i/ps7_0_axi_periph/s00_couplers/auto_pc/inst/gen_axilite.gen_b2s_conv.axilite_b2s/RD.r_channel_0/transaction_fifo_0/aclk
    SLICE_X26Y97         SRLC32E                                      r  hw2_i/ps7_0_axi_periph/s00_couplers/auto_pc/inst/gen_axilite.gen_b2s_conv.axilite_b2s/RD.r_channel_0/transaction_fifo_0/memory_reg[31][11]_srl32/CLK
                         clock pessimism             -0.035     1.175    
    SLICE_X26Y97         SRLC32E (Hold_srlc32e_CLK_D)
                                                      0.115     1.290    hw2_i/ps7_0_axi_periph/s00_couplers/auto_pc/inst/gen_axilite.gen_b2s_conv.axilite_b2s/RD.r_channel_0/transaction_fifo_0/memory_reg[31][11]_srl32
  -------------------------------------------------------------------
                         required time                         -1.290    
                         arrival time                           1.373    
  -------------------------------------------------------------------
                         slack                                  0.083    

Slack (MET) :             0.098ns  (arrival time - required time)
  Source:                 hw2_i/ps7_0_axi_periph/s00_couplers/auto_pc/inst/gen_axilite.gen_b2s_conv.axilite_b2s/WR.aw_channel_0/s_awid_r_reg[7]/C
                            (rising edge-triggered cell FDRE clocked by clk_fpga_0  {rise@0.000ns fall@10.000ns period=20.000ns})
  Destination:            hw2_i/ps7_0_axi_periph/s00_couplers/auto_pc/inst/gen_axilite.gen_b2s_conv.axilite_b2s/WR.b_channel_0/bid_fifo_0/memory_reg[3][15]_srl4/D
                            (rising edge-triggered cell SRL16E clocked by clk_fpga_0  {rise@0.000ns fall@10.000ns period=20.000ns})
  Path Group:             clk_fpga_0
  Path Type:              Hold (Min at Fast Process Corner)
  Requirement:            0.000ns  (clk_fpga_0 rise@0.000ns - clk_fpga_0 rise@0.000ns)
  Data Path Delay:        0.244ns  (logic 0.128ns (52.512%)  route 0.116ns (47.488%))
  Logic Levels:           0  
  Clock Path Skew:        0.016ns (DCD - SCD - CPR)
    Destination Clock Delay (DCD):    1.296ns
    Source Clock Delay      (SCD):    0.992ns
    Clock Pessimism Removal (CPR):    0.288ns

    Location             Delay type                Incr(ns)  Path(ns)    Netlist Resource(s)
  -------------------------------------------------------------------    -------------------
                         (clock clk_fpga_0 rise edge)
                                                      0.000     0.000 r  
    PS7_X0Y0             PS7                          0.000     0.000 r  hw2_i/processing_system7_0/inst/PS7_i/FCLKCLK[0]
                         net (fo=1, routed)           0.310     0.310    hw2_i/processing_system7_0/inst/FCLK_CLK_unbuffered[0]
    BUFGCTRL_X0Y16       BUFG (Prop_bufg_I_O)         0.026     0.336 r  hw2_i/processing_system7_0/inst/buffer_fclk_clk_0.FCLK_CLK_0_BUFG/O
                         net (fo=889, routed)         0.656     0.992    hw2_i/ps7_0_axi_periph/s00_couplers/auto_pc/inst/gen_axilite.gen_b2s_conv.axilite_b2s/WR.aw_channel_0/aclk
    SLICE_X27Y101        FDRE                                         r  hw2_i/ps7_0_axi_periph/s00_couplers/auto_pc/inst/gen_axilite.gen_b2s_conv.axilite_b2s/WR.aw_channel_0/s_awid_r_reg[7]/C
  -------------------------------------------------------------------    -------------------
    SLICE_X27Y101        FDRE (Prop_fdre_C_Q)         0.128     1.120 r  hw2_i/ps7_0_axi_periph/s00_couplers/auto_pc/inst/gen_axilite.gen_b2s_conv.axilite_b2s/WR.aw_channel_0/s_awid_r_reg[7]/Q
                         net (fo=1, routed)           0.116     1.236    hw2_i/ps7_0_axi_periph/s00_couplers/auto_pc/inst/gen_axilite.gen_b2s_conv.axilite_b2s/WR.b_channel_0/bid_fifo_0/in[11]
    SLICE_X26Y102        SRL16E                                       r  hw2_i/ps7_0_axi_periph/s00_couplers/auto_pc/inst/gen_axilite.gen_b2s_conv.axilite_b2s/WR.b_channel_0/bid_fifo_0/memory_reg[3][15]_srl4/D
  -------------------------------------------------------------------    -------------------

                         (clock clk_fpga_0 rise edge)
                                                      0.000     0.000 r  
    PS7_X0Y0             PS7                          0.000     0.000 r  hw2_i/processing_system7_0/inst/PS7_i/FCLKCLK[0]
                         net (fo=1, routed)           0.337     0.337    hw2_i/processing_system7_0/inst/FCLK_CLK_unbuffered[0]
    BUFGCTRL_X0Y16       BUFG (Prop_bufg_I_O)         0.029     0.366 r  hw2_i/processing_system7_0/inst/buffer_fclk_clk_0.FCLK_CLK_0_BUFG/O
                         net (fo=889, routed)         0.930     1.296    hw2_i/ps7_0_axi_periph/s00_couplers/auto_pc/inst/gen_axilite.gen_b2s_conv.axilite_b2s/WR.b_channel_0/bid_fifo_0/aclk
    SLICE_X26Y102        SRL16E                                       r  hw2_i/ps7_0_axi_periph/s00_couplers/auto_pc/inst/gen_axilite.gen_b2s_conv.axilite_b2s/WR.b_channel_0/bid_fifo_0/memory_reg[3][15]_srl4/CLK
                         clock pessimism             -0.288     1.008    
    SLICE_X26Y102        SRL16E (Hold_srl16e_CLK_D)
                                                      0.130     1.138    hw2_i/ps7_0_axi_periph/s00_couplers/auto_pc/inst/gen_axilite.gen_b2s_conv.axilite_b2s/WR.b_channel_0/bid_fifo_0/memory_reg[3][15]_srl4
  -------------------------------------------------------------------
                         required time                         -1.138    
                         arrival time                           1.236    
  -------------------------------------------------------------------
                         slack                                  0.098    

Slack (MET) :             0.098ns  (arrival time - required time)
  Source:                 hw2_i/hw2_0/inst/hw2_v1_0_S00_AXI_inst/slv_reg2_reg[31]/C
                            (rising edge-triggered cell FDRE clocked by clk_fpga_0  {rise@0.000ns fall@10.000ns period=20.000ns})
  Destination:            hw2_i/hw2_0/inst/hw2_v1_0_S00_AXI_inst/axi_rdata_reg[31]/D
                            (rising edge-triggered cell FDRE clocked by clk_fpga_0  {rise@0.000ns fall@10.000ns period=20.000ns})
  Path Group:             clk_fpga_0
  Path Type:              Hold (Min at Fast Process Corner)
  Requirement:            0.000ns  (clk_fpga_0 rise@0.000ns - clk_fpga_0 rise@0.000ns)
  Data Path Delay:        0.399ns  (logic 0.226ns (56.650%)  route 0.173ns (43.350%))
  Logic Levels:           1  (LUT5=1)
  Clock Path Skew:        0.180ns (DCD - SCD - CPR)
    Destination Clock Delay (DCD):    1.192ns
    Source Clock Delay      (SCD):    0.977ns
    Clock Pessimism Removal (CPR):    0.035ns

    Location             Delay type                Incr(ns)  Path(ns)    Netlist Resource(s)
  -------------------------------------------------------------------    -------------------
                         (clock clk_fpga_0 rise edge)
                                                      0.000     0.000 r  
    PS7_X0Y0             PS7                          0.000     0.000 r  hw2_i/processing_system7_0/inst/PS7_i/FCLKCLK[0]
                         net (fo=1, routed)           0.310     0.310    hw2_i/processing_system7_0/inst/FCLK_CLK_unbuffered[0]
    BUFGCTRL_X0Y16       BUFG (Prop_bufg_I_O)         0.026     0.336 r  hw2_i/processing_system7_0/inst/buffer_fclk_clk_0.FCLK_CLK_0_BUFG/O
                         net (fo=889, routed)         0.641     0.977    hw2_i/hw2_0/inst/hw2_v1_0_S00_AXI_inst/s00_axi_aclk
    SLICE_X33Y100        FDRE                                         r  hw2_i/hw2_0/inst/hw2_v1_0_S00_AXI_inst/slv_reg2_reg[31]/C
  -------------------------------------------------------------------    -------------------
    SLICE_X33Y100        FDRE (Prop_fdre_C_Q)         0.128     1.105 r  hw2_i/hw2_0/inst/hw2_v1_0_S00_AXI_inst/slv_reg2_reg[31]/Q
                         net (fo=1, routed)           0.173     1.278    hw2_i/hw2_0/inst/hw2_v1_0_S00_AXI_inst/slv_reg2[31]
    SLICE_X32Y99         LUT5 (Prop_lut5_I4_O)        0.098     1.376 r  hw2_i/hw2_0/inst/hw2_v1_0_S00_AXI_inst/axi_rdata[31]_i_1/O
                         net (fo=1, routed)           0.000     1.376    hw2_i/hw2_0/inst/hw2_v1_0_S00_AXI_inst/reg_data_out[31]
    SLICE_X32Y99         FDRE                                         r  hw2_i/hw2_0/inst/hw2_v1_0_S00_AXI_inst/axi_rdata_reg[31]/D
  -------------------------------------------------------------------    -------------------

                         (clock clk_fpga_0 rise edge)
                                                      0.000     0.000 r  
    PS7_X0Y0             PS7                          0.000     0.000 r  hw2_i/processing_system7_0/inst/PS7_i/FCLKCLK[0]
                         net (fo=1, routed)           0.337     0.337    hw2_i/processing_system7_0/inst/FCLK_CLK_unbuffered[0]
    BUFGCTRL_X0Y16       BUFG (Prop_bufg_I_O)         0.029     0.366 r  hw2_i/processing_system7_0/inst/buffer_fclk_clk_0.FCLK_CLK_0_BUFG/O
                         net (fo=889, routed)         0.826     1.192    hw2_i/hw2_0/inst/hw2_v1_0_S00_AXI_inst/s00_axi_aclk
    SLICE_X32Y99         FDRE                                         r  hw2_i/hw2_0/inst/hw2_v1_0_S00_AXI_inst/axi_rdata_reg[31]/C
                         clock pessimism             -0.035     1.157    
    SLICE_X32Y99         FDRE (Hold_fdre_C_D)         0.121     1.278    hw2_i/hw2_0/inst/hw2_v1_0_S00_AXI_inst/axi_rdata_reg[31]
  -------------------------------------------------------------------
                         required time                         -1.278    
                         arrival time                           1.376    
  -------------------------------------------------------------------
                         slack                                  0.098    





Pulse Width Checks
--------------------------------------------------------------------------------------
Clock Name:         clk_fpga_0
Waveform(ns):       { 0.000 10.000 }
Period(ns):         20.000
Sources:            { hw2_i/processing_system7_0/inst/PS7_i/FCLKCLK[0] }

Check Type        Corner  Lib Pin      Reference Pin  Required(ns)  Actual(ns)  Slack(ns)  Location        Pin
Min Period        n/a     BUFG/I       n/a            2.155         20.000      17.845     BUFGCTRL_X0Y16  hw2_i/processing_system7_0/inst/buffer_fclk_clk_0.FCLK_CLK_0_BUFG/I
Min Period        n/a     FDSE/C       n/a            1.000         20.000      19.000     SLICE_X37Y95    hw2_i/hw2_0/inst/hw2_v1_0_S00_AXI_inst/aw_en_reg/C
Min Period        n/a     FDRE/C       n/a            1.000         20.000      19.000     SLICE_X38Y97    hw2_i/hw2_0/inst/hw2_v1_0_S00_AXI_inst/axi_araddr_reg[2]/C
Min Period        n/a     FDRE/C       n/a            1.000         20.000      19.000     SLICE_X38Y97    hw2_i/hw2_0/inst/hw2_v1_0_S00_AXI_inst/axi_araddr_reg[3]/C
Min Period        n/a     FDRE/C       n/a            1.000         20.000      19.000     SLICE_X38Y97    hw2_i/hw2_0/inst/hw2_v1_0_S00_AXI_inst/axi_arready_reg/C
Min Period        n/a     FDRE/C       n/a            1.000         20.000      19.000     SLICE_X38Y97    hw2_i/hw2_0/inst/hw2_v1_0_S00_AXI_inst/axi_awaddr_reg[2]/C
Min Period        n/a     FDRE/C       n/a            1.000         20.000      19.000     SLICE_X37Y95    hw2_i/hw2_0/inst/hw2_v1_0_S00_AXI_inst/axi_awaddr_reg[3]/C
Min Period        n/a     FDRE/C       n/a            1.000         20.000      19.000     SLICE_X38Y95    hw2_i/hw2_0/inst/hw2_v1_0_S00_AXI_inst/axi_awready_reg/C
Min Period        n/a     FDRE/C       n/a            1.000         20.000      19.000     SLICE_X35Y96    hw2_i/hw2_0/inst/hw2_v1_0_S00_AXI_inst/slv_reg2_reg[21]/C
Min Period        n/a     FDRE/C       n/a            1.000         20.000      19.000     SLICE_X35Y96    hw2_i/hw2_0/inst/hw2_v1_0_S00_AXI_inst/slv_reg2_reg[22]/C
Low Pulse Width   Slow    SRLC32E/CLK  n/a            0.980         10.000      9.020      SLICE_X34Y91    hw2_i/ps7_0_axi_periph/s00_couplers/auto_pc/inst/gen_axilite.gen_b2s_conv.axilite_b2s/RD.r_channel_0/rd_data_fifo_0/memory_reg[31][0]_srl32/CLK
Low Pulse Width   Slow    SRLC32E/CLK  n/a            0.980         10.000      9.020      SLICE_X34Y91    hw2_i/ps7_0_axi_periph/s00_couplers/auto_pc/inst/gen_axilite.gen_b2s_conv.axilite_b2s/RD.r_channel_0/rd_data_fifo_0/memory_reg[31][12]_srl32/CLK
Low Pulse Width   Slow    SRLC32E/CLK  n/a            0.980         10.000      9.020      SLICE_X34Y91    hw2_i/ps7_0_axi_periph/s00_couplers/auto_pc/inst/gen_axilite.gen_b2s_conv.axilite_b2s/RD.r_channel_0/rd_data_fifo_0/memory_reg[31][2]_srl32/CLK
Low Pulse Width   Slow    SRLC32E/CLK  n/a            0.980         10.000      9.020      SLICE_X34Y91    hw2_i/ps7_0_axi_periph/s00_couplers/auto_pc/inst/gen_axilite.gen_b2s_conv.axilite_b2s/RD.r_channel_0/rd_data_fifo_0/memory_reg[31][4]_srl32/CLK
Low Pulse Width   Slow    SRLC32E/CLK  n/a            0.980         10.000      9.020      SLICE_X30Y93    hw2_i/ps7_0_axi_periph/s00_couplers/auto_pc/inst/gen_axilite.gen_b2s_conv.axilite_b2s/RD.r_channel_0/transaction_fifo_0/memory_reg[31][1]_srl32/CLK
Low Pulse Width   Fast    SRLC32E/CLK  n/a            0.980         10.000      9.020      SLICE_X30Y93    hw2_i/ps7_0_axi_periph/s00_couplers/auto_pc/inst/gen_axilite.gen_b2s_conv.axilite_b2s/RD.r_channel_0/transaction_fifo_0/memory_reg[31][1]_srl32/CLK
Low Pulse Width   Slow    SRLC32E/CLK  n/a            0.980         10.000      9.020      SLICE_X26Y93    hw2_i/ps7_0_axi_periph/s00_couplers/auto_pc/inst/gen_axilite.gen_b2s_conv.axilite_b2s/RD.r_channel_0/transaction_fifo_0/memory_reg[31][2]_srl32/CLK
Low Pulse Width   Fast    SRLC32E/CLK  n/a            0.980         10.000      9.020      SLICE_X26Y93    hw2_i/ps7_0_axi_periph/s00_couplers/auto_pc/inst/gen_axilite.gen_b2s_conv.axilite_b2s/RD.r_channel_0/transaction_fifo_0/memory_reg[31][2]_srl32/CLK
Low Pulse Width   Slow    SRLC32E/CLK  n/a            0.980         10.000      9.020      SLICE_X26Y93    hw2_i/ps7_0_axi_periph/s00_couplers/auto_pc/inst/gen_axilite.gen_b2s_conv.axilite_b2s/RD.r_channel_0/transaction_fifo_0/memory_reg[31][3]_srl32/CLK
Low Pulse Width   Fast    SRLC32E/CLK  n/a            0.980         10.000      9.020      SLICE_X26Y93    hw2_i/ps7_0_axi_periph/s00_couplers/auto_pc/inst/gen_axilite.gen_b2s_conv.axilite_b2s/RD.r_channel_0/transaction_fifo_0/memory_reg[31][3]_srl32/CLK
High Pulse Width  Fast    SRLC32E/CLK  n/a            0.980         10.000      9.020      SLICE_X30Y98    hw2_i/ps7_0_axi_periph/s00_couplers/auto_pc/inst/gen_axilite.gen_b2s_conv.axilite_b2s/RD.r_channel_0/transaction_fifo_0/memory_reg[31][8]_srl32/CLK
High Pulse Width  Fast    SRL16E/CLK   n/a            0.980         10.000      9.020      SLICE_X38Y98    hw2_i/ps7_0_axi_periph/s00_couplers/auto_pc/inst/gen_axilite.gen_b2s_conv.axilite_b2s/WR.b_channel_0/bid_fifo_0/memory_reg[3][1]_srl4/CLK
High Pulse Width  Fast    SRL16E/CLK   n/a            0.980         10.000      9.020      SLICE_X38Y98    hw2_i/ps7_0_axi_periph/s00_couplers/auto_pc/inst/gen_axilite.gen_b2s_conv.axilite_b2s/WR.b_channel_0/bid_fifo_0/memory_reg[3][2]_srl4/CLK
High Pulse Width  Fast    SRL16E/CLK   n/a            0.980         10.000      9.020      SLICE_X38Y98    hw2_i/ps7_0_axi_periph/s00_couplers/auto_pc/inst/gen_axilite.gen_b2s_conv.axilite_b2s/WR.b_channel_0/bid_fifo_0/memory_reg[3][3]_srl4/CLK
High Pulse Width  Fast    SRLC32E/CLK  n/a            0.980         10.000      9.020      SLICE_X34Y93    hw2_i/ps7_0_axi_periph/s00_couplers/auto_pc/inst/gen_axilite.gen_b2s_conv.axilite_b2s/RD.r_channel_0/rd_data_fifo_0/memory_reg[31][14]_srl32/CLK
High Pulse Width  Fast    SRLC32E/CLK  n/a            0.980         10.000      9.020      SLICE_X34Y93    hw2_i/ps7_0_axi_periph/s00_couplers/auto_pc/inst/gen_axilite.gen_b2s_conv.axilite_b2s/RD.r_channel_0/rd_data_fifo_0/memory_reg[31][16]_srl32/CLK
High Pulse Width  Fast    SRLC32E/CLK  n/a            0.980         10.000      9.020      SLICE_X34Y93    hw2_i/ps7_0_axi_periph/s00_couplers/auto_pc/inst/gen_axilite.gen_b2s_conv.axilite_b2s/RD.r_channel_0/rd_data_fifo_0/memory_reg[31][18]_srl32/CLK
High Pulse Width  Fast    SRLC32E/CLK  n/a            0.980         10.000      9.020      SLICE_X34Y96    hw2_i/ps7_0_axi_periph/s00_couplers/auto_pc/inst/gen_axilite.gen_b2s_conv.axilite_b2s/RD.r_channel_0/rd_data_fifo_0/memory_reg[31][21]_srl32/CLK
High Pulse Width  Fast    SRLC32E/CLK  n/a            0.980         10.000      9.020      SLICE_X34Y96    hw2_i/ps7_0_axi_periph/s00_couplers/auto_pc/inst/gen_axilite.gen_b2s_conv.axilite_b2s/RD.r_channel_0/rd_data_fifo_0/memory_reg[31][22]_srl32/CLK
High Pulse Width  Fast    SRLC32E/CLK  n/a            0.980         10.000      9.020      SLICE_X34Y96    hw2_i/ps7_0_axi_periph/s00_couplers/auto_pc/inst/gen_axilite.gen_b2s_conv.axilite_b2s/RD.r_channel_0/rd_data_fifo_0/memory_reg[31][23]_srl32/CLK



---------------------------------------------------------------------------------------------------
Path Group:  **async_default**
From Clock:  clk_fpga_0
  To Clock:  clk_fpga_0

Setup :            0  Failing Endpoints,  Worst Slack       16.198ns,  Total Violation        0.000ns
Hold  :            0  Failing Endpoints,  Worst Slack        1.076ns,  Total Violation        0.000ns
---------------------------------------------------------------------------------------------------


Max Delay Paths
--------------------------------------------------------------------------------------
Slack (MET) :             16.198ns  (required time - arrival time)
  Source:                 hw2_i/rst_ps7_0_50M/U0/ACTIVE_LOW_PR_OUT_DFF[0].FDRE_PER_N/C
                            (rising edge-triggered cell FDRE clocked by clk_fpga_0  {rise@0.000ns fall@10.000ns period=20.000ns})
  Destination:            hw2_i/hw2_0/inst/u_hw2/led_reg[1]/CLR
                            (recovery check against rising-edge clock clk_fpga_0  {rise@0.000ns fall@10.000ns period=20.000ns})
  Path Group:             **async_default**
  Path Type:              Recovery (Max at Slow Process Corner)
  Requirement:            20.000ns  (clk_fpga_0 rise@20.000ns - clk_fpga_0 rise@0.000ns)
  Data Path Delay:        3.071ns  (logic 0.642ns (20.907%)  route 2.429ns (79.093%))
  Logic Levels:           1  (LUT1=1)
  Clock Path Skew:        -0.024ns (DCD - SCD + CPR)
    Destination Clock Delay (DCD):    2.654ns = ( 22.654 - 20.000 ) 
    Source Clock Delay      (SCD):    2.941ns
    Clock Pessimism Removal (CPR):    0.263ns
  Clock Uncertainty:      0.302ns  ((TSJ^2 + TIJ^2)^1/2 + DJ) / 2 + PE
    Total System Jitter     (TSJ):    0.071ns
    Total Input Jitter      (TIJ):    0.600ns
    Discrete Jitter          (DJ):    0.000ns
    Phase Error              (PE):    0.000ns

    Location             Delay type                Incr(ns)  Path(ns)    Netlist Resource(s)
  -------------------------------------------------------------------    -------------------
                         (clock clk_fpga_0 rise edge)
                                                      0.000     0.000 r  
    PS7_X0Y0             PS7                          0.000     0.000 r  hw2_i/processing_system7_0/inst/PS7_i/FCLKCLK[0]
                         net (fo=1, routed)           1.193     1.193    hw2_i/processing_system7_0/inst/FCLK_CLK_unbuffered[0]
    BUFGCTRL_X0Y16       BUFG (Prop_bufg_I_O)         0.101     1.294 r  hw2_i/processing_system7_0/inst/buffer_fclk_clk_0.FCLK_CLK_0_BUFG/O
                         net (fo=889, routed)         1.647     2.941    hw2_i/rst_ps7_0_50M/U0/slowest_sync_clk
    SLICE_X36Y85         FDRE                                         r  hw2_i/rst_ps7_0_50M/U0/ACTIVE_LOW_PR_OUT_DFF[0].FDRE_PER_N/C
  -------------------------------------------------------------------    -------------------
    SLICE_X36Y85         FDRE (Prop_fdre_C_Q)         0.518     3.459 r  hw2_i/rst_ps7_0_50M/U0/ACTIVE_LOW_PR_OUT_DFF[0].FDRE_PER_N/Q
                         net (fo=8, routed)           1.242     4.701    hw2_i/hw2_0/inst/hw2_v1_0_S00_AXI_inst/s00_axi_aresetn
    SLICE_X32Y89         LUT1 (Prop_lut1_I0_O)        0.124     4.825 f  hw2_i/hw2_0/inst/hw2_v1_0_S00_AXI_inst/led[7]_i_3/O
                         net (fo=155, routed)         1.187     6.012    hw2_i/hw2_0/inst/u_hw2/AR[0]
    SLICE_X37Y87         FDCE                                         f  hw2_i/hw2_0/inst/u_hw2/led_reg[1]/CLR
  -------------------------------------------------------------------    -------------------

                         (clock clk_fpga_0 rise edge)
                                                     20.000    20.000 r  
    PS7_X0Y0             PS7                          0.000    20.000 r  hw2_i/processing_system7_0/inst/PS7_i/FCLKCLK[0]
                         net (fo=1, routed)           1.088    21.088    hw2_i/processing_system7_0/inst/FCLK_CLK_unbuffered[0]
    BUFGCTRL_X0Y16       BUFG (Prop_bufg_I_O)         0.091    21.179 r  hw2_i/processing_system7_0/inst/buffer_fclk_clk_0.FCLK_CLK_0_BUFG/O
                         net (fo=889, routed)         1.475    22.654    hw2_i/hw2_0/inst/u_hw2/s00_axi_aclk
    SLICE_X37Y87         FDCE                                         r  hw2_i/hw2_0/inst/u_hw2/led_reg[1]/C
                         clock pessimism              0.263    22.917    
                         clock uncertainty           -0.302    22.615    
    SLICE_X37Y87         FDCE (Recov_fdce_C_CLR)     -0.405    22.210    hw2_i/hw2_0/inst/u_hw2/led_reg[1]
  -------------------------------------------------------------------
                         required time                         22.210    
                         arrival time                          -6.012    
  -------------------------------------------------------------------
                         slack                                 16.198    

Slack (MET) :             16.198ns  (required time - arrival time)
  Source:                 hw2_i/rst_ps7_0_50M/U0/ACTIVE_LOW_PR_OUT_DFF[0].FDRE_PER_N/C
                            (rising edge-triggered cell FDRE clocked by clk_fpga_0  {rise@0.000ns fall@10.000ns period=20.000ns})
  Destination:            hw2_i/hw2_0/inst/u_hw2/led_reg[2]/CLR
                            (recovery check against rising-edge clock clk_fpga_0  {rise@0.000ns fall@10.000ns period=20.000ns})
  Path Group:             **async_default**
  Path Type:              Recovery (Max at Slow Process Corner)
  Requirement:            20.000ns  (clk_fpga_0 rise@20.000ns - clk_fpga_0 rise@0.000ns)
  Data Path Delay:        3.071ns  (logic 0.642ns (20.907%)  route 2.429ns (79.093%))
  Logic Levels:           1  (LUT1=1)
  Clock Path Skew:        -0.024ns (DCD - SCD + CPR)
    Destination Clock Delay (DCD):    2.654ns = ( 22.654 - 20.000 ) 
    Source Clock Delay      (SCD):    2.941ns
    Clock Pessimism Removal (CPR):    0.263ns
  Clock Uncertainty:      0.302ns  ((TSJ^2 + TIJ^2)^1/2 + DJ) / 2 + PE
    Total System Jitter     (TSJ):    0.071ns
    Total Input Jitter      (TIJ):    0.600ns
    Discrete Jitter          (DJ):    0.000ns
    Phase Error              (PE):    0.000ns

    Location             Delay type                Incr(ns)  Path(ns)    Netlist Resource(s)
  -------------------------------------------------------------------    -------------------
                         (clock clk_fpga_0 rise edge)
                                                      0.000     0.000 r  
    PS7_X0Y0             PS7                          0.000     0.000 r  hw2_i/processing_system7_0/inst/PS7_i/FCLKCLK[0]
                         net (fo=1, routed)           1.193     1.193    hw2_i/processing_system7_0/inst/FCLK_CLK_unbuffered[0]
    BUFGCTRL_X0Y16       BUFG (Prop_bufg_I_O)         0.101     1.294 r  hw2_i/processing_system7_0/inst/buffer_fclk_clk_0.FCLK_CLK_0_BUFG/O
                         net (fo=889, routed)         1.647     2.941    hw2_i/rst_ps7_0_50M/U0/slowest_sync_clk
    SLICE_X36Y85         FDRE                                         r  hw2_i/rst_ps7_0_50M/U0/ACTIVE_LOW_PR_OUT_DFF[0].FDRE_PER_N/C
  -------------------------------------------------------------------    -------------------
    SLICE_X36Y85         FDRE (Prop_fdre_C_Q)         0.518     3.459 r  hw2_i/rst_ps7_0_50M/U0/ACTIVE_LOW_PR_OUT_DFF[0].FDRE_PER_N/Q
                         net (fo=8, routed)           1.242     4.701    hw2_i/hw2_0/inst/hw2_v1_0_S00_AXI_inst/s00_axi_aresetn
    SLICE_X32Y89         LUT1 (Prop_lut1_I0_O)        0.124     4.825 f  hw2_i/hw2_0/inst/hw2_v1_0_S00_AXI_inst/led[7]_i_3/O
                         net (fo=155, routed)         1.187     6.012    hw2_i/hw2_0/inst/u_hw2/AR[0]
    SLICE_X37Y87         FDCE                                         f  hw2_i/hw2_0/inst/u_hw2/led_reg[2]/CLR
  -------------------------------------------------------------------    -------------------

                         (clock clk_fpga_0 rise edge)
                                                     20.000    20.000 r  
    PS7_X0Y0             PS7                          0.000    20.000 r  hw2_i/processing_system7_0/inst/PS7_i/FCLKCLK[0]
                         net (fo=1, routed)           1.088    21.088    hw2_i/processing_system7_0/inst/FCLK_CLK_unbuffered[0]
    BUFGCTRL_X0Y16       BUFG (Prop_bufg_I_O)         0.091    21.179 r  hw2_i/processing_system7_0/inst/buffer_fclk_clk_0.FCLK_CLK_0_BUFG/O
                         net (fo=889, routed)         1.475    22.654    hw2_i/hw2_0/inst/u_hw2/s00_axi_aclk
    SLICE_X37Y87         FDCE                                         r  hw2_i/hw2_0/inst/u_hw2/led_reg[2]/C
                         clock pessimism              0.263    22.917    
                         clock uncertainty           -0.302    22.615    
    SLICE_X37Y87         FDCE (Recov_fdce_C_CLR)     -0.405    22.210    hw2_i/hw2_0/inst/u_hw2/led_reg[2]
  -------------------------------------------------------------------
                         required time                         22.210    
                         arrival time                          -6.012    
  -------------------------------------------------------------------
                         slack                                 16.198    

Slack (MET) :             16.198ns  (required time - arrival time)
  Source:                 hw2_i/rst_ps7_0_50M/U0/ACTIVE_LOW_PR_OUT_DFF[0].FDRE_PER_N/C
                            (rising edge-triggered cell FDRE clocked by clk_fpga_0  {rise@0.000ns fall@10.000ns period=20.000ns})
  Destination:            hw2_i/hw2_0/inst/u_hw2/led_reg[3]/CLR
                            (recovery check against rising-edge clock clk_fpga_0  {rise@0.000ns fall@10.000ns period=20.000ns})
  Path Group:             **async_default**
  Path Type:              Recovery (Max at Slow Process Corner)
  Requirement:            20.000ns  (clk_fpga_0 rise@20.000ns - clk_fpga_0 rise@0.000ns)
  Data Path Delay:        3.071ns  (logic 0.642ns (20.907%)  route 2.429ns (79.093%))
  Logic Levels:           1  (LUT1=1)
  Clock Path Skew:        -0.024ns (DCD - SCD + CPR)
    Destination Clock Delay (DCD):    2.654ns = ( 22.654 - 20.000 ) 
    Source Clock Delay      (SCD):    2.941ns
    Clock Pessimism Removal (CPR):    0.263ns
  Clock Uncertainty:      0.302ns  ((TSJ^2 + TIJ^2)^1/2 + DJ) / 2 + PE
    Total System Jitter     (TSJ):    0.071ns
    Total Input Jitter      (TIJ):    0.600ns
    Discrete Jitter          (DJ):    0.000ns
    Phase Error              (PE):    0.000ns

    Location             Delay type                Incr(ns)  Path(ns)    Netlist Resource(s)
  -------------------------------------------------------------------    -------------------
                         (clock clk_fpga_0 rise edge)
                                                      0.000     0.000 r  
    PS7_X0Y0             PS7                          0.000     0.000 r  hw2_i/processing_system7_0/inst/PS7_i/FCLKCLK[0]
                         net (fo=1, routed)           1.193     1.193    hw2_i/processing_system7_0/inst/FCLK_CLK_unbuffered[0]
    BUFGCTRL_X0Y16       BUFG (Prop_bufg_I_O)         0.101     1.294 r  hw2_i/processing_system7_0/inst/buffer_fclk_clk_0.FCLK_CLK_0_BUFG/O
                         net (fo=889, routed)         1.647     2.941    hw2_i/rst_ps7_0_50M/U0/slowest_sync_clk
    SLICE_X36Y85         FDRE                                         r  hw2_i/rst_ps7_0_50M/U0/ACTIVE_LOW_PR_OUT_DFF[0].FDRE_PER_N/C
  -------------------------------------------------------------------    -------------------
    SLICE_X36Y85         FDRE (Prop_fdre_C_Q)         0.518     3.459 r  hw2_i/rst_ps7_0_50M/U0/ACTIVE_LOW_PR_OUT_DFF[0].FDRE_PER_N/Q
                         net (fo=8, routed)           1.242     4.701    hw2_i/hw2_0/inst/hw2_v1_0_S00_AXI_inst/s00_axi_aresetn
    SLICE_X32Y89         LUT1 (Prop_lut1_I0_O)        0.124     4.825 f  hw2_i/hw2_0/inst/hw2_v1_0_S00_AXI_inst/led[7]_i_3/O
                         net (fo=155, routed)         1.187     6.012    hw2_i/hw2_0/inst/u_hw2/AR[0]
    SLICE_X37Y87         FDCE                                         f  hw2_i/hw2_0/inst/u_hw2/led_reg[3]/CLR
  -------------------------------------------------------------------    -------------------

                         (clock clk_fpga_0 rise edge)
                                                     20.000    20.000 r  
    PS7_X0Y0             PS7                          0.000    20.000 r  hw2_i/processing_system7_0/inst/PS7_i/FCLKCLK[0]
                         net (fo=1, routed)           1.088    21.088    hw2_i/processing_system7_0/inst/FCLK_CLK_unbuffered[0]
    BUFGCTRL_X0Y16       BUFG (Prop_bufg_I_O)         0.091    21.179 r  hw2_i/processing_system7_0/inst/buffer_fclk_clk_0.FCLK_CLK_0_BUFG/O
                         net (fo=889, routed)         1.475    22.654    hw2_i/hw2_0/inst/u_hw2/s00_axi_aclk
    SLICE_X37Y87         FDCE                                         r  hw2_i/hw2_0/inst/u_hw2/led_reg[3]/C
                         clock pessimism              0.263    22.917    
                         clock uncertainty           -0.302    22.615    
    SLICE_X37Y87         FDCE (Recov_fdce_C_CLR)     -0.405    22.210    hw2_i/hw2_0/inst/u_hw2/led_reg[3]
  -------------------------------------------------------------------
                         required time                         22.210    
                         arrival time                          -6.012    
  -------------------------------------------------------------------
                         slack                                 16.198    

Slack (MET) :             16.198ns  (required time - arrival time)
  Source:                 hw2_i/rst_ps7_0_50M/U0/ACTIVE_LOW_PR_OUT_DFF[0].FDRE_PER_N/C
                            (rising edge-triggered cell FDRE clocked by clk_fpga_0  {rise@0.000ns fall@10.000ns period=20.000ns})
  Destination:            hw2_i/hw2_0/inst/u_hw2/led_reg[4]/CLR
                            (recovery check against rising-edge clock clk_fpga_0  {rise@0.000ns fall@10.000ns period=20.000ns})
  Path Group:             **async_default**
  Path Type:              Recovery (Max at Slow Process Corner)
  Requirement:            20.000ns  (clk_fpga_0 rise@20.000ns - clk_fpga_0 rise@0.000ns)
  Data Path Delay:        3.071ns  (logic 0.642ns (20.907%)  route 2.429ns (79.093%))
  Logic Levels:           1  (LUT1=1)
  Clock Path Skew:        -0.024ns (DCD - SCD + CPR)
    Destination Clock Delay (DCD):    2.654ns = ( 22.654 - 20.000 ) 
    Source Clock Delay      (SCD):    2.941ns
    Clock Pessimism Removal (CPR):    0.263ns
  Clock Uncertainty:      0.302ns  ((TSJ^2 + TIJ^2)^1/2 + DJ) / 2 + PE
    Total System Jitter     (TSJ):    0.071ns
    Total Input Jitter      (TIJ):    0.600ns
    Discrete Jitter          (DJ):    0.000ns
    Phase Error              (PE):    0.000ns

    Location             Delay type                Incr(ns)  Path(ns)    Netlist Resource(s)
  -------------------------------------------------------------------    -------------------
                         (clock clk_fpga_0 rise edge)
                                                      0.000     0.000 r  
    PS7_X0Y0             PS7                          0.000     0.000 r  hw2_i/processing_system7_0/inst/PS7_i/FCLKCLK[0]
                         net (fo=1, routed)           1.193     1.193    hw2_i/processing_system7_0/inst/FCLK_CLK_unbuffered[0]
    BUFGCTRL_X0Y16       BUFG (Prop_bufg_I_O)         0.101     1.294 r  hw2_i/processing_system7_0/inst/buffer_fclk_clk_0.FCLK_CLK_0_BUFG/O
                         net (fo=889, routed)         1.647     2.941    hw2_i/rst_ps7_0_50M/U0/slowest_sync_clk
    SLICE_X36Y85         FDRE                                         r  hw2_i/rst_ps7_0_50M/U0/ACTIVE_LOW_PR_OUT_DFF[0].FDRE_PER_N/C
  -------------------------------------------------------------------    -------------------
    SLICE_X36Y85         FDRE (Prop_fdre_C_Q)         0.518     3.459 r  hw2_i/rst_ps7_0_50M/U0/ACTIVE_LOW_PR_OUT_DFF[0].FDRE_PER_N/Q
                         net (fo=8, routed)           1.242     4.701    hw2_i/hw2_0/inst/hw2_v1_0_S00_AXI_inst/s00_axi_aresetn
    SLICE_X32Y89         LUT1 (Prop_lut1_I0_O)        0.124     4.825 f  hw2_i/hw2_0/inst/hw2_v1_0_S00_AXI_inst/led[7]_i_3/O
                         net (fo=155, routed)         1.187     6.012    hw2_i/hw2_0/inst/u_hw2/AR[0]
    SLICE_X37Y87         FDCE                                         f  hw2_i/hw2_0/inst/u_hw2/led_reg[4]/CLR
  -------------------------------------------------------------------    -------------------

                         (clock clk_fpga_0 rise edge)
                                                     20.000    20.000 r  
    PS7_X0Y0             PS7                          0.000    20.000 r  hw2_i/processing_system7_0/inst/PS7_i/FCLKCLK[0]
                         net (fo=1, routed)           1.088    21.088    hw2_i/processing_system7_0/inst/FCLK_CLK_unbuffered[0]
    BUFGCTRL_X0Y16       BUFG (Prop_bufg_I_O)         0.091    21.179 r  hw2_i/processing_system7_0/inst/buffer_fclk_clk_0.FCLK_CLK_0_BUFG/O
                         net (fo=889, routed)         1.475    22.654    hw2_i/hw2_0/inst/u_hw2/s00_axi_aclk
    SLICE_X37Y87         FDCE                                         r  hw2_i/hw2_0/inst/u_hw2/led_reg[4]/C
                         clock pessimism              0.263    22.917    
                         clock uncertainty           -0.302    22.615    
    SLICE_X37Y87         FDCE (Recov_fdce_C_CLR)     -0.405    22.210    hw2_i/hw2_0/inst/u_hw2/led_reg[4]
  -------------------------------------------------------------------
                         required time                         22.210    
                         arrival time                          -6.012    
  -------------------------------------------------------------------
                         slack                                 16.198    

Slack (MET) :             16.198ns  (required time - arrival time)
  Source:                 hw2_i/rst_ps7_0_50M/U0/ACTIVE_LOW_PR_OUT_DFF[0].FDRE_PER_N/C
                            (rising edge-triggered cell FDRE clocked by clk_fpga_0  {rise@0.000ns fall@10.000ns period=20.000ns})
  Destination:            hw2_i/hw2_0/inst/u_hw2/led_reg[5]/CLR
                            (recovery check against rising-edge clock clk_fpga_0  {rise@0.000ns fall@10.000ns period=20.000ns})
  Path Group:             **async_default**
  Path Type:              Recovery (Max at Slow Process Corner)
  Requirement:            20.000ns  (clk_fpga_0 rise@20.000ns - clk_fpga_0 rise@0.000ns)
  Data Path Delay:        3.071ns  (logic 0.642ns (20.907%)  route 2.429ns (79.093%))
  Logic Levels:           1  (LUT1=1)
  Clock Path Skew:        -0.024ns (DCD - SCD + CPR)
    Destination Clock Delay (DCD):    2.654ns = ( 22.654 - 20.000 ) 
    Source Clock Delay      (SCD):    2.941ns
    Clock Pessimism Removal (CPR):    0.263ns
  Clock Uncertainty:      0.302ns  ((TSJ^2 + TIJ^2)^1/2 + DJ) / 2 + PE
    Total System Jitter     (TSJ):    0.071ns
    Total Input Jitter      (TIJ):    0.600ns
    Discrete Jitter          (DJ):    0.000ns
    Phase Error              (PE):    0.000ns

    Location             Delay type                Incr(ns)  Path(ns)    Netlist Resource(s)
  -------------------------------------------------------------------    -------------------
                         (clock clk_fpga_0 rise edge)
                                                      0.000     0.000 r  
    PS7_X0Y0             PS7                          0.000     0.000 r  hw2_i/processing_system7_0/inst/PS7_i/FCLKCLK[0]
                         net (fo=1, routed)           1.193     1.193    hw2_i/processing_system7_0/inst/FCLK_CLK_unbuffered[0]
    BUFGCTRL_X0Y16       BUFG (Prop_bufg_I_O)         0.101     1.294 r  hw2_i/processing_system7_0/inst/buffer_fclk_clk_0.FCLK_CLK_0_BUFG/O
                         net (fo=889, routed)         1.647     2.941    hw2_i/rst_ps7_0_50M/U0/slowest_sync_clk
    SLICE_X36Y85         FDRE                                         r  hw2_i/rst_ps7_0_50M/U0/ACTIVE_LOW_PR_OUT_DFF[0].FDRE_PER_N/C
  -------------------------------------------------------------------    -------------------
    SLICE_X36Y85         FDRE (Prop_fdre_C_Q)         0.518     3.459 r  hw2_i/rst_ps7_0_50M/U0/ACTIVE_LOW_PR_OUT_DFF[0].FDRE_PER_N/Q
                         net (fo=8, routed)           1.242     4.701    hw2_i/hw2_0/inst/hw2_v1_0_S00_AXI_inst/s00_axi_aresetn
    SLICE_X32Y89         LUT1 (Prop_lut1_I0_O)        0.124     4.825 f  hw2_i/hw2_0/inst/hw2_v1_0_S00_AXI_inst/led[7]_i_3/O
                         net (fo=155, routed)         1.187     6.012    hw2_i/hw2_0/inst/u_hw2/AR[0]
    SLICE_X37Y87         FDCE                                         f  hw2_i/hw2_0/inst/u_hw2/led_reg[5]/CLR
  -------------------------------------------------------------------    -------------------

                         (clock clk_fpga_0 rise edge)
                                                     20.000    20.000 r  
    PS7_X0Y0             PS7                          0.000    20.000 r  hw2_i/processing_system7_0/inst/PS7_i/FCLKCLK[0]
                         net (fo=1, routed)           1.088    21.088    hw2_i/processing_system7_0/inst/FCLK_CLK_unbuffered[0]
    BUFGCTRL_X0Y16       BUFG (Prop_bufg_I_O)         0.091    21.179 r  hw2_i/processing_system7_0/inst/buffer_fclk_clk_0.FCLK_CLK_0_BUFG/O
                         net (fo=889, routed)         1.475    22.654    hw2_i/hw2_0/inst/u_hw2/s00_axi_aclk
    SLICE_X37Y87         FDCE                                         r  hw2_i/hw2_0/inst/u_hw2/led_reg[5]/C
                         clock pessimism              0.263    22.917    
                         clock uncertainty           -0.302    22.615    
    SLICE_X37Y87         FDCE (Recov_fdce_C_CLR)     -0.405    22.210    hw2_i/hw2_0/inst/u_hw2/led_reg[5]
  -------------------------------------------------------------------
                         required time                         22.210    
                         arrival time                          -6.012    
  -------------------------------------------------------------------
                         slack                                 16.198    

Slack (MET) :             16.242ns  (required time - arrival time)
  Source:                 hw2_i/rst_ps7_0_50M/U0/ACTIVE_LOW_PR_OUT_DFF[0].FDRE_PER_N/C
                            (rising edge-triggered cell FDRE clocked by clk_fpga_0  {rise@0.000ns fall@10.000ns period=20.000ns})
  Destination:            hw2_i/hw2_0/inst/u_hw2/led_reg[7]/CLR
                            (recovery check against rising-edge clock clk_fpga_0  {rise@0.000ns fall@10.000ns period=20.000ns})
  Path Group:             **async_default**
  Path Type:              Recovery (Max at Slow Process Corner)
  Requirement:            20.000ns  (clk_fpga_0 rise@20.000ns - clk_fpga_0 rise@0.000ns)
  Data Path Delay:        3.071ns  (logic 0.642ns (20.907%)  route 2.429ns (79.093%))
  Logic Levels:           1  (LUT1=1)
  Clock Path Skew:        -0.024ns (DCD - SCD + CPR)
    Destination Clock Delay (DCD):    2.654ns = ( 22.654 - 20.000 ) 
    Source Clock Delay      (SCD):    2.941ns
    Clock Pessimism Removal (CPR):    0.263ns
  Clock Uncertainty:      0.302ns  ((TSJ^2 + TIJ^2)^1/2 + DJ) / 2 + PE
    Total System Jitter     (TSJ):    0.071ns
    Total Input Jitter      (TIJ):    0.600ns
    Discrete Jitter          (DJ):    0.000ns
    Phase Error              (PE):    0.000ns

    Location             Delay type                Incr(ns)  Path(ns)    Netlist Resource(s)
  -------------------------------------------------------------------    -------------------
                         (clock clk_fpga_0 rise edge)
                                                      0.000     0.000 r  
    PS7_X0Y0             PS7                          0.000     0.000 r  hw2_i/processing_system7_0/inst/PS7_i/FCLKCLK[0]
                         net (fo=1, routed)           1.193     1.193    hw2_i/processing_system7_0/inst/FCLK_CLK_unbuffered[0]
    BUFGCTRL_X0Y16       BUFG (Prop_bufg_I_O)         0.101     1.294 r  hw2_i/processing_system7_0/inst/buffer_fclk_clk_0.FCLK_CLK_0_BUFG/O
                         net (fo=889, routed)         1.647     2.941    hw2_i/rst_ps7_0_50M/U0/slowest_sync_clk
    SLICE_X36Y85         FDRE                                         r  hw2_i/rst_ps7_0_50M/U0/ACTIVE_LOW_PR_OUT_DFF[0].FDRE_PER_N/C
  -------------------------------------------------------------------    -------------------
    SLICE_X36Y85         FDRE (Prop_fdre_C_Q)         0.518     3.459 r  hw2_i/rst_ps7_0_50M/U0/ACTIVE_LOW_PR_OUT_DFF[0].FDRE_PER_N/Q
                         net (fo=8, routed)           1.242     4.701    hw2_i/hw2_0/inst/hw2_v1_0_S00_AXI_inst/s00_axi_aresetn
    SLICE_X32Y89         LUT1 (Prop_lut1_I0_O)        0.124     4.825 f  hw2_i/hw2_0/inst/hw2_v1_0_S00_AXI_inst/led[7]_i_3/O
                         net (fo=155, routed)         1.187     6.012    hw2_i/hw2_0/inst/u_hw2/AR[0]
    SLICE_X36Y87         FDCE                                         f  hw2_i/hw2_0/inst/u_hw2/led_reg[7]/CLR
  -------------------------------------------------------------------    -------------------

                         (clock clk_fpga_0 rise edge)
                                                     20.000    20.000 r  
    PS7_X0Y0             PS7                          0.000    20.000 r  hw2_i/processing_system7_0/inst/PS7_i/FCLKCLK[0]
                         net (fo=1, routed)           1.088    21.088    hw2_i/processing_system7_0/inst/FCLK_CLK_unbuffered[0]
    BUFGCTRL_X0Y16       BUFG (Prop_bufg_I_O)         0.091    21.179 r  hw2_i/processing_system7_0/inst/buffer_fclk_clk_0.FCLK_CLK_0_BUFG/O
                         net (fo=889, routed)         1.475    22.654    hw2_i/hw2_0/inst/u_hw2/s00_axi_aclk
    SLICE_X36Y87         FDCE                                         r  hw2_i/hw2_0/inst/u_hw2/led_reg[7]/C
                         clock pessimism              0.263    22.917    
                         clock uncertainty           -0.302    22.615    
    SLICE_X36Y87         FDCE (Recov_fdce_C_CLR)     -0.361    22.254    hw2_i/hw2_0/inst/u_hw2/led_reg[7]
  -------------------------------------------------------------------
                         required time                         22.254    
                         arrival time                          -6.012    
  -------------------------------------------------------------------
                         slack                                 16.242    

Slack (MET) :             16.244ns  (required time - arrival time)
  Source:                 hw2_i/rst_ps7_0_50M/U0/ACTIVE_LOW_PR_OUT_DFF[0].FDRE_PER_N/C
                            (rising edge-triggered cell FDRE clocked by clk_fpga_0  {rise@0.000ns fall@10.000ns period=20.000ns})
  Destination:            hw2_i/hw2_0/inst/u_hw2/led_reg[0]/PRE
                            (recovery check against rising-edge clock clk_fpga_0  {rise@0.000ns fall@10.000ns period=20.000ns})
  Path Group:             **async_default**
  Path Type:              Recovery (Max at Slow Process Corner)
  Requirement:            20.000ns  (clk_fpga_0 rise@20.000ns - clk_fpga_0 rise@0.000ns)
  Data Path Delay:        3.071ns  (logic 0.642ns (20.907%)  route 2.429ns (79.093%))
  Logic Levels:           1  (LUT1=1)
  Clock Path Skew:        -0.024ns (DCD - SCD + CPR)
    Destination Clock Delay (DCD):    2.654ns = ( 22.654 - 20.000 ) 
    Source Clock Delay      (SCD):    2.941ns
    Clock Pessimism Removal (CPR):    0.263ns
  Clock Uncertainty:      0.302ns  ((TSJ^2 + TIJ^2)^1/2 + DJ) / 2 + PE
    Total System Jitter     (TSJ):    0.071ns
    Total Input Jitter      (TIJ):    0.600ns
    Discrete Jitter          (DJ):    0.000ns
    Phase Error              (PE):    0.000ns

    Location             Delay type                Incr(ns)  Path(ns)    Netlist Resource(s)
  -------------------------------------------------------------------    -------------------
                         (clock clk_fpga_0 rise edge)
                                                      0.000     0.000 r  
    PS7_X0Y0             PS7                          0.000     0.000 r  hw2_i/processing_system7_0/inst/PS7_i/FCLKCLK[0]
                         net (fo=1, routed)           1.193     1.193    hw2_i/processing_system7_0/inst/FCLK_CLK_unbuffered[0]
    BUFGCTRL_X0Y16       BUFG (Prop_bufg_I_O)         0.101     1.294 r  hw2_i/processing_system7_0/inst/buffer_fclk_clk_0.FCLK_CLK_0_BUFG/O
                         net (fo=889, routed)         1.647     2.941    hw2_i/rst_ps7_0_50M/U0/slowest_sync_clk
    SLICE_X36Y85         FDRE                                         r  hw2_i/rst_ps7_0_50M/U0/ACTIVE_LOW_PR_OUT_DFF[0].FDRE_PER_N/C
  -------------------------------------------------------------------    -------------------
    SLICE_X36Y85         FDRE (Prop_fdre_C_Q)         0.518     3.459 r  hw2_i/rst_ps7_0_50M/U0/ACTIVE_LOW_PR_OUT_DFF[0].FDRE_PER_N/Q
                         net (fo=8, routed)           1.242     4.701    hw2_i/hw2_0/inst/hw2_v1_0_S00_AXI_inst/s00_axi_aresetn
    SLICE_X32Y89         LUT1 (Prop_lut1_I0_O)        0.124     4.825 f  hw2_i/hw2_0/inst/hw2_v1_0_S00_AXI_inst/led[7]_i_3/O
                         net (fo=155, routed)         1.187     6.012    hw2_i/hw2_0/inst/u_hw2/AR[0]
    SLICE_X37Y87         FDPE                                         f  hw2_i/hw2_0/inst/u_hw2/led_reg[0]/PRE
  -------------------------------------------------------------------    -------------------

                         (clock clk_fpga_0 rise edge)
                                                     20.000    20.000 r  
    PS7_X0Y0             PS7                          0.000    20.000 r  hw2_i/processing_system7_0/inst/PS7_i/FCLKCLK[0]
                         net (fo=1, routed)           1.088    21.088    hw2_i/processing_system7_0/inst/FCLK_CLK_unbuffered[0]
    BUFGCTRL_X0Y16       BUFG (Prop_bufg_I_O)         0.091    21.179 r  hw2_i/processing_system7_0/inst/buffer_fclk_clk_0.FCLK_CLK_0_BUFG/O
                         net (fo=889, routed)         1.475    22.654    hw2_i/hw2_0/inst/u_hw2/s00_axi_aclk
    SLICE_X37Y87         FDPE                                         r  hw2_i/hw2_0/inst/u_hw2/led_reg[0]/C
                         clock pessimism              0.263    22.917    
                         clock uncertainty           -0.302    22.615    
    SLICE_X37Y87         FDPE (Recov_fdpe_C_PRE)     -0.359    22.256    hw2_i/hw2_0/inst/u_hw2/led_reg[0]
  -------------------------------------------------------------------
                         required time                         22.256    
                         arrival time                          -6.012    
  -------------------------------------------------------------------
                         slack                                 16.244    

Slack (MET) :             16.284ns  (required time - arrival time)
  Source:                 hw2_i/rst_ps7_0_50M/U0/ACTIVE_LOW_PR_OUT_DFF[0].FDRE_PER_N/C
                            (rising edge-triggered cell FDRE clocked by clk_fpga_0  {rise@0.000ns fall@10.000ns period=20.000ns})
  Destination:            hw2_i/hw2_0/inst/u_hw2/led_reg[6]/CLR
                            (recovery check against rising-edge clock clk_fpga_0  {rise@0.000ns fall@10.000ns period=20.000ns})
  Path Group:             **async_default**
  Path Type:              Recovery (Max at Slow Process Corner)
  Requirement:            20.000ns  (clk_fpga_0 rise@20.000ns - clk_fpga_0 rise@0.000ns)
  Data Path Delay:        3.071ns  (logic 0.642ns (20.907%)  route 2.429ns (79.093%))
  Logic Levels:           1  (LUT1=1)
  Clock Path Skew:        -0.024ns (DCD - SCD + CPR)
    Destination Clock Delay (DCD):    2.654ns = ( 22.654 - 20.000 ) 
    Source Clock Delay      (SCD):    2.941ns
    Clock Pessimism Removal (CPR):    0.263ns
  Clock Uncertainty:      0.302ns  ((TSJ^2 + TIJ^2)^1/2 + DJ) / 2 + PE
    Total System Jitter     (TSJ):    0.071ns
    Total Input Jitter      (TIJ):    0.600ns
    Discrete Jitter          (DJ):    0.000ns
    Phase Error              (PE):    0.000ns

    Location             Delay type                Incr(ns)  Path(ns)    Netlist Resource(s)
  -------------------------------------------------------------------    -------------------
                         (clock clk_fpga_0 rise edge)
                                                      0.000     0.000 r  
    PS7_X0Y0             PS7                          0.000     0.000 r  hw2_i/processing_system7_0/inst/PS7_i/FCLKCLK[0]
                         net (fo=1, routed)           1.193     1.193    hw2_i/processing_system7_0/inst/FCLK_CLK_unbuffered[0]
    BUFGCTRL_X0Y16       BUFG (Prop_bufg_I_O)         0.101     1.294 r  hw2_i/processing_system7_0/inst/buffer_fclk_clk_0.FCLK_CLK_0_BUFG/O
                         net (fo=889, routed)         1.647     2.941    hw2_i/rst_ps7_0_50M/U0/slowest_sync_clk
    SLICE_X36Y85         FDRE                                         r  hw2_i/rst_ps7_0_50M/U0/ACTIVE_LOW_PR_OUT_DFF[0].FDRE_PER_N/C
  -------------------------------------------------------------------    -------------------
    SLICE_X36Y85         FDRE (Prop_fdre_C_Q)         0.518     3.459 r  hw2_i/rst_ps7_0_50M/U0/ACTIVE_LOW_PR_OUT_DFF[0].FDRE_PER_N/Q
                         net (fo=8, routed)           1.242     4.701    hw2_i/hw2_0/inst/hw2_v1_0_S00_AXI_inst/s00_axi_aresetn
    SLICE_X32Y89         LUT1 (Prop_lut1_I0_O)        0.124     4.825 f  hw2_i/hw2_0/inst/hw2_v1_0_S00_AXI_inst/led[7]_i_3/O
                         net (fo=155, routed)         1.187     6.012    hw2_i/hw2_0/inst/u_hw2/AR[0]
    SLICE_X36Y87         FDCE                                         f  hw2_i/hw2_0/inst/u_hw2/led_reg[6]/CLR
  -------------------------------------------------------------------    -------------------

                         (clock clk_fpga_0 rise edge)
                                                     20.000    20.000 r  
    PS7_X0Y0             PS7                          0.000    20.000 r  hw2_i/processing_system7_0/inst/PS7_i/FCLKCLK[0]
                         net (fo=1, routed)           1.088    21.088    hw2_i/processing_system7_0/inst/FCLK_CLK_unbuffered[0]
    BUFGCTRL_X0Y16       BUFG (Prop_bufg_I_O)         0.091    21.179 r  hw2_i/processing_system7_0/inst/buffer_fclk_clk_0.FCLK_CLK_0_BUFG/O
                         net (fo=889, routed)         1.475    22.654    hw2_i/hw2_0/inst/u_hw2/s00_axi_aclk
    SLICE_X36Y87         FDCE                                         r  hw2_i/hw2_0/inst/u_hw2/led_reg[6]/C
                         clock pessimism              0.263    22.917    
                         clock uncertainty           -0.302    22.615    
    SLICE_X36Y87         FDCE (Recov_fdce_C_CLR)     -0.319    22.296    hw2_i/hw2_0/inst/u_hw2/led_reg[6]
  -------------------------------------------------------------------
                         required time                         22.296    
                         arrival time                          -6.012    
  -------------------------------------------------------------------
                         slack                                 16.284    

Slack (MET) :             16.460ns  (required time - arrival time)
  Source:                 hw2_i/rst_ps7_0_50M/U0/ACTIVE_LOW_PR_OUT_DFF[0].FDRE_PER_N/C
                            (rising edge-triggered cell FDRE clocked by clk_fpga_0  {rise@0.000ns fall@10.000ns period=20.000ns})
  Destination:            hw2_i/hw2_0/inst/u_hw2/btn_d_reg/CLR
                            (recovery check against rising-edge clock clk_fpga_0  {rise@0.000ns fall@10.000ns period=20.000ns})
  Path Group:             **async_default**
  Path Type:              Recovery (Max at Slow Process Corner)
  Requirement:            20.000ns  (clk_fpga_0 rise@20.000ns - clk_fpga_0 rise@0.000ns)
  Data Path Delay:        2.775ns  (logic 0.642ns (23.131%)  route 2.133ns (76.869%))
  Logic Levels:           1  (LUT1=1)
  Clock Path Skew:        -0.057ns (DCD - SCD + CPR)
    Destination Clock Delay (DCD):    2.655ns = ( 22.655 - 20.000 ) 
    Source Clock Delay      (SCD):    2.941ns
    Clock Pessimism Removal (CPR):    0.229ns
  Clock Uncertainty:      0.302ns  ((TSJ^2 + TIJ^2)^1/2 + DJ) / 2 + PE
    Total System Jitter     (TSJ):    0.071ns
    Total Input Jitter      (TIJ):    0.600ns
    Discrete Jitter          (DJ):    0.000ns
    Phase Error              (PE):    0.000ns

    Location             Delay type                Incr(ns)  Path(ns)    Netlist Resource(s)
  -------------------------------------------------------------------    -------------------
                         (clock clk_fpga_0 rise edge)
                                                      0.000     0.000 r  
    PS7_X0Y0             PS7                          0.000     0.000 r  hw2_i/processing_system7_0/inst/PS7_i/FCLKCLK[0]
                         net (fo=1, routed)           1.193     1.193    hw2_i/processing_system7_0/inst/FCLK_CLK_unbuffered[0]
    BUFGCTRL_X0Y16       BUFG (Prop_bufg_I_O)         0.101     1.294 r  hw2_i/processing_system7_0/inst/buffer_fclk_clk_0.FCLK_CLK_0_BUFG/O
                         net (fo=889, routed)         1.647     2.941    hw2_i/rst_ps7_0_50M/U0/slowest_sync_clk
    SLICE_X36Y85         FDRE                                         r  hw2_i/rst_ps7_0_50M/U0/ACTIVE_LOW_PR_OUT_DFF[0].FDRE_PER_N/C
  -------------------------------------------------------------------    -------------------
    SLICE_X36Y85         FDRE (Prop_fdre_C_Q)         0.518     3.459 r  hw2_i/rst_ps7_0_50M/U0/ACTIVE_LOW_PR_OUT_DFF[0].FDRE_PER_N/Q
                         net (fo=8, routed)           1.242     4.701    hw2_i/hw2_0/inst/hw2_v1_0_S00_AXI_inst/s00_axi_aresetn
    SLICE_X32Y89         LUT1 (Prop_lut1_I0_O)        0.124     4.825 f  hw2_i/hw2_0/inst/hw2_v1_0_S00_AXI_inst/led[7]_i_3/O
                         net (fo=155, routed)         0.892     5.716    hw2_i/hw2_0/inst/u_hw2/AR[0]
    SLICE_X35Y87         FDCE                                         f  hw2_i/hw2_0/inst/u_hw2/btn_d_reg/CLR
  -------------------------------------------------------------------    -------------------

                         (clock clk_fpga_0 rise edge)
                                                     20.000    20.000 r  
    PS7_X0Y0             PS7                          0.000    20.000 r  hw2_i/processing_system7_0/inst/PS7_i/FCLKCLK[0]
                         net (fo=1, routed)           1.088    21.088    hw2_i/processing_system7_0/inst/FCLK_CLK_unbuffered[0]
    BUFGCTRL_X0Y16       BUFG (Prop_bufg_I_O)         0.091    21.179 r  hw2_i/processing_system7_0/inst/buffer_fclk_clk_0.FCLK_CLK_0_BUFG/O
                         net (fo=889, routed)         1.476    22.655    hw2_i/hw2_0/inst/u_hw2/s00_axi_aclk
    SLICE_X35Y87         FDCE                                         r  hw2_i/hw2_0/inst/u_hw2/btn_d_reg/C
                         clock pessimism              0.229    22.884    
                         clock uncertainty           -0.302    22.582    
    SLICE_X35Y87         FDCE (Recov_fdce_C_CLR)     -0.405    22.177    hw2_i/hw2_0/inst/u_hw2/btn_d_reg
  -------------------------------------------------------------------
                         required time                         22.177    
                         arrival time                          -5.716    
  -------------------------------------------------------------------
                         slack                                 16.460    

Slack (MET) :             16.460ns  (required time - arrival time)
  Source:                 hw2_i/rst_ps7_0_50M/U0/ACTIVE_LOW_PR_OUT_DFF[0].FDRE_PER_N/C
                            (rising edge-triggered cell FDRE clocked by clk_fpga_0  {rise@0.000ns fall@10.000ns period=20.000ns})
  Destination:            hw2_i/hw2_0/inst/u_hw2/start_d_reg/CLR
                            (recovery check against rising-edge clock clk_fpga_0  {rise@0.000ns fall@10.000ns period=20.000ns})
  Path Group:             **async_default**
  Path Type:              Recovery (Max at Slow Process Corner)
  Requirement:            20.000ns  (clk_fpga_0 rise@20.000ns - clk_fpga_0 rise@0.000ns)
  Data Path Delay:        2.775ns  (logic 0.642ns (23.131%)  route 2.133ns (76.869%))
  Logic Levels:           1  (LUT1=1)
  Clock Path Skew:        -0.057ns (DCD - SCD + CPR)
    Destination Clock Delay (DCD):    2.655ns = ( 22.655 - 20.000 ) 
    Source Clock Delay      (SCD):    2.941ns
    Clock Pessimism Removal (CPR):    0.229ns
  Clock Uncertainty:      0.302ns  ((TSJ^2 + TIJ^2)^1/2 + DJ) / 2 + PE
    Total System Jitter     (TSJ):    0.071ns
    Total Input Jitter      (TIJ):    0.600ns
    Discrete Jitter          (DJ):    0.000ns
    Phase Error              (PE):    0.000ns

    Location             Delay type                Incr(ns)  Path(ns)    Netlist Resource(s)
  -------------------------------------------------------------------    -------------------
                         (clock clk_fpga_0 rise edge)
                                                      0.000     0.000 r  
    PS7_X0Y0             PS7                          0.000     0.000 r  hw2_i/processing_system7_0/inst/PS7_i/FCLKCLK[0]
                         net (fo=1, routed)           1.193     1.193    hw2_i/processing_system7_0/inst/FCLK_CLK_unbuffered[0]
    BUFGCTRL_X0Y16       BUFG (Prop_bufg_I_O)         0.101     1.294 r  hw2_i/processing_system7_0/inst/buffer_fclk_clk_0.FCLK_CLK_0_BUFG/O
                         net (fo=889, routed)         1.647     2.941    hw2_i/rst_ps7_0_50M/U0/slowest_sync_clk
    SLICE_X36Y85         FDRE                                         r  hw2_i/rst_ps7_0_50M/U0/ACTIVE_LOW_PR_OUT_DFF[0].FDRE_PER_N/C
  -------------------------------------------------------------------    -------------------
    SLICE_X36Y85         FDRE (Prop_fdre_C_Q)         0.518     3.459 r  hw2_i/rst_ps7_0_50M/U0/ACTIVE_LOW_PR_OUT_DFF[0].FDRE_PER_N/Q
                         net (fo=8, routed)           1.242     4.701    hw2_i/hw2_0/inst/hw2_v1_0_S00_AXI_inst/s00_axi_aresetn
    SLICE_X32Y89         LUT1 (Prop_lut1_I0_O)        0.124     4.825 f  hw2_i/hw2_0/inst/hw2_v1_0_S00_AXI_inst/led[7]_i_3/O
                         net (fo=155, routed)         0.892     5.716    hw2_i/hw2_0/inst/u_hw2/AR[0]
    SLICE_X35Y87         FDCE                                         f  hw2_i/hw2_0/inst/u_hw2/start_d_reg/CLR
  -------------------------------------------------------------------    -------------------

                         (clock clk_fpga_0 rise edge)
                                                     20.000    20.000 r  
    PS7_X0Y0             PS7                          0.000    20.000 r  hw2_i/processing_system7_0/inst/PS7_i/FCLKCLK[0]
                         net (fo=1, routed)           1.088    21.088    hw2_i/processing_system7_0/inst/FCLK_CLK_unbuffered[0]
    BUFGCTRL_X0Y16       BUFG (Prop_bufg_I_O)         0.091    21.179 r  hw2_i/processing_system7_0/inst/buffer_fclk_clk_0.FCLK_CLK_0_BUFG/O
                         net (fo=889, routed)         1.476    22.655    hw2_i/hw2_0/inst/u_hw2/s00_axi_aclk
    SLICE_X35Y87         FDCE                                         r  hw2_i/hw2_0/inst/u_hw2/start_d_reg/C
                         clock pessimism              0.229    22.884    
                         clock uncertainty           -0.302    22.582    
    SLICE_X35Y87         FDCE (Recov_fdce_C_CLR)     -0.405    22.177    hw2_i/hw2_0/inst/u_hw2/start_d_reg
  -------------------------------------------------------------------
                         required time                         22.177    
                         arrival time                          -5.716    
  -------------------------------------------------------------------
                         slack                                 16.460    





Min Delay Paths
--------------------------------------------------------------------------------------
Slack (MET) :             1.076ns  (arrival time - required time)
  Source:                 hw2_i/rst_ps7_0_50M/U0/ACTIVE_LOW_PR_OUT_DFF[0].FDRE_PER_N/C
                            (rising edge-triggered cell FDRE clocked by clk_fpga_0  {rise@0.000ns fall@10.000ns period=20.000ns})
  Destination:            hw2_i/hw2_0/inst/u_hw2/count_reg[0]/CLR
                            (removal check against rising-edge clock clk_fpga_0  {rise@0.000ns fall@10.000ns period=20.000ns})
  Path Group:             **async_default**
  Path Type:              Removal (Min at Fast Process Corner)
  Requirement:            0.000ns  (clk_fpga_0 rise@0.000ns - clk_fpga_0 rise@0.000ns)
  Data Path Delay:        1.044ns  (logic 0.209ns (20.010%)  route 0.835ns (79.990%))
  Logic Levels:           1  (LUT1=1)
  Clock Path Skew:        0.035ns (DCD - SCD - CPR)
    Destination Clock Delay (DCD):    1.187ns
    Source Clock Delay      (SCD):    0.888ns
    Clock Pessimism Removal (CPR):    0.264ns

    Location             Delay type                Incr(ns)  Path(ns)    Netlist Resource(s)
  -------------------------------------------------------------------    -------------------
                         (clock clk_fpga_0 rise edge)
                                                      0.000     0.000 r  
    PS7_X0Y0             PS7                          0.000     0.000 r  hw2_i/processing_system7_0/inst/PS7_i/FCLKCLK[0]
                         net (fo=1, routed)           0.310     0.310    hw2_i/processing_system7_0/inst/FCLK_CLK_unbuffered[0]
    BUFGCTRL_X0Y16       BUFG (Prop_bufg_I_O)         0.026     0.336 r  hw2_i/processing_system7_0/inst/buffer_fclk_clk_0.FCLK_CLK_0_BUFG/O
                         net (fo=889, routed)         0.552     0.888    hw2_i/rst_ps7_0_50M/U0/slowest_sync_clk
    SLICE_X36Y85         FDRE                                         r  hw2_i/rst_ps7_0_50M/U0/ACTIVE_LOW_PR_OUT_DFF[0].FDRE_PER_N/C
  -------------------------------------------------------------------    -------------------
    SLICE_X36Y85         FDRE (Prop_fdre_C_Q)         0.164     1.052 r  hw2_i/rst_ps7_0_50M/U0/ACTIVE_LOW_PR_OUT_DFF[0].FDRE_PER_N/Q
                         net (fo=8, routed)           0.477     1.529    hw2_i/hw2_0/inst/hw2_v1_0_S00_AXI_inst/s00_axi_aresetn
    SLICE_X32Y89         LUT1 (Prop_lut1_I0_O)        0.045     1.574 f  hw2_i/hw2_0/inst/hw2_v1_0_S00_AXI_inst/led[7]_i_3/O
                         net (fo=155, routed)         0.359     1.932    hw2_i/hw2_0/inst/u_hw2/AR[0]
    SLICE_X34Y87         FDCE                                         f  hw2_i/hw2_0/inst/u_hw2/count_reg[0]/CLR
  -------------------------------------------------------------------    -------------------

                         (clock clk_fpga_0 rise edge)
                                                      0.000     0.000 r  
    PS7_X0Y0             PS7                          0.000     0.000 r  hw2_i/processing_system7_0/inst/PS7_i/FCLKCLK[0]
                         net (fo=1, routed)           0.337     0.337    hw2_i/processing_system7_0/inst/FCLK_CLK_unbuffered[0]
    BUFGCTRL_X0Y16       BUFG (Prop_bufg_I_O)         0.029     0.366 r  hw2_i/processing_system7_0/inst/buffer_fclk_clk_0.FCLK_CLK_0_BUFG/O
                         net (fo=889, routed)         0.821     1.187    hw2_i/hw2_0/inst/u_hw2/s00_axi_aclk
    SLICE_X34Y87         FDCE                                         r  hw2_i/hw2_0/inst/u_hw2/count_reg[0]/C
                         clock pessimism             -0.264     0.923    
    SLICE_X34Y87         FDCE (Remov_fdce_C_CLR)     -0.067     0.856    hw2_i/hw2_0/inst/u_hw2/count_reg[0]
  -------------------------------------------------------------------
                         required time                         -0.856    
                         arrival time                           1.932    
  -------------------------------------------------------------------
                         slack                                  1.076    

Slack (MET) :             1.076ns  (arrival time - required time)
  Source:                 hw2_i/rst_ps7_0_50M/U0/ACTIVE_LOW_PR_OUT_DFF[0].FDRE_PER_N/C
                            (rising edge-triggered cell FDRE clocked by clk_fpga_0  {rise@0.000ns fall@10.000ns period=20.000ns})
  Destination:            hw2_i/hw2_0/inst/u_hw2/count_reg[1]/CLR
                            (removal check against rising-edge clock clk_fpga_0  {rise@0.000ns fall@10.000ns period=20.000ns})
  Path Group:             **async_default**
  Path Type:              Removal (Min at Fast Process Corner)
  Requirement:            0.000ns  (clk_fpga_0 rise@0.000ns - clk_fpga_0 rise@0.000ns)
  Data Path Delay:        1.044ns  (logic 0.209ns (20.010%)  route 0.835ns (79.990%))
  Logic Levels:           1  (LUT1=1)
  Clock Path Skew:        0.035ns (DCD - SCD - CPR)
    Destination Clock Delay (DCD):    1.187ns
    Source Clock Delay      (SCD):    0.888ns
    Clock Pessimism Removal (CPR):    0.264ns

    Location             Delay type                Incr(ns)  Path(ns)    Netlist Resource(s)
  -------------------------------------------------------------------    -------------------
                         (clock clk_fpga_0 rise edge)
                                                      0.000     0.000 r  
    PS7_X0Y0             PS7                          0.000     0.000 r  hw2_i/processing_system7_0/inst/PS7_i/FCLKCLK[0]
                         net (fo=1, routed)           0.310     0.310    hw2_i/processing_system7_0/inst/FCLK_CLK_unbuffered[0]
    BUFGCTRL_X0Y16       BUFG (Prop_bufg_I_O)         0.026     0.336 r  hw2_i/processing_system7_0/inst/buffer_fclk_clk_0.FCLK_CLK_0_BUFG/O
                         net (fo=889, routed)         0.552     0.888    hw2_i/rst_ps7_0_50M/U0/slowest_sync_clk
    SLICE_X36Y85         FDRE                                         r  hw2_i/rst_ps7_0_50M/U0/ACTIVE_LOW_PR_OUT_DFF[0].FDRE_PER_N/C
  -------------------------------------------------------------------    -------------------
    SLICE_X36Y85         FDRE (Prop_fdre_C_Q)         0.164     1.052 r  hw2_i/rst_ps7_0_50M/U0/ACTIVE_LOW_PR_OUT_DFF[0].FDRE_PER_N/Q
                         net (fo=8, routed)           0.477     1.529    hw2_i/hw2_0/inst/hw2_v1_0_S00_AXI_inst/s00_axi_aresetn
    SLICE_X32Y89         LUT1 (Prop_lut1_I0_O)        0.045     1.574 f  hw2_i/hw2_0/inst/hw2_v1_0_S00_AXI_inst/led[7]_i_3/O
                         net (fo=155, routed)         0.359     1.932    hw2_i/hw2_0/inst/u_hw2/AR[0]
    SLICE_X34Y87         FDCE                                         f  hw2_i/hw2_0/inst/u_hw2/count_reg[1]/CLR
  -------------------------------------------------------------------    -------------------

                         (clock clk_fpga_0 rise edge)
                                                      0.000     0.000 r  
    PS7_X0Y0             PS7                          0.000     0.000 r  hw2_i/processing_system7_0/inst/PS7_i/FCLKCLK[0]
                         net (fo=1, routed)           0.337     0.337    hw2_i/processing_system7_0/inst/FCLK_CLK_unbuffered[0]
    BUFGCTRL_X0Y16       BUFG (Prop_bufg_I_O)         0.029     0.366 r  hw2_i/processing_system7_0/inst/buffer_fclk_clk_0.FCLK_CLK_0_BUFG/O
                         net (fo=889, routed)         0.821     1.187    hw2_i/hw2_0/inst/u_hw2/s00_axi_aclk
    SLICE_X34Y87         FDCE                                         r  hw2_i/hw2_0/inst/u_hw2/count_reg[1]/C
                         clock pessimism             -0.264     0.923    
    SLICE_X34Y87         FDCE (Remov_fdce_C_CLR)     -0.067     0.856    hw2_i/hw2_0/inst/u_hw2/count_reg[1]
  -------------------------------------------------------------------
                         required time                         -0.856    
                         arrival time                           1.932    
  -------------------------------------------------------------------
                         slack                                  1.076    

Slack (MET) :             1.076ns  (arrival time - required time)
  Source:                 hw2_i/rst_ps7_0_50M/U0/ACTIVE_LOW_PR_OUT_DFF[0].FDRE_PER_N/C
                            (rising edge-triggered cell FDRE clocked by clk_fpga_0  {rise@0.000ns fall@10.000ns period=20.000ns})
  Destination:            hw2_i/hw2_0/inst/u_hw2/count_reg[2]/CLR
                            (removal check against rising-edge clock clk_fpga_0  {rise@0.000ns fall@10.000ns period=20.000ns})
  Path Group:             **async_default**
  Path Type:              Removal (Min at Fast Process Corner)
  Requirement:            0.000ns  (clk_fpga_0 rise@0.000ns - clk_fpga_0 rise@0.000ns)
  Data Path Delay:        1.044ns  (logic 0.209ns (20.010%)  route 0.835ns (79.990%))
  Logic Levels:           1  (LUT1=1)
  Clock Path Skew:        0.035ns (DCD - SCD - CPR)
    Destination Clock Delay (DCD):    1.187ns
    Source Clock Delay      (SCD):    0.888ns
    Clock Pessimism Removal (CPR):    0.264ns

    Location             Delay type                Incr(ns)  Path(ns)    Netlist Resource(s)
  -------------------------------------------------------------------    -------------------
                         (clock clk_fpga_0 rise edge)
                                                      0.000     0.000 r  
    PS7_X0Y0             PS7                          0.000     0.000 r  hw2_i/processing_system7_0/inst/PS7_i/FCLKCLK[0]
                         net (fo=1, routed)           0.310     0.310    hw2_i/processing_system7_0/inst/FCLK_CLK_unbuffered[0]
    BUFGCTRL_X0Y16       BUFG (Prop_bufg_I_O)         0.026     0.336 r  hw2_i/processing_system7_0/inst/buffer_fclk_clk_0.FCLK_CLK_0_BUFG/O
                         net (fo=889, routed)         0.552     0.888    hw2_i/rst_ps7_0_50M/U0/slowest_sync_clk
    SLICE_X36Y85         FDRE                                         r  hw2_i/rst_ps7_0_50M/U0/ACTIVE_LOW_PR_OUT_DFF[0].FDRE_PER_N/C
  -------------------------------------------------------------------    -------------------
    SLICE_X36Y85         FDRE (Prop_fdre_C_Q)         0.164     1.052 r  hw2_i/rst_ps7_0_50M/U0/ACTIVE_LOW_PR_OUT_DFF[0].FDRE_PER_N/Q
                         net (fo=8, routed)           0.477     1.529    hw2_i/hw2_0/inst/hw2_v1_0_S00_AXI_inst/s00_axi_aresetn
    SLICE_X32Y89         LUT1 (Prop_lut1_I0_O)        0.045     1.574 f  hw2_i/hw2_0/inst/hw2_v1_0_S00_AXI_inst/led[7]_i_3/O
                         net (fo=155, routed)         0.359     1.932    hw2_i/hw2_0/inst/u_hw2/AR[0]
    SLICE_X34Y87         FDCE                                         f  hw2_i/hw2_0/inst/u_hw2/count_reg[2]/CLR
  -------------------------------------------------------------------    -------------------

                         (clock clk_fpga_0 rise edge)
                                                      0.000     0.000 r  
    PS7_X0Y0             PS7                          0.000     0.000 r  hw2_i/processing_system7_0/inst/PS7_i/FCLKCLK[0]
                         net (fo=1, routed)           0.337     0.337    hw2_i/processing_system7_0/inst/FCLK_CLK_unbuffered[0]
    BUFGCTRL_X0Y16       BUFG (Prop_bufg_I_O)         0.029     0.366 r  hw2_i/processing_system7_0/inst/buffer_fclk_clk_0.FCLK_CLK_0_BUFG/O
                         net (fo=889, routed)         0.821     1.187    hw2_i/hw2_0/inst/u_hw2/s00_axi_aclk
    SLICE_X34Y87         FDCE                                         r  hw2_i/hw2_0/inst/u_hw2/count_reg[2]/C
                         clock pessimism             -0.264     0.923    
    SLICE_X34Y87         FDCE (Remov_fdce_C_CLR)     -0.067     0.856    hw2_i/hw2_0/inst/u_hw2/count_reg[2]
  -------------------------------------------------------------------
                         required time                         -0.856    
                         arrival time                           1.932    
  -------------------------------------------------------------------
                         slack                                  1.076    

Slack (MET) :             1.076ns  (arrival time - required time)
  Source:                 hw2_i/rst_ps7_0_50M/U0/ACTIVE_LOW_PR_OUT_DFF[0].FDRE_PER_N/C
                            (rising edge-triggered cell FDRE clocked by clk_fpga_0  {rise@0.000ns fall@10.000ns period=20.000ns})
  Destination:            hw2_i/hw2_0/inst/u_hw2/irq_raw_reg/CLR
                            (removal check against rising-edge clock clk_fpga_0  {rise@0.000ns fall@10.000ns period=20.000ns})
  Path Group:             **async_default**
  Path Type:              Removal (Min at Fast Process Corner)
  Requirement:            0.000ns  (clk_fpga_0 rise@0.000ns - clk_fpga_0 rise@0.000ns)
  Data Path Delay:        1.044ns  (logic 0.209ns (20.010%)  route 0.835ns (79.990%))
  Logic Levels:           1  (LUT1=1)
  Clock Path Skew:        0.035ns (DCD - SCD - CPR)
    Destination Clock Delay (DCD):    1.187ns
    Source Clock Delay      (SCD):    0.888ns
    Clock Pessimism Removal (CPR):    0.264ns

    Location             Delay type                Incr(ns)  Path(ns)    Netlist Resource(s)
  -------------------------------------------------------------------    -------------------
                         (clock clk_fpga_0 rise edge)
                                                      0.000     0.000 r  
    PS7_X0Y0             PS7                          0.000     0.000 r  hw2_i/processing_system7_0/inst/PS7_i/FCLKCLK[0]
                         net (fo=1, routed)           0.310     0.310    hw2_i/processing_system7_0/inst/FCLK_CLK_unbuffered[0]
    BUFGCTRL_X0Y16       BUFG (Prop_bufg_I_O)         0.026     0.336 r  hw2_i/processing_system7_0/inst/buffer_fclk_clk_0.FCLK_CLK_0_BUFG/O
                         net (fo=889, routed)         0.552     0.888    hw2_i/rst_ps7_0_50M/U0/slowest_sync_clk
    SLICE_X36Y85         FDRE                                         r  hw2_i/rst_ps7_0_50M/U0/ACTIVE_LOW_PR_OUT_DFF[0].FDRE_PER_N/C
  -------------------------------------------------------------------    -------------------
    SLICE_X36Y85         FDRE (Prop_fdre_C_Q)         0.164     1.052 r  hw2_i/rst_ps7_0_50M/U0/ACTIVE_LOW_PR_OUT_DFF[0].FDRE_PER_N/Q
                         net (fo=8, routed)           0.477     1.529    hw2_i/hw2_0/inst/hw2_v1_0_S00_AXI_inst/s00_axi_aresetn
    SLICE_X32Y89         LUT1 (Prop_lut1_I0_O)        0.045     1.574 f  hw2_i/hw2_0/inst/hw2_v1_0_S00_AXI_inst/led[7]_i_3/O
                         net (fo=155, routed)         0.359     1.932    hw2_i/hw2_0/inst/u_hw2/AR[0]
    SLICE_X34Y87         FDCE                                         f  hw2_i/hw2_0/inst/u_hw2/irq_raw_reg/CLR
  -------------------------------------------------------------------    -------------------

                         (clock clk_fpga_0 rise edge)
                                                      0.000     0.000 r  
    PS7_X0Y0             PS7                          0.000     0.000 r  hw2_i/processing_system7_0/inst/PS7_i/FCLKCLK[0]
                         net (fo=1, routed)           0.337     0.337    hw2_i/processing_system7_0/inst/FCLK_CLK_unbuffered[0]
    BUFGCTRL_X0Y16       BUFG (Prop_bufg_I_O)         0.029     0.366 r  hw2_i/processing_system7_0/inst/buffer_fclk_clk_0.FCLK_CLK_0_BUFG/O
                         net (fo=889, routed)         0.821     1.187    hw2_i/hw2_0/inst/u_hw2/s00_axi_aclk
    SLICE_X34Y87         FDCE                                         r  hw2_i/hw2_0/inst/u_hw2/irq_raw_reg/C
                         clock pessimism             -0.264     0.923    
    SLICE_X34Y87         FDCE (Remov_fdce_C_CLR)     -0.067     0.856    hw2_i/hw2_0/inst/u_hw2/irq_raw_reg
  -------------------------------------------------------------------
                         required time                         -0.856    
                         arrival time                           1.932    
  -------------------------------------------------------------------
                         slack                                  1.076    

Slack (MET) :             1.101ns  (arrival time - required time)
  Source:                 hw2_i/rst_ps7_0_50M/U0/ACTIVE_LOW_PR_OUT_DFF[0].FDRE_PER_N/C
                            (rising edge-triggered cell FDRE clocked by clk_fpga_0  {rise@0.000ns fall@10.000ns period=20.000ns})
  Destination:            hw2_i/hw2_0/inst/u_hw2/btn_d_reg/CLR
                            (removal check against rising-edge clock clk_fpga_0  {rise@0.000ns fall@10.000ns period=20.000ns})
  Path Group:             **async_default**
  Path Type:              Removal (Min at Fast Process Corner)
  Requirement:            0.000ns  (clk_fpga_0 rise@0.000ns - clk_fpga_0 rise@0.000ns)
  Data Path Delay:        1.044ns  (logic 0.209ns (20.010%)  route 0.835ns (79.990%))
  Logic Levels:           1  (LUT1=1)
  Clock Path Skew:        0.035ns (DCD - SCD - CPR)
    Destination Clock Delay (DCD):    1.187ns
    Source Clock Delay      (SCD):    0.888ns
    Clock Pessimism Removal (CPR):    0.264ns

    Location             Delay type                Incr(ns)  Path(ns)    Netlist Resource(s)
  -------------------------------------------------------------------    -------------------
                         (clock clk_fpga_0 rise edge)
                                                      0.000     0.000 r  
    PS7_X0Y0             PS7                          0.000     0.000 r  hw2_i/processing_system7_0/inst/PS7_i/FCLKCLK[0]
                         net (fo=1, routed)           0.310     0.310    hw2_i/processing_system7_0/inst/FCLK_CLK_unbuffered[0]
    BUFGCTRL_X0Y16       BUFG (Prop_bufg_I_O)         0.026     0.336 r  hw2_i/processing_system7_0/inst/buffer_fclk_clk_0.FCLK_CLK_0_BUFG/O
                         net (fo=889, routed)         0.552     0.888    hw2_i/rst_ps7_0_50M/U0/slowest_sync_clk
    SLICE_X36Y85         FDRE                                         r  hw2_i/rst_ps7_0_50M/U0/ACTIVE_LOW_PR_OUT_DFF[0].FDRE_PER_N/C
  -------------------------------------------------------------------    -------------------
    SLICE_X36Y85         FDRE (Prop_fdre_C_Q)         0.164     1.052 r  hw2_i/rst_ps7_0_50M/U0/ACTIVE_LOW_PR_OUT_DFF[0].FDRE_PER_N/Q
                         net (fo=8, routed)           0.477     1.529    hw2_i/hw2_0/inst/hw2_v1_0_S00_AXI_inst/s00_axi_aresetn
    SLICE_X32Y89         LUT1 (Prop_lut1_I0_O)        0.045     1.574 f  hw2_i/hw2_0/inst/hw2_v1_0_S00_AXI_inst/led[7]_i_3/O
                         net (fo=155, routed)         0.359     1.932    hw2_i/hw2_0/inst/u_hw2/AR[0]
    SLICE_X35Y87         FDCE                                         f  hw2_i/hw2_0/inst/u_hw2/btn_d_reg/CLR
  -------------------------------------------------------------------    -------------------

                         (clock clk_fpga_0 rise edge)
                                                      0.000     0.000 r  
    PS7_X0Y0             PS7                          0.000     0.000 r  hw2_i/processing_system7_0/inst/PS7_i/FCLKCLK[0]
                         net (fo=1, routed)           0.337     0.337    hw2_i/processing_system7_0/inst/FCLK_CLK_unbuffered[0]
    BUFGCTRL_X0Y16       BUFG (Prop_bufg_I_O)         0.029     0.366 r  hw2_i/processing_system7_0/inst/buffer_fclk_clk_0.FCLK_CLK_0_BUFG/O
                         net (fo=889, routed)         0.821     1.187    hw2_i/hw2_0/inst/u_hw2/s00_axi_aclk
    SLICE_X35Y87         FDCE                                         r  hw2_i/hw2_0/inst/u_hw2/btn_d_reg/C
                         clock pessimism             -0.264     0.923    
    SLICE_X35Y87         FDCE (Remov_fdce_C_CLR)     -0.092     0.831    hw2_i/hw2_0/inst/u_hw2/btn_d_reg
  -------------------------------------------------------------------
                         required time                         -0.831    
                         arrival time                           1.932    
  -------------------------------------------------------------------
                         slack                                  1.101    

Slack (MET) :             1.101ns  (arrival time - required time)
  Source:                 hw2_i/rst_ps7_0_50M/U0/ACTIVE_LOW_PR_OUT_DFF[0].FDRE_PER_N/C
                            (rising edge-triggered cell FDRE clocked by clk_fpga_0  {rise@0.000ns fall@10.000ns period=20.000ns})
  Destination:            hw2_i/hw2_0/inst/u_hw2/start_d_reg/CLR
                            (removal check against rising-edge clock clk_fpga_0  {rise@0.000ns fall@10.000ns period=20.000ns})
  Path Group:             **async_default**
  Path Type:              Removal (Min at Fast Process Corner)
  Requirement:            0.000ns  (clk_fpga_0 rise@0.000ns - clk_fpga_0 rise@0.000ns)
  Data Path Delay:        1.044ns  (logic 0.209ns (20.010%)  route 0.835ns (79.990%))
  Logic Levels:           1  (LUT1=1)
  Clock Path Skew:        0.035ns (DCD - SCD - CPR)
    Destination Clock Delay (DCD):    1.187ns
    Source Clock Delay      (SCD):    0.888ns
    Clock Pessimism Removal (CPR):    0.264ns

    Location             Delay type                Incr(ns)  Path(ns)    Netlist Resource(s)
  -------------------------------------------------------------------    -------------------
                         (clock clk_fpga_0 rise edge)
                                                      0.000     0.000 r  
    PS7_X0Y0             PS7                          0.000     0.000 r  hw2_i/processing_system7_0/inst/PS7_i/FCLKCLK[0]
                         net (fo=1, routed)           0.310     0.310    hw2_i/processing_system7_0/inst/FCLK_CLK_unbuffered[0]
    BUFGCTRL_X0Y16       BUFG (Prop_bufg_I_O)         0.026     0.336 r  hw2_i/processing_system7_0/inst/buffer_fclk_clk_0.FCLK_CLK_0_BUFG/O
                         net (fo=889, routed)         0.552     0.888    hw2_i/rst_ps7_0_50M/U0/slowest_sync_clk
    SLICE_X36Y85         FDRE                                         r  hw2_i/rst_ps7_0_50M/U0/ACTIVE_LOW_PR_OUT_DFF[0].FDRE_PER_N/C
  -------------------------------------------------------------------    -------------------
    SLICE_X36Y85         FDRE (Prop_fdre_C_Q)         0.164     1.052 r  hw2_i/rst_ps7_0_50M/U0/ACTIVE_LOW_PR_OUT_DFF[0].FDRE_PER_N/Q
                         net (fo=8, routed)           0.477     1.529    hw2_i/hw2_0/inst/hw2_v1_0_S00_AXI_inst/s00_axi_aresetn
    SLICE_X32Y89         LUT1 (Prop_lut1_I0_O)        0.045     1.574 f  hw2_i/hw2_0/inst/hw2_v1_0_S00_AXI_inst/led[7]_i_3/O
                         net (fo=155, routed)         0.359     1.932    hw2_i/hw2_0/inst/u_hw2/AR[0]
    SLICE_X35Y87         FDCE                                         f  hw2_i/hw2_0/inst/u_hw2/start_d_reg/CLR
  -------------------------------------------------------------------    -------------------

                         (clock clk_fpga_0 rise edge)
                                                      0.000     0.000 r  
    PS7_X0Y0             PS7                          0.000     0.000 r  hw2_i/processing_system7_0/inst/PS7_i/FCLKCLK[0]
                         net (fo=1, routed)           0.337     0.337    hw2_i/processing_system7_0/inst/FCLK_CLK_unbuffered[0]
    BUFGCTRL_X0Y16       BUFG (Prop_bufg_I_O)         0.029     0.366 r  hw2_i/processing_system7_0/inst/buffer_fclk_clk_0.FCLK_CLK_0_BUFG/O
                         net (fo=889, routed)         0.821     1.187    hw2_i/hw2_0/inst/u_hw2/s00_axi_aclk
    SLICE_X35Y87         FDCE                                         r  hw2_i/hw2_0/inst/u_hw2/start_d_reg/C
                         clock pessimism             -0.264     0.923    
    SLICE_X35Y87         FDCE (Remov_fdce_C_CLR)     -0.092     0.831    hw2_i/hw2_0/inst/u_hw2/start_d_reg
  -------------------------------------------------------------------
                         required time                         -0.831    
                         arrival time                           1.932    
  -------------------------------------------------------------------
                         slack                                  1.101    

Slack (MET) :             1.216ns  (arrival time - required time)
  Source:                 hw2_i/rst_ps7_0_50M/U0/ACTIVE_LOW_PR_OUT_DFF[0].FDRE_PER_N/C
                            (rising edge-triggered cell FDRE clocked by clk_fpga_0  {rise@0.000ns fall@10.000ns period=20.000ns})
  Destination:            hw2_i/hw2_0/inst/u_hw2/led_reg[6]/CLR
                            (removal check against rising-edge clock clk_fpga_0  {rise@0.000ns fall@10.000ns period=20.000ns})
  Path Group:             **async_default**
  Path Type:              Removal (Min at Fast Process Corner)
  Requirement:            0.000ns  (clk_fpga_0 rise@0.000ns - clk_fpga_0 rise@0.000ns)
  Data Path Delay:        1.165ns  (logic 0.209ns (17.943%)  route 0.956ns (82.057%))
  Logic Levels:           1  (LUT1=1)
  Clock Path Skew:        0.016ns (DCD - SCD - CPR)
    Destination Clock Delay (DCD):    1.186ns
    Source Clock Delay      (SCD):    0.888ns
    Clock Pessimism Removal (CPR):    0.282ns

    Location             Delay type                Incr(ns)  Path(ns)    Netlist Resource(s)
  -------------------------------------------------------------------    -------------------
                         (clock clk_fpga_0 rise edge)
                                                      0.000     0.000 r  
    PS7_X0Y0             PS7                          0.000     0.000 r  hw2_i/processing_system7_0/inst/PS7_i/FCLKCLK[0]
                         net (fo=1, routed)           0.310     0.310    hw2_i/processing_system7_0/inst/FCLK_CLK_unbuffered[0]
    BUFGCTRL_X0Y16       BUFG (Prop_bufg_I_O)         0.026     0.336 r  hw2_i/processing_system7_0/inst/buffer_fclk_clk_0.FCLK_CLK_0_BUFG/O
                         net (fo=889, routed)         0.552     0.888    hw2_i/rst_ps7_0_50M/U0/slowest_sync_clk
    SLICE_X36Y85         FDRE                                         r  hw2_i/rst_ps7_0_50M/U0/ACTIVE_LOW_PR_OUT_DFF[0].FDRE_PER_N/C
  -------------------------------------------------------------------    -------------------
    SLICE_X36Y85         FDRE (Prop_fdre_C_Q)         0.164     1.052 r  hw2_i/rst_ps7_0_50M/U0/ACTIVE_LOW_PR_OUT_DFF[0].FDRE_PER_N/Q
                         net (fo=8, routed)           0.477     1.529    hw2_i/hw2_0/inst/hw2_v1_0_S00_AXI_inst/s00_axi_aresetn
    SLICE_X32Y89         LUT1 (Prop_lut1_I0_O)        0.045     1.574 f  hw2_i/hw2_0/inst/hw2_v1_0_S00_AXI_inst/led[7]_i_3/O
                         net (fo=155, routed)         0.479     2.052    hw2_i/hw2_0/inst/u_hw2/AR[0]
    SLICE_X36Y87         FDCE                                         f  hw2_i/hw2_0/inst/u_hw2/led_reg[6]/CLR
  -------------------------------------------------------------------    -------------------

                         (clock clk_fpga_0 rise edge)
                                                      0.000     0.000 r  
    PS7_X0Y0             PS7                          0.000     0.000 r  hw2_i/processing_system7_0/inst/PS7_i/FCLKCLK[0]
                         net (fo=1, routed)           0.337     0.337    hw2_i/processing_system7_0/inst/FCLK_CLK_unbuffered[0]
    BUFGCTRL_X0Y16       BUFG (Prop_bufg_I_O)         0.029     0.366 r  hw2_i/processing_system7_0/inst/buffer_fclk_clk_0.FCLK_CLK_0_BUFG/O
                         net (fo=889, routed)         0.820     1.186    hw2_i/hw2_0/inst/u_hw2/s00_axi_aclk
    SLICE_X36Y87         FDCE                                         r  hw2_i/hw2_0/inst/u_hw2/led_reg[6]/C
                         clock pessimism             -0.282     0.904    
    SLICE_X36Y87         FDCE (Remov_fdce_C_CLR)     -0.067     0.837    hw2_i/hw2_0/inst/u_hw2/led_reg[6]
  -------------------------------------------------------------------
                         required time                         -0.837    
                         arrival time                           2.052    
  -------------------------------------------------------------------
                         slack                                  1.216    

Slack (MET) :             1.216ns  (arrival time - required time)
  Source:                 hw2_i/rst_ps7_0_50M/U0/ACTIVE_LOW_PR_OUT_DFF[0].FDRE_PER_N/C
                            (rising edge-triggered cell FDRE clocked by clk_fpga_0  {rise@0.000ns fall@10.000ns period=20.000ns})
  Destination:            hw2_i/hw2_0/inst/u_hw2/led_reg[7]/CLR
                            (removal check against rising-edge clock clk_fpga_0  {rise@0.000ns fall@10.000ns period=20.000ns})
  Path Group:             **async_default**
  Path Type:              Removal (Min at Fast Process Corner)
  Requirement:            0.000ns  (clk_fpga_0 rise@0.000ns - clk_fpga_0 rise@0.000ns)
  Data Path Delay:        1.165ns  (logic 0.209ns (17.943%)  route 0.956ns (82.057%))
  Logic Levels:           1  (LUT1=1)
  Clock Path Skew:        0.016ns (DCD - SCD - CPR)
    Destination Clock Delay (DCD):    1.186ns
    Source Clock Delay      (SCD):    0.888ns
    Clock Pessimism Removal (CPR):    0.282ns

    Location             Delay type                Incr(ns)  Path(ns)    Netlist Resource(s)
  -------------------------------------------------------------------    -------------------
                         (clock clk_fpga_0 rise edge)
                                                      0.000     0.000 r  
    PS7_X0Y0             PS7                          0.000     0.000 r  hw2_i/processing_system7_0/inst/PS7_i/FCLKCLK[0]
                         net (fo=1, routed)           0.310     0.310    hw2_i/processing_system7_0/inst/FCLK_CLK_unbuffered[0]
    BUFGCTRL_X0Y16       BUFG (Prop_bufg_I_O)         0.026     0.336 r  hw2_i/processing_system7_0/inst/buffer_fclk_clk_0.FCLK_CLK_0_BUFG/O
                         net (fo=889, routed)         0.552     0.888    hw2_i/rst_ps7_0_50M/U0/slowest_sync_clk
    SLICE_X36Y85         FDRE                                         r  hw2_i/rst_ps7_0_50M/U0/ACTIVE_LOW_PR_OUT_DFF[0].FDRE_PER_N/C
  -------------------------------------------------------------------    -------------------
    SLICE_X36Y85         FDRE (Prop_fdre_C_Q)         0.164     1.052 r  hw2_i/rst_ps7_0_50M/U0/ACTIVE_LOW_PR_OUT_DFF[0].FDRE_PER_N/Q
                         net (fo=8, routed)           0.477     1.529    hw2_i/hw2_0/inst/hw2_v1_0_S00_AXI_inst/s00_axi_aresetn
    SLICE_X32Y89         LUT1 (Prop_lut1_I0_O)        0.045     1.574 f  hw2_i/hw2_0/inst/hw2_v1_0_S00_AXI_inst/led[7]_i_3/O
                         net (fo=155, routed)         0.479     2.052    hw2_i/hw2_0/inst/u_hw2/AR[0]
    SLICE_X36Y87         FDCE                                         f  hw2_i/hw2_0/inst/u_hw2/led_reg[7]/CLR
  -------------------------------------------------------------------    -------------------

                         (clock clk_fpga_0 rise edge)
                                                      0.000     0.000 r  
    PS7_X0Y0             PS7                          0.000     0.000 r  hw2_i/processing_system7_0/inst/PS7_i/FCLKCLK[0]
                         net (fo=1, routed)           0.337     0.337    hw2_i/processing_system7_0/inst/FCLK_CLK_unbuffered[0]
    BUFGCTRL_X0Y16       BUFG (Prop_bufg_I_O)         0.029     0.366 r  hw2_i/processing_system7_0/inst/buffer_fclk_clk_0.FCLK_CLK_0_BUFG/O
                         net (fo=889, routed)         0.820     1.186    hw2_i/hw2_0/inst/u_hw2/s00_axi_aclk
    SLICE_X36Y87         FDCE                                         r  hw2_i/hw2_0/inst/u_hw2/led_reg[7]/C
                         clock pessimism             -0.282     0.904    
    SLICE_X36Y87         FDCE (Remov_fdce_C_CLR)     -0.067     0.837    hw2_i/hw2_0/inst/u_hw2/led_reg[7]
  -------------------------------------------------------------------
                         required time                         -0.837    
                         arrival time                           2.052    
  -------------------------------------------------------------------
                         slack                                  1.216    

Slack (MET) :             1.241ns  (arrival time - required time)
  Source:                 hw2_i/rst_ps7_0_50M/U0/ACTIVE_LOW_PR_OUT_DFF[0].FDRE_PER_N/C
                            (rising edge-triggered cell FDRE clocked by clk_fpga_0  {rise@0.000ns fall@10.000ns period=20.000ns})
  Destination:            hw2_i/hw2_0/inst/u_hw2/led_reg[1]/CLR
                            (removal check against rising-edge clock clk_fpga_0  {rise@0.000ns fall@10.000ns period=20.000ns})
  Path Group:             **async_default**
  Path Type:              Removal (Min at Fast Process Corner)
  Requirement:            0.000ns  (clk_fpga_0 rise@0.000ns - clk_fpga_0 rise@0.000ns)
  Data Path Delay:        1.165ns  (logic 0.209ns (17.943%)  route 0.956ns (82.057%))
  Logic Levels:           1  (LUT1=1)
  Clock Path Skew:        0.016ns (DCD - SCD - CPR)
    Destination Clock Delay (DCD):    1.186ns
    Source Clock Delay      (SCD):    0.888ns
    Clock Pessimism Removal (CPR):    0.282ns

    Location             Delay type                Incr(ns)  Path(ns)    Netlist Resource(s)
  -------------------------------------------------------------------    -------------------
                         (clock clk_fpga_0 rise edge)
                                                      0.000     0.000 r  
    PS7_X0Y0             PS7                          0.000     0.000 r  hw2_i/processing_system7_0/inst/PS7_i/FCLKCLK[0]
                         net (fo=1, routed)           0.310     0.310    hw2_i/processing_system7_0/inst/FCLK_CLK_unbuffered[0]
    BUFGCTRL_X0Y16       BUFG (Prop_bufg_I_O)         0.026     0.336 r  hw2_i/processing_system7_0/inst/buffer_fclk_clk_0.FCLK_CLK_0_BUFG/O
                         net (fo=889, routed)         0.552     0.888    hw2_i/rst_ps7_0_50M/U0/slowest_sync_clk
    SLICE_X36Y85         FDRE                                         r  hw2_i/rst_ps7_0_50M/U0/ACTIVE_LOW_PR_OUT_DFF[0].FDRE_PER_N/C
  -------------------------------------------------------------------    -------------------
    SLICE_X36Y85         FDRE (Prop_fdre_C_Q)         0.164     1.052 r  hw2_i/rst_ps7_0_50M/U0/ACTIVE_LOW_PR_OUT_DFF[0].FDRE_PER_N/Q
                         net (fo=8, routed)           0.477     1.529    hw2_i/hw2_0/inst/hw2_v1_0_S00_AXI_inst/s00_axi_aresetn
    SLICE_X32Y89         LUT1 (Prop_lut1_I0_O)        0.045     1.574 f  hw2_i/hw2_0/inst/hw2_v1_0_S00_AXI_inst/led[7]_i_3/O
                         net (fo=155, routed)         0.479     2.052    hw2_i/hw2_0/inst/u_hw2/AR[0]
    SLICE_X37Y87         FDCE                                         f  hw2_i/hw2_0/inst/u_hw2/led_reg[1]/CLR
  -------------------------------------------------------------------    -------------------

                         (clock clk_fpga_0 rise edge)
                                                      0.000     0.000 r  
    PS7_X0Y0             PS7                          0.000     0.000 r  hw2_i/processing_system7_0/inst/PS7_i/FCLKCLK[0]
                         net (fo=1, routed)           0.337     0.337    hw2_i/processing_system7_0/inst/FCLK_CLK_unbuffered[0]
    BUFGCTRL_X0Y16       BUFG (Prop_bufg_I_O)         0.029     0.366 r  hw2_i/processing_system7_0/inst/buffer_fclk_clk_0.FCLK_CLK_0_BUFG/O
                         net (fo=889, routed)         0.820     1.186    hw2_i/hw2_0/inst/u_hw2/s00_axi_aclk
    SLICE_X37Y87         FDCE                                         r  hw2_i/hw2_0/inst/u_hw2/led_reg[1]/C
                         clock pessimism             -0.282     0.904    
    SLICE_X37Y87         FDCE (Remov_fdce_C_CLR)     -0.092     0.812    hw2_i/hw2_0/inst/u_hw2/led_reg[1]
  -------------------------------------------------------------------
                         required time                         -0.812    
                         arrival time                           2.052    
  -------------------------------------------------------------------
                         slack                                  1.241    

Slack (MET) :             1.241ns  (arrival time - required time)
  Source:                 hw2_i/rst_ps7_0_50M/U0/ACTIVE_LOW_PR_OUT_DFF[0].FDRE_PER_N/C
                            (rising edge-triggered cell FDRE clocked by clk_fpga_0  {rise@0.000ns fall@10.000ns period=20.000ns})
  Destination:            hw2_i/hw2_0/inst/u_hw2/led_reg[2]/CLR
                            (removal check against rising-edge clock clk_fpga_0  {rise@0.000ns fall@10.000ns period=20.000ns})
  Path Group:             **async_default**
  Path Type:              Removal (Min at Fast Process Corner)
  Requirement:            0.000ns  (clk_fpga_0 rise@0.000ns - clk_fpga_0 rise@0.000ns)
  Data Path Delay:        1.165ns  (logic 0.209ns (17.943%)  route 0.956ns (82.057%))
  Logic Levels:           1  (LUT1=1)
  Clock Path Skew:        0.016ns (DCD - SCD - CPR)
    Destination Clock Delay (DCD):    1.186ns
    Source Clock Delay      (SCD):    0.888ns
    Clock Pessimism Removal (CPR):    0.282ns

    Location             Delay type                Incr(ns)  Path(ns)    Netlist Resource(s)
  -------------------------------------------------------------------    -------------------
                         (clock clk_fpga_0 rise edge)
                                                      0.000     0.000 r  
    PS7_X0Y0             PS7                          0.000     0.000 r  hw2_i/processing_system7_0/inst/PS7_i/FCLKCLK[0]
                         net (fo=1, routed)           0.310     0.310    hw2_i/processing_system7_0/inst/FCLK_CLK_unbuffered[0]
    BUFGCTRL_X0Y16       BUFG (Prop_bufg_I_O)         0.026     0.336 r  hw2_i/processing_system7_0/inst/buffer_fclk_clk_0.FCLK_CLK_0_BUFG/O
                         net (fo=889, routed)         0.552     0.888    hw2_i/rst_ps7_0_50M/U0/slowest_sync_clk
    SLICE_X36Y85         FDRE                                         r  hw2_i/rst_ps7_0_50M/U0/ACTIVE_LOW_PR_OUT_DFF[0].FDRE_PER_N/C
  -------------------------------------------------------------------    -------------------
    SLICE_X36Y85         FDRE (Prop_fdre_C_Q)         0.164     1.052 r  hw2_i/rst_ps7_0_50M/U0/ACTIVE_LOW_PR_OUT_DFF[0].FDRE_PER_N/Q
                         net (fo=8, routed)           0.477     1.529    hw2_i/hw2_0/inst/hw2_v1_0_S00_AXI_inst/s00_axi_aresetn
    SLICE_X32Y89         LUT1 (Prop_lut1_I0_O)        0.045     1.574 f  hw2_i/hw2_0/inst/hw2_v1_0_S00_AXI_inst/led[7]_i_3/O
                         net (fo=155, routed)         0.479     2.052    hw2_i/hw2_0/inst/u_hw2/AR[0]
    SLICE_X37Y87         FDCE                                         f  hw2_i/hw2_0/inst/u_hw2/led_reg[2]/CLR
  -------------------------------------------------------------------    -------------------

                         (clock clk_fpga_0 rise edge)
                                                      0.000     0.000 r  
    PS7_X0Y0             PS7                          0.000     0.000 r  hw2_i/processing_system7_0/inst/PS7_i/FCLKCLK[0]
                         net (fo=1, routed)           0.337     0.337    hw2_i/processing_system7_0/inst/FCLK_CLK_unbuffered[0]
    BUFGCTRL_X0Y16       BUFG (Prop_bufg_I_O)         0.029     0.366 r  hw2_i/processing_system7_0/inst/buffer_fclk_clk_0.FCLK_CLK_0_BUFG/O
                         net (fo=889, routed)         0.820     1.186    hw2_i/hw2_0/inst/u_hw2/s00_axi_aclk
    SLICE_X37Y87         FDCE                                         r  hw2_i/hw2_0/inst/u_hw2/led_reg[2]/C
                         clock pessimism             -0.282     0.904    
    SLICE_X37Y87         FDCE (Remov_fdce_C_CLR)     -0.092     0.812    hw2_i/hw2_0/inst/u_hw2/led_reg[2]
  -------------------------------------------------------------------
                         required time                         -0.812    
                         arrival time                           2.052    
  -------------------------------------------------------------------
                         slack                                  1.241    





